[Licensing::Module] Trying to connect to existing licensing client channel...
[Licensing::IpcConnector] Successfully connected to: "LicenseClient-diman" at "2026-07-25T16:04:17.608218Z"
[Licensing::Client] Error: HandshakeResponse reported an error:
	ResponseCode: 505
	ResponseStatus: Unsupported protocol version '1.16.2'.
[Licensing::Module] Error: Failed to handshake to channel: "LicenseClient-diman"
[Licensing::IpcConnector] LicenseClient-diman channel disconnected successfully.
[Licensing::IpcConnector] Successfully connected to: "LicenseClient-diman-2022.3.62" at "2026-07-25T16:04:18.3990514Z"
[Licensing::Client] Code 10 while verifying Licensing Client signature (process Id: 46816, path: "C:/Program Files/Unity/Hub/Editor/2022.3.62f1/Editor/Data/Resources/Licensing/Client/Unity.Licensing.Client.exe")
[Licensing::Module] LicensingClient has failed validation; ignoring
[Licensing::Client] Handshaking with LicensingClient:
  Version:                 1.16.2+bdef8f5
  Session Id:              9af73a393404417f983df8b189bb8e5b
  Correlation Id:          8d15d9147fe64fe60ca2a521e7a73703
  External correlation Id: 2351954053483555907
  Machine Id:              LTDxm2sme8roE6p3QGzsFotmBPA=
[Licensing::Module] Successfully connected to LicensingClient on channel: "LicenseClient-diman-2022.3.62" (connect: 0.00s, validation: 0.01s, handshake: 0.00s)
[Licensing::IpcConnector] Successfully connected to: "LicenseClient-diman-2022.3.62-notifications" at "2026-07-25T16:04:18.415739Z"
[Licensing::Module] Error: Access token is unavailable; failed to update
[Licensing::Client] Successfully updated license
Built from '2022.3/staging' branch; Version is '2022.3.62f1 (4af31df58517) revision 4911901'; Using compiler version '192829333'; Build Type 'Release'
OS: 'Windows 11  (10.0.26200) 64bit Professional' Language: 'ru' Physical Memory: 32491 MB
[Licensing::Client] Successfully resolved entitlement details
[Licensing::Module] Serial number assigned to: "F4-ZJ4G-KK6V-S89E-42FE-XXXX"
BatchMode: 1, IsHumanControllingUs: 0, StartBugReporterOnCrash: 0, Is64bit: 1, IsPro: 0
[Licensing::Client] Successfully resolved entitlement details

COMMAND LINE ARGUMENTS:
C:\Program Files\Unity\Hub\Editor\2022.3.62f1\Editor\Unity.exe
-batchmode
-nographics
-quit
-projectPath
C:\Users\diman\BlockPuzzlesBatch
-executeMethod
BlockPuzzle.EditorTools.BlockPuzzleSceneBuilder.BuildAndroid
-logFile
C:\Users\diman\BlockPuzzles\Builds\unity_android.log
Successfully changed project path to: C:\Users\diman\BlockPuzzlesBatch
C:/Users/diman/BlockPuzzlesBatch
[UnityMemory] Configuration Parameters - Can be set up in boot.config
    "memorysetup-bucket-allocator-granularity=16"
    "memorysetup-bucket-allocator-bucket-count=8"
    "memorysetup-bucket-allocator-block-size=33554432"
    "memorysetup-bucket-allocator-block-count=8"
    "memorysetup-main-allocator-block-size=16777216"
    "memorysetup-thread-allocator-block-size=16777216"
    "memorysetup-gfx-main-allocator-block-size=16777216"
    "memorysetup-gfx-thread-allocator-block-size=16777216"
    "memorysetup-cache-allocator-block-size=4194304"
    "memorysetup-typetree-allocator-block-size=2097152"
    "memorysetup-profiler-bucket-allocator-granularity=16"
    "memorysetup-profiler-bucket-allocator-bucket-count=8"
    "memorysetup-profiler-bucket-allocator-block-size=33554432"
    "memorysetup-profiler-bucket-allocator-block-count=8"
    "memorysetup-profiler-allocator-block-size=16777216"
    "memorysetup-profiler-editor-allocator-block-size=1048576"
    "memorysetup-temp-allocator-size-main=16777216"
    "memorysetup-job-temp-allocator-block-size=2097152"
    "memorysetup-job-temp-allocator-block-size-background=1048576"
    "memorysetup-job-temp-allocator-reduction-small-platforms=262144"
    "memorysetup-allocator-temp-initial-block-size-main=262144"
    "memorysetup-allocator-temp-initial-block-size-worker=262144"
    "memorysetup-temp-allocator-size-background-worker=32768"
    "memorysetup-temp-allocator-size-job-worker=262144"
    "memorysetup-temp-allocator-size-preload-manager=33554432"
    "memorysetup-temp-allocator-size-nav-mesh-worker=65536"
    "memorysetup-temp-allocator-size-audio-worker=65536"
    "memorysetup-temp-allocator-size-cloud-worker=32768"
    "memorysetup-temp-allocator-size-gi-baking-worker=262144"
    "memorysetup-temp-allocator-size-gfx=262144"
Player connection [30472]  Target information:

Player connection [30472]  * "[IP] 192.168.0.11 [Port] 55505 [Flags] 2 [Guid] 1584563441 [EditorId] 1584563441 [Version] 1048832 [Id] WindowsEditor(7,andrew) [Debug] 1 [PackageName] WindowsEditor [ProjectName] Editor" 

Player connection [30472]  * "[IP] 26.121.245.174 [Port] 55505 [Flags] 2 [Guid] 1584563441 [EditorId] 1584563441 [Version] 1048832 [Id] WindowsEditor(7,andrew) [Debug] 1 [PackageName] WindowsEditor [ProjectName] Editor" 

Player connection [30472]  * "[IP] 172.19.0.1 [Port] 55505 [Flags] 2 [Guid] 1584563441 [EditorId] 1584563441 [Version] 1048832 [Id] WindowsEditor(7,andrew) [Debug] 1 [PackageName] WindowsEditor [ProjectName] Editor" 

Player connection [30472] Host joined multi-casting on [225.0.0.222:54997]...
Player connection [30472] Host joined alternative multi-casting on [225.0.0.222:34997]...
Input System module state changed to: Initialized.
[PhysX] Initialized MultithreadedTaskDispatcher with 20 workers.
[Package Manager] UpmClient::Connect -- Connected to IPC stream "Upm-38228" after 0.3 seconds.
[Package Manager] Restoring resolved packages state from cache
[Licensing::Client] Successfully resolved entitlement details
[Package Manager] Registered 62 packages:
  Packages from [https://packages.unity.com]:
    com.unity.collab-proxy@2.7.1 (location: C:\Users\diman\BlockPuzzlesBatch\Library\PackageCache\com.unity.collab-proxy@2.7.1)
    com.unity.ide.rider@3.0.36 (location: C:\Users\diman\BlockPuzzlesBatch\Library\PackageCache\com.unity.ide.rider@3.0.36)
    com.unity.ide.visualstudio@2.0.22 (location: C:\Users\diman\BlockPuzzlesBatch\Library\PackageCache\com.unity.ide.visualstudio@2.0.22)
    com.unity.test-framework@1.1.33 (location: C:\Users\diman\BlockPuzzlesBatch\Library\PackageCache\com.unity.test-framework@1.1.33)
    com.unity.textmeshpro@3.0.7 (location: C:\Users\diman\BlockPuzzlesBatch\Library\PackageCache\com.unity.textmeshpro@3.0.7)
    com.unity.timeline@1.7.7 (location: C:\Users\diman\BlockPuzzlesBatch\Library\PackageCache\com.unity.timeline@1.7.7)
    com.unity.toolchain.win-x86_64-linux-x86_64@2.0.11 (location: C:\Users\diman\BlockPuzzlesBatch\Library\PackageCache\com.unity.toolchain.win-x86_64-linux-x86_64@2.0.11)
    com.unity.visualscripting@1.9.4 (location: C:\Users\diman\BlockPuzzlesBatch\Library\PackageCache\com.unity.visualscripting@1.9.4)
    com.unity.sysroot@2.0.10 (location: C:\Users\diman\BlockPuzzlesBatch\Library\PackageCache\com.unity.sysroot@2.0.10)
    com.unity.sysroot.linux-x86_64@2.0.9 (location: C:\Users\diman\BlockPuzzlesBatch\Library\PackageCache\com.unity.sysroot.linux-x86_64@2.0.9)
    com.unity.ext.nunit@1.0.6 (location: C:\Users\diman\BlockPuzzlesBatch\Library\PackageCache\com.unity.ext.nunit@1.0.6)
    com.unity.mathematics@1.2.6 (location: C:\Users\diman\BlockPuzzlesBatch\Library\PackageCache\com.unity.mathematics@1.2.6)
    com.unity.burst@1.8.21 (location: C:\Users\diman\BlockPuzzlesBatch\Library\PackageCache\com.unity.burst@1.8.21)
    com.unity.2d.animation@9.2.0 (location: C:\Users\diman\BlockPuzzlesBatch\Library\PackageCache\com.unity.2d.animation@9.2.0)
    com.unity.2d.pixel-perfect@5.1.0 (location: C:\Users\diman\BlockPuzzlesBatch\Library\PackageCache\com.unity.2d.pixel-perfect@5.1.0)
    com.unity.2d.psdimporter@8.1.0 (location: C:\Users\diman\BlockPuzzlesBatch\Library\PackageCache\com.unity.2d.psdimporter@8.1.0)
    com.unity.2d.spriteshape@9.1.0 (location: C:\Users\diman\BlockPuzzlesBatch\Library\PackageCache\com.unity.2d.spriteshape@9.1.0)
    com.unity.2d.tilemap.extras@3.1.3 (location: C:\Users\diman\BlockPuzzlesBatch\Library\PackageCache\com.unity.2d.tilemap.extras@3.1.3)
    com.unity.2d.aseprite@1.1.9 (location: C:\Users\diman\BlockPuzzlesBatch\Library\PackageCache\com.unity.2d.aseprite@1.1.9)
    com.unity.searcher@4.9.2 (location: C:\Users\diman\BlockPuzzlesBatch\Library\PackageCache\com.unity.searcher@4.9.2)
    com.unity.2d.common@8.1.0 (location: C:\Users\diman\BlockPuzzlesBatch\Library\PackageCache\com.unity.2d.common@8.1.0)
    com.unity.collections@1.2.4 (location: C:\Users\diman\BlockPuzzlesBatch\Library\PackageCache\com.unity.collections@1.2.4)
  Built-in packages:
    com.unity.feature.2d@2.0.1 (location: C:\Users\diman\BlockPuzzlesBatch\Library\PackageCache\com.unity.feature.2d@2.0.1)
    com.unity.render-pipelines.universal@14.0.12 (location: C:\Users\diman\BlockPuzzlesBatch\Library\PackageCache\com.unity.render-pipelines.universal@14.0.12)
    com.unity.ugui@1.0.0 (location: C:\Users\diman\BlockPuzzlesBatch\Library\PackageCache\com.unity.ugui@1.0.0)
    com.unity.modules.ai@1.0.0 (location: C:\Users\diman\BlockPuzzlesBatch\Library\PackageCache\com.unity.modules.ai@1.0.0)
    com.unity.modules.androidjni@1.0.0 (location: C:\Users\diman\BlockPuzzlesBatch\Library\PackageCache\com.unity.modules.androidjni@1.0.0)
    com.unity.modules.animation@1.0.0 (location: C:\Users\diman\BlockPuzzlesBatch\Library\PackageCache\com.unity.modules.animation@1.0.0)
    com.unity.modules.assetbundle@1.0.0 (location: C:\Users\diman\BlockPuzzlesBatch\Library\PackageCache\com.unity.modules.assetbundle@1.0.0)
    com.unity.modules.audio@1.0.0 (location: C:\Users\diman\BlockPuzzlesBatch\Library\PackageCache\com.unity.modules.audio@1.0.0)
    com.unity.modules.cloth@1.0.0 (location: C:\Users\diman\BlockPuzzlesBatch\Library\PackageCache\com.unity.modules.cloth@1.0.0)
    com.unity.modules.director@1.0.0 (location: C:\Users\diman\BlockPuzzlesBatch\Library\PackageCache\com.unity.modules.director@1.0.0)
    com.unity.modules.imageconversion@1.0.0 (location: C:\Users\diman\BlockPuzzlesBatch\Library\PackageCache\com.unity.modules.imageconversion@1.0.0)
    com.unity.modules.imgui@1.0.0 (location: C:\Users\diman\BlockPuzzlesBatch\Library\PackageCache\com.unity.modules.imgui@1.0.0)
    com.unity.modules.jsonserialize@1.0.0 (location: C:\Users\diman\BlockPuzzlesBatch\Library\PackageCache\com.unity.modules.jsonserialize@1.0.0)
    com.unity.modules.particlesystem@1.0.0 (location: C:\Users\diman\BlockPuzzlesBatch\Library\PackageCache\com.unity.modules.particlesystem@1.0.0)
    com.unity.modules.physics@1.0.0 (location: C:\Users\diman\BlockPuzzlesBatch\Library\PackageCache\com.unity.modules.physics@1.0.0)
    com.unity.modules.physics2d@1.0.0 (location: C:\Users\diman\BlockPuzzlesBatch\Library\PackageCache\com.unity.modules.physics2d@1.0.0)
    com.unity.modules.screencapture@1.0.0 (location: C:\Users\diman\BlockPuzzlesBatch\Library\PackageCache\com.unity.modules.screencapture@1.0.0)
    com.unity.modules.terrain@1.0.0 (location: C:\Users\diman\BlockPuzzlesBatch\Library\PackageCache\com.unity.modules.terrain@1.0.0)
    com.unity.modules.terrainphysics@1.0.0 (location: C:\Users\diman\BlockPuzzlesBatch\Library\PackageCache\com.unity.modules.terrainphysics@1.0.0)
    com.unity.modules.tilemap@1.0.0 (location: C:\Users\diman\BlockPuzzlesBatch\Library\PackageCache\com.unity.modules.tilemap@1.0.0)
    com.unity.modules.ui@1.0.0 (location: C:\Users\diman\BlockPuzzlesBatch\Library\PackageCache\com.unity.modules.ui@1.0.0)
    com.unity.modules.uielements@1.0.0 (location: C:\Users\diman\BlockPuzzlesBatch\Library\PackageCache\com.unity.modules.uielements@1.0.0)
    com.unity.modules.umbra@1.0.0 (location: C:\Users\diman\BlockPuzzlesBatch\Library\PackageCache\com.unity.modules.umbra@1.0.0)
    com.unity.modules.unityanalytics@1.0.0 (location: C:\Users\diman\BlockPuzzlesBatch\Library\PackageCache\com.unity.modules.unityanalytics@1.0.0)
    com.unity.modules.unitywebrequest@1.0.0 (location: C:\Users\diman\BlockPuzzlesBatch\Library\PackageCache\com.unity.modules.unitywebrequest@1.0.0)
    com.unity.modules.unitywebrequestassetbundle@1.0.0 (location: C:\Users\diman\BlockPuzzlesBatch\Library\PackageCache\com.unity.modules.unitywebrequestassetbundle@1.0.0)
    com.unity.modules.unitywebrequestaudio@1.0.0 (location: C:\Users\diman\BlockPuzzlesBatch\Library\PackageCache\com.unity.modules.unitywebrequestaudio@1.0.0)
    com.unity.modules.unitywebrequesttexture@1.0.0 (location: C:\Users\diman\BlockPuzzlesBatch\Library\PackageCache\com.unity.modules.unitywebrequesttexture@1.0.0)
    com.unity.modules.unitywebrequestwww@1.0.0 (location: C:\Users\diman\BlockPuzzlesBatch\Library\PackageCache\com.unity.modules.unitywebrequestwww@1.0.0)
    com.unity.modules.vehicles@1.0.0 (location: C:\Users\diman\BlockPuzzlesBatch\Library\PackageCache\com.unity.modules.vehicles@1.0.0)
    com.unity.modules.video@1.0.0 (location: C:\Users\diman\BlockPuzzlesBatch\Library\PackageCache\com.unity.modules.video@1.0.0)
    com.unity.modules.vr@1.0.0 (location: C:\Users\diman\BlockPuzzlesBatch\Library\PackageCache\com.unity.modules.vr@1.0.0)
    com.unity.modules.wind@1.0.0 (location: C:\Users\diman\BlockPuzzlesBatch\Library\PackageCache\com.unity.modules.wind@1.0.0)
    com.unity.modules.xr@1.0.0 (location: C:\Users\diman\BlockPuzzlesBatch\Library\PackageCache\com.unity.modules.xr@1.0.0)
    com.unity.modules.subsystems@1.0.0 (location: C:\Users\diman\BlockPuzzlesBatch\Library\PackageCache\com.unity.modules.subsystems@1.0.0)
    com.unity.render-pipelines.core@14.0.12 (location: C:\Users\diman\BlockPuzzlesBatch\Library\PackageCache\com.unity.render-pipelines.core@14.0.12)
    com.unity.shadergraph@14.0.12 (location: C:\Users\diman\BlockPuzzlesBatch\Library\PackageCache\com.unity.shadergraph@14.0.12)
    com.unity.render-pipelines.universal-config@14.0.10 (location: C:\Users\diman\BlockPuzzlesBatch\Library\PackageCache\com.unity.render-pipelines.universal-config@14.0.10)
    com.unity.2d.sprite@1.0.0 (location: C:\Users\diman\BlockPuzzlesBatch\Library\PackageCache\com.unity.2d.sprite@1.0.0)
    com.unity.2d.tilemap@1.0.0 (location: C:\Users\diman\BlockPuzzlesBatch\Library\PackageCache\com.unity.2d.tilemap@1.0.0)
[Subsystems] No new subsystems found in resolved package list.
Package Manager log level set to [2]
[Package Manager] Done registering packages in 0.07 seconds
[Licensing::Client] Successfully resolved entitlement details
Refreshing native plugins compatible for Editor in 7.14 ms, found 4 plugins.
Preloading 0 native plugins for Editor in 0.00 ms.
Initialize engine version: 2022.3.62f1 (4af31df58517)
[Subsystems] Discovering subsystems at path C:/Program Files/Unity/Hub/Editor/2022.3.62f1/Editor/Data/Resources/UnitySubsystems
[Subsystems] Discovering subsystems at path C:/Users/diman/BlockPuzzlesBatch/Assets
Forcing GfxDevice: Null
GfxDevice: creating device client; threaded=0; jobified=0
NullGfxDevice:
    Version:  NULL 1.0 [1.0]
    Renderer: Null Device
    Vendor:   Unity Technologies
Shader Hidden/ProbeVolume/VoxelizeScene is not supported: GPU does not support conservative rasterization
[Licensing::Client] Successfully resolved entitlement details
Initialize mono
Mono path[0] = 'C:/Program Files/Unity/Hub/Editor/2022.3.62f1/Editor/Data/Managed'
Mono path[1] = 'C:/Program Files/Unity/Hub/Editor/2022.3.62f1/Editor/Data/MonoBleedingEdge/lib/mono/unityjit-win32'
Mono config path = 'C:/Program Files/Unity/Hub/Editor/2022.3.62f1/Editor/Data/MonoBleedingEdge/etc'
Using monoOptions --debugger-agent=transport=dt_socket,embedding=1,server=y,suspend=n,address=127.0.0.1:56228
Using cacheserver namespaces - metadata:defaultmetadata, artifacts:defaultartifacts
Using cacheserver namespaces - metadata:defaultmetadata, artifacts:defaultartifacts
ImportWorker Server TCP listen port: 0
Begin MonoManager ReloadAssembly
Registering precompiled unity dll's ...
Register platform support module: C:/Program Files/Unity/Hub/Editor/2022.3.62f1/Editor/Data/PlaybackEngines/WebGLSupport/UnityEditor.WebGL.Extensions.dll
Register platform support module: C:/Program Files/Unity/Hub/Editor/2022.3.62f1/Editor/Data/PlaybackEngines/AndroidPlayer/UnityEditor.Android.Extensions.dll
Register platform support module: C:/Program Files/Unity/Hub/Editor/2022.3.62f1/Editor/Data/PlaybackEngines/WindowsStandaloneSupport/UnityEditor.WindowsStandalone.Extensions.dll
Register platform support module: C:/Program Files/Unity/Hub/Editor/2022.3.62f1/Editor/Data/PlaybackEngines/LinuxStandaloneSupport/UnityEditor.LinuxStandalone.Extensions.dll
Registered in 0.007721 seconds.
- Loaded All Assemblies, in  0.242 seconds
Native extension for LinuxStandalone target not found
Native extension for WindowsStandalone target not found
Native extension for Android target not found
Android Extension - Scanning For ADB Devices 186 ms
Native extension for WebGL target not found
Mono: successfully reloaded assembly
- Finished resetting the current domain, in  0.382 seconds
Domain Reload Profiling: 623ms
	BeginReloadAssembly (69ms)
		ExecutionOrderSort (0ms)
		DisableScriptedObjects (0ms)
		BackupInstance (0ms)
		ReleaseScriptingObjects (0ms)
		CreateAndSetChildDomain (1ms)
	RebuildCommonClasses (23ms)
	RebuildNativeTypeToScriptingClass (7ms)
	initialDomainReloadingComplete (43ms)
	LoadAllAssembliesAndSetupDomain (99ms)
		LoadAssemblies (69ms)
		RebuildTransferFunctionScriptingTraits (0ms)
		AnalyzeDomain (97ms)
			TypeCache.Refresh (96ms)
				TypeCache.ScanAssembly (86ms)
			ScanForSourceGeneratedMonoScriptInfo (0ms)
			ResolveRequiredComponents (0ms)
	FinalizeReload (382ms)
		ReleaseScriptCaches (0ms)
		RebuildScriptCaches (0ms)
		SetupLoadedEditorAssemblies (352ms)
			LogAssemblyErrors (0ms)
			InitializePlatformSupportModulesInManaged (245ms)
			SetLoadedEditorAssemblies (3ms)
			RefreshPlugins (0ms)
			BeforeProcessingInitializeOnLoad (1ms)
			ProcessInitializeOnLoadAttributes (74ms)
			ProcessInitializeOnLoadMethodAttributes (30ms)
			AfterProcessingInitializeOnLoad (0ms)
			EditorAssembliesLoaded (0ms)
		ExecutionOrderSort2 (0ms)
		AwakeInstancesAfterBackupRestoration (0ms)
[Licensing::Client] Successfully resolved entitlement details
[Licensing::Client] Successfully resolved entitlement details
Application.AssetDatabase Initial Refresh Start
info: Microsoft.Hosting.Lifetime[14]
      Now listening on: http://localhost:80
info: Microsoft.Hosting.Lifetime[0]
      Application started. Press Ctrl+C to shut down.
info: Microsoft.Hosting.Lifetime[0]
      Hosting environment: Production
info: Microsoft.Hosting.Lifetime[0]
      Content root path: C:\Users\diman\BlockPuzzlesBatch\
info: Microsoft.AspNetCore.Hosting.Diagnostics[1]
      Request starting HTTP/2 POST http://ilpp/UnityILPP.PostProcessing/Ping application/grpc -
info: Microsoft.AspNetCore.Routing.EndpointMiddleware[0]
      Executing endpoint 'gRPC - /UnityILPP.PostProcessing/Ping'
info: Microsoft.AspNetCore.Routing.EndpointMiddleware[1]
      Executed endpoint 'gRPC - /UnityILPP.PostProcessing/Ping'
info: Microsoft.AspNetCore.Hosting.Diagnostics[2]
      Request finished HTTP/2 POST http://ilpp/UnityILPP.PostProcessing/Ping application/grpc - - 200 - application/grpc 28.7150ms
Starting: C:\Program Files\Unity\Hub\Editor\2022.3.62f1\Editor\Data\bee_backend.exe --ipc --defer-dag-verification --dagfile="Library/Bee/1300b0aE.dag" --continue-on-failure --profile="Library/Bee/backend1.traceevents" ScriptAssemblies
WorkingDir: C:/Users/diman/BlockPuzzlesBatch
ExitCode: 4 Duration: 0s28ms
[             ] Require frontend run.  Library/Bee/1300b0aE.dag couldn't be loaded
DisplayProgressbar: Compiling Scripts
Starting: C:\Program Files\Unity\Hub\Editor\2022.3.62f1\Editor\Data\Tools\netcorerun\netcorerun.exe "C:\Program Files\Unity\Hub\Editor\2022.3.62f1\Editor\Data\Tools\BuildPipeline\ScriptCompilationBuildProgram.exe" "Library/Bee/1300b0aE.dag.json" "Library/Bee/1300b0aE-inputdata.json" "Library\Bee\buildprogram0.traceevents"
WorkingDir: C:/Users/diman/BlockPuzzlesBatch
ExitCode: 0 Duration: 0s471ms
Starting: C:\Program Files\Unity\Hub\Editor\2022.3.62f1\Editor\Data\bee_backend.exe --ipc --defer-dag-verification --dagfile="Library/Bee/1300b0aE.dag" --continue-on-failure --dagfilejson="Library\Bee\1300b0aE.dag.json" --profile="Library/Bee/backend2.traceevents" ScriptAssemblies
WorkingDir: C:/Users/diman/BlockPuzzlesBatch
info: Microsoft.AspNetCore.Hosting.Diagnostics[1]
      Request starting HTTP/2 POST http://ilpp/UnityILPP.PostProcessing/ConfigurePostProcessors application/grpc -
info: Microsoft.AspNetCore.Routing.EndpointMiddleware[0]
      Executing endpoint 'gRPC - /UnityILPP.PostProcessing/ConfigurePostProcessors'
warn: Unity.ILPP.Runner.PostProcessingAssemblyLoadContext[0]
      Assembly system.runtime.interopservices.windowsruntime has duplicate hint path. Ignoring "C:\Program Files\Unity\Hub\Editor\2022.3.62f1\Editor\Data\UnityReferenceAssemblies\unity-4.8-api\Facades\System.Runtime.InteropServices.WindowsRuntime.dll" in favor of "C:\Program Files\Unity\Hub\Editor\2022.3.62f1\Editor\Data\NetStandard\Extensions\2.0.0\System.Runtime.InteropServices.WindowsRuntime.dll"
warn: Unity.ILPP.Runner.PostProcessingAssemblyLoadContext[0]
      Assembly system.componentmodel.composition has duplicate hint path. Ignoring "C:\Program Files\Unity\Hub\Editor\2022.3.62f1\Editor\Data\UnityReferenceAssemblies\unity-4.8-api\System.ComponentModel.Composition.dll" in favor of "C:\Program Files\Unity\Hub\Editor\2022.3.62f1\Editor\Data\NetStandard\compat\2.1.0\shims\netfx\System.ComponentModel.Composition.dll"
info: Unity.ILPP.Runner.PostProcessingAssemblyLoadContext[0]
      Resolved Unity.Burst.Cecil, Version=0.11.4.0, Culture=neutral, PublicKeyToken=50cebf1cceb9d05e with Library\PackageCache\com.unity.burst@1.8.21\Unity.Burst.CodeGen\Unity.Burst.Cecil.dll
info: Microsoft.AspNetCore.Routing.EndpointMiddleware[1]
      Executed endpoint 'gRPC - /UnityILPP.PostProcessing/ConfigurePostProcessors'
info: Microsoft.AspNetCore.Hosting.Diagnostics[2]
      Request finished HTTP/2 POST http://ilpp/UnityILPP.PostProcessing/ConfigurePostProcessors application/grpc - - 200 - application/grpc 157.7660ms
info: Microsoft.AspNetCore.Hosting.Diagnostics[1]
      Request starting HTTP/2 POST http://ilpp/UnityILPP.PostProcessing/PostProcessAssembly application/grpc -
info: Microsoft.AspNetCore.Routing.EndpointMiddleware[0]
      Executing endpoint 'gRPC - /UnityILPP.PostProcessing/PostProcessAssembly'
info: Unity.ILPP.Runner.PostProcessingPipeline[0]
      Processing assembly Library/Bee/artifacts/1300b0aE.dag/Unity.RenderPipelines.ShaderGraph.ShaderGraphLibrary.dll, with 122 defines and 221 references
info: Unity.ILPP.Runner.PostProcessingPipeline[0]
      processors: zzzUnity.Burst.CodeGen.BurstILPostProcessor
info: Unity.ILPP.Runner.PostProcessingPipeline[0]
      running zzzUnity.Burst.CodeGen.BurstILPostProcessor
info: Microsoft.AspNetCore.Routing.EndpointMiddleware[1]
      Executed endpoint 'gRPC - /UnityILPP.PostProcessing/PostProcessAssembly'
info: Microsoft.AspNetCore.Hosting.Diagnostics[2]
      Request finished HTTP/2 POST http://ilpp/UnityILPP.PostProcessing/PostProcessAssembly application/grpc - - 200 - application/grpc 93.0552ms
info: Microsoft.AspNetCore.Hosting.Diagnostics[1]
      Request starting HTTP/2 POST http://ilpp/UnityILPP.PostProcessing/PostProcessAssembly application/grpc -
info: Microsoft.AspNetCore.Routing.EndpointMiddleware[0]
      Executing endpoint 'gRPC - /UnityILPP.PostProcessing/PostProcessAssembly'
info: Unity.ILPP.Runner.PostProcessingPipeline[0]
      Processing assembly Library/Bee/artifacts/1300b0aE.dag/Unity.2D.SpriteShape.Runtime.dll, with 123 defines and 224 references
info: Unity.ILPP.Runner.PostProcessingPipeline[0]
      processors: zzzUnity.Burst.CodeGen.BurstILPostProcessor
info: Unity.ILPP.Runner.PostProcessingPipeline[0]
      running zzzUnity.Burst.CodeGen.BurstILPostProcessor
info: Microsoft.AspNetCore.Hosting.Diagnostics[1]
      Request starting HTTP/2 POST http://ilpp/UnityILPP.PostProcessing/PostProcessAssembly application/grpc -
info: Microsoft.AspNetCore.Hosting.Diagnostics[1]
      Request starting HTTP/2 POST http://ilpp/UnityILPP.PostProcessing/PostProcessAssembly application/grpc -
info: Microsoft.AspNetCore.Routing.EndpointMiddleware[0]
      Executing endpoint 'gRPC - /UnityILPP.PostProcessing/PostProcessAssembly'
info: Microsoft.AspNetCore.Hosting.Diagnostics[1]
      Request starting HTTP/2 POST http://ilpp/UnityILPP.PostProcessing/PostProcessAssembly application/grpc -
info: Microsoft.AspNetCore.Hosting.Diagnostics[1]
      Request starting HTTP/2 POST http://ilpp/UnityILPP.PostProcessing/PostProcessAssembly application/grpc -
info: Microsoft.AspNetCore.Hosting.Diagnostics[1]
      Request starting HTTP/2 POST http://ilpp/UnityILPP.PostProcessing/PostProcessAssembly application/grpc -
info: Microsoft.AspNetCore.Routing.EndpointMiddleware[0]
      Executing endpoint 'gRPC - /UnityILPP.PostProcessing/PostProcessAssembly'
info: Microsoft.AspNetCore.Routing.EndpointMiddleware[0]
      Executing endpoint 'gRPC - /UnityILPP.PostProcessing/PostProcessAssembly'
info: Microsoft.AspNetCore.Routing.EndpointMiddleware[0]
      Executing endpoint 'gRPC - /UnityILPP.PostProcessing/PostProcessAssembly'
info: Microsoft.AspNetCore.Routing.EndpointMiddleware[0]
      Executing endpoint 'gRPC - /UnityILPP.PostProcessing/PostProcessAssembly'
info: Microsoft.AspNetCore.Hosting.Diagnostics[1]
      Request starting HTTP/2 POST http://ilpp/UnityILPP.PostProcessing/PostProcessAssembly application/grpc -
info: Microsoft.AspNetCore.Hosting.Diagnostics[1]
      Request starting HTTP/2 POST http://ilpp/UnityILPP.PostProcessing/PostProcessAssembly application/grpc -
info: Microsoft.AspNetCore.Hosting.Diagnostics[1]
      Request starting HTTP/2 POST http://ilpp/UnityILPP.PostProcessing/PostProcessAssembly application/grpc -
info: Microsoft.AspNetCore.Routing.EndpointMiddleware[0]
      Executing endpoint 'gRPC - /UnityILPP.PostProcessing/PostProcessAssembly'
info: Microsoft.AspNetCore.Routing.EndpointMiddleware[0]
      Executing endpoint 'gRPC - /UnityILPP.PostProcessing/PostProcessAssembly'
info: Microsoft.AspNetCore.Routing.EndpointMiddleware[0]
      Executing endpoint 'gRPC - /UnityILPP.PostProcessing/PostProcessAssembly'
info: Unity.ILPP.Runner.PostProcessingPipeline[0]
      Processing assembly Library/Bee/artifacts/1300b0aE.dag/Unity.Mathematics.dll, with 122 defines and 221 references
info: Unity.ILPP.Runner.PostProcessingPipeline[0]
      Processing assembly Library/Bee/artifacts/1300b0aE.dag/Unity.RenderPipelines.Universal.Shaders.dll, with 122 defines and 221 references
info: Unity.ILPP.Runner.PostProcessingPipeline[0]
      Processing assembly Library/Bee/artifacts/1300b0aE.dag/Unity.Collections.dll, with 122 defines and 223 references
info: Unity.ILPP.Runner.PostProcessingPipeline[0]
      processors: zzzUnity.Burst.CodeGen.BurstILPostProcessor
info: Unity.ILPP.Runner.PostProcessingPipeline[0]
      processors: zzzUnity.Burst.CodeGen.BurstILPostProcessor
info: Unity.ILPP.Runner.PostProcessingPipeline[0]
      Processing assembly Library/Bee/artifacts/1300b0aE.dag/Unity.2D.Common.Runtime.dll, with 122 defines and 222 references
info: Unity.ILPP.Runner.PostProcessingPipeline[0]
      processors: zzzUnity.Burst.CodeGen.BurstILPostProcessor
info: Unity.ILPP.Runner.PostProcessingPipeline[0]
      Processing assembly Library/Bee/artifacts/1300b0aE.dag/Unity.2D.PixelPerfect.dll, with 123 defines and 221 references
info: Unity.ILPP.Runner.PostProcessingPipeline[0]
      Processing assembly Library/Bee/artifacts/1300b0aE.dag/Unity.2D.Tilemap.Extras.dll, with 122 defines and 221 references
info: Unity.ILPP.Runner.PostProcessingPipeline[0]
      processors: zzzUnity.Burst.CodeGen.BurstILPostProcessor
info: Unity.ILPP.Runner.PostProcessingPipeline[0]
      processors: zzzUnity.Burst.CodeGen.BurstILPostProcessor
info: Unity.ILPP.Runner.PostProcessingPipeline[0]
      processors: zzzUnity.Burst.CodeGen.BurstILPostProcessor
info: Unity.ILPP.Runner.PostProcessingPipeline[0]
      Processing assembly Library/Bee/artifacts/1300b0aE.dag/Unity.RenderPipelines.Core.ShaderLibrary.dll, with 122 defines and 221 references
info: Unity.ILPP.Runner.PostProcessingPipeline[0]
      processors: zzzUnity.Burst.CodeGen.BurstILPostProcessor
info: Unity.ILPP.Runner.PostProcessingPipeline[0]
      Processing assembly Library/Bee/artifacts/1300b0aE.dag/Unity.VisualScripting.Core.dll, with 125 defines and 221 references
info: Unity.ILPP.Runner.PostProcessingPipeline[0]
      processors: zzzUnity.Burst.CodeGen.BurstILPostProcessor
info: Unity.ILPP.Runner.PostProcessingPipeline[0]
      running zzzUnity.Burst.CodeGen.BurstILPostProcessor
info: Microsoft.AspNetCore.Hosting.Diagnostics[1]
      Request starting HTTP/2 POST http://ilpp/UnityILPP.PostProcessing/PostProcessAssembly application/grpc -
info: Microsoft.AspNetCore.Routing.EndpointMiddleware[0]
      Executing endpoint 'gRPC - /UnityILPP.PostProcessing/PostProcessAssembly'
info: Unity.ILPP.Runner.PostProcessingPipeline[0]
      Processing assembly Library/Bee/artifacts/1300b0aE.dag/Unity.RenderPipelines.Universal.2D.Internal.dll, with 122 defines and 221 references
info: Unity.ILPP.Runner.PostProcessingPipeline[0]
      processors: zzzUnity.Burst.CodeGen.BurstILPostProcessor
info: Microsoft.AspNetCore.Routing.EndpointMiddleware[1]
      Executed endpoint 'gRPC - /UnityILPP.PostProcessing/PostProcessAssembly'
info: Microsoft.AspNetCore.Hosting.Diagnostics[2]
      Request finished HTTP/2 POST http://ilpp/UnityILPP.PostProcessing/PostProcessAssembly application/grpc - - 200 - application/grpc 10.3656ms
info: Unity.ILPP.Runner.PostProcessingPipeline[0]
      running zzzUnity.Burst.CodeGen.BurstILPostProcessor
info: Microsoft.AspNetCore.Routing.EndpointMiddleware[1]
      Executed endpoint 'gRPC - /UnityILPP.PostProcessing/PostProcessAssembly'
info: Microsoft.AspNetCore.Hosting.Diagnostics[2]
      Request finished HTTP/2 POST http://ilpp/UnityILPP.PostProcessing/PostProcessAssembly application/grpc - - 200 - application/grpc 11.6711ms
info: Unity.ILPP.Runner.PostProcessingPipeline[0]
      running zzzUnity.Burst.CodeGen.BurstILPostProcessor
info: Unity.ILPP.Runner.PostProcessingPipeline[0]
      running zzzUnity.Burst.CodeGen.BurstILPostProcessor
info: Unity.ILPP.Runner.PostProcessingPipeline[0]
      running zzzUnity.Burst.CodeGen.BurstILPostProcessor
info: Microsoft.AspNetCore.Routing.EndpointMiddleware[1]
      Executed endpoint 'gRPC - /UnityILPP.PostProcessing/PostProcessAssembly'
info: Microsoft.AspNetCore.Hosting.Diagnostics[2]
      Request finished HTTP/2 POST http://ilpp/UnityILPP.PostProcessing/PostProcessAssembly application/grpc - - 200 - application/grpc 31.5190ms
info: Microsoft.AspNetCore.Routing.EndpointMiddleware[1]
      Executed endpoint 'gRPC - /UnityILPP.PostProcessing/PostProcessAssembly'
info: Microsoft.AspNetCore.Hosting.Diagnostics[2]
      Request finished HTTP/2 POST http://ilpp/UnityILPP.PostProcessing/PostProcessAssembly application/grpc - - 200 - application/grpc 31.9071ms
info: Unity.ILPP.Runner.PostProcessingPipeline[0]
      running zzzUnity.Burst.CodeGen.BurstILPostProcessor
info: Unity.ILPP.Runner.PostProcessingPipeline[0]
      running zzzUnity.Burst.CodeGen.BurstILPostProcessor
info: Microsoft.AspNetCore.Routing.EndpointMiddleware[1]
      Executed endpoint 'gRPC - /UnityILPP.PostProcessing/PostProcessAssembly'
info: Microsoft.AspNetCore.Hosting.Diagnostics[2]
      Request finished HTTP/2 POST http://ilpp/UnityILPP.PostProcessing/PostProcessAssembly application/grpc - - 200 - application/grpc 36.3559ms
info: Microsoft.AspNetCore.Routing.EndpointMiddleware[1]
      Executed endpoint 'gRPC - /UnityILPP.PostProcessing/PostProcessAssembly'
info: Microsoft.AspNetCore.Hosting.Diagnostics[2]
      Request finished HTTP/2 POST http://ilpp/UnityILPP.PostProcessing/PostProcessAssembly application/grpc - - 200 - application/grpc 36.4352ms
info: Microsoft.AspNetCore.Hosting.Diagnostics[1]
      Request starting HTTP/2 POST http://ilpp/UnityILPP.PostProcessing/PostProcessAssembly application/grpc -
info: Microsoft.AspNetCore.Hosting.Diagnostics[1]
      Request starting HTTP/2 POST http://ilpp/UnityILPP.PostProcessing/PostProcessAssembly application/grpc -
info: Microsoft.AspNetCore.Hosting.Diagnostics[1]
      Request starting HTTP/2 POST http://ilpp/UnityILPP.PostProcessing/PostProcessAssembly application/grpc -
info: Microsoft.AspNetCore.Routing.EndpointMiddleware[0]
      Executing endpoint 'gRPC - /UnityILPP.PostProcessing/PostProcessAssembly'
info: Microsoft.AspNetCore.Routing.EndpointMiddleware[0]
      Executing endpoint 'gRPC - /UnityILPP.PostProcessing/PostProcessAssembly'
info: Microsoft.AspNetCore.Routing.EndpointMiddleware[0]
      Executing endpoint 'gRPC - /UnityILPP.PostProcessing/PostProcessAssembly'
info: Unity.ILPP.Runner.PostProcessingPipeline[0]
      Processing assembly Library/Bee/artifacts/1300b0aE.dag/Unity.RenderPipelines.Universal.Config.Runtime.dll, with 122 defines and 222 references
info: Unity.ILPP.Runner.PostProcessingPipeline[0]
      Processing assembly Library/Bee/artifacts/1300b0aE.dag/Unity.RenderPipeline.Universal.ShaderLibrary.dll, with 122 defines and 222 references
info: Unity.ILPP.Runner.PostProcessingPipeline[0]
      Processing assembly Library/Bee/artifacts/1300b0aE.dag/Unity.RenderPipelines.Core.Runtime.dll, with 124 defines and 221 references
info: Unity.ILPP.Runner.PostProcessingPipeline[0]
      processors: zzzUnity.Burst.CodeGen.BurstILPostProcessor
info: Unity.ILPP.Runner.PostProcessingPipeline[0]
      processors: zzzUnity.Burst.CodeGen.BurstILPostProcessor
info: Unity.ILPP.Runner.PostProcessingPipeline[0]
      processors: zzzUnity.Burst.CodeGen.BurstILPostProcessor
info: Unity.ILPP.Runner.PostProcessingPipeline[0]
      running zzzUnity.Burst.CodeGen.BurstILPostProcessor
info: Microsoft.AspNetCore.Routing.EndpointMiddleware[1]
      Executed endpoint 'gRPC - /UnityILPP.PostProcessing/PostProcessAssembly'
info: Microsoft.AspNetCore.Hosting.Diagnostics[2]
      Request finished HTTP/2 POST http://ilpp/UnityILPP.PostProcessing/PostProcessAssembly application/grpc - - 200 - application/grpc 105.6457ms
info: Unity.ILPP.Runner.PostProcessingPipeline[0]
      running zzzUnity.Burst.CodeGen.BurstILPostProcessor
info: Unity.ILPP.Runner.PostProcessingPipeline[0]
      running zzzUnity.Burst.CodeGen.BurstILPostProcessor
info: Unity.ILPP.Runner.PostProcessingPipeline[0]
      running zzzUnity.Burst.CodeGen.BurstILPostProcessor
info: Microsoft.AspNetCore.Routing.EndpointMiddleware[1]
      Executed endpoint 'gRPC - /UnityILPP.PostProcessing/PostProcessAssembly'
info: Microsoft.AspNetCore.Hosting.Diagnostics[2]
      Request finished HTTP/2 POST http://ilpp/UnityILPP.PostProcessing/PostProcessAssembly application/grpc - - 200 - application/grpc 98.2282ms
info: Microsoft.AspNetCore.Routing.EndpointMiddleware[1]
      Executed endpoint 'gRPC - /UnityILPP.PostProcessing/PostProcessAssembly'
info: Microsoft.AspNetCore.Routing.EndpointMiddleware[1]
      Executed endpoint 'gRPC - /UnityILPP.PostProcessing/PostProcessAssembly'
info: Microsoft.AspNetCore.Hosting.Diagnostics[2]
      Request finished HTTP/2 POST http://ilpp/UnityILPP.PostProcessing/PostProcessAssembly application/grpc - - 200 - application/grpc 98.2743ms
info: Microsoft.AspNetCore.Hosting.Diagnostics[2]
      Request finished HTTP/2 POST http://ilpp/UnityILPP.PostProcessing/PostProcessAssembly application/grpc - - 200 - application/grpc 143.8618ms
info: Microsoft.AspNetCore.Hosting.Diagnostics[1]
      Request starting HTTP/2 POST http://ilpp/UnityILPP.PostProcessing/PostProcessAssembly application/grpc -
info: Microsoft.AspNetCore.Routing.EndpointMiddleware[0]
      Executing endpoint 'gRPC - /UnityILPP.PostProcessing/PostProcessAssembly'
info: Microsoft.AspNetCore.Hosting.Diagnostics[1]
      Request starting HTTP/2 POST http://ilpp/UnityILPP.PostProcessing/PostProcessAssembly application/grpc -
info: Microsoft.AspNetCore.Hosting.Diagnostics[1]
      Request starting HTTP/2 POST http://ilpp/UnityILPP.PostProcessing/PostProcessAssembly application/grpc -
info: Microsoft.AspNetCore.Routing.EndpointMiddleware[0]
      Executing endpoint 'gRPC - /UnityILPP.PostProcessing/PostProcessAssembly'
info: Microsoft.AspNetCore.Routing.EndpointMiddleware[0]
      Executing endpoint 'gRPC - /UnityILPP.PostProcessing/PostProcessAssembly'
info: Unity.ILPP.Runner.PostProcessingPipeline[0]
      Processing assembly Library/Bee/artifacts/1300b0aE.dag/Unity.TextMeshPro.dll, with 123 defines and 221 references
info: Unity.ILPP.Runner.PostProcessingPipeline[0]
      Processing assembly Library/Bee/artifacts/1300b0aE.dag/BlockPuzzle.Core.dll, with 122 defines and 222 references
info: Unity.ILPP.Runner.PostProcessingPipeline[0]
      Processing assembly Library/Bee/artifacts/1300b0aE.dag/BlockPuzzle.Bootstrap.dll, with 122 defines and 226 references
info: Unity.ILPP.Runner.PostProcessingPipeline[0]
      processors: zzzUnity.Burst.CodeGen.BurstILPostProcessor
info: Unity.ILPP.Runner.PostProcessingPipeline[0]
      processors: zzzUnity.Burst.CodeGen.BurstILPostProcessor
info: Unity.ILPP.Runner.PostProcessingPipeline[0]
      processors: zzzUnity.Burst.CodeGen.BurstILPostProcessor
info: Unity.ILPP.Runner.PostProcessingPipeline[0]
      running zzzUnity.Burst.CodeGen.BurstILPostProcessor
info: Unity.ILPP.Runner.PostProcessingPipeline[0]
      running zzzUnity.Burst.CodeGen.BurstILPostProcessor
info: Unity.ILPP.Runner.PostProcessingPipeline[0]
      running zzzUnity.Burst.CodeGen.BurstILPostProcessor
info: Microsoft.AspNetCore.Hosting.Diagnostics[1]
      Request starting HTTP/2 POST http://ilpp/UnityILPP.PostProcessing/PostProcessAssembly application/grpc -
info: Microsoft.AspNetCore.Routing.EndpointMiddleware[0]
      Executing endpoint 'gRPC - /UnityILPP.PostProcessing/PostProcessAssembly'
info: Unity.ILPP.Runner.PostProcessingPipeline[0]
      Processing assembly Library/Bee/artifacts/1300b0aE.dag/BlockPuzzle.Gameplay.dll, with 122 defines and 223 references
info: Unity.ILPP.Runner.PostProcessingPipeline[0]
      processors: zzzUnity.Burst.CodeGen.BurstILPostProcessor
info: Unity.ILPP.Runner.PostProcessingPipeline[0]
      running zzzUnity.Burst.CodeGen.BurstILPostProcessor
info: Microsoft.AspNetCore.Hosting.Diagnostics[1]
      Request starting HTTP/2 POST http://ilpp/UnityILPP.PostProcessing/PostProcessAssembly application/grpc -
info: Microsoft.AspNetCore.Routing.EndpointMiddleware[0]
      Executing endpoint 'gRPC - /UnityILPP.PostProcessing/PostProcessAssembly'
info: Microsoft.AspNetCore.Hosting.Diagnostics[1]
      Request starting HTTP/2 POST http://ilpp/UnityILPP.PostProcessing/PostProcessAssembly application/grpc -
info: Microsoft.AspNetCore.Routing.EndpointMiddleware[0]
      Executing endpoint 'gRPC - /UnityILPP.PostProcessing/PostProcessAssembly'
info: Microsoft.AspNetCore.Hosting.Diagnostics[1]
      Request starting HTTP/2 POST http://ilpp/UnityILPP.PostProcessing/PostProcessAssembly application/grpc -
info: Microsoft.AspNetCore.Hosting.Diagnostics[1]
      Request starting HTTP/2 POST http://ilpp/UnityILPP.PostProcessing/PostProcessAssembly application/grpc -
info: Microsoft.AspNetCore.Routing.EndpointMiddleware[0]
      Executing endpoint 'gRPC - /UnityILPP.PostProcessing/PostProcessAssembly'
info: Microsoft.AspNetCore.Routing.EndpointMiddleware[0]
      Executing endpoint 'gRPC - /UnityILPP.PostProcessing/PostProcessAssembly'
info: Unity.ILPP.Runner.PostProcessingPipeline[0]
      Processing assembly Library/Bee/artifacts/1300b0aE.dag/BlockPuzzle.Managers.dll, with 122 defines and 224 references
info: Unity.ILPP.Runner.PostProcessingPipeline[0]
      Processing assembly Library/Bee/artifacts/1300b0aE.dag/UnityEngine.UI.dll, with 127 defines and 219 references
info: Unity.ILPP.Runner.PostProcessingPipeline[0]
      processors: zzzUnity.Burst.CodeGen.BurstILPostProcessor
info: Unity.ILPP.Runner.PostProcessingPipeline[0]
      processors: zzzUnity.Burst.CodeGen.BurstILPostProcessor
info: Unity.ILPP.Runner.PostProcessingPipeline[0]
      Processing assembly Library/Bee/artifacts/1300b0aE.dag/BlockPuzzle.UI.dll, with 122 defines and 225 references
info: Unity.ILPP.Runner.PostProcessingPipeline[0]
      processors: zzzUnity.Burst.CodeGen.BurstILPostProcessor
info: Unity.ILPP.Runner.PostProcessingPipeline[0]
      Processing assembly Library/Bee/artifacts/1300b0aE.dag/Unity.InternalAPIEngineBridge.001.dll, with 122 defines and 221 references
info: Unity.ILPP.Runner.PostProcessingPipeline[0]
      processors: zzzUnity.Burst.CodeGen.BurstILPostProcessor
info: Unity.ILPP.Runner.PostProcessingPipeline[0]
      running zzzUnity.Burst.CodeGen.BurstILPostProcessor
info: Unity.ILPP.Runner.PostProcessingPipeline[0]
      running zzzUnity.Burst.CodeGen.BurstILPostProcessor
info: Microsoft.AspNetCore.Routing.EndpointMiddleware[1]
      Executed endpoint 'gRPC - /UnityILPP.PostProcessing/PostProcessAssembly'
info: Microsoft.AspNetCore.Hosting.Diagnostics[2]
      Request finished HTTP/2 POST http://ilpp/UnityILPP.PostProcessing/PostProcessAssembly application/grpc - - 200 - application/grpc 13.1070ms
info: Microsoft.AspNetCore.Routing.EndpointMiddleware[1]
      Executed endpoint 'gRPC - /UnityILPP.PostProcessing/PostProcessAssembly'
info: Microsoft.AspNetCore.Hosting.Diagnostics[2]
      Request finished HTTP/2 POST http://ilpp/UnityILPP.PostProcessing/PostProcessAssembly application/grpc - - 200 - application/grpc 127.9684ms
info: Microsoft.AspNetCore.Routing.EndpointMiddleware[1]
      Executed endpoint 'gRPC - /UnityILPP.PostProcessing/PostProcessAssembly'
info: Microsoft.AspNetCore.Hosting.Diagnostics[2]
      Request finished HTTP/2 POST http://ilpp/UnityILPP.PostProcessing/PostProcessAssembly application/grpc - - 200 - application/grpc 7.7562ms
info: Microsoft.AspNetCore.Routing.EndpointMiddleware[1]
      Executed endpoint 'gRPC - /UnityILPP.PostProcessing/PostProcessAssembly'
info: Microsoft.AspNetCore.Routing.EndpointMiddleware[1]
      Executed endpoint 'gRPC - /UnityILPP.PostProcessing/PostProcessAssembly'
info: Microsoft.AspNetCore.Hosting.Diagnostics[2]
      Request finished HTTP/2 POST http://ilpp/UnityILPP.PostProcessing/PostProcessAssembly application/grpc - - 200 - application/grpc 13.5402ms
info: Microsoft.AspNetCore.Hosting.Diagnostics[2]
      Request finished HTTP/2 POST http://ilpp/UnityILPP.PostProcessing/PostProcessAssembly application/grpc - - 200 - application/grpc 3.4140ms
info: Microsoft.AspNetCore.Routing.EndpointMiddleware[1]
      Executed endpoint 'gRPC - /UnityILPP.PostProcessing/PostProcessAssembly'
info: Microsoft.AspNetCore.Hosting.Diagnostics[2]
      Request finished HTTP/2 POST http://ilpp/UnityILPP.PostProcessing/PostProcessAssembly application/grpc - - 200 - application/grpc 3.7290ms
info: Unity.ILPP.Runner.PostProcessingPipeline[0]
      running zzzUnity.Burst.CodeGen.BurstILPostProcessor
info: Microsoft.AspNetCore.Routing.EndpointMiddleware[1]
      Executed endpoint 'gRPC - /UnityILPP.PostProcessing/PostProcessAssembly'
info: Microsoft.AspNetCore.Hosting.Diagnostics[2]
      Request finished HTTP/2 POST http://ilpp/UnityILPP.PostProcessing/PostProcessAssembly application/grpc - - 200 - application/grpc 14.0488ms
info: Unity.ILPP.Runner.PostProcessingPipeline[0]
      running zzzUnity.Burst.CodeGen.BurstILPostProcessor
info: Unity.ILPP.Runner.PostProcessingPipeline[0]
      running zzzUnity.Burst.CodeGen.BurstILPostProcessor
info: Microsoft.AspNetCore.Routing.EndpointMiddleware[1]
      Executed endpoint 'gRPC - /UnityILPP.PostProcessing/PostProcessAssembly'
info: Microsoft.AspNetCore.Routing.EndpointMiddleware[1]
      Executed endpoint 'gRPC - /UnityILPP.PostProcessing/PostProcessAssembly'
info: Microsoft.AspNetCore.Hosting.Diagnostics[2]
      Request finished HTTP/2 POST http://ilpp/UnityILPP.PostProcessing/PostProcessAssembly application/grpc - - 200 - application/grpc 107.5394ms
info: Microsoft.AspNetCore.Hosting.Diagnostics[2]
      Request finished HTTP/2 POST http://ilpp/UnityILPP.PostProcessing/PostProcessAssembly application/grpc - - 200 - application/grpc 117.6716ms
info: Microsoft.AspNetCore.Hosting.Diagnostics[1]
      Request starting HTTP/2 POST http://ilpp/UnityILPP.PostProcessing/PostProcessAssembly application/grpc -
info: Microsoft.AspNetCore.Hosting.Diagnostics[1]
      Request starting HTTP/2 POST http://ilpp/UnityILPP.PostProcessing/PostProcessAssembly application/grpc -
info: Microsoft.AspNetCore.Hosting.Diagnostics[1]
      Request starting HTTP/2 POST http://ilpp/UnityILPP.PostProcessing/PostProcessAssembly application/grpc -
info: Microsoft.AspNetCore.Routing.EndpointMiddleware[0]
      Executing endpoint 'gRPC - /UnityILPP.PostProcessing/PostProcessAssembly'
info: Microsoft.AspNetCore.Routing.EndpointMiddleware[0]
      Executing endpoint 'gRPC - /UnityILPP.PostProcessing/PostProcessAssembly'
info: Microsoft.AspNetCore.Routing.EndpointMiddleware[0]
      Executing endpoint 'gRPC - /UnityILPP.PostProcessing/PostProcessAssembly'
info: Microsoft.AspNetCore.Hosting.Diagnostics[1]
      Request starting HTTP/2 POST http://ilpp/UnityILPP.PostProcessing/PostProcessAssembly application/grpc -
info: Microsoft.AspNetCore.Routing.EndpointMiddleware[0]
      Executing endpoint 'gRPC - /UnityILPP.PostProcessing/PostProcessAssembly'
info: Unity.ILPP.Runner.PostProcessingPipeline[0]
      Processing assembly Library/Bee/artifacts/1300b0aE.dag/Unity.2D.Animation.Runtime.dll, with 122 defines and 226 references
info: Microsoft.AspNetCore.Hosting.Diagnostics[1]
      Request starting HTTP/2 POST http://ilpp/UnityILPP.PostProcessing/PostProcessAssembly application/grpc -
info: Unity.ILPP.Runner.PostProcessingPipeline[0]
      processors: zzzUnity.Burst.CodeGen.BurstILPostProcessor
info: Unity.ILPP.Runner.PostProcessingPipeline[0]
      Processing assembly Library/Bee/artifacts/1300b0aE.dag/Unity.Burst.dll, with 122 defines and 213 references
info: Microsoft.AspNetCore.Routing.EndpointMiddleware[0]
      Executing endpoint 'gRPC - /UnityILPP.PostProcessing/PostProcessAssembly'
info: Unity.ILPP.Runner.PostProcessingPipeline[0]
      processors: zzzUnity.Burst.CodeGen.BurstILPostProcessor
info: Unity.ILPP.Runner.PostProcessingPipeline[0]
      Processing assembly Library/Bee/artifacts/1300b0aE.dag/Unity.2D.IK.Runtime.dll, with 122 defines and 222 references
info: Unity.ILPP.Runner.PostProcessingPipeline[0]
      processors: zzzUnity.Burst.CodeGen.BurstILPostProcessor
info: Unity.ILPP.Runner.PostProcessingPipeline[0]
      Processing assembly Library/Bee/artifacts/1300b0aE.dag/Unity.RenderPipelines.Universal.Runtime.dll, with 127 defines and 227 references
info: Unity.ILPP.Runner.PostProcessingPipeline[0]
      processors: zzzUnity.Burst.CodeGen.BurstILPostProcessor
info: Unity.ILPP.Runner.PostProcessingPipeline[0]
      Processing assembly Library/Bee/artifacts/1300b0aE.dag/Unity.Timeline.dll, with 123 defines and 221 references
info: Unity.ILPP.Runner.PostProcessingPipeline[0]
      processors: zzzUnity.Burst.CodeGen.BurstILPostProcessor
info: Unity.ILPP.Runner.PostProcessingPipeline[0]
      running zzzUnity.Burst.CodeGen.BurstILPostProcessor
info: Unity.ILPP.Runner.PostProcessingPipeline[0]
      running zzzUnity.Burst.CodeGen.BurstILPostProcessor
info: Unity.ILPP.Runner.PostProcessingPipeline[0]
      running zzzUnity.Burst.CodeGen.BurstILPostProcessor
info: Microsoft.AspNetCore.Routing.EndpointMiddleware[1]
      Executed endpoint 'gRPC - /UnityILPP.PostProcessing/PostProcessAssembly'
info: Microsoft.AspNetCore.Routing.EndpointMiddleware[1]
      Executed endpoint 'gRPC - /UnityILPP.PostProcessing/PostProcessAssembly'
info: Microsoft.AspNetCore.Hosting.Diagnostics[2]
      Request finished HTTP/2 POST http://ilpp/UnityILPP.PostProcessing/PostProcessAssembly application/grpc - - 200 - application/grpc 17.4749ms
info: Microsoft.AspNetCore.Hosting.Diagnostics[2]
      Request finished HTTP/2 POST http://ilpp/UnityILPP.PostProcessing/PostProcessAssembly application/grpc - - 200 - application/grpc 17.3078ms
info: Unity.ILPP.Runner.PostProcessingPipeline[0]
      running zzzUnity.Burst.CodeGen.BurstILPostProcessor
info: Unity.ILPP.Runner.PostProcessingPipeline[0]
      running zzzUnity.Burst.CodeGen.BurstILPostProcessor
info: Microsoft.AspNetCore.Routing.EndpointMiddleware[1]
      Executed endpoint 'gRPC - /UnityILPP.PostProcessing/PostProcessAssembly'
info: Microsoft.AspNetCore.Hosting.Diagnostics[2]
      Request finished HTTP/2 POST http://ilpp/UnityILPP.PostProcessing/PostProcessAssembly application/grpc - - 200 - application/grpc 143.5847ms
info: Microsoft.AspNetCore.Hosting.Diagnostics[1]
      Request starting HTTP/2 POST http://ilpp/UnityILPP.PostProcessing/PostProcessAssembly application/grpc -
info: Microsoft.AspNetCore.Hosting.Diagnostics[1]
      Request starting HTTP/2 POST http://ilpp/UnityILPP.PostProcessing/PostProcessAssembly application/grpc -
info: Microsoft.AspNetCore.Hosting.Diagnostics[1]
      Request starting HTTP/2 POST http://ilpp/UnityILPP.PostProcessing/PostProcessAssembly application/grpc -
info: Microsoft.AspNetCore.Routing.EndpointMiddleware[0]
      Executing endpoint 'gRPC - /UnityILPP.PostProcessing/PostProcessAssembly'
info: Microsoft.AspNetCore.Routing.EndpointMiddleware[0]
      Executing endpoint 'gRPC - /UnityILPP.PostProcessing/PostProcessAssembly'
info: Microsoft.AspNetCore.Routing.EndpointMiddleware[0]
      Executing endpoint 'gRPC - /UnityILPP.PostProcessing/PostProcessAssembly'
info: Unity.ILPP.Runner.PostProcessingPipeline[0]
      Processing assembly Library/Bee/artifacts/1300b0aE.dag/Unity.ShaderGraph.Utilities.dll, with 120 defines and 231 references
info: Unity.ILPP.Runner.PostProcessingPipeline[0]
      processors: zzzUnity.Burst.CodeGen.BurstILPostProcessor
info: Unity.ILPP.Runner.PostProcessingPipeline[0]
      Processing assembly Library/Bee/artifacts/1300b0aE.dag/Unity.Sysroot.Linux_x86_64.dll, with 120 defines and 232 references
info: Unity.ILPP.Runner.PostProcessingPipeline[0]
      Processing assembly Library/Bee/artifacts/1300b0aE.dag/Unity.2D.Tilemap.Editor.dll, with 120 defines and 231 references
info: Unity.ILPP.Runner.PostProcessingPipeline[0]
      processors: zzzUnity.Burst.CodeGen.BurstILPostProcessor
info: Unity.ILPP.Runner.PostProcessingPipeline[0]
      processors: zzzUnity.Burst.CodeGen.BurstILPostProcessor
info: Unity.ILPP.Runner.PostProcessingPipeline[0]
      running zzzUnity.Burst.CodeGen.BurstILPostProcessor
info: Unity.ILPP.Runner.PostProcessingPipeline[0]
      running zzzUnity.Burst.CodeGen.BurstILPostProcessor
info: Unity.ILPP.Runner.PostProcessingPipeline[0]
      running zzzUnity.Burst.CodeGen.BurstILPostProcessor
info: Microsoft.AspNetCore.Routing.EndpointMiddleware[1]
      Executed endpoint 'gRPC - /UnityILPP.PostProcessing/PostProcessAssembly'
info: Microsoft.AspNetCore.Routing.EndpointMiddleware[1]
      Executed endpoint 'gRPC - /UnityILPP.PostProcessing/PostProcessAssembly'
info: Microsoft.AspNetCore.Hosting.Diagnostics[2]
      Request finished HTTP/2 POST http://ilpp/UnityILPP.PostProcessing/PostProcessAssembly application/grpc - - 200 - application/grpc 41.5104ms
info: Microsoft.AspNetCore.Hosting.Diagnostics[2]
      Request finished HTTP/2 POST http://ilpp/UnityILPP.PostProcessing/PostProcessAssembly application/grpc - - 200 - application/grpc 41.5545ms
info: Microsoft.AspNetCore.Routing.EndpointMiddleware[1]
      Executed endpoint 'gRPC - /UnityILPP.PostProcessing/PostProcessAssembly'
info: Microsoft.AspNetCore.Hosting.Diagnostics[2]
      Request finished HTTP/2 POST http://ilpp/UnityILPP.PostProcessing/PostProcessAssembly application/grpc - - 200 - application/grpc 41.6296ms
info: Unity.ILPP.Runner.PostProcessingAssemblyLoadContext[0]
      Resolved Unity.Burst.Cecil.Rocks, Version=0.11.4.0, Culture=neutral, PublicKeyToken=50cebf1cceb9d05e with Library\PackageCache\com.unity.burst@1.8.21\Unity.Burst.CodeGen\Unity.Burst.Cecil.Rocks.dll
info: Microsoft.AspNetCore.Hosting.Diagnostics[1]
      Request starting HTTP/2 POST http://ilpp/UnityILPP.PostProcessing/PostProcessAssembly application/grpc -
info: Microsoft.AspNetCore.Hosting.Diagnostics[1]
      Request starting HTTP/2 POST http://ilpp/UnityILPP.PostProcessing/PostProcessAssembly application/grpc -
info: Microsoft.AspNetCore.Routing.EndpointMiddleware[0]
      Executing endpoint 'gRPC - /UnityILPP.PostProcessing/PostProcessAssembly'
info: Microsoft.AspNetCore.Routing.EndpointMiddleware[0]
      Executing endpoint 'gRPC - /UnityILPP.PostProcessing/PostProcessAssembly'
info: Unity.ILPP.Runner.PostProcessingPipeline[0]
      Processing assembly Library/Bee/artifacts/1300b0aE.dag/Unity.CollabProxy.Editor.dll, with 120 defines and 232 references
info: Unity.ILPP.Runner.PostProcessingPipeline[0]
      Processing assembly Library/Bee/artifacts/1300b0aE.dag/Unity.InternalAPIEditorBridge.001.dll, with 120 defines and 232 references
info: Unity.ILPP.Runner.PostProcessingPipeline[0]
      processors: zzzUnity.Burst.CodeGen.BurstILPostProcessor
info: Unity.ILPP.Runner.PostProcessingPipeline[0]
      processors: zzzUnity.Burst.CodeGen.BurstILPostProcessor
info: Microsoft.AspNetCore.Routing.EndpointMiddleware[1]
      Executed endpoint 'gRPC - /UnityILPP.PostProcessing/PostProcessAssembly'
info: Microsoft.AspNetCore.Hosting.Diagnostics[2]
      Request finished HTTP/2 POST http://ilpp/UnityILPP.PostProcessing/PostProcessAssembly application/grpc - - 200 - application/grpc 578.2704ms
info: Microsoft.AspNetCore.Hosting.Diagnostics[1]
      Request starting HTTP/2 POST http://ilpp/UnityILPP.PostProcessing/PostProcessAssembly application/grpc -
info: Microsoft.AspNetCore.Routing.EndpointMiddleware[0]
      Executing endpoint 'gRPC - /UnityILPP.PostProcessing/PostProcessAssembly'
info: Unity.ILPP.Runner.PostProcessingPipeline[0]
      Processing assembly Library/Bee/artifacts/1300b0aE.dag/Unity.2D.Aseprite.Editor.dll, with 121 defines and 237 references
info: Unity.ILPP.Runner.PostProcessingPipeline[0]
      processors: zzzUnity.Burst.CodeGen.BurstILPostProcessor
info: Microsoft.AspNetCore.Hosting.Diagnostics[1]
      Request starting HTTP/2 POST http://ilpp/UnityILPP.PostProcessing/PostProcessAssembly application/grpc -
info: Microsoft.AspNetCore.Hosting.Diagnostics[1]
      Request starting HTTP/2 POST http://ilpp/UnityILPP.PostProcessing/PostProcessAssembly application/grpc -
info: Microsoft.AspNetCore.Hosting.Diagnostics[1]
      Request starting HTTP/2 POST http://ilpp/UnityILPP.PostProcessing/PostProcessAssembly application/grpc -
info: Microsoft.AspNetCore.Routing.EndpointMiddleware[0]
      Executing endpoint 'gRPC - /UnityILPP.PostProcessing/PostProcessAssembly'
info: Microsoft.AspNetCore.Routing.EndpointMiddleware[0]
      Executing endpoint 'gRPC - /UnityILPP.PostProcessing/PostProcessAssembly'
info: Microsoft.AspNetCore.Routing.EndpointMiddleware[0]
      Executing endpoint 'gRPC - /UnityILPP.PostProcessing/PostProcessAssembly'
info: Unity.ILPP.Runner.PostProcessingPipeline[0]
      Processing assembly Library/Bee/artifacts/1300b0aE.dag/Unity.Mathematics.Editor.dll, with 120 defines and 232 references
info: Unity.ILPP.Runner.PostProcessingPipeline[0]
      processors: zzzUnity.Burst.CodeGen.BurstILPostProcessor
info: Unity.ILPP.Runner.PostProcessingPipeline[0]
      Processing assembly Library/Bee/artifacts/1300b0aE.dag/Unity.2D.Common.Path.Editor.dll, with 120 defines and 231 references
info: Unity.ILPP.Runner.PostProcessingPipeline[0]
      processors: zzzUnity.Burst.CodeGen.BurstILPostProcessor
info: Unity.ILPP.Runner.PostProcessingPipeline[0]
      Processing assembly Library/Bee/artifacts/1300b0aE.dag/Unity.SysrootPackage.Editor.dll, with 120 defines and 231 references
info: Unity.ILPP.Runner.PostProcessingPipeline[0]
      processors: zzzUnity.Burst.CodeGen.BurstILPostProcessor
info: Unity.ILPP.Runner.PostProcessingPipeline[0]
      running zzzUnity.Burst.CodeGen.BurstILPostProcessor
info: Microsoft.AspNetCore.Hosting.Diagnostics[1]
      Request starting HTTP/2 POST http://ilpp/UnityILPP.PostProcessing/PostProcessAssembly application/grpc -
info: Microsoft.AspNetCore.Hosting.Diagnostics[1]
      Request starting HTTP/2 POST http://ilpp/UnityILPP.PostProcessing/PostProcessAssembly application/grpc -
info: Microsoft.AspNetCore.Routing.EndpointMiddleware[0]
      Executing endpoint 'gRPC - /UnityILPP.PostProcessing/PostProcessAssembly'
info: Microsoft.AspNetCore.Routing.EndpointMiddleware[0]
      Executing endpoint 'gRPC - /UnityILPP.PostProcessing/PostProcessAssembly'
info: Unity.ILPP.Runner.PostProcessingPipeline[0]
      Processing assembly Library/Bee/artifacts/1300b0aE.dag/Unity.Timeline.Editor.dll, with 121 defines and 232 references
info: Unity.ILPP.Runner.PostProcessingPipeline[0]
      Processing assembly Library/Bee/artifacts/1300b0aE.dag/Unity.2D.Common.Editor.dll, with 120 defines and 235 references
info: Unity.ILPP.Runner.PostProcessingPipeline[0]
      processors: zzzUnity.Burst.CodeGen.BurstILPostProcessor
info: Unity.ILPP.Runner.PostProcessingPipeline[0]
      processors: zzzUnity.Burst.CodeGen.BurstILPostProcessor
info: Microsoft.AspNetCore.Hosting.Diagnostics[1]
      Request starting HTTP/2 POST http://ilpp/UnityILPP.PostProcessing/PostProcessAssembly application/grpc -
info: Microsoft.AspNetCore.Routing.EndpointMiddleware[0]
      Executing endpoint 'gRPC - /UnityILPP.PostProcessing/PostProcessAssembly'
info: Unity.ILPP.Runner.PostProcessingPipeline[0]
      running zzzUnity.Burst.CodeGen.BurstILPostProcessor
info: Unity.ILPP.Runner.PostProcessingPipeline[0]
      Processing assembly Library/Bee/artifacts/1300b0aE.dag/Unity.Burst.Editor.dll, with 120 defines and 232 references
info: Unity.ILPP.Runner.PostProcessingPipeline[0]
      processors: zzzUnity.Burst.CodeGen.BurstILPostProcessor
info: Microsoft.AspNetCore.Hosting.Diagnostics[1]
      Request starting HTTP/2 POST http://ilpp/UnityILPP.PostProcessing/PostProcessAssembly application/grpc -
info: Microsoft.AspNetCore.Routing.EndpointMiddleware[0]
      Executing endpoint 'gRPC - /UnityILPP.PostProcessing/PostProcessAssembly'
info: Microsoft.AspNetCore.Hosting.Diagnostics[1]
      Request starting HTTP/2 POST http://ilpp/UnityILPP.PostProcessing/PostProcessAssembly application/grpc -
info: Microsoft.AspNetCore.Routing.EndpointMiddleware[0]
      Executing endpoint 'gRPC - /UnityILPP.PostProcessing/PostProcessAssembly'
info: Microsoft.AspNetCore.Hosting.Diagnostics[1]
      Request starting HTTP/2 POST http://ilpp/UnityILPP.PostProcessing/PostProcessAssembly application/grpc -
info: Microsoft.AspNetCore.Routing.EndpointMiddleware[0]
      Executing endpoint 'gRPC - /UnityILPP.PostProcessing/PostProcessAssembly'
info: Microsoft.AspNetCore.Routing.EndpointMiddleware[1]
      Executed endpoint 'gRPC - /UnityILPP.PostProcessing/PostProcessAssembly'
info: Microsoft.AspNetCore.Hosting.Diagnostics[2]
      Request finished HTTP/2 POST http://ilpp/UnityILPP.PostProcessing/PostProcessAssembly application/grpc - - 200 - application/grpc 43.1388ms
info: Unity.ILPP.Runner.PostProcessingPipeline[0]
      Processing assembly Library/Bee/artifacts/1300b0aE.dag/Unity.VisualScripting.State.Editor.dll, with 120 defines and 236 references
info: Unity.ILPP.Runner.PostProcessingPipeline[0]
      Processing assembly Library/Bee/artifacts/1300b0aE.dag/Unity.VisualScripting.State.dll, with 122 defines and 223 references
info: Unity.ILPP.Runner.PostProcessingPipeline[0]
      Processing assembly Library/Bee/artifacts/1300b0aE.dag/Unity.VisualScripting.Flow.dll, with 127 defines and 222 references
info: Unity.ILPP.Runner.PostProcessingPipeline[0]
      processors: zzzUnity.Burst.CodeGen.BurstILPostProcessor
info: Unity.ILPP.Runner.PostProcessingPipeline[0]
      processors: zzzUnity.Burst.CodeGen.BurstILPostProcessor
info: Unity.ILPP.Runner.PostProcessingPipeline[0]
      processors: zzzUnity.Burst.CodeGen.BurstILPostProcessor
info: Unity.ILPP.Runner.PostProcessingPipeline[0]
      running zzzUnity.Burst.CodeGen.BurstILPostProcessor
info: Unity.ILPP.Runner.PostProcessingPipeline[0]
      running zzzUnity.Burst.CodeGen.BurstILPostProcessor
info: Unity.ILPP.Runner.PostProcessingPipeline[0]
      running zzzUnity.Burst.CodeGen.BurstILPostProcessor
info: Unity.ILPP.Runner.PostProcessingPipeline[0]
      running zzzUnity.Burst.CodeGen.BurstILPostProcessor
info: Unity.ILPP.Runner.PostProcessingPipeline[0]
      running zzzUnity.Burst.CodeGen.BurstILPostProcessor
info: Unity.ILPP.Runner.PostProcessingPipeline[0]
      running zzzUnity.Burst.CodeGen.BurstILPostProcessor
info: Unity.ILPP.Runner.PostProcessingPipeline[0]
      running zzzUnity.Burst.CodeGen.BurstILPostProcessor
info: Unity.ILPP.Runner.PostProcessingPipeline[0]
      running zzzUnity.Burst.CodeGen.BurstILPostProcessor
info: Unity.ILPP.Runner.PostProcessingPipeline[0]
      running zzzUnity.Burst.CodeGen.BurstILPostProcessor
info: Unity.ILPP.Runner.PostProcessingPipeline[0]
      running zzzUnity.Burst.CodeGen.BurstILPostProcessor
info: Microsoft.AspNetCore.Routing.EndpointMiddleware[1]
      Executed endpoint 'gRPC - /UnityILPP.PostProcessing/PostProcessAssembly'
info: Microsoft.AspNetCore.Routing.EndpointMiddleware[1]
      Executed endpoint 'gRPC - /UnityILPP.PostProcessing/PostProcessAssembly'
info: Microsoft.AspNetCore.Hosting.Diagnostics[2]
      Request finished HTTP/2 POST http://ilpp/UnityILPP.PostProcessing/PostProcessAssembly application/grpc - - 200 - application/grpc 129.4802ms
info: Microsoft.AspNetCore.Hosting.Diagnostics[2]
      Request finished HTTP/2 POST http://ilpp/UnityILPP.PostProcessing/PostProcessAssembly application/grpc - - 200 - application/grpc 119.0089ms
info: Microsoft.AspNetCore.Routing.EndpointMiddleware[1]
      Executed endpoint 'gRPC - /UnityILPP.PostProcessing/PostProcessAssembly'
info: Microsoft.AspNetCore.Hosting.Diagnostics[2]
      Request finished HTTP/2 POST http://ilpp/UnityILPP.PostProcessing/PostProcessAssembly application/grpc - - 200 - application/grpc 119.1912ms
info: Microsoft.AspNetCore.Hosting.Diagnostics[1]
      Request starting HTTP/2 POST http://ilpp/UnityILPP.PostProcessing/PostProcessAssembly application/grpc -
info: Microsoft.AspNetCore.Routing.EndpointMiddleware[1]
      Executed endpoint 'gRPC - /UnityILPP.PostProcessing/PostProcessAssembly'
info: Microsoft.AspNetCore.Routing.EndpointMiddleware[0]
      Executing endpoint 'gRPC - /UnityILPP.PostProcessing/PostProcessAssembly'
info: Microsoft.AspNetCore.Routing.EndpointMiddleware[1]
      Executed endpoint 'gRPC - /UnityILPP.PostProcessing/PostProcessAssembly'
info: Microsoft.AspNetCore.Hosting.Diagnostics[2]
      Request finished HTTP/2 POST http://ilpp/UnityILPP.PostProcessing/PostProcessAssembly application/grpc - - 200 - application/grpc 119.3469ms
info: Microsoft.AspNetCore.Hosting.Diagnostics[2]
      Request finished HTTP/2 POST http://ilpp/UnityILPP.PostProcessing/PostProcessAssembly application/grpc - - 200 - application/grpc 97.7538ms
info: Unity.ILPP.Runner.PostProcessingPipeline[0]
      Processing assembly Library/Bee/artifacts/1300b0aE.dag/Unity.VisualScripting.Flow.Editor.dll, with 120 defines and 234 references
info: Unity.ILPP.Runner.PostProcessingPipeline[0]
      processors: zzzUnity.Burst.CodeGen.BurstILPostProcessor
info: Microsoft.AspNetCore.Routing.EndpointMiddleware[1]
      Executed endpoint 'gRPC - /UnityILPP.PostProcessing/PostProcessAssembly'
info: Microsoft.AspNetCore.Hosting.Diagnostics[2]
      Request finished HTTP/2 POST http://ilpp/UnityILPP.PostProcessing/PostProcessAssembly application/grpc - - 200 - application/grpc 88.7910ms
info: Microsoft.AspNetCore.Routing.EndpointMiddleware[1]
      Executed endpoint 'gRPC - /UnityILPP.PostProcessing/PostProcessAssembly'
info: Microsoft.AspNetCore.Hosting.Diagnostics[2]
      Request finished HTTP/2 POST http://ilpp/UnityILPP.PostProcessing/PostProcessAssembly application/grpc - - 200 - application/grpc 89.6455ms
info: Microsoft.AspNetCore.Routing.EndpointMiddleware[1]
      Executed endpoint 'gRPC - /UnityILPP.PostProcessing/PostProcessAssembly'
info: Microsoft.AspNetCore.Hosting.Diagnostics[2]
      Request finished HTTP/2 POST http://ilpp/UnityILPP.PostProcessing/PostProcessAssembly application/grpc - - 200 - application/grpc 89.6885ms
info: Microsoft.AspNetCore.Routing.EndpointMiddleware[1]
      Executed endpoint 'gRPC - /UnityILPP.PostProcessing/PostProcessAssembly'
info: Microsoft.AspNetCore.Hosting.Diagnostics[2]
      Request finished HTTP/2 POST http://ilpp/UnityILPP.PostProcessing/PostProcessAssembly application/grpc - - 200 - application/grpc 102.1393ms
info: Microsoft.AspNetCore.Hosting.Diagnostics[1]
      Request starting HTTP/2 POST http://ilpp/UnityILPP.PostProcessing/PostProcessAssembly application/grpc -
info: Microsoft.AspNetCore.Routing.EndpointMiddleware[0]
      Executing endpoint 'gRPC - /UnityILPP.PostProcessing/PostProcessAssembly'
info: Unity.ILPP.Runner.PostProcessingPipeline[0]
      Processing assembly Library/Bee/artifacts/1300b0aE.dag/Unity.2D.Aseprite.Common.dll, with 120 defines and 234 references
info: Unity.ILPP.Runner.PostProcessingPipeline[0]
      processors: zzzUnity.Burst.CodeGen.BurstILPostProcessor
info: Unity.ILPP.Runner.PostProcessingPipeline[0]
      running zzzUnity.Burst.CodeGen.BurstILPostProcessor
info: Microsoft.AspNetCore.Routing.EndpointMiddleware[1]
      Executed endpoint 'gRPC - /UnityILPP.PostProcessing/PostProcessAssembly'
info: Microsoft.AspNetCore.Routing.EndpointMiddleware[1]
      Executed endpoint 'gRPC - /UnityILPP.PostProcessing/PostProcessAssembly'
info: Microsoft.AspNetCore.Hosting.Diagnostics[2]
      Request finished HTTP/2 POST http://ilpp/UnityILPP.PostProcessing/PostProcessAssembly application/grpc - - 200 - application/grpc 750.2261ms
info: Microsoft.AspNetCore.Hosting.Diagnostics[2]
      Request finished HTTP/2 POST http://ilpp/UnityILPP.PostProcessing/PostProcessAssembly application/grpc - - 200 - application/grpc 140.1536ms
info: Microsoft.AspNetCore.Routing.EndpointMiddleware[1]
      Executed endpoint 'gRPC - /UnityILPP.PostProcessing/PostProcessAssembly'
info: Microsoft.AspNetCore.Routing.EndpointMiddleware[1]
      Executed endpoint 'gRPC - /UnityILPP.PostProcessing/PostProcessAssembly'
info: Microsoft.AspNetCore.Hosting.Diagnostics[2]
      Request finished HTTP/2 POST http://ilpp/UnityILPP.PostProcessing/PostProcessAssembly application/grpc - - 200 - application/grpc 1076.0852ms
info: Microsoft.AspNetCore.Hosting.Diagnostics[2]
      Request finished HTTP/2 POST http://ilpp/UnityILPP.PostProcessing/PostProcessAssembly application/grpc - - 200 - application/grpc 1060.7005ms
info: Microsoft.AspNetCore.Routing.EndpointMiddleware[1]
      Executed endpoint 'gRPC - /UnityILPP.PostProcessing/PostProcessAssembly'
info: Microsoft.AspNetCore.Hosting.Diagnostics[2]
      Request finished HTTP/2 POST http://ilpp/UnityILPP.PostProcessing/PostProcessAssembly application/grpc - - 200 - application/grpc 163.1860ms
info: Microsoft.AspNetCore.Routing.EndpointMiddleware[1]
      Executed endpoint 'gRPC - /UnityILPP.PostProcessing/PostProcessAssembly'
info: Microsoft.AspNetCore.Hosting.Diagnostics[2]
      Request finished HTTP/2 POST http://ilpp/UnityILPP.PostProcessing/PostProcessAssembly application/grpc - - 200 - application/grpc 23.9595ms
info: Unity.ILPP.Runner.PostProcessingPipeline[0]
      running zzzUnity.Burst.CodeGen.BurstILPostProcessor
info: Microsoft.AspNetCore.Routing.EndpointMiddleware[1]
      Executed endpoint 'gRPC - /UnityILPP.PostProcessing/PostProcessAssembly'
info: Microsoft.AspNetCore.Hosting.Diagnostics[2]
      Request finished HTTP/2 POST http://ilpp/UnityILPP.PostProcessing/PostProcessAssembly application/grpc - - 200 - application/grpc 196.7973ms
info: Microsoft.AspNetCore.Hosting.Diagnostics[1]
      Request starting HTTP/2 POST http://ilpp/UnityILPP.PostProcessing/PostProcessAssembly application/grpc -
info: Microsoft.AspNetCore.Hosting.Diagnostics[1]
      Request starting HTTP/2 POST http://ilpp/UnityILPP.PostProcessing/PostProcessAssembly application/grpc -
info: Microsoft.AspNetCore.Routing.EndpointMiddleware[0]
      Executing endpoint 'gRPC - /UnityILPP.PostProcessing/PostProcessAssembly'
info: Microsoft.AspNetCore.Routing.EndpointMiddleware[0]
      Executing endpoint 'gRPC - /UnityILPP.PostProcessing/PostProcessAssembly'
info: Unity.ILPP.Runner.PostProcessingPipeline[0]
      Processing assembly Library/Bee/artifacts/1300b0aE.dag/Unity.VisualScripting.SettingsProvider.Editor.dll, with 120 defines and 236 references
info: Unity.ILPP.Runner.PostProcessingPipeline[0]
      processors: zzzUnity.Burst.CodeGen.BurstILPostProcessor
info: Microsoft.AspNetCore.Hosting.Diagnostics[1]
      Request starting HTTP/2 POST http://ilpp/UnityILPP.PostProcessing/PostProcessAssembly application/grpc -
info: Microsoft.AspNetCore.Routing.EndpointMiddleware[0]
      Executing endpoint 'gRPC - /UnityILPP.PostProcessing/PostProcessAssembly'
info: Unity.ILPP.Runner.PostProcessingPipeline[0]
      Processing assembly Library/Bee/artifacts/1300b0aE.dag/Unity.Collections.DocCodeSamples.dll, with 120 defines and 232 references
info: Unity.ILPP.Runner.PostProcessingPipeline[0]
      processors: zzzUnity.Burst.CodeGen.BurstILPostProcessor
info: Unity.ILPP.Runner.PostProcessingPipeline[0]
      running zzzUnity.Burst.CodeGen.BurstILPostProcessor
info: Microsoft.AspNetCore.Hosting.Diagnostics[1]
      Request starting HTTP/2 POST http://ilpp/UnityILPP.PostProcessing/PostProcessAssembly application/grpc -
info: Microsoft.AspNetCore.Routing.EndpointMiddleware[0]
      Executing endpoint 'gRPC - /UnityILPP.PostProcessing/PostProcessAssembly'
info: Unity.ILPP.Runner.PostProcessingPipeline[0]
      Processing assembly Library/Bee/artifacts/1300b0aE.dag/UnityEditor.UI.dll, with 123 defines and 230 references
info: Unity.ILPP.Runner.PostProcessingPipeline[0]
      processors: zzzUnity.Burst.CodeGen.BurstILPostProcessor
info: Microsoft.AspNetCore.Hosting.Diagnostics[1]
      Request starting HTTP/2 POST http://ilpp/UnityILPP.PostProcessing/PostProcessAssembly application/grpc -
info: Microsoft.AspNetCore.Routing.EndpointMiddleware[0]
      Executing endpoint 'gRPC - /UnityILPP.PostProcessing/PostProcessAssembly'
info: Microsoft.AspNetCore.Routing.EndpointMiddleware[1]
      Executed endpoint 'gRPC - /UnityILPP.PostProcessing/PostProcessAssembly'
info: Microsoft.AspNetCore.Hosting.Diagnostics[2]
      Request finished HTTP/2 POST http://ilpp/UnityILPP.PostProcessing/PostProcessAssembly application/grpc - - 200 - application/grpc 11.3124ms
info: Unity.ILPP.Runner.PostProcessingPipeline[0]
      Processing assembly Library/Bee/artifacts/1300b0aE.dag/Unity.PlasticSCM.Editor.dll, with 120 defines and 224 references
info: Unity.ILPP.Runner.PostProcessingPipeline[0]
      processors: zzzUnity.Burst.CodeGen.BurstILPostProcessor
info: Microsoft.AspNetCore.Hosting.Diagnostics[1]
      Request starting HTTP/2 POST http://ilpp/UnityILPP.PostProcessing/PostProcessAssembly application/grpc -
info: Microsoft.AspNetCore.Routing.EndpointMiddleware[0]
      Executing endpoint 'gRPC - /UnityILPP.PostProcessing/PostProcessAssembly'
info: Microsoft.AspNetCore.Hosting.Diagnostics[1]
      Request starting HTTP/2 POST http://ilpp/UnityILPP.PostProcessing/PostProcessAssembly application/grpc -
info: Microsoft.AspNetCore.Routing.EndpointMiddleware[0]
      Executing endpoint 'gRPC - /UnityILPP.PostProcessing/PostProcessAssembly'
info: Unity.ILPP.Runner.PostProcessingPipeline[0]
      Processing assembly Library/Bee/artifacts/1300b0aE.dag/Unity.Toolchain.Win-x86_64-Linux-x86_64.dll, with 120 defines and 233 references
info: Unity.ILPP.Runner.PostProcessingPipeline[0]
      processors: zzzUnity.Burst.CodeGen.BurstILPostProcessor
info: Unity.ILPP.Runner.PostProcessingPipeline[0]
      Processing assembly Library/Bee/artifacts/1300b0aE.dag/Unity.VisualScripting.Shared.Editor.dll, with 120 defines and 237 references
info: Unity.ILPP.Runner.PostProcessingPipeline[0]
      processors: zzzUnity.Burst.CodeGen.BurstILPostProcessor
info: Unity.ILPP.Runner.PostProcessingPipeline[0]
      running zzzUnity.Burst.CodeGen.BurstILPostProcessor
info: Unity.ILPP.Runner.PostProcessingPipeline[0]
      running zzzUnity.Burst.CodeGen.BurstILPostProcessor
info: Microsoft.AspNetCore.Routing.EndpointMiddleware[1]
      Executed endpoint 'gRPC - /UnityILPP.PostProcessing/PostProcessAssembly'
info: Microsoft.AspNetCore.Hosting.Diagnostics[1]
      Request starting HTTP/2 POST http://ilpp/UnityILPP.PostProcessing/PostProcessAssembly application/grpc -
info: Microsoft.AspNetCore.Routing.EndpointMiddleware[1]
      Executed endpoint 'gRPC - /UnityILPP.PostProcessing/PostProcessAssembly'
info: Microsoft.AspNetCore.Hosting.Diagnostics[2]
      Request finished HTTP/2 POST http://ilpp/UnityILPP.PostProcessing/PostProcessAssembly application/grpc - - 200 - application/grpc 15.6852ms
info: Microsoft.AspNetCore.Routing.EndpointMiddleware[0]
      Executing endpoint 'gRPC - /UnityILPP.PostProcessing/PostProcessAssembly'
info: Microsoft.AspNetCore.Hosting.Diagnostics[2]
      Request finished HTTP/2 POST http://ilpp/UnityILPP.PostProcessing/PostProcessAssembly application/grpc - - 200 - application/grpc 20.3110ms
info: Unity.ILPP.Runner.PostProcessingPipeline[0]
      Processing assembly Library/Bee/artifacts/1300b0aE.dag/PsdPlugin.dll, with 120 defines and 232 references
info: Unity.ILPP.Runner.PostProcessingPipeline[0]
      processors: zzzUnity.Burst.CodeGen.BurstILPostProcessor
info: Unity.ILPP.Runner.PostProcessingPipeline[0]
      running zzzUnity.Burst.CodeGen.BurstILPostProcessor
info: Microsoft.AspNetCore.Routing.EndpointMiddleware[1]
      Executed endpoint 'gRPC - /UnityILPP.PostProcessing/PostProcessAssembly'
info: Microsoft.AspNetCore.Hosting.Diagnostics[2]
      Request finished HTTP/2 POST http://ilpp/UnityILPP.PostProcessing/PostProcessAssembly application/grpc - - 200 - application/grpc 53.3705ms
info: Unity.ILPP.Runner.PostProcessingPipeline[0]
      running zzzUnity.Burst.CodeGen.BurstILPostProcessor
info: Unity.ILPP.Runner.PostProcessingPipeline[0]
      running zzzUnity.Burst.CodeGen.BurstILPostProcessor
info: Microsoft.AspNetCore.Routing.EndpointMiddleware[1]
      Executed endpoint 'gRPC - /UnityILPP.PostProcessing/PostProcessAssembly'
info: Microsoft.AspNetCore.Hosting.Diagnostics[2]
      Request finished HTTP/2 POST http://ilpp/UnityILPP.PostProcessing/PostProcessAssembly application/grpc - - 200 - application/grpc 92.6730ms
info: Microsoft.AspNetCore.Hosting.Diagnostics[1]
      Request starting HTTP/2 POST http://ilpp/UnityILPP.PostProcessing/PostProcessAssembly application/grpc -
info: Microsoft.AspNetCore.Hosting.Diagnostics[1]
      Request starting HTTP/2 POST http://ilpp/UnityILPP.PostProcessing/PostProcessAssembly application/grpc -
info: Microsoft.AspNetCore.Routing.EndpointMiddleware[0]
      Executing endpoint 'gRPC - /UnityILPP.PostProcessing/PostProcessAssembly'
info: Microsoft.AspNetCore.Routing.EndpointMiddleware[0]
      Executing endpoint 'gRPC - /UnityILPP.PostProcessing/PostProcessAssembly'
info: Unity.ILPP.Runner.PostProcessingPipeline[0]
      Processing assembly Library/Bee/artifacts/1300b0aE.dag/Unity.2D.Sprite.Editor.dll, with 120 defines and 231 references
info: Unity.ILPP.Runner.PostProcessingPipeline[0]
      Processing assembly Library/Bee/artifacts/1300b0aE.dag/Unity.2D.SpriteShape.Editor.dll, with 120 defines and 236 references
info: Unity.ILPP.Runner.PostProcessingPipeline[0]
      processors: zzzUnity.Burst.CodeGen.BurstILPostProcessor
info: Unity.ILPP.Runner.PostProcessingPipeline[0]
      processors: zzzUnity.Burst.CodeGen.BurstILPostProcessor
info: Unity.ILPP.Runner.PostProcessingPipeline[0]
      running zzzUnity.Burst.CodeGen.BurstILPostProcessor
info: Microsoft.AspNetCore.Hosting.Diagnostics[1]
      Request starting HTTP/2 POST http://ilpp/UnityILPP.PostProcessing/PostProcessAssembly application/grpc -
info: Microsoft.AspNetCore.Routing.EndpointMiddleware[0]
      Executing endpoint 'gRPC - /UnityILPP.PostProcessing/PostProcessAssembly'
info: Unity.ILPP.Runner.PostProcessingPipeline[0]
      Processing assembly Library/Bee/artifacts/1300b0aE.dag/Unity.2D.Tilemap.Extras.Editor.dll, with 120 defines and 233 references
info: Unity.ILPP.Runner.PostProcessingPipeline[0]
      processors: zzzUnity.Burst.CodeGen.BurstILPostProcessor
info: Microsoft.AspNetCore.Routing.EndpointMiddleware[1]
      Executed endpoint 'gRPC - /UnityILPP.PostProcessing/PostProcessAssembly'
info: Microsoft.AspNetCore.Hosting.Diagnostics[2]
      Request finished HTTP/2 POST http://ilpp/UnityILPP.PostProcessing/PostProcessAssembly application/grpc - - 200 - application/grpc 23.9191ms
info: Unity.ILPP.Runner.PostProcessingPipeline[0]
      running zzzUnity.Burst.CodeGen.BurstILPostProcessor
info: Microsoft.AspNetCore.Hosting.Diagnostics[1]
      Request starting HTTP/2 POST http://ilpp/UnityILPP.PostProcessing/PostProcessAssembly application/grpc -
info: Microsoft.AspNetCore.Routing.EndpointMiddleware[0]
      Executing endpoint 'gRPC - /UnityILPP.PostProcessing/PostProcessAssembly'
info: Unity.ILPP.Runner.PostProcessingPipeline[0]
      Processing assembly Library/Bee/artifacts/1300b0aE.dag/Unity.TextMeshPro.Editor.dll, with 120 defines and 232 references
info: Unity.ILPP.Runner.PostProcessingPipeline[0]
      processors: zzzUnity.Burst.CodeGen.BurstILPostProcessor
info: Microsoft.AspNetCore.Routing.EndpointMiddleware[1]
      Executed endpoint 'gRPC - /UnityILPP.PostProcessing/PostProcessAssembly'
info: Microsoft.AspNetCore.Hosting.Diagnostics[2]
      Request finished HTTP/2 POST http://ilpp/UnityILPP.PostProcessing/PostProcessAssembly application/grpc - - 200 - application/grpc 16.2316ms
info: Unity.ILPP.Runner.PostProcessingPipeline[0]
      running zzzUnity.Burst.CodeGen.BurstILPostProcessor
info: Microsoft.AspNetCore.Routing.EndpointMiddleware[1]
      Executed endpoint 'gRPC - /UnityILPP.PostProcessing/PostProcessAssembly'
info: Microsoft.AspNetCore.Hosting.Diagnostics[2]
      Request finished HTTP/2 POST http://ilpp/UnityILPP.PostProcessing/PostProcessAssembly application/grpc - - 200 - application/grpc 221.1678ms
info: Microsoft.AspNetCore.Routing.EndpointMiddleware[1]
      Executed endpoint 'gRPC - /UnityILPP.PostProcessing/PostProcessAssembly'
info: Microsoft.AspNetCore.Hosting.Diagnostics[2]
      Request finished HTTP/2 POST http://ilpp/UnityILPP.PostProcessing/PostProcessAssembly application/grpc - - 200 - application/grpc 168.5626ms
info: Unity.ILPP.Runner.PostProcessingPipeline[0]
      running zzzUnity.Burst.CodeGen.BurstILPostProcessor
info: Microsoft.AspNetCore.Hosting.Diagnostics[1]
      Request starting HTTP/2 POST http://ilpp/UnityILPP.PostProcessing/PostProcessAssembly application/grpc -
info: Microsoft.AspNetCore.Routing.EndpointMiddleware[0]
      Executing endpoint 'gRPC - /UnityILPP.PostProcessing/PostProcessAssembly'
info: Microsoft.AspNetCore.Hosting.Diagnostics[1]
      Request starting HTTP/2 POST http://ilpp/UnityILPP.PostProcessing/PostProcessAssembly application/grpc -
info: Microsoft.AspNetCore.Routing.EndpointMiddleware[0]
      Executing endpoint 'gRPC - /UnityILPP.PostProcessing/PostProcessAssembly'
info: Unity.ILPP.Runner.PostProcessingPipeline[0]
      Processing assembly Library/Bee/artifacts/1300b0aE.dag/Unity.2D.IK.Editor.dll, with 120 defines and 237 references
info: Unity.ILPP.Runner.PostProcessingPipeline[0]
      processors: zzzUnity.Burst.CodeGen.BurstILPostProcessor
info: Unity.ILPP.Runner.PostProcessingPipeline[0]
      Processing assembly Library/Bee/artifacts/1300b0aE.dag/Unity.2D.Animation.Editor.dll, with 120 defines and 240 references
info: Unity.ILPP.Runner.PostProcessingPipeline[0]
      processors: zzzUnity.Burst.CodeGen.BurstILPostProcessor
info: Microsoft.AspNetCore.Routing.EndpointMiddleware[1]
      Executed endpoint 'gRPC - /UnityILPP.PostProcessing/PostProcessAssembly'
info: Microsoft.AspNetCore.Hosting.Diagnostics[2]
      Request finished HTTP/2 POST http://ilpp/UnityILPP.PostProcessing/PostProcessAssembly application/grpc - - 200 - application/grpc 36.9388ms
info: Unity.ILPP.Runner.PostProcessingPipeline[0]
      running zzzUnity.Burst.CodeGen.BurstILPostProcessor
info: Microsoft.AspNetCore.Hosting.Diagnostics[1]
      Request starting HTTP/2 POST http://ilpp/UnityILPP.PostProcessing/PostProcessAssembly application/grpc -
info: Microsoft.AspNetCore.Hosting.Diagnostics[1]
      Request starting HTTP/2 POST http://ilpp/UnityILPP.PostProcessing/PostProcessAssembly application/grpc -
info: Microsoft.AspNetCore.Routing.EndpointMiddleware[0]
      Executing endpoint 'gRPC - /UnityILPP.PostProcessing/PostProcessAssembly'
info: Microsoft.AspNetCore.Routing.EndpointMiddleware[0]
      Executing endpoint 'gRPC - /UnityILPP.PostProcessing/PostProcessAssembly'
info: Unity.ILPP.Runner.PostProcessingPipeline[0]
      Processing assembly Library/Bee/artifacts/1300b0aE.dag/Unity.2D.Psdimporter.Editor.dll, with 120 defines and 240 references
info: Unity.ILPP.Runner.PostProcessingPipeline[0]
      Processing assembly Library/Bee/artifacts/1300b0aE.dag/Unity.VisualScripting.Core.Editor.dll, with 120 defines and 232 references
info: Unity.ILPP.Runner.PostProcessingPipeline[0]
      processors: zzzUnity.Burst.CodeGen.BurstILPostProcessor
info: Unity.ILPP.Runner.PostProcessingPipeline[0]
      processors: zzzUnity.Burst.CodeGen.BurstILPostProcessor
info: Microsoft.AspNetCore.Routing.EndpointMiddleware[1]
      Executed endpoint 'gRPC - /UnityILPP.PostProcessing/PostProcessAssembly'
info: Microsoft.AspNetCore.Hosting.Diagnostics[2]
      Request finished HTTP/2 POST http://ilpp/UnityILPP.PostProcessing/PostProcessAssembly application/grpc - - 200 - application/grpc 9.7577ms
info: Unity.ILPP.Runner.PostProcessingPipeline[0]
      running zzzUnity.Burst.CodeGen.BurstILPostProcessor
info: Unity.ILPP.Runner.PostProcessingPipeline[0]
      running zzzUnity.Burst.CodeGen.BurstILPostProcessor
info: Microsoft.AspNetCore.Routing.EndpointMiddleware[1]
      Executed endpoint 'gRPC - /UnityILPP.PostProcessing/PostProcessAssembly'
info: Microsoft.AspNetCore.Routing.EndpointMiddleware[1]
      Executed endpoint 'gRPC - /UnityILPP.PostProcessing/PostProcessAssembly'
info: Microsoft.AspNetCore.Hosting.Diagnostics[2]
      Request finished HTTP/2 POST http://ilpp/UnityILPP.PostProcessing/PostProcessAssembly application/grpc - - 200 - application/grpc 26.1606ms
info: Microsoft.AspNetCore.Hosting.Diagnostics[2]
      Request finished HTTP/2 POST http://ilpp/UnityILPP.PostProcessing/PostProcessAssembly application/grpc - - 200 - application/grpc 26.1618ms
info: Unity.ILPP.Runner.PostProcessingPipeline[0]
      running zzzUnity.Burst.CodeGen.BurstILPostProcessor
info: Microsoft.AspNetCore.Hosting.Diagnostics[1]
      Request starting HTTP/2 POST http://ilpp/UnityILPP.PostProcessing/PostProcessAssembly application/grpc -
info: Microsoft.AspNetCore.Hosting.Diagnostics[1]
      Request starting HTTP/2 POST http://ilpp/UnityILPP.PostProcessing/PostProcessAssembly application/grpc -
info: Microsoft.AspNetCore.Routing.EndpointMiddleware[0]
      Executing endpoint 'gRPC - /UnityILPP.PostProcessing/PostProcessAssembly'
info: Microsoft.AspNetCore.Routing.EndpointMiddleware[0]
      Executing endpoint 'gRPC - /UnityILPP.PostProcessing/PostProcessAssembly'
info: Unity.ILPP.Runner.PostProcessingPipeline[0]
      Processing assembly Library/Bee/artifacts/1300b0aE.dag/BlockPuzzle.Editor.dll, with 120 defines and 238 references
info: Unity.ILPP.Runner.PostProcessingPipeline[0]
      processors: zzzUnity.Burst.CodeGen.BurstILPostProcessor
info: Unity.ILPP.Runner.PostProcessingPipeline[0]
      Processing assembly Library/Bee/artifacts/1300b0aE.dag/Unity.Collections.BurstCompatibilityGen.dll, with 120 defines and 233 references
info: Unity.ILPP.Runner.PostProcessingPipeline[0]
      processors: zzzUnity.Burst.CodeGen.BurstILPostProcessor
info: Unity.ILPP.Runner.PostProcessingPipeline[0]
      running zzzUnity.Burst.CodeGen.BurstILPostProcessor
info: Unity.ILPP.Runner.PostProcessingPipeline[0]
      running zzzUnity.Burst.CodeGen.BurstILPostProcessor
info: Microsoft.AspNetCore.Routing.EndpointMiddleware[1]
      Executed endpoint 'gRPC - /UnityILPP.PostProcessing/PostProcessAssembly'
info: Microsoft.AspNetCore.Hosting.Diagnostics[2]
      Request finished HTTP/2 POST http://ilpp/UnityILPP.PostProcessing/PostProcessAssembly application/grpc - - 200 - application/grpc 48.0729ms
info: Unity.ILPP.Runner.PostProcessingPipeline[0]
      running zzzUnity.Burst.CodeGen.BurstILPostProcessor
info: Microsoft.AspNetCore.Routing.EndpointMiddleware[1]
      Executed endpoint 'gRPC - /UnityILPP.PostProcessing/PostProcessAssembly'
info: Microsoft.AspNetCore.Routing.EndpointMiddleware[1]
      Executed endpoint 'gRPC - /UnityILPP.PostProcessing/PostProcessAssembly'
info: Microsoft.AspNetCore.Hosting.Diagnostics[2]
      Request finished HTTP/2 POST http://ilpp/UnityILPP.PostProcessing/PostProcessAssembly application/grpc - - 200 - application/grpc 247.1225ms
info: Microsoft.AspNetCore.Hosting.Diagnostics[2]
      Request finished HTTP/2 POST http://ilpp/UnityILPP.PostProcessing/PostProcessAssembly application/grpc - - 200 - application/grpc 66.0546ms
info: Unity.ILPP.Runner.PostProcessingPipeline[0]
      Processing assembly Library/Bee/artifacts/1300b0aE.dag/Unity.RenderPipelines.Core.Editor.dll, with 121 defines and 233 references
info: Unity.ILPP.Runner.PostProcessingPipeline[0]
      processors: zzzUnity.Burst.CodeGen.BurstILPostProcessor
info: Microsoft.AspNetCore.Routing.EndpointMiddleware[1]
      Executed endpoint 'gRPC - /UnityILPP.PostProcessing/PostProcessAssembly'
info: Microsoft.AspNetCore.Hosting.Diagnostics[2]
      Request finished HTTP/2 POST http://ilpp/UnityILPP.PostProcessing/PostProcessAssembly application/grpc - - 200 - application/grpc 263.7837ms
info: Unity.ILPP.Runner.PostProcessingPipeline[0]
      running zzzUnity.Burst.CodeGen.BurstILPostProcessor
info: Microsoft.AspNetCore.Routing.EndpointMiddleware[1]
      Executed endpoint 'gRPC - /UnityILPP.PostProcessing/PostProcessAssembly'
info: Microsoft.AspNetCore.Hosting.Diagnostics[2]
      Request finished HTTP/2 POST http://ilpp/UnityILPP.PostProcessing/PostProcessAssembly application/grpc - - 200 - application/grpc 553.2660ms
info: Microsoft.AspNetCore.Hosting.Diagnostics[1]
      Request starting HTTP/2 POST http://ilpp/UnityILPP.PostProcessing/PostProcessAssembly application/grpc -
info: Microsoft.AspNetCore.Hosting.Diagnostics[1]
      Request starting HTTP/2 POST http://ilpp/UnityILPP.PostProcessing/PostProcessAssembly application/grpc -
info: Microsoft.AspNetCore.Routing.EndpointMiddleware[0]
      Executing endpoint 'gRPC - /UnityILPP.PostProcessing/PostProcessAssembly'
info: Microsoft.AspNetCore.Routing.EndpointMiddleware[0]
      Executing endpoint 'gRPC - /UnityILPP.PostProcessing/PostProcessAssembly'
info: Microsoft.AspNetCore.Hosting.Diagnostics[1]
      Request starting HTTP/2 POST http://ilpp/UnityILPP.PostProcessing/PostProcessAssembly application/grpc -
info: Microsoft.AspNetCore.Routing.EndpointMiddleware[0]
      Executing endpoint 'gRPC - /UnityILPP.PostProcessing/PostProcessAssembly'
info: Microsoft.AspNetCore.Hosting.Diagnostics[1]
      Request starting HTTP/2 POST http://ilpp/UnityILPP.PostProcessing/PostProcessAssembly application/grpc -
info: Microsoft.AspNetCore.Routing.EndpointMiddleware[0]
      Executing endpoint 'gRPC - /UnityILPP.PostProcessing/PostProcessAssembly'
info: Unity.ILPP.Runner.PostProcessingPipeline[0]
      Processing assembly Library/Bee/artifacts/1300b0aE.dag/PPv2URPConverters.dll, with 120 defines and 235 references
info: Unity.ILPP.Runner.PostProcessingPipeline[0]
      Processing assembly Library/Bee/artifacts/1300b0aE.dag/Unity.ShaderGraph.Editor.dll, with 120 defines and 235 references
info: Unity.ILPP.Runner.PostProcessingPipeline[0]
      processors: zzzUnity.Burst.CodeGen.BurstILPostProcessor
info: Unity.ILPP.Runner.PostProcessingPipeline[0]
      processors: zzzUnity.Burst.CodeGen.BurstILPostProcessor
info: Microsoft.AspNetCore.Hosting.Diagnostics[1]
      Request starting HTTP/2 POST http://ilpp/UnityILPP.PostProcessing/PostProcessAssembly application/grpc -
info: Microsoft.AspNetCore.Routing.EndpointMiddleware[0]
      Executing endpoint 'gRPC - /UnityILPP.PostProcessing/PostProcessAssembly'
info: Unity.ILPP.Runner.PostProcessingPipeline[0]
      Processing assembly Library/Bee/artifacts/1300b0aE.dag/Unity.2D.PixelPerfect.Editor.dll, with 122 defines and 234 references
info: Unity.ILPP.Runner.PostProcessingPipeline[0]
      processors: zzzUnity.Burst.CodeGen.BurstILPostProcessor
info: Unity.ILPP.Runner.PostProcessingPipeline[0]
      Processing assembly Library/Bee/artifacts/1300b0aE.dag/Unity.Searcher.Editor.dll, with 120 defines and 231 references
info: Unity.ILPP.Runner.PostProcessingPipeline[0]
      processors: zzzUnity.Burst.CodeGen.BurstILPostProcessor
info: Unity.ILPP.Runner.PostProcessingPipeline[0]
      running zzzUnity.Burst.CodeGen.BurstILPostProcessor
info: Unity.ILPP.Runner.PostProcessingPipeline[0]
      running zzzUnity.Burst.CodeGen.BurstILPostProcessor
info: Microsoft.AspNetCore.Routing.EndpointMiddleware[1]
      Executed endpoint 'gRPC - /UnityILPP.PostProcessing/PostProcessAssembly'
info: Microsoft.AspNetCore.Routing.EndpointMiddleware[1]
      Executed endpoint 'gRPC - /UnityILPP.PostProcessing/PostProcessAssembly'
info: Microsoft.AspNetCore.Hosting.Diagnostics[2]
      Request finished HTTP/2 POST http://ilpp/UnityILPP.PostProcessing/PostProcessAssembly application/grpc - - 200 - application/grpc 27.7194ms
info: Microsoft.AspNetCore.Hosting.Diagnostics[2]
      Request finished HTTP/2 POST http://ilpp/UnityILPP.PostProcessing/PostProcessAssembly application/grpc - - 200 - application/grpc 27.4905ms
info: Unity.ILPP.Runner.PostProcessingPipeline[0]
      running zzzUnity.Burst.CodeGen.BurstILPostProcessor
info: Unity.ILPP.Runner.PostProcessingPipeline[0]
      running zzzUnity.Burst.CodeGen.BurstILPostProcessor
info: Unity.ILPP.Runner.PostProcessingPipeline[0]
      Processing assembly Library/Bee/artifacts/1300b0aE.dag/Unity.RenderPipelines.Universal.Editor.dll, with 121 defines and 237 references
info: Unity.ILPP.Runner.PostProcessingPipeline[0]
      processors: zzzUnity.Burst.CodeGen.BurstILPostProcessor
info: Microsoft.AspNetCore.Routing.EndpointMiddleware[1]
      Executed endpoint 'gRPC - /UnityILPP.PostProcessing/PostProcessAssembly'
info: Microsoft.AspNetCore.Hosting.Diagnostics[2]
      Request finished HTTP/2 POST http://ilpp/UnityILPP.PostProcessing/PostProcessAssembly application/grpc - - 200 - application/grpc 45.3930ms
info: Microsoft.AspNetCore.Routing.EndpointMiddleware[1]
      Executed endpoint 'gRPC - /UnityILPP.PostProcessing/PostProcessAssembly'
info: Microsoft.AspNetCore.Hosting.Diagnostics[2]
      Request finished HTTP/2 POST http://ilpp/UnityILPP.PostProcessing/PostProcessAssembly application/grpc - - 200 - application/grpc 45.5717ms
info: Unity.ILPP.Runner.PostProcessingPipeline[0]
      running zzzUnity.Burst.CodeGen.BurstILPostProcessor
info: Microsoft.AspNetCore.Routing.EndpointMiddleware[1]
      Executed endpoint 'gRPC - /UnityILPP.PostProcessing/PostProcessAssembly'
info: Microsoft.AspNetCore.Hosting.Diagnostics[2]
      Request finished HTTP/2 POST http://ilpp/UnityILPP.PostProcessing/PostProcessAssembly application/grpc - - 200 - application/grpc 95.0496ms
ExitCode: 0 Duration: 6s982ms
Finished compiling graph: 866 nodes, 12287 flattened edges (10181 ToBuild, 144 ToUse), maximum node priority 886
[101/863    0s] WriteText Library/Bee/artifacts/1300b0aE.dag/UnityEngine.UI.UnityAdditionalFile.txt
[102/863    0s] WriteText Library/Bee/artifacts/1300b0aE.dag/UnityEngine.UI.rsp2
[103/863    0s] WriteText Library/Bee/artifacts/1300b0aE.dag/UnityEngine.TestRunner.UnityAdditionalFile.txt
[105/863    0s] WriteText Library/Bee/artifacts/1300b0aE.dag/UnityEditor.TestRunner.rsp2
[109/863    0s] WriteText Library/Bee/artifacts/1300b0aE.dag/UnityEngine.TestRunner.rsp
[111/863    0s] WriteText Library/Bee/artifacts/1300b0aE.dag/UnityEngine.UI.rsp
[112/863    0s] WriteText Library/Bee/artifacts/1300b0aE.dag/UnityEngine.TestRunner.dll.mvfrm.rsp
[113/863    0s] WriteText Library/Bee/artifacts/1300b0aE.dag/UnityEditor.TestRunner.UnityAdditionalFile.txt
[114/863    0s] WriteText Library/Bee/artifacts/1300b0aE.dag/UnityEditor.UI.rsp2
[115/863    0s] WriteText Library/Bee/artifacts/1300b0aE.dag/UnityEditor.TestRunner.rsp
[116/863    0s] WriteText Library/Bee/artifacts/1300b0aE.dag/UnityEditor.TestRunner.dll.mvfrm.rsp
[117/863    0s] WriteText Library/Bee/artifacts/1300b0aE.dag/UnityEngine.TestRunner.rsp2
[118/863    0s] WriteText Library/Bee/artifacts/1300b0aE.dag/Unity.Burst.UnityAdditionalFile.txt
[119/863    0s] WriteText Library/Bee/artifacts/1300b0aE.dag/UnityEditor.UI.UnityAdditionalFile.txt
[120/863    0s] WriteText Library/Bee/artifacts/1300b0aE.dag/UnityEditor.UI.dll.mvfrm.rsp
[121/863    0s] WriteText Library/Bee/artifacts/1300b0aE.dag/UnityEditor.UI.rsp
[122/863    0s] WriteText Library/Bee/artifacts/1300b0aE.dag/Unity.Burst.rsp2
[123/863    0s] WriteText Library/Bee/artifacts/1300b0aE.dag/UnityEngine.UI.dll.mvfrm.rsp
[124/863    0s] WriteText Library/Bee/artifacts/1300b0aE.dag/Unity.Burst.dll.mvfrm.rsp
[125/863    0s] WriteText Library/Bee/artifacts/1300b0aE.dag/Unity.Burst.rsp
[126/863    0s] WriteText Library/Bee/artifacts/1300b0aE.dag/Unity.Mathematics.rsp2
[127/863    0s] WriteText Library/Bee/artifacts/1300b0aE.dag/Unity.Burst.CodeGen.rsp2
[128/863    0s] WriteText Library/Bee/artifacts/1300b0aE.dag/Unity.Burst.CodeGen.UnityAdditionalFile.txt
[129/863    0s] WriteText Library/Bee/artifacts/1300b0aE.dag/Unity.Mathematics.dll.mvfrm.rsp
[130/863    0s] WriteText Library/Bee/artifacts/1300b0aE.dag/Unity.Burst.CodeGen.rsp
[131/863    0s] WriteText Library/Bee/artifacts/1300b0aE.dag/Unity.RenderPipelines.Core.Runtime.UnityAdditionalFile.txt
[132/863    0s] WriteText Library/Bee/artifacts/1300b0aE.dag/Unity.Mathematics.UnityAdditionalFile.txt
[133/863    0s] WriteText Library/Bee/artifacts/1300b0aE.dag/Unity.Burst.CodeGen.dll.mvfrm.rsp
[134/863    0s] WriteText Library/Bee/artifacts/1300b0aE.dag/Unity.RenderPipelines.Core.Runtime.rsp2
[135/863    0s] WriteText Library/Bee/artifacts/1300b0aE.dag/Unity.TextMeshPro.UnityAdditionalFile.txt
[136/863    0s] WriteText Library/Bee/artifacts/1300b0aE.dag/Unity.Mathematics.rsp
[137/863    0s] WriteText Library/Bee/artifacts/1300b0aE.dag/Unity.VisualScripting.Core.UnityAdditionalFile.txt
[138/863    0s] WriteText Library/Bee/artifacts/1300b0aE.dag/Unity.2D.Sprite.Editor.rsp2
[139/863    0s] WriteText Library/Bee/artifacts/1300b0aE.dag/Unity.VisualScripting.Core.rsp2
[140/863    0s] WriteText Library/Bee/artifacts/1300b0aE.dag/Unity.2D.Sprite.Editor.UnityAdditionalFile.txt
[141/863    0s] WriteText Library/Bee/artifacts/1300b0aE.dag/Unity.TextMeshPro.rsp2
[142/863    0s] WriteResponseFile Library/Bee/artifacts/rsp/4747638433968585886.rsp
[143/863    0s] WriteText Library/Bee/artifacts/1300b0aE.dag/Unity.VisualScripting.Core.dll.mvfrm.rsp
[144/863    0s] WriteText Library/Bee/artifacts/1300b0aE.dag/Unity.2D.Sprite.Editor.dll.mvfrm.rsp
[145/863    0s] WriteText Library/Bee/artifacts/1300b0aE.dag/Unity.VisualScripting.Core.rsp
[146/863    0s] WriteText Library/Bee/artifacts/1300b0aE.dag/Unity.RenderPipelines.Core.Runtime.dll.mvfrm.rsp
[147/863    0s] WriteText Library/Bee/artifacts/1300b0aE.dag/Unity.TextMeshPro.dll.mvfrm.rsp
[148/863    0s] WriteText Library/Bee/artifacts/1300b0aE.dag/Unity.2D.Sprite.Editor.rsp
[149/863    0s] WriteText Library/Bee/artifacts/1300b0aE.dag/Unity.Collections.rsp2
[150/863    0s] WriteText Library/Bee/artifacts/1300b0aE.dag/Unity.InternalAPIEngineBridge.001.UnityAdditionalFile.txt
[151/863    0s] WriteText Library/Bee/artifacts/1300b0aE.dag/Unity.InternalAPIEngineBridge.001.rsp2
[152/863    0s] WriteText Library/Bee/artifacts/1300b0aE.dag/Unity.TextMeshPro.rsp
[153/863    0s] WriteText Library/Bee/artifacts/1300b0aE.dag/Unity.2D.Common.Runtime.rsp2
[154/863    0s] WriteText Library/Bee/artifacts/1300b0aE.dag/Unity.2D.Common.Runtime.UnityAdditionalFile.txt
[155/863    0s] WriteText Library/Bee/artifacts/1300b0aE.dag/Unity.VisualScripting.Flow.rsp2
[156/863    0s] WriteText Library/Bee/artifacts/1300b0aE.dag/Unity.RenderPipelines.Core.Runtime.rsp
[157/863    0s] WriteText Library/Bee/artifacts/1300b0aE.dag/Unity.VisualScripting.Flow.UnityAdditionalFile.txt
[158/863    0s] WriteText Library/Bee/artifacts/1300b0aE.dag/Unity.2D.Common.Runtime.dll.mvfrm.rsp
[159/863    0s] WriteText Library/Bee/artifacts/1300b0aE.dag/Unity.2D.Common.Runtime.rsp
[160/863    0s] WriteText Library/Bee/artifacts/1300b0aE.dag/Unity.Collections.UnityAdditionalFile.txt
[161/863    0s] WriteText Library/Bee/artifacts/1300b0aE.dag/Unity.VisualScripting.Core.Editor.UnityAdditionalFile.txt
[162/863    0s] WriteText Library/Bee/artifacts/1300b0aE.dag/Unity.VisualScripting.Core.Editor.rsp2
[163/863    0s] WriteText Library/Bee/artifacts/1300b0aE.dag/Unity.RenderPipeline.Universal.ShaderLibrary.rsp2
[164/863    0s] WriteText Library/Bee/artifacts/1300b0aE.dag/Unity.RenderPipelines.Universal.2D.Internal.rsp2
[165/863    0s] WriteText Library/Bee/artifacts/1300b0aE.dag/Unity.RenderPipelines.Universal.Config.Runtime.UnityAdditionalFile.txt
[166/863    0s] WriteText Library/Bee/artifacts/1300b0aE.dag/Unity.RenderPipeline.Universal.ShaderLibrary.UnityAdditionalFile.txt
[167/863    0s] WriteText Library/Bee/artifacts/1300b0aE.dag/BlockPuzzle.Core.UnityAdditionalFile.txt
[168/863    0s] WriteText Library/Bee/artifacts/1300b0aE.dag/Unity.InternalAPIEngineBridge.001.dll.mvfrm.rsp
[169/863    0s] WriteText Library/Bee/artifacts/1300b0aE.dag/Unity.Collections.dll.mvfrm.rsp
[170/863    0s] WriteText Library/Bee/artifacts/1300b0aE.dag/Unity.RenderPipelines.Universal.2D.Internal.UnityAdditionalFile.txt
[171/863    0s] WriteText Library/Bee/artifacts/1300b0aE.dag/Unity.RenderPipelines.Universal.Config.Runtime.rsp2
[172/863    0s] WriteText Library/Bee/artifacts/1300b0aE.dag/Unity.RenderPipelines.Core.Editor.rsp2
[173/863    0s] WriteText Library/Bee/artifacts/1300b0aE.dag/Unity.RenderPipelines.Core.Editor.UnityAdditionalFile.txt
[174/863    0s] WriteText Library/Bee/artifacts/1300b0aE.dag/Unity.Collections.rsp
[175/863    0s] WriteText Library/Bee/artifacts/1300b0aE.dag/BlockPuzzle.Core.rsp2
[176/863    0s] WriteText Library/Bee/artifacts/1300b0aE.dag/Unity.VisualScripting.Flow.dll.mvfrm.rsp
[177/863    0s] WriteText Library/Bee/artifacts/1300b0aE.dag/Unity.InternalAPIEngineBridge.001.rsp
[178/863    0s] WriteText Library/Bee/artifacts/1300b0aE.dag/Unity.VisualScripting.Flow.rsp
[179/863    0s] WriteText Library/Bee/artifacts/1300b0aE.dag/Unity.RenderPipeline.Universal.ShaderLibrary.dll.mvfrm.rsp
[180/863    0s] WriteText Library/Bee/artifacts/1300b0aE.dag/Unity.RenderPipelines.Universal.Config.Runtime.dll.mvfrm.rsp
[181/863    0s] WriteText Library/Bee/artifacts/1300b0aE.dag/Unity.RenderPipelines.Universal.2D.Internal.dll.mvfrm.rsp
[182/863    0s] WriteText Library/Bee/artifacts/1300b0aE.dag/Unity.InternalAPIEditorBridge.001.rsp2
[183/863    0s] WriteText Library/Bee/artifacts/1300b0aE.dag/Unity.InternalAPIEditorBridge.001.UnityAdditionalFile.txt
[184/863    0s] WriteText Library/Bee/artifacts/1300b0aE.dag/Unity.Searcher.Editor.rsp2
[185/863    0s] WriteText Library/Bee/artifacts/1300b0aE.dag/Unity.RenderPipeline.Universal.ShaderLibrary.rsp
[186/863    0s] WriteText Library/Bee/artifacts/1300b0aE.dag/Unity.RenderPipelines.Universal.2D.Internal.rsp
[187/863    0s] WriteText Library/Bee/artifacts/1300b0aE.dag/Unity.VisualScripting.Core.Editor.dll.mvfrm.rsp
[188/863    0s] WriteText Library/Bee/artifacts/1300b0aE.dag/Unity.RenderPipelines.Universal.Config.Runtime.rsp
[189/863    0s] WriteText Library/Bee/artifacts/1300b0aE.dag/Unity.ShaderGraph.Utilities.rsp2
[190/863    0s] WriteText Library/Bee/artifacts/1300b0aE.dag/Unity.VisualScripting.Core.Editor.rsp
[191/863    0s] WriteText Library/Bee/artifacts/1300b0aE.dag/Unity.ShaderGraph.Utilities.UnityAdditionalFile.txt
[192/863    0s] WriteText Library/Bee/artifacts/1300b0aE.dag/Unity.Searcher.Editor.UnityAdditionalFile.txt
[193/863    0s] WriteText Library/Bee/artifacts/1300b0aE.dag/Unity.RenderPipelines.Core.Editor.dll.mvfrm.rsp
[194/863    0s] WriteText Library/Bee/artifacts/1300b0aE.dag/Unity.2D.Common.Editor.rsp2
[195/863    0s] WriteText Library/Bee/artifacts/1300b0aE.dag/Unity.2D.Common.Editor.UnityAdditionalFile.txt
[196/863    0s] WriteText Library/Bee/artifacts/1300b0aE.dag/Unity.RenderPipelines.Universal.Runtime.rsp2
[197/863    0s] WriteText Library/Bee/artifacts/1300b0aE.dag/BlockPuzzle.Core.dll.mvfrm.rsp
[198/863    0s] WriteText Library/Bee/artifacts/1300b0aE.dag/Unity.Searcher.Editor.dll.mvfrm.rsp
[199/863    0s] WriteText Library/Bee/artifacts/1300b0aE.dag/Unity.RenderPipelines.Universal.Runtime.UnityAdditionalFile.txt
[200/863    0s] WriteText Library/Bee/artifacts/1300b0aE.dag/Unity.ShaderGraph.Utilities.dll.mvfrm.rsp
[201/863    0s] WriteText Library/Bee/artifacts/1300b0aE.dag/Unity.Searcher.Editor.rsp
[202/863    0s] WriteText Library/Bee/artifacts/1300b0aE.dag/Unity.ShaderGraph.Utilities.rsp
[203/863    0s] WriteText Library/Bee/artifacts/1300b0aE.dag/Unity.RenderPipelines.Core.Editor.rsp
[204/863    0s] WriteText Library/Bee/artifacts/1300b0aE.dag/Unity.InternalAPIEditorBridge.001.dll.mvfrm.rsp
[205/863    0s] WriteText Library/Bee/artifacts/1300b0aE.dag/BlockPuzzle.Gameplay.UnityAdditionalFile.txt
[206/863    0s] WriteText Library/Bee/artifacts/1300b0aE.dag/BlockPuzzle.Core.rsp
[207/863    0s] WriteText Library/Bee/artifacts/1300b0aE.dag/BlockPuzzle.Gameplay.rsp2
[208/863    0s] WriteText Library/Bee/artifacts/1300b0aE.dag/Unity.InternalAPIEditorBridge.001.rsp
[209/863    0s] WriteText Library/Bee/artifacts/1300b0aE.dag/Unity.VisualScripting.State.rsp2
[210/863    0s] WriteText Library/Bee/artifacts/1300b0aE.dag/Unity.2D.Common.Editor.dll.mvfrm.rsp
[211/863    0s] WriteText Library/Bee/artifacts/1300b0aE.dag/Unity.VisualScripting.State.UnityAdditionalFile.txt
[212/863    0s] WriteText Library/Bee/artifacts/1300b0aE.dag/Unity.VisualScripting.Flow.Editor.rsp2
[213/863    0s] WriteText Library/Bee/artifacts/1300b0aE.dag/Unity.VisualScripting.Flow.Editor.UnityAdditionalFile.txt
[214/863    0s] WriteText Library/Bee/artifacts/1300b0aE.dag/Unity.RenderPipelines.Universal.Runtime.dll.mvfrm.rsp
[215/863    0s] WriteText Library/Bee/artifacts/1300b0aE.dag/Unity.2D.Animation.Runtime.UnityAdditionalFile.txt
[216/863    0s] WriteText Library/Bee/artifacts/1300b0aE.dag/Unity.2D.Animation.Runtime.rsp2
[217/863    0s] WriteText Library/Bee/artifacts/1300b0aE.dag/Unity.RenderPipelines.Universal.Runtime.rsp
[218/863    0s] WriteText Library/Bee/artifacts/1300b0aE.dag/Unity.Mathematics.Editor.UnityAdditionalFile.txt
[219/863    0s] WriteText Library/Bee/artifacts/1300b0aE.dag/Unity.2D.Common.Editor.rsp
[220/863    0s] WriteText Library/Bee/artifacts/1300b0aE.dag/Unity.ShaderGraph.Editor.rsp2
[221/863    0s] WriteText Library/Bee/artifacts/1300b0aE.dag/Unity.Mathematics.Editor.rsp2
[222/863    0s] WriteText Library/Bee/artifacts/1300b0aE.dag/Unity.ShaderGraph.Editor.UnityAdditionalFile.txt
[223/863    0s] WriteText Library/Bee/artifacts/1300b0aE.dag/Unity.Burst.Editor.UnityAdditionalFile.txt
[224/863    0s] WriteText Library/Bee/artifacts/1300b0aE.dag/Unity.Burst.Editor.rsp2
[225/863    0s] WriteText Library/Bee/artifacts/1300b0aE.dag/BlockPuzzle.Gameplay.dll.mvfrm.rsp
[226/863    0s] WriteText Library/Bee/artifacts/1300b0aE.dag/Unity.SysrootPackage.Editor.UnityAdditionalFile.txt
[227/863    0s] WriteText Library/Bee/artifacts/1300b0aE.dag/Unity.2D.Animation.Runtime.dll.mvfrm.rsp
[228/863    0s] WriteText Library/Bee/artifacts/1300b0aE.dag/Unity.SysrootPackage.Editor.rsp2
[229/863    0s] WriteText Library/Bee/artifacts/1300b0aE.dag/Unity.VisualScripting.State.dll.mvfrm.rsp
[230/863    0s] WriteText Library/Bee/artifacts/1300b0aE.dag/BlockPuzzle.Gameplay.rsp
[231/863    0s] WriteText Library/Bee/artifacts/1300b0aE.dag/Unity.VisualScripting.Flow.Editor.dll.mvfrm.rsp
[232/863    0s] WriteText Library/Bee/artifacts/1300b0aE.dag/Unity.Mathematics.Editor.dll.mvfrm.rsp
[233/863    0s] WriteText Library/Bee/artifacts/1300b0aE.dag/Unity.2D.Animation.Runtime.rsp
[234/863    0s] WriteText Library/Bee/artifacts/1300b0aE.dag/Unity.ShaderGraph.Editor.dll.mvfrm.rsp
[235/863    0s] WriteText Library/Bee/artifacts/1300b0aE.dag/Unity.Burst.Editor.dll.mvfrm.rsp
[236/863    0s] WriteText Library/Bee/artifacts/1300b0aE.dag/Unity.VisualScripting.State.rsp
[237/863    0s] WriteText Library/Bee/artifacts/1300b0aE.dag/Unity.VisualScripting.Flow.Editor.rsp
[238/863    0s] WriteText Library/Bee/artifacts/1300b0aE.dag/Unity.ShaderGraph.Editor.rsp
[239/863    0s] WriteText Library/Bee/artifacts/1300b0aE.dag/Unity.Burst.Editor.rsp
[240/863    0s] WriteText Library/Bee/artifacts/1300b0aE.dag/BlockPuzzle.Managers.rsp2
[241/863    0s] WriteText Library/Bee/artifacts/1300b0aE.dag/Unity.Mathematics.Editor.rsp
[242/863    0s] WriteText Library/Bee/artifacts/1300b0aE.dag/Unity.SysrootPackage.Editor.dll.mvfrm.rsp
[243/863    0s] WriteText Library/Bee/artifacts/1300b0aE.dag/Unity.SysrootPackage.Editor.rsp
[244/863    0s] WriteText Library/Bee/artifacts/1300b0aE.dag/BlockPuzzle.Managers.UnityAdditionalFile.txt
[245/863    0s] WriteText Library/Bee/artifacts/1300b0aE.dag/BlockPuzzle.Managers.dll.mvfrm.rsp
[246/863    0s] WriteText Library/Bee/artifacts/1300b0aE.dag/Unity.2D.Animation.Editor.UnityAdditionalFile.txt
[247/863    0s] WriteText Library/Bee/artifacts/1300b0aE.dag/Unity.RenderPipelines.Universal.Editor.UnityAdditionalFile.txt
[248/863    0s] WriteText Library/Bee/artifacts/1300b0aE.dag/Unity.2D.Animation.Editor.rsp2
[249/863    0s] WriteText Library/Bee/artifacts/1300b0aE.dag/Unity.RenderPipelines.Universal.Editor.rsp2
[250/863    0s] WriteText Library/Bee/artifacts/1300b0aE.dag/BlockPuzzle.Managers.rsp
[251/863    0s] WriteText Library/Bee/artifacts/1300b0aE.dag/Unity.2D.Animation.Editor.dll.mvfrm.rsp
[252/863    0s] WriteText Library/Bee/artifacts/1300b0aE.dag/BlockPuzzle.UI.rsp2
[253/863    0s] WriteText Library/Bee/artifacts/1300b0aE.dag/BlockPuzzle.UI.UnityAdditionalFile.txt
[254/863    0s] WriteText Library/Bee/artifacts/1300b0aE.dag/Unity.2D.PixelPerfect.rsp2
[255/863    0s] WriteText Library/Bee/artifacts/1300b0aE.dag/Unity.VisualScripting.State.Editor.UnityAdditionalFile.txt
[256/863    0s] WriteText Library/Bee/artifacts/1300b0aE.dag/Unity.VisualScripting.State.Editor.rsp2
[257/863    0s] WriteText Library/Bee/artifacts/1300b0aE.dag/Unity.TextMeshPro.Editor.UnityAdditionalFile.txt
[258/863    0s] WriteText Library/Bee/artifacts/1300b0aE.dag/Unity.TextMeshPro.Editor.rsp2
[259/863    0s] WriteText Library/Bee/artifacts/1300b0aE.dag/Unity.RenderPipelines.Universal.Editor.dll.mvfrm.rsp
[260/863    0s] WriteText Library/Bee/artifacts/1300b0aE.dag/Unity.Timeline.rsp2
[261/863    0s] WriteText Library/Bee/artifacts/1300b0aE.dag/Unity.Timeline.UnityAdditionalFile.txt
[262/863    0s] WriteText Library/Bee/artifacts/1300b0aE.dag/Unity.PlasticSCM.Editor.rsp2
[263/863    0s] WriteText Library/Bee/artifacts/1300b0aE.dag/Unity.PlasticSCM.Editor.UnityAdditionalFile.txt
[264/863    0s] WriteText Library/Bee/artifacts/1300b0aE.dag/Unity.2D.Tilemap.Extras.rsp2
[265/863    0s] WriteText Library/Bee/artifacts/1300b0aE.dag/Unity.2D.Tilemap.Extras.UnityAdditionalFile.txt
[266/863    0s] WriteText Library/Bee/artifacts/1300b0aE.dag/Unity.2D.Tilemap.Editor.rsp2
[267/863    0s] WriteText Library/Bee/artifacts/1300b0aE.dag/Unity.2D.Tilemap.Editor.UnityAdditionalFile.txt
[268/863    0s] WriteText Library/Bee/artifacts/1300b0aE.dag/Unity.2D.Aseprite.Common.UnityAdditionalFile.txt
[269/863    0s] WriteText Library/Bee/artifacts/1300b0aE.dag/Unity.2D.Common.Path.Editor.rsp2
[270/863    0s] WriteText Library/Bee/artifacts/1300b0aE.dag/Unity.2D.SpriteShape.Runtime.UnityAdditionalFile.txt
[271/863    0s] WriteText Library/Bee/artifacts/1300b0aE.dag/Unity.2D.SpriteShape.Runtime.rsp2
[272/863    0s] WriteText Library/Bee/artifacts/1300b0aE.dag/Unity.2D.Common.Path.Editor.UnityAdditionalFile.txt
[273/863    0s] WriteText Library/Bee/artifacts/1300b0aE.dag/Unity.Sysroot.Linux_x86_64.rsp2
[274/863    0s] WriteText Library/Bee/artifacts/1300b0aE.dag/Unity.2D.IK.Runtime.UnityAdditionalFile.txt
[275/863    0s] WriteText Library/Bee/artifacts/1300b0aE.dag/Unity.2D.PixelPerfect.UnityAdditionalFile.txt
[276/863    0s] WriteText Library/Bee/artifacts/1300b0aE.dag/Unity.Sysroot.Linux_x86_64.UnityAdditionalFile.txt
[277/863    0s] WriteText Library/Bee/artifacts/1300b0aE.dag/Unity.2D.IK.Runtime.rsp2
[278/863    0s] WriteText Library/Bee/artifacts/1300b0aE.dag/Unity.2D.Aseprite.Common.rsp2
[279/863    0s] WriteText Library/Bee/artifacts/1300b0aE.dag/Unity.2D.Animation.Editor.rsp
[280/863    0s] WriteText Library/Bee/artifacts/1300b0aE.dag/Unity.RenderPipelines.Universal.Editor.rsp
[281/863    0s] WriteText Library/Bee/artifacts/1300b0aE.dag/Unity.2D.IK.Runtime.dll.mvfrm.rsp
[282/863    0s] WriteText Library/Bee/artifacts/1300b0aE.dag/Unity.TextMeshPro.Editor.dll.mvfrm.rsp
[283/863    0s] WriteText Library/Bee/artifacts/1300b0aE.dag/BlockPuzzle.UI.dll.mvfrm.rsp
[284/863    0s] WriteText Library/Bee/artifacts/1300b0aE.dag/Unity.PlasticSCM.Editor.dll.mvfrm.rsp
[285/863    0s] WriteText Library/Bee/artifacts/1300b0aE.dag/Unity.2D.Tilemap.Editor.dll.mvfrm.rsp
[286/863    0s] WriteText Library/Bee/artifacts/1300b0aE.dag/Unity.2D.Aseprite.Common.dll.mvfrm.rsp
[287/863    0s] WriteText Library/Bee/artifacts/1300b0aE.dag/Unity.2D.Tilemap.Extras.dll.mvfrm.rsp
[288/863    0s] WriteText Library/Bee/artifacts/1300b0aE.dag/Unity.2D.PixelPerfect.dll.mvfrm.rsp
[289/863    0s] WriteText Library/Bee/artifacts/1300b0aE.dag/Unity.2D.Common.Path.Editor.dll.mvfrm.rsp
[290/863    0s] WriteText Library/Bee/artifacts/1300b0aE.dag/Unity.Timeline.dll.mvfrm.rsp
[291/863    0s] WriteText Library/Bee/artifacts/1300b0aE.dag/Unity.Sysroot.Linux_x86_64.dll.mvfrm.rsp
[292/863    0s] WriteText Library/Bee/artifacts/1300b0aE.dag/Unity.2D.SpriteShape.Runtime.dll.mvfrm.rsp
[293/863    0s] WriteText Library/Bee/artifacts/1300b0aE.dag/Unity.VisualScripting.State.Editor.dll.mvfrm.rsp
[294/863    0s] WriteText Library/Bee/artifacts/1300b0aE.dag/Unity.2D.Tilemap.Editor.rsp
[295/863    0s] WriteText Library/Bee/artifacts/1300b0aE.dag/Unity.2D.PixelPerfect.rsp
[296/863    0s] WriteText Library/Bee/artifacts/1300b0aE.dag/Unity.Sysroot.Linux_x86_64.rsp
[297/863    0s] WriteText Library/Bee/artifacts/1300b0aE.dag/BlockPuzzle.UI.rsp
[298/863    0s] WriteText Library/Bee/artifacts/1300b0aE.dag/Unity.TextMeshPro.Editor.rsp
[299/863    0s] WriteText Library/Bee/artifacts/1300b0aE.dag/Unity.2D.Tilemap.Extras.rsp
[300/863    0s] WriteText Library/Bee/artifacts/1300b0aE.dag/Unity.2D.Aseprite.Common.rsp
[301/863    0s] WriteText Library/Bee/artifacts/1300b0aE.dag/Unity.2D.Common.Path.Editor.rsp
[302/863    0s] WriteText Library/Bee/artifacts/1300b0aE.dag/Unity.2D.IK.Runtime.rsp
[303/863    0s] WriteText Library/Bee/artifacts/1300b0aE.dag/Unity.VisualScripting.State.Editor.rsp
[304/863    0s] WriteText Library/Bee/artifacts/1300b0aE.dag/Unity.Timeline.rsp
[305/863    0s] WriteText Library/Bee/artifacts/1300b0aE.dag/Unity.2D.SpriteShape.Runtime.rsp
[306/863    0s] WriteText Library/Bee/artifacts/1300b0aE.dag/Unity.PlasticSCM.Editor.rsp
[307/863    0s] WriteText Library/Bee/artifacts/1300b0aE.dag/BlockPuzzle.Bootstrap.UnityAdditionalFile.txt
[308/863    0s] WriteText Library/Bee/artifacts/1300b0aE.dag/BlockPuzzle.Bootstrap.rsp2
[309/863    0s] WriteText Library/Bee/artifacts/1300b0aE.dag/PsdPlugin.rsp2
[310/863    0s] WriteText Library/Bee/artifacts/1300b0aE.dag/PsdPlugin.UnityAdditionalFile.txt
[311/863    0s] WriteText Library/Bee/artifacts/1300b0aE.dag/PsdPlugin.dll.mvfrm.rsp
[312/863    0s] WriteText Library/Bee/artifacts/1300b0aE.dag/BlockPuzzle.Bootstrap.dll.mvfrm.rsp
[313/863    0s] WriteText Library/Bee/artifacts/1300b0aE.dag/BlockPuzzle.Bootstrap.rsp
[314/863    0s] WriteText Library/Bee/artifacts/1300b0aE.dag/PsdPlugin.rsp
[315/863    0s] WriteText Library/Bee/artifacts/1300b0aE.dag/Unity.RenderPipelines.ShaderGraph.ShaderGraphLibrary.dll.mvfrm.rsp
[316/863    0s] WriteText Library/Bee/artifacts/1300b0aE.dag/Unity.RenderPipelines.Universal.Shaders.dll.mvfrm.rsp
[317/863    0s] WriteText Library/Bee/artifacts/1300b0aE.dag/Unity.RenderPipelines.Core.ShaderLibrary.dll.mvfrm.rsp
[318/863    0s] WriteText Library/Bee/artifacts/1300b0aE.dag/Unity.Toolchain.Win-x86_64-Linux-x86_64.dll.mvfrm.rsp
[319/863    0s] WriteText Library/Bee/artifacts/1300b0aE.dag/Unity.VisualScripting.SettingsProvider.Editor.dll.mvfrm.rsp
[320/863    0s] WriteText Library/Bee/artifacts/1300b0aE.dag/BlockPuzzle.Editor.dll.mvfrm.rsp
[321/863    0s] WriteText Library/Bee/artifacts/1300b0aE.dag/Unity.Timeline.Editor.dll.mvfrm.rsp
[322/863    0s] WriteText Library/Bee/artifacts/1300b0aE.dag/Unity.CollabProxy.Editor.dll.mvfrm.rsp
[323/863    0s] WriteText Library/Bee/artifacts/1300b0aE.dag/Unity.2D.Aseprite.Editor.dll.mvfrm.rsp
[324/863    0s] WriteText Library/Bee/artifacts/1300b0aE.dag/Unity.2D.Tilemap.Extras.Editor.dll.mvfrm.rsp
[325/863    0s] WriteText Library/Bee/artifacts/1300b0aE.dag/Unity.2D.SpriteShape.Editor.dll.mvfrm.rsp
[326/863    0s] WriteText Library/Bee/artifacts/1300b0aE.dag/Unity.VisualScripting.Shared.Editor.dll.mvfrm.rsp
[327/863    0s] WriteText Library/Bee/artifacts/1300b0aE.dag/Unity.RenderPipelines.ShaderGraph.ShaderGraphLibrary.UnityAdditionalFile.txt
[328/863    0s] WriteText Library/Bee/artifacts/1300b0aE.dag/Unity.RenderPipelines.Universal.Shaders.UnityAdditionalFile.txt
[329/863    0s] WriteText Library/Bee/artifacts/1300b0aE.dag/Unity.Collections.BurstCompatibilityGen.dll.mvfrm.rsp
[330/863    0s] WriteText Library/Bee/artifacts/1300b0aE.dag/Unity.Collections.DocCodeSamples.dll.mvfrm.rsp
[331/863    0s] WriteText Library/Bee/artifacts/1300b0aE.dag/Unity.RenderPipelines.Universal.Shaders.rsp2
[332/863    0s] WriteText Library/Bee/artifacts/1300b0aE.dag/Unity.RenderPipelines.Core.ShaderLibrary.UnityAdditionalFile.txt
[333/863    0s] WriteText Library/Bee/artifacts/1300b0aE.dag/Unity.RenderPipelines.ShaderGraph.ShaderGraphLibrary.rsp2
[334/863    0s] WriteText Library/Bee/artifacts/1300b0aE.dag/Unity.RenderPipelines.Core.ShaderLibrary.rsp2
[335/863    0s] WriteText Library/Bee/artifacts/1300b0aE.dag/PPv2URPConverters.dll.mvfrm.rsp
[336/863    0s] WriteText Library/Bee/artifacts/1300b0aE.dag/Unity.2D.IK.Editor.dll.mvfrm.rsp
[337/863    0s] WriteText Library/Bee/artifacts/1300b0aE.dag/Unity.2D.PixelPerfect.Editor.dll.mvfrm.rsp
[338/863    0s] WriteText Library/Bee/artifacts/1300b0aE.dag/Unity.2D.Psdimporter.Editor.dll.mvfrm.rsp
[339/863    0s] WriteText Library/Bee/artifacts/1300b0aE.dag/Unity.RenderPipelines.ShaderGraph.ShaderGraphLibrary.rsp
[340/863    0s] WriteText Library/Bee/artifacts/1300b0aE.dag/Unity.CollabProxy.Editor.rsp2
[341/863    0s] WriteText Library/Bee/artifacts/1300b0aE.dag/Unity.RenderPipelines.Universal.Shaders.rsp
[342/863    0s] WriteText Library/Bee/artifacts/1300b0aE.dag/Unity.2D.Tilemap.Extras.Editor.UnityAdditionalFile.txt
[343/863    0s] WriteText Library/Bee/artifacts/1300b0aE.dag/Unity.2D.Tilemap.Extras.Editor.rsp2
[344/863    0s] WriteText Library/Bee/artifacts/1300b0aE.dag/Unity.Timeline.Editor.UnityAdditionalFile.txt
[345/863    0s] WriteText Library/Bee/artifacts/1300b0aE.dag/Unity.CollabProxy.Editor.UnityAdditionalFile.txt
[346/863    0s] WriteText Library/Bee/artifacts/1300b0aE.dag/Unity.Timeline.Editor.rsp2
[347/863    0s] WriteText Library/Bee/artifacts/1300b0aE.dag/Unity.Collections.BurstCompatibilityGen.UnityAdditionalFile.txt
[348/863    0s] WriteText Library/Bee/artifacts/1300b0aE.dag/Unity.Collections.BurstCompatibilityGen.rsp2
[349/863    0s] WriteText Library/Bee/artifacts/1300b0aE.dag/Unity.Collections.DocCodeSamples.UnityAdditionalFile.txt
[350/863    0s] WriteText Library/Bee/artifacts/1300b0aE.dag/Unity.Collections.DocCodeSamples.rsp2
[351/863    0s] WriteText Library/Bee/artifacts/1300b0aE.dag/Unity.Toolchain.Win-x86_64-Linux-x86_64.UnityAdditionalFile.txt
[352/863    0s] WriteText Library/Bee/artifacts/1300b0aE.dag/Unity.Toolchain.Win-x86_64-Linux-x86_64.rsp2
[353/863    0s] WriteText Library/Bee/artifacts/1300b0aE.dag/Unity.2D.Aseprite.Editor.UnityAdditionalFile.txt
[354/863    0s] WriteText Library/Bee/artifacts/1300b0aE.dag/Unity.2D.Aseprite.Editor.rsp2
[355/863    0s] WriteText Library/Bee/artifacts/1300b0aE.dag/Unity.2D.SpriteShape.Editor.UnityAdditionalFile.txt
[356/863    0s] WriteText Library/Bee/artifacts/1300b0aE.dag/Unity.2D.SpriteShape.Editor.rsp2
[357/863    0s] WriteText Library/Bee/artifacts/1300b0aE.dag/Unity.VisualScripting.SettingsProvider.Editor.UnityAdditionalFile.txt
[358/863    0s] WriteText Library/Bee/artifacts/1300b0aE.dag/Unity.VisualScripting.Shared.Editor.UnityAdditionalFile.txt
[359/863    0s] WriteText Library/Bee/artifacts/1300b0aE.dag/Unity.VisualScripting.SettingsProvider.Editor.rsp2
[360/863    0s] WriteText Library/Bee/artifacts/1300b0aE.dag/PPv2URPConverters.UnityAdditionalFile.txt
[361/863    0s] WriteText Library/Bee/artifacts/1300b0aE.dag/PPv2URPConverters.rsp2
[362/863    0s] WriteText Library/Bee/artifacts/1300b0aE.dag/BlockPuzzle.Editor.rsp2
[363/863    0s] WriteText Library/Bee/artifacts/1300b0aE.dag/Unity.2D.IK.Editor.UnityAdditionalFile.txt
[364/863    0s] WriteText Library/Bee/artifacts/1300b0aE.dag/Unity.2D.IK.Editor.rsp2
[365/863    0s] WriteText Library/Bee/artifacts/1300b0aE.dag/BlockPuzzle.Editor.UnityAdditionalFile.txt
[366/863    0s] WriteText Library/Bee/artifacts/1300b0aE.dag/Unity.2D.PixelPerfect.Editor.UnityAdditionalFile.txt
[367/863    0s] WriteText Library/Bee/artifacts/1300b0aE.dag/Unity.2D.PixelPerfect.Editor.rsp2
[368/863    0s] WriteText Library/Bee/artifacts/1300b0aE.dag/Unity.VisualScripting.Shared.Editor.rsp2
[369/863    0s] WriteText Library/Bee/artifacts/1300b0aE.dag/Unity.2D.Psdimporter.Editor.UnityAdditionalFile.txt
[370/863    0s] WriteText Library/Bee/artifacts/1300b0aE.dag/Unity.2D.Psdimporter.Editor.rsp2
[371/863    0s] WriteText Library/Bee/artifacts/1300b0aE.dag/Unity.RenderPipelines.Core.ShaderLibrary.rsp
[372/863    0s] WriteText Library/Bee/artifacts/1300b0aE.dag/Unity.2D.PixelPerfect.Editor.rsp
[373/863    0s] WriteText Library/Bee/artifacts/1300b0aE.dag/Unity.CollabProxy.Editor.rsp
[374/863    0s] WriteText Library/Bee/artifacts/1300b0aE.dag/Unity.Collections.BurstCompatibilityGen.rsp
[375/863    0s] WriteText Library/Bee/artifacts/1300b0aE.dag/Unity.VisualStudio.Editor.UnityAdditionalFile.txt
[376/863    0s] WriteText Library/Bee/artifacts/1300b0aE.dag/Unity.2D.Psdimporter.Editor.rsp
[377/863    0s] WriteText Library/Bee/artifacts/1300b0aE.dag/Unity.VisualScripting.SettingsProvider.Editor.rsp
[378/863    0s] WriteText Library/Bee/artifacts/1300b0aE.dag/Unity.2D.Aseprite.Editor.rsp
[379/863    0s] WriteResponseFile Library/Bee/artifacts/rsp/17757397605094907995.rsp
[380/863    0s] WriteText Library/Bee/artifacts/1300b0aE.dag/Unity.Collections.DocCodeSamples.rsp
[381/863    0s] WriteText Library/Bee/artifacts/1300b0aE.dag/Unity.Rider.Editor.UnityAdditionalFile.txt
[382/863    0s] WriteResponseFile Library/Bee/artifacts/rsp/17594018927210330302.rsp
[383/863    0s] WriteResponseFile Library/Bee/artifacts/rsp/16514798858072012908.rsp
[384/863    0s] WriteText Library/Bee/artifacts/1300b0aE.dag/Unity.VisualStudio.Editor.dll.mvfrm.rsp
[385/863    0s] WriteText Library/Bee/artifacts/1300b0aE.dag/Unity.Timeline.Editor.rsp
[386/863    0s] WriteText Library/Bee/artifacts/1300b0aE.dag/Unity.Rider.Editor.rsp2
[387/863    0s] WriteText Library/Bee/artifacts/1300b0aE.dag/Unity.2D.SpriteShape.Editor.rsp
[388/863    0s] WriteText Library/Bee/artifacts/1300b0aE.dag/Unity.2D.Tilemap.Extras.Editor.rsp
[389/863    0s] WriteText Library/Bee/artifacts/1300b0aE.dag/Unity.Rider.Editor.dll.mvfrm.rsp
[390/863    0s] WriteResponseFile Library/Bee/artifacts/rsp/10888462760497858608.rsp
[391/863    0s] WriteResponseFile Library/Bee/artifacts/rsp/2855630747675663083.rsp
[392/863    0s] WriteText Library/Bee/artifacts/1300b0aE.dag/Unity.VisualScripting.Shared.Editor.rsp
[393/863    0s] WriteResponseFile Library/Bee/artifacts/rsp/1611384070209416087.rsp
[394/863    0s] WriteText Library/Bee/artifacts/1300b0aE.dag/BlockPuzzle.Editor.rsp
[395/863    0s] WriteResponseFile Library/Bee/artifacts/rsp/2972222868924049755.rsp
[396/863    0s] WriteText Library/Bee/artifacts/1300b0aE.dag/PPv2URPConverters.rsp
[397/863    0s] WriteText Library/Bee/artifacts/1300b0aE.dag/Unity.Toolchain.Win-x86_64-Linux-x86_64.rsp
[398/863    0s] WriteResponseFile Library/Bee/artifacts/rsp/10592572341192533515.rsp
[399/863    0s] WriteText Library/Bee/artifacts/1300b0aE.dag/Unity.VisualStudio.Editor.rsp2
[400/863    0s] WriteText Library/Bee/artifacts/1300b0aE.dag/Unity.2D.IK.Editor.rsp
[401/863    0s] WriteResponseFile Library/Bee/artifacts/rsp/3556956647038626781.rsp
[402/863    0s] WriteResponseFile Library/Bee/artifacts/rsp/10200443812552500153.rsp
[403/863    0s] WriteResponseFile Library/Bee/artifacts/rsp/8207857053321344672.rsp
[404/863    0s] WriteResponseFile Library/Bee/artifacts/rsp/756283098935716355.rsp
[405/863    0s] WriteResponseFile Library/Bee/artifacts/rsp/2536172375347383056.rsp
[406/863    0s] WriteResponseFile Library/Bee/artifacts/rsp/14735455890999770776.rsp
[407/863    0s] WriteResponseFile Library/Bee/artifacts/rsp/13366779368918240820.rsp
[408/863    0s] WriteResponseFile Library/Bee/artifacts/rsp/2905846839826360205.rsp
[409/863    0s] WriteResponseFile Library/Bee/artifacts/rsp/17414243413401388511.rsp
[410/863    0s] WriteResponseFile Library/Bee/artifacts/rsp/13028593112160103085.rsp
[411/863    0s] WriteResponseFile Library/Bee/artifacts/rsp/5970582396690170210.rsp
[412/863    0s] WriteResponseFile Library/Bee/artifacts/rsp/2305028462524882383.rsp
[413/863    0s] WriteText Library/Bee/artifacts/1300b0aE.dag/Unity.VisualStudio.Editor.rsp
[414/863    0s] WriteResponseFile Library/Bee/artifacts/rsp/10689419883888256699.rsp
[415/863    0s] WriteResponseFile Library/Bee/artifacts/rsp/17054765073185169448.rsp
[416/863    0s] WriteResponseFile Library/Bee/artifacts/rsp/1786589184738026931.rsp
[417/863    0s] WriteResponseFile Library/Bee/artifacts/rsp/1697367773622044436.rsp
[418/863    0s] WriteResponseFile Library/Bee/artifacts/rsp/9972240143657512000.rsp
[419/863    0s] WriteText Library/Bee/artifacts/1300b0aE.dag/Unity.Rider.Editor.rsp
[420/863    0s] WriteResponseFile Library/Bee/artifacts/rsp/18228123883807963745.rsp
[421/863    0s] WriteResponseFile Library/Bee/artifacts/rsp/17426999905933582995.rsp
[422/863    0s] WriteResponseFile Library/Bee/artifacts/rsp/3518005517008711857.rsp
[423/863    0s] WriteResponseFile Library/Bee/artifacts/rsp/13465028941639940531.rsp
[424/863    0s] WriteResponseFile Library/Bee/artifacts/rsp/14590207793600887472.rsp
[425/863    0s] WriteResponseFile Library/Bee/artifacts/rsp/10514843007091821179.rsp
[426/863    0s] WriteResponseFile Library/Bee/artifacts/rsp/4346013708559381222.rsp
[427/863    0s] WriteResponseFile Library/Bee/artifacts/rsp/13592275806611376659.rsp
[428/863    0s] WriteResponseFile Library/Bee/artifacts/rsp/2575615889380309149.rsp
[429/863    0s] WriteResponseFile Library/Bee/artifacts/rsp/4800824698347188408.rsp
[430/863    0s] WriteResponseFile Library/Bee/artifacts/rsp/3374228670950888938.rsp
[431/863    0s] WriteResponseFile Library/Bee/artifacts/rsp/17005668271194425053.rsp
[432/863    0s] WriteResponseFile Library/Bee/artifacts/rsp/15682845647733390054.rsp
[433/863    0s] WriteResponseFile Library/Bee/artifacts/rsp/14540844418576930643.rsp
[434/863    0s] WriteResponseFile Library/Bee/artifacts/rsp/9195266896295836757.rsp
[435/863    0s] WriteResponseFile Library/Bee/artifacts/rsp/3525977299383787660.rsp
[436/863    0s] WriteResponseFile Library/Bee/artifacts/rsp/41017698057876984.rsp
[437/863    0s] WriteResponseFile Library/Bee/artifacts/rsp/7402756250175941108.rsp
[438/863    0s] WriteResponseFile Library/Bee/artifacts/rsp/15412915583102750522.rsp
[439/863    0s] WriteResponseFile Library/Bee/artifacts/rsp/2297900128171896444.rsp
[440/863    0s] WriteResponseFile Library/Bee/artifacts/rsp/11823786202897662469.rsp
[441/863    0s] WriteResponseFile Library/Bee/artifacts/rsp/9569142104674744329.rsp
[442/863    0s] WriteResponseFile Library/Bee/artifacts/rsp/9884096119697234035.rsp
[443/863    0s] WriteResponseFile Library/Bee/artifacts/rsp/9097835524928946318.rsp
[444/863    0s] WriteResponseFile Library/Bee/artifacts/rsp/18206623046959101476.rsp
[445/863    0s] WriteResponseFile Library/Bee/artifacts/rsp/3937067864764424448.rsp
[446/863    0s] WriteResponseFile Library/Bee/artifacts/rsp/9102780143861914336.rsp
[447/863    0s] WriteResponseFile Library/Bee/artifacts/rsp/1981472465749282022.rsp
[448/863    0s] WriteResponseFile Library/Bee/artifacts/rsp/13966027777634868133.rsp
[449/863    0s] WriteResponseFile Library/Bee/artifacts/rsp/8518886007441418554.rsp
[450/863    0s] WriteResponseFile Library/Bee/artifacts/rsp/7611903119678565411.rsp
[451/863    0s] WriteResponseFile Library/Bee/artifacts/rsp/2726747299375421121.rsp
[452/863    0s] WriteResponseFile Library/Bee/artifacts/rsp/3214467445541112777.rsp
[453/863    0s] WriteResponseFile Library/Bee/artifacts/rsp/11515818914287258962.rsp
[454/863    0s] WriteResponseFile Library/Bee/artifacts/rsp/1744295493734331085.rsp
[455/863    0s] WriteResponseFile Library/Bee/artifacts/rsp/6979984305618622741.rsp
[456/863    0s] WriteResponseFile Library/Bee/artifacts/rsp/15184209867333330158.rsp
[457/863    0s] WriteResponseFile Library/Bee/artifacts/rsp/11273499038948065740.rsp
[458/863    0s] WriteResponseFile Library/Bee/artifacts/rsp/13373666660281403183.rsp
[459/863    0s] WriteResponseFile Library/Bee/artifacts/rsp/16972747988412433571.rsp
[460/863    0s] WriteResponseFile Library/Bee/artifacts/rsp/8552680569271405727.rsp
[461/863    0s] WriteResponseFile Library/Bee/artifacts/rsp/12712424312703648640.rsp
[462/863    0s] MovedFromExtractorCombine Library/Bee/artifacts/1300b0aE.dag/UnityEngine.UI.dll.mvfrm
[463/863    0s] MovedFromExtractorCombine Library/Bee/artifacts/1300b0aE.dag/UnityEngine.TestRunner.dll.mvfrm
[463/863    0s] Csc Library/Bee/artifacts/1300b0aE.dag/UnityEngine.UI.dll (+2 others) [CacheHit 238ad9b37371b6c1fe5c1695fb42a1fa00000000000000000000000000000003]
[464/863   1784995462s] Csc Library/Bee/artifacts/1300b0aE.dag/UnityEngine.UI.dll (+2 others)
[464/863    0s] Csc Library/Bee/artifacts/1300b0aE.dag/UnityEngine.TestRunner.dll (+2 others) [CacheHit 262dce9426daca7ce64d6306d7f3765300000000000000000000000000000003]
[466/863   1784995462s] Csc Library/Bee/artifacts/1300b0aE.dag/UnityEngine.TestRunner.dll (+2 others)
[468/863    0s] CopyFiles Library/ScriptAssemblies/UnityEngine.TestRunner.pdb
[469/863    0s] MovedFromExtractor Library/Bee/artifacts/mvdfrm/UnityEngine.UI.ref.dll_BDDAB6C3AC1C4D86.mvfrm
[470/863    0s] MovedFromExtractor Library/Bee/artifacts/mvdfrm/UnityEngine.TestRunner.ref.dll_7423F2FBC6CF80C4.mvfrm
[471/863    0s] CopyFiles Library/ScriptAssemblies/UnityEngine.TestRunner.dll
[472/863    0s] MovedFromExtractorCombine Library/Bee/artifacts/1300b0aE.dag/UnityEditor.TestRunner.dll.mvfrm
[470/863    0s] Csc Library/Bee/artifacts/1300b0aE.dag/UnityEditor.TestRunner.dll (+2 others) [CacheHit 62016e47d976546cb8822715b4eaa73900000000000000000000000000000003]
[473/863   1784995463s] Csc Library/Bee/artifacts/1300b0aE.dag/UnityEditor.TestRunner.dll (+2 others)
[475/863    0s] CopyFiles Library/ScriptAssemblies/UnityEditor.TestRunner.pdb
[476/863    0s] MovedFromExtractor Library/Bee/artifacts/mvdfrm/UnityEditor.TestRunner.ref.dll_A805A84D9B0C22D9.mvfrm
[477/863    0s] CopyFiles Library/ScriptAssemblies/UnityEditor.TestRunner.dll
[478/863    0s] MovedFromExtractorCombine Library/Bee/artifacts/1300b0aE.dag/UnityEditor.UI.dll.mvfrm
[475/863    0s] Csc Library/Bee/artifacts/1300b0aE.dag/UnityEditor.UI.dll (+2 others) [CacheHit 32c029f1ea7ce68262b9d77dac793d1500000000000000000000000000000003]
[479/863   1784995463s] Csc Library/Bee/artifacts/1300b0aE.dag/UnityEditor.UI.dll (+2 others)
[481/863    0s] MovedFromExtractor Library/Bee/artifacts/mvdfrm/UnityEditor.UI.ref.dll_0174E068A5FA251B.mvfrm
[482/863    0s] MovedFromExtractorCombine Library/Bee/artifacts/1300b0aE.dag/Unity.Burst.dll.mvfrm
[483/863    0s] MovedFromExtractorCombine Library/Bee/artifacts/1300b0aE.dag/Unity.Mathematics.dll.mvfrm
[484/863    0s] MovedFromExtractorCombine Library/Bee/artifacts/1300b0aE.dag/Unity.ShaderGraph.Utilities.dll.mvfrm
[485/863    0s] MovedFromExtractorCombine Library/Bee/artifacts/1300b0aE.dag/Unity.2D.Tilemap.Extras.dll.mvfrm
[486/863    0s] MovedFromExtractorCombine Library/Bee/artifacts/1300b0aE.dag/Unity.RenderPipelines.Universal.Shaders.dll.mvfrm
[487/863    0s] MovedFromExtractorCombine Library/Bee/artifacts/1300b0aE.dag/Unity.VisualScripting.Core.dll.mvfrm
[488/863    0s] MovedFromExtractorCombine Library/Bee/artifacts/1300b0aE.dag/Unity.RenderPipelines.Universal.2D.Internal.dll.mvfrm
[489/863    0s] MovedFromExtractorCombine Library/Bee/artifacts/1300b0aE.dag/Unity.2D.PixelPerfect.dll.mvfrm
[490/863    0s] MovedFromExtractorCombine Library/Bee/artifacts/1300b0aE.dag/Unity.RenderPipelines.ShaderGraph.ShaderGraphLibrary.dll.mvfrm
[491/863    0s] MovedFromExtractorCombine Library/Bee/artifacts/1300b0aE.dag/Unity.PlasticSCM.Editor.dll.mvfrm
[492/863    0s] MovedFromExtractorCombine Library/Bee/artifacts/1300b0aE.dag/Unity.2D.Sprite.Editor.dll.mvfrm
[493/863    0s] MovedFromExtractorCombine Library/Bee/artifacts/1300b0aE.dag/Unity.Timeline.dll.mvfrm
[494/863    0s] MovedFromExtractorCombine Library/Bee/artifacts/1300b0aE.dag/Unity.TextMeshPro.dll.mvfrm
[495/863    0s] MovedFromExtractorCombine Library/Bee/artifacts/1300b0aE.dag/Unity.InternalAPIEngineBridge.001.dll.mvfrm
[496/863    0s] MovedFromExtractorCombine Library/Bee/artifacts/1300b0aE.dag/Unity.2D.Common.Path.Editor.dll.mvfrm
[497/863    0s] MovedFromExtractorCombine Library/Bee/artifacts/1300b0aE.dag/Unity.SysrootPackage.Editor.dll.mvfrm
[498/863    0s] MovedFromExtractorCombine Library/Bee/artifacts/1300b0aE.dag/Unity.2D.Tilemap.Editor.dll.mvfrm
[499/863    0s] MovedFromExtractorCombine Library/Bee/artifacts/1300b0aE.dag/Unity.RenderPipelines.Core.ShaderLibrary.dll.mvfrm
[500/863    0s] MovedFromExtractorCombine Library/Bee/artifacts/1300b0aE.dag/Unity.RenderPipelines.Core.Runtime.dll.mvfrm
[501/863    0s] MovedFromExtractorCombine Library/Bee/artifacts/1300b0aE.dag/Unity.Searcher.Editor.dll.mvfrm
[497/863    0s] Csc Library/Bee/artifacts/1300b0aE.dag/Unity.ShaderGraph.Utilities.dll (+2 others) [CacheHit b0b0cd0fa71019e3c54f0da86739827600000000000000000000000000000003]
[502/863   1784995463s] Csc Library/Bee/artifacts/1300b0aE.dag/Unity.ShaderGraph.Utilities.dll (+2 others)
[498/863    0s] Csc Library/Bee/artifacts/1300b0aE.dag/Unity.RenderPipelines.Universal.2D.Internal.dll (+2 others) [CacheHit 17200b609aafeb3f666b40d5df56fe2200000000000000000000000000000003]
[504/863   1784995463s] Csc Library/Bee/artifacts/1300b0aE.dag/Unity.RenderPipelines.Universal.2D.Internal.dll (+2 others)
[499/863    0s] Csc Library/Bee/artifacts/1300b0aE.dag/Unity.RenderPipelines.ShaderGraph.ShaderGraphLibrary.dll (+2 others) [CacheHit bcca13e4ab82aa9077ac9855144c7e3e00000000000000000000000000000003]
[499/863    0s] Csc Library/Bee/artifacts/1300b0aE.dag/Unity.RenderPipelines.Universal.Shaders.dll (+2 others) [CacheHit c6b57d2962e3a95812a31f87c2e82c0000000000000000000000000000000003]
[506/863   1784995463s] Csc Library/Bee/artifacts/1300b0aE.dag/Unity.RenderPipelines.ShaderGraph.ShaderGraphLibrary.dll (+2 others)
[508/863   1784995463s] Csc Library/Bee/artifacts/1300b0aE.dag/Unity.RenderPipelines.Universal.Shaders.dll (+2 others)
[501/863    0s] Csc Library/Bee/artifacts/1300b0aE.dag/Unity.2D.PixelPerfect.dll (+2 others) [CacheHit a2095d09656240055c3134a0f6521a1300000000000000000000000000000003]
[510/863   1784995463s] Csc Library/Bee/artifacts/1300b0aE.dag/Unity.2D.PixelPerfect.dll (+2 others)
[502/863    0s] Csc Library/Bee/artifacts/1300b0aE.dag/Unity.2D.Tilemap.Extras.dll (+2 others) [CacheHit 77c2bc9c3eb1c31359b582df84ffd73100000000000000000000000000000003]
[512/863   1784995463s] Csc Library/Bee/artifacts/1300b0aE.dag/Unity.2D.Tilemap.Extras.dll (+2 others)
[503/863    0s] Csc Library/Bee/artifacts/1300b0aE.dag/Unity.VisualScripting.Core.dll (+2 others) [CacheHit a18cebcfee56c23bb51753d7005282aa00000000000000000000000000000003]
[503/863    0s] Csc Library/Bee/artifacts/1300b0aE.dag/Unity.2D.Sprite.Editor.dll (+2 others) [CacheHit cc91d9bd6ccae616822e6754535420bf00000000000000000000000000000003]
[503/863    0s] Csc Library/Bee/artifacts/1300b0aE.dag/Unity.PlasticSCM.Editor.dll (+2 others) [CacheHit 5afce90e2bb5d45d006c5f41c81fc66100000000000000000000000000000003]
[514/863   1784995463s] Csc Library/Bee/artifacts/1300b0aE.dag/Unity.VisualScripting.Core.dll (+2 others)
[516/863   1784995463s] Csc Library/Bee/artifacts/1300b0aE.dag/Unity.2D.Sprite.Editor.dll (+2 others)
[518/863   1784995463s] Csc Library/Bee/artifacts/1300b0aE.dag/Unity.PlasticSCM.Editor.dll (+2 others)
[506/863    0s] Csc Library/Bee/artifacts/1300b0aE.dag/Unity.TextMeshPro.dll (+2 others) [CacheHit fd1cc9e39b593c0eea60a12d4fad219e00000000000000000000000000000003]
[520/863   1784995463s] Csc Library/Bee/artifacts/1300b0aE.dag/Unity.TextMeshPro.dll (+2 others)
[507/863    0s] Csc Library/Bee/artifacts/1300b0aE.dag/Unity.Timeline.dll (+2 others) [CacheHit 4f04dcbdcdede38b385e9c9e00f8b0b400000000000000000000000000000003]
[522/863   1784995463s] Csc Library/Bee/artifacts/1300b0aE.dag/Unity.Timeline.dll (+2 others)
[508/863    0s] Csc Library/Bee/artifacts/1300b0aE.dag/Unity.Mathematics.dll (+2 others) [CacheHit 21b85e70400625103f5ec7f36486e74d00000000000000000000000000000003]
[524/863   1784995463s] Csc Library/Bee/artifacts/1300b0aE.dag/Unity.Mathematics.dll (+2 others)
[509/863    0s] Csc Library/Bee/artifacts/1300b0aE.dag/Unity.Burst.dll (+2 others) [CacheHit cd5e306c7d3fcb2ca63dec6e2bacfc6300000000000000000000000000000003]
[526/863   1784995463s] Csc Library/Bee/artifacts/1300b0aE.dag/Unity.Burst.dll (+2 others)
[510/863    0s] Csc Library/Bee/artifacts/1300b0aE.dag/Unity.InternalAPIEngineBridge.001.dll (+2 others) [CacheHit 23db33a6051eff62d678c462ff02c98f00000000000000000000000000000003]
[510/863    0s] Csc Library/Bee/artifacts/1300b0aE.dag/Unity.SysrootPackage.Editor.dll (+2 others) [CacheHit 492ccd6e6c1ed49b6ecb3d9be97fab0600000000000000000000000000000003]
[528/863   1784995463s] Csc Library/Bee/artifacts/1300b0aE.dag/Unity.InternalAPIEngineBridge.001.dll (+2 others)
[530/863   1784995463s] Csc Library/Bee/artifacts/1300b0aE.dag/Unity.SysrootPackage.Editor.dll (+2 others)
[512/863    0s] Csc Library/Bee/artifacts/1300b0aE.dag/Unity.2D.Common.Path.Editor.dll (+2 others) [CacheHit 97c58aa27fd9ac9afad9b2e1778e470100000000000000000000000000000003]
[532/863   1784995463s] Csc Library/Bee/artifacts/1300b0aE.dag/Unity.2D.Common.Path.Editor.dll (+2 others)
[513/863    0s] Csc Library/Bee/artifacts/1300b0aE.dag/Unity.2D.Tilemap.Editor.dll (+2 others) [CacheHit eee42668a0ffd898ff902340e6c7f1a400000000000000000000000000000003]
[534/863   1784995463s] Csc Library/Bee/artifacts/1300b0aE.dag/Unity.2D.Tilemap.Editor.dll (+2 others)
[514/863    0s] Csc Library/Bee/artifacts/1300b0aE.dag/Unity.RenderPipelines.Core.Runtime.dll (+2 others) [CacheHit 3156cb039209126a02ebea1807c7f41a00000000000000000000000000000003]
[536/863   1784995463s] Csc Library/Bee/artifacts/1300b0aE.dag/Unity.RenderPipelines.Core.Runtime.dll (+2 others)
[515/863    0s] Csc Library/Bee/artifacts/1300b0aE.dag/Unity.RenderPipelines.Core.ShaderLibrary.dll (+2 others) [CacheHit 75578171f1762bdfbe0091347c56eb8400000000000000000000000000000003]
[538/863   1784995463s] Csc Library/Bee/artifacts/1300b0aE.dag/Unity.RenderPipelines.Core.ShaderLibrary.dll (+2 others)
[516/863    0s] Csc Library/Bee/artifacts/1300b0aE.dag/Unity.Searcher.Editor.dll (+2 others) [CacheHit dec83004ae2243ed757b88e56e3801cd00000000000000000000000000000003]
[540/863   1784995463s] Csc Library/Bee/artifacts/1300b0aE.dag/Unity.Searcher.Editor.dll (+2 others)
[542/863    0s] MovedFromExtractorCombine Library/Bee/artifacts/1300b0aE.dag/Unity.Rider.Editor.dll.mvfrm
[543/863    0s] MovedFromExtractorCombine Library/Bee/artifacts/1300b0aE.dag/Unity.VisualStudio.Editor.dll.mvfrm
[544/863    0s] MovedFromExtractor Library/Bee/artifacts/mvdfrm/Unity.RenderPipelines.Universal.2D.Internal.ref.dll_B34D2D3843F239A5.mvfrm
[545/863    0s] MovedFromExtractor Library/Bee/artifacts/mvdfrm/Unity.2D.PixelPerfect.ref.dll_938343FF3C89A485.mvfrm
[546/863    0s] MovedFromExtractor Library/Bee/artifacts/mvdfrm/Unity.Mathematics.ref.dll_66DE4C1C9A03AD08.mvfrm
[547/863    0s] MovedFromExtractor Library/Bee/artifacts/mvdfrm/Unity.TextMeshPro.ref.dll_02929A3ECA791895.mvfrm
[548/863    0s] MovedFromExtractor Library/Bee/artifacts/mvdfrm/Unity.ShaderGraph.Utilities.ref.dll_BC17D64B4E058897.mvfrm
[523/863    0s] Csc Library/Bee/artifacts/1300b0aE.dag/Unity.VisualStudio.Editor.dll (+2 others) [CacheHit d467298526687546b5342099bd7baa1500000000000000000000000000000003]
[549/863   1784995463s] Csc Library/Bee/artifacts/1300b0aE.dag/Unity.VisualStudio.Editor.dll (+2 others)
[551/863    0s] MovedFromExtractor Library/Bee/artifacts/mvdfrm/Unity.2D.Sprite.Editor.ref.dll_6C8185F9E5AE014E.mvfrm
[552/863    0s] MovedFromExtractor Library/Bee/artifacts/mvdfrm/Unity.Timeline.ref.dll_16F8EA6B67022FB5.mvfrm
[527/863    0s] Csc Library/Bee/artifacts/1300b0aE.dag/Unity.Rider.Editor.dll (+2 others) [CacheHit 67d821324cd23c4e99f028588aba187800000000000000000000000000000003]
[553/863    0s] MovedFromExtractor Library/Bee/artifacts/mvdfrm/Unity.2D.Tilemap.Extras.ref.dll_B6FC041F98ADC4F1.mvfrm
[554/863   1784995463s] Csc Library/Bee/artifacts/1300b0aE.dag/Unity.Rider.Editor.dll (+2 others)
[556/863    0s] MovedFromExtractor Library/Bee/artifacts/mvdfrm/Unity.Burst.ref.dll_3835BB91EC2C0D62.mvfrm
[557/863    0s] MovedFromExtractor Library/Bee/artifacts/mvdfrm/Unity.InternalAPIEngineBridge.001.ref.dll_1873566E0FF13DFD.mvfrm
[558/863    0s] MovedFromExtractor Library/Bee/artifacts/mvdfrm/Unity.2D.Tilemap.Editor.ref.dll_C349DCD839D8880B.mvfrm
[559/863    0s] MovedFromExtractor Library/Bee/artifacts/mvdfrm/Unity.2D.Common.Path.Editor.ref.dll_B8109BDAC9536681.mvfrm
[560/863    0s] MovedFromExtractor Library/Bee/artifacts/mvdfrm/Unity.PlasticSCM.Editor.ref.dll_A558B9E65539D7D0.mvfrm
[561/863    0s] MovedFromExtractor Library/Bee/artifacts/mvdfrm/Unity.SysrootPackage.Editor.ref.dll_08B16BA041802A06.mvfrm
[562/863    0s] MovedFromExtractor Library/Bee/artifacts/mvdfrm/Unity.VisualScripting.Core.ref.dll_BF8650D11F8E519A.mvfrm
[563/863    0s] MovedFromExtractor Library/Bee/artifacts/mvdfrm/Unity.RenderPipelines.Core.Runtime.ref.dll_CA4A63933BEF3AB0.mvfrm
[564/863    0s] MovedFromExtractor Library/Bee/artifacts/mvdfrm/Unity.Searcher.Editor.ref.dll_1D712DD21DFFF248.mvfrm
[565/863    0s] MovedFromExtractorCombine Library/Bee/artifacts/1300b0aE.dag/Unity.Mathematics.Editor.dll.mvfrm
[566/863    0s] MovedFromExtractorCombine Library/Bee/artifacts/1300b0aE.dag/BlockPuzzle.Gameplay.dll.mvfrm
[567/863    0s] MovedFromExtractorCombine Library/Bee/artifacts/1300b0aE.dag/Unity.2D.Common.Runtime.dll.mvfrm
[568/863    0s] MovedFromExtractorCombine Library/Bee/artifacts/1300b0aE.dag/BlockPuzzle.Core.dll.mvfrm
[569/863    0s] MovedFromExtractorCombine Library/Bee/artifacts/1300b0aE.dag/BlockPuzzle.UI.dll.mvfrm
[570/863    0s] MovedFromExtractorCombine Library/Bee/artifacts/1300b0aE.dag/Unity.InternalAPIEditorBridge.001.dll.mvfrm
[571/863    0s] MovedFromExtractorCombine Library/Bee/artifacts/1300b0aE.dag/Unity.TextMeshPro.Editor.dll.mvfrm
[572/863    0s] MovedFromExtractorCombine Library/Bee/artifacts/1300b0aE.dag/BlockPuzzle.Managers.dll.mvfrm
[573/863    0s] MovedFromExtractorCombine Library/Bee/artifacts/1300b0aE.dag/BlockPuzzle.Bootstrap.dll.mvfrm
[574/863    0s] MovedFromExtractorCombine Library/Bee/artifacts/1300b0aE.dag/Unity.Timeline.Editor.dll.mvfrm
[575/863    0s] MovedFromExtractorCombine Library/Bee/artifacts/1300b0aE.dag/Unity.Burst.CodeGen.dll.mvfrm
[576/863    0s] MovedFromExtractorCombine Library/Bee/artifacts/1300b0aE.dag/Unity.Collections.dll.mvfrm
[577/863    0s] MovedFromExtractorCombine Library/Bee/artifacts/1300b0aE.dag/Unity.2D.IK.Runtime.dll.mvfrm
[578/863    0s] MovedFromExtractorCombine Library/Bee/artifacts/1300b0aE.dag/Unity.2D.Aseprite.Common.dll.mvfrm
[552/863    0s] Csc Library/Bee/artifacts/1300b0aE.dag/Unity.InternalAPIEditorBridge.001.dll (+2 others) [CacheHit 01d49d9d3fdb097aca4630847b71c1e600000000000000000000000000000003]
[552/863    0s] Csc Library/Bee/artifacts/1300b0aE.dag/Unity.2D.Common.Runtime.dll (+2 others) [CacheHit 9ec3708ca25bdcc7053305485331b80100000000000000000000000000000003]
[579/863   1784995464s] Csc Library/Bee/artifacts/1300b0aE.dag/Unity.InternalAPIEditorBridge.001.dll (+2 others)
[581/863   1784995464s] Csc Library/Bee/artifacts/1300b0aE.dag/Unity.2D.Common.Runtime.dll (+2 others)
[554/863    0s] Csc Library/Bee/artifacts/1300b0aE.dag/Unity.TextMeshPro.Editor.dll (+2 others) [CacheHit 40b8512b8ab7dda39dc2a1cda5da03fe00000000000000000000000000000003]
[583/863   1784995464s] Csc Library/Bee/artifacts/1300b0aE.dag/Unity.TextMeshPro.Editor.dll (+2 others)
[585/863    0s] MovedFromExtractorCombine Library/Bee/artifacts/1300b0aE.dag/Unity.Burst.Editor.dll.mvfrm
[586/863    0s] MovedFromExtractorCombine Library/Bee/artifacts/1300b0aE.dag/Unity.Sysroot.Linux_x86_64.dll.mvfrm
[557/863    0s] Csc Library/Bee/artifacts/1300b0aE.dag/Unity.Mathematics.Editor.dll (+2 others) [CacheHit cb70c6cc70c87797a12a8a87be7f6f3c00000000000000000000000000000003]
[587/863   1784995464s] Csc Library/Bee/artifacts/1300b0aE.dag/Unity.Mathematics.Editor.dll (+2 others)
[558/863    0s] Csc Library/Bee/artifacts/1300b0aE.dag/Unity.Burst.CodeGen.dll (+2 others) [CacheHit b03e8fc3aea62e899e3e379da5f102b300000000000000000000000000000003]
[589/863    0s] MovedFromExtractorCombine Library/Bee/artifacts/1300b0aE.dag/Unity.VisualScripting.Flow.dll.mvfrm
[590/863   1784995464s] Csc Library/Bee/artifacts/1300b0aE.dag/Unity.Burst.CodeGen.dll (+2 others)
[560/863    0s] Csc Library/Bee/artifacts/1300b0aE.dag/Unity.Collections.dll (+2 others) [CacheHit b51c3aaff032337c33dd19b4d952a4de00000000000000000000000000000003]
[592/863   1784995464s] Csc Library/Bee/artifacts/1300b0aE.dag/Unity.Collections.dll (+2 others)
[561/863    0s] Csc Library/Bee/artifacts/1300b0aE.dag/Unity.2D.IK.Runtime.dll (+2 others) [CacheHit c6aebba18d739762fba91ac2fa5e7aa400000000000000000000000000000003]
[594/863   1784995464s] Csc Library/Bee/artifacts/1300b0aE.dag/Unity.2D.IK.Runtime.dll (+2 others)
[596/863    0s] MovedFromExtractorCombine Library/Bee/artifacts/1300b0aE.dag/Unity.RenderPipeline.Universal.ShaderLibrary.dll.mvfrm
[597/863    0s] MovedFromExtractorCombine Library/Bee/artifacts/1300b0aE.dag/Unity.RenderPipelines.Universal.Config.Runtime.dll.mvfrm
[564/863    0s] Csc Library/Bee/artifacts/1300b0aE.dag/Unity.2D.Aseprite.Common.dll (+2 others) [CacheHit 1a40d37f47b07a40434663ca0e60166900000000000000000000000000000003]
[598/863   1784995464s] Csc Library/Bee/artifacts/1300b0aE.dag/Unity.2D.Aseprite.Common.dll (+2 others)
[565/863    0s] Csc Library/Bee/artifacts/1300b0aE.dag/Unity.Burst.Editor.dll (+2 others) [CacheHit d2adc2169858a3154895fe444339703a00000000000000000000000000000003]
[600/863   1784995464s] Csc Library/Bee/artifacts/1300b0aE.dag/Unity.Burst.Editor.dll (+2 others)
[566/863    0s] Csc Library/Bee/artifacts/1300b0aE.dag/Unity.Sysroot.Linux_x86_64.dll (+2 others) [CacheHit 94c28ccb62e06d13529d01174263ad2400000000000000000000000000000003]
[602/863   1784995464s] Csc Library/Bee/artifacts/1300b0aE.dag/Unity.Sysroot.Linux_x86_64.dll (+2 others)
[604/863    0s] MovedFromExtractorCombine Library/Bee/artifacts/1300b0aE.dag/Unity.VisualScripting.Core.Editor.dll.mvfrm
[568/863    0s] Csc Library/Bee/artifacts/1300b0aE.dag/Unity.VisualScripting.Flow.dll (+2 others) [CacheHit bb03a0947fb508ab2c48c96065c8f6c200000000000000000000000000000003]
[605/863   1784995464s] Csc Library/Bee/artifacts/1300b0aE.dag/Unity.VisualScripting.Flow.dll (+2 others)
[607/863    0s] MovedFromExtractorCombine Library/Bee/artifacts/1300b0aE.dag/PsdPlugin.dll.mvfrm
[608/863    0s] MovedFromExtractorCombine Library/Bee/artifacts/1300b0aE.dag/Unity.RenderPipelines.Core.Editor.dll.mvfrm
[609/863    0s] MovedFromExtractorCombine Library/Bee/artifacts/1300b0aE.dag/Unity.2D.Tilemap.Extras.Editor.dll.mvfrm
[572/863    0s] Csc Library/Bee/artifacts/1300b0aE.dag/Unity.RenderPipeline.Universal.ShaderLibrary.dll (+2 others) [CacheHit a7d5d3f0a1bd488e0981b404d913510800000000000000000000000000000003]
[610/863   1784995464s] Csc Library/Bee/artifacts/1300b0aE.dag/Unity.RenderPipeline.Universal.ShaderLibrary.dll (+2 others)
[612/863    0s] MovedFromExtractorCombine Library/Bee/artifacts/1300b0aE.dag/Unity.CollabProxy.Editor.dll.mvfrm
[574/863    0s] Csc Library/Bee/artifacts/1300b0aE.dag/Unity.RenderPipelines.Universal.Config.Runtime.dll (+2 others) [CacheHit c26cd95c668e6f8dc6534281fb2ea8aa00000000000000000000000000000003]
[613/863   1784995464s] Csc Library/Bee/artifacts/1300b0aE.dag/Unity.RenderPipelines.Universal.Config.Runtime.dll (+2 others)
[615/863    0s] CopyFiles Library/ScriptAssemblies/Unity.Rider.Editor.dll
[576/863    0s] Csc Library/Bee/artifacts/1300b0aE.dag/Unity.VisualScripting.Core.Editor.dll (+2 others) [CacheHit bf107a954bc2e01dce2882b31f6ad4d400000000000000000000000000000003]
[616/863   1784995464s] Csc Library/Bee/artifacts/1300b0aE.dag/Unity.VisualScripting.Core.Editor.dll (+2 others)
[577/863    0s] Csc Library/Bee/artifacts/1300b0aE.dag/PsdPlugin.dll (+2 others) [CacheHit ed722b0e463cb1814c0d7e389948792f00000000000000000000000000000003]
[618/863   1784995464s] Csc Library/Bee/artifacts/1300b0aE.dag/PsdPlugin.dll (+2 others)
[577/863    0s] Csc Library/Bee/artifacts/1300b0aE.dag/Unity.2D.Tilemap.Extras.Editor.dll (+2 others) [CacheHit 24145b8559eb6b58f1174b54ddddd2b000000000000000000000000000000003]
[620/863   1784995464s] Csc Library/Bee/artifacts/1300b0aE.dag/Unity.2D.Tilemap.Extras.Editor.dll (+2 others)
[579/863    0s] Csc Library/Bee/artifacts/1300b0aE.dag/Unity.RenderPipelines.Core.Editor.dll (+2 others) [CacheHit 4ee9b95ea4caa731e5307e6a5cfe8d9800000000000000000000000000000003]
[622/863   1784995464s] Csc Library/Bee/artifacts/1300b0aE.dag/Unity.RenderPipelines.Core.Editor.dll (+2 others)
[580/863    0s] Csc Library/Bee/artifacts/1300b0aE.dag/Unity.CollabProxy.Editor.dll (+2 others) [CacheHit ac6ff3c1c710e83c424762973e46c7c500000000000000000000000000000003]
[624/863   1784995464s] Csc Library/Bee/artifacts/1300b0aE.dag/Unity.CollabProxy.Editor.dll (+2 others)
[626/863    0s] CopyFiles Library/ScriptAssemblies/Unity.Burst.CodeGen.pdb
[627/863    0s] CopyFiles Library/ScriptAssemblies/Unity.Rider.Editor.pdb
[628/863    0s] CopyFiles Library/ScriptAssemblies/Unity.VisualStudio.Editor.pdb
[584/863    0s] Csc Library/Bee/artifacts/1300b0aE.dag/Unity.Timeline.Editor.dll (+2 others) [CacheHit 7b95194150f3d5b10def218a7c2a3dbc00000000000000000000000000000003]
[629/863   1784995464s] Csc Library/Bee/artifacts/1300b0aE.dag/Unity.Timeline.Editor.dll (+2 others)
[631/863    0s] MovedFromExtractor Library/Bee/artifacts/mvdfrm/Unity.InternalAPIEditorBridge.001.ref.dll_25F89DC3AAE256B8.mvfrm
[632/863    0s] MovedFromExtractor Library/Bee/artifacts/mvdfrm/Unity.2D.Common.Runtime.ref.dll_F7575DE93DDA2363.mvfrm
[633/863    0s] MovedFromExtractor Library/Bee/artifacts/mvdfrm/Unity.TextMeshPro.Editor.ref.dll_D0BA3615D322EF6C.mvfrm
[634/863    0s] MovedFromExtractor Library/Bee/artifacts/mvdfrm/Unity.Mathematics.Editor.ref.dll_553CFFCCE7430329.mvfrm
[635/863    0s] CopyFiles Library/ScriptAssemblies/Unity.Burst.CodeGen.dll
[636/863    0s] MovedFromExtractor Library/Bee/artifacts/mvdfrm/Unity.2D.IK.Runtime.ref.dll_8F5077191B7C25BA.mvfrm
[637/863    0s] MovedFromExtractor Library/Bee/artifacts/mvdfrm/Unity.Collections.ref.dll_E35BE511F4283487.mvfrm
[638/863    0s] CopyFiles Library/ScriptAssemblies/Unity.VisualStudio.Editor.dll
[639/863    0s] MovedFromExtractor Library/Bee/artifacts/mvdfrm/Unity.2D.Aseprite.Common.ref.dll_4A95E007616217BC.mvfrm
[640/863    0s] MovedFromExtractor Library/Bee/artifacts/mvdfrm/Unity.Sysroot.Linux_x86_64.ref.dll_0CF00D8B82A87F25.mvfrm
[641/863    0s] MovedFromExtractor Library/Bee/artifacts/mvdfrm/Unity.Burst.Editor.ref.dll_222C82CECB47A66F.mvfrm
[642/863    0s] MovedFromExtractorCombine Library/Bee/artifacts/1300b0aE.dag/Unity.2D.SpriteShape.Runtime.dll.mvfrm
[643/863    0s] MovedFromExtractor Library/Bee/artifacts/mvdfrm/Unity.VisualScripting.Flow.ref.dll_06973127A197C649.mvfrm
[644/863    0s] MovedFromExtractor Library/Bee/artifacts/mvdfrm/Unity.RenderPipelines.Universal.Config.Runtime.ref.dll_547D2080E01BE466.mvfrm
[645/863    0s] MovedFromExtractorCombine Library/Bee/artifacts/1300b0aE.dag/Unity.2D.Common.Editor.dll.mvfrm
[646/863    0s] MovedFromExtractor Library/Bee/artifacts/mvdfrm/Unity.RenderPipeline.Universal.ShaderLibrary.ref.dll_D7DD283915E480F1.mvfrm
[647/863    0s] MovedFromExtractorCombine Library/Bee/artifacts/1300b0aE.dag/BlockPuzzle.Editor.dll.mvfrm
[648/863    0s] MovedFromExtractorCombine Library/Bee/artifacts/1300b0aE.dag/Unity.2D.Animation.Runtime.dll.mvfrm
[649/863    0s] MovedFromExtractor Library/Bee/artifacts/mvdfrm/Unity.VisualScripting.Core.Editor.ref.dll_514B12BC0D1D8DB7.mvfrm
[650/863    0s] MovedFromExtractorCombine Library/Bee/artifacts/1300b0aE.dag/Unity.Collections.BurstCompatibilityGen.dll.mvfrm
[651/863    0s] MovedFromExtractor Library/Bee/artifacts/mvdfrm/Unity.RenderPipelines.Core.Editor.ref.dll_AA6E4515E60A494B.mvfrm
[652/863    0s] MovedFromExtractorCombine Library/Bee/artifacts/1300b0aE.dag/Unity.Collections.DocCodeSamples.dll.mvfrm
[607/863    0s] Csc Library/Bee/artifacts/1300b0aE.dag/Unity.2D.SpriteShape.Runtime.dll (+2 others) [CacheHit 797b6107fa9e7c6049bbc0f58c55cc1600000000000000000000000000000003]
[653/863   1784995464s] Csc Library/Bee/artifacts/1300b0aE.dag/Unity.2D.SpriteShape.Runtime.dll (+2 others)
[608/863    0s] Csc Library/Bee/artifacts/1300b0aE.dag/Unity.2D.Common.Editor.dll (+2 others) [CacheHit 384f1aa4c26853824fd1bc870670a05b00000000000000000000000000000003]
[655/863   1784995464s] Csc Library/Bee/artifacts/1300b0aE.dag/Unity.2D.Common.Editor.dll (+2 others)
[609/863    0s] Csc Library/Bee/artifacts/1300b0aE.dag/Unity.Collections.BurstCompatibilityGen.dll (+2 others) [CacheHit ef9ad5408deecb6c5a9a0a6e7fad400600000000000000000000000000000003]
[657/863   1784995464s] Csc Library/Bee/artifacts/1300b0aE.dag/Unity.Collections.BurstCompatibilityGen.dll (+2 others)
[610/863    0s] Csc Library/Bee/artifacts/1300b0aE.dag/Unity.2D.Animation.Runtime.dll (+2 others) [CacheHit 8f2f4652f4dcc775d74a9a0cef252ad500000000000000000000000000000003]
[659/863   1784995464s] Csc Library/Bee/artifacts/1300b0aE.dag/Unity.2D.Animation.Runtime.dll (+2 others)
[611/863    0s] Csc Library/Bee/artifacts/1300b0aE.dag/Unity.Collections.DocCodeSamples.dll (+2 others) [CacheHit 7a66d26a5d89fcfb0307fd0e9ed010c900000000000000000000000000000003]
[661/863   1784995464s] Csc Library/Bee/artifacts/1300b0aE.dag/Unity.Collections.DocCodeSamples.dll (+2 others)
[663/863    0s] MovedFromExtractorCombine Library/Bee/artifacts/1300b0aE.dag/Unity.Toolchain.Win-x86_64-Linux-x86_64.dll.mvfrm
[664/863    0s] MovedFromExtractorCombine Library/Bee/artifacts/1300b0aE.dag/Unity.RenderPipelines.Universal.Runtime.dll.mvfrm
[665/863    0s] MovedFromExtractorCombine Library/Bee/artifacts/1300b0aE.dag/Unity.VisualScripting.State.dll.mvfrm
[666/863    0s] MovedFromExtractorCombine Library/Bee/artifacts/1300b0aE.dag/Unity.VisualScripting.Flow.Editor.dll.mvfrm
[667/863    0s] MovedFromExtractorCombine Library/Bee/artifacts/1300b0aE.dag/Unity.ShaderGraph.Editor.dll.mvfrm
[617/863    0s] Csc Library/Bee/artifacts/1300b0aE.dag/Unity.Toolchain.Win-x86_64-Linux-x86_64.dll (+2 others) [CacheHit 08ff21332e33d482506f8dfb4155f75300000000000000000000000000000003]
[668/863   1784995464s] Csc Library/Bee/artifacts/1300b0aE.dag/Unity.Toolchain.Win-x86_64-Linux-x86_64.dll (+2 others)
[618/863    0s] Csc Library/Bee/artifacts/1300b0aE.dag/Unity.VisualScripting.State.dll (+2 others) [CacheHit 9a89bde2cfa37d85930851b9719f64f700000000000000000000000000000003]
[670/863   1784995464s] Csc Library/Bee/artifacts/1300b0aE.dag/Unity.VisualScripting.State.dll (+2 others)
[619/863    0s] Csc Library/Bee/artifacts/1300b0aE.dag/Unity.RenderPipelines.Universal.Runtime.dll (+2 others) [CacheHit f2b13bbfd79971558917b1f967c7eda500000000000000000000000000000003]
[672/863   1784995464s] Csc Library/Bee/artifacts/1300b0aE.dag/Unity.RenderPipelines.Universal.Runtime.dll (+2 others)
[620/863    0s] Csc Library/Bee/artifacts/1300b0aE.dag/Unity.VisualScripting.Flow.Editor.dll (+2 others) [CacheHit e32db90dd440f0025cc09690692ffebe00000000000000000000000000000003]
[674/863   1784995464s] Csc Library/Bee/artifacts/1300b0aE.dag/Unity.VisualScripting.Flow.Editor.dll (+2 others)
[621/863    0s] Csc Library/Bee/artifacts/1300b0aE.dag/Unity.ShaderGraph.Editor.dll (+2 others) [CacheHit a2a282faac3ed48a4c2cc7bfac8aacab00000000000000000000000000000003]
[676/863   1784995464s] Csc Library/Bee/artifacts/1300b0aE.dag/Unity.ShaderGraph.Editor.dll (+2 others)
[678/863    0s] MovedFromExtractor Library/Bee/artifacts/mvdfrm/Unity.2D.SpriteShape.Runtime.ref.dll_61D32A7E920E672E.mvfrm
[679/863    0s] MovedFromExtractor Library/Bee/artifacts/mvdfrm/Unity.2D.Common.Editor.ref.dll_4C20894B5CB48E48.mvfrm
[680/863    0s] MovedFromExtractor Library/Bee/artifacts/mvdfrm/Unity.2D.Animation.Runtime.ref.dll_4F6FC3113C736696.mvfrm
[681/863    0s] MovedFromExtractorCombine Library/Bee/artifacts/1300b0aE.dag/Unity.2D.SpriteShape.Editor.dll.mvfrm
[682/863    0s] MovedFromExtractorCombine Library/Bee/artifacts/1300b0aE.dag/Unity.2D.Animation.Editor.dll.mvfrm
[683/863    0s] MovedFromExtractor Library/Bee/artifacts/mvdfrm/Unity.VisualScripting.State.ref.dll_900B338E31D9525C.mvfrm
[684/863    0s] MovedFromExtractor Library/Bee/artifacts/mvdfrm/Unity.VisualScripting.Flow.Editor.ref.dll_CE7BFB6B1BFC18F8.mvfrm
[628/863    0s] Csc Library/Bee/artifacts/1300b0aE.dag/Unity.2D.SpriteShape.Editor.dll (+2 others) [CacheHit b0783dd7fc6bdea8a305b49a7003d49d00000000000000000000000000000003]
[685/863   1784995464s] Csc Library/Bee/artifacts/1300b0aE.dag/Unity.2D.SpriteShape.Editor.dll (+2 others)
[687/863    0s] MovedFromExtractor Library/Bee/artifacts/mvdfrm/Unity.RenderPipelines.Universal.Runtime.ref.dll_9692FC5A7F88C564.mvfrm
[631/863    0s] Csc Library/Bee/artifacts/1300b0aE.dag/Unity.2D.Animation.Editor.dll (+2 others) [CacheHit 6967775c26078c2119cfca78ff43abb400000000000000000000000000000003]
[688/863    0s] MovedFromExtractor Library/Bee/artifacts/mvdfrm/Unity.ShaderGraph.Editor.ref.dll_CA6C4521A25CEDB6.mvfrm
[689/863   1784995464s] Csc Library/Bee/artifacts/1300b0aE.dag/Unity.2D.Animation.Editor.dll (+2 others)
[691/863    0s] MovedFromExtractorCombine Library/Bee/artifacts/1300b0aE.dag/Unity.VisualScripting.SettingsProvider.Editor.dll.mvfrm
[692/863    0s] MovedFromExtractorCombine Library/Bee/artifacts/1300b0aE.dag/Unity.VisualScripting.State.Editor.dll.mvfrm
[693/863    0s] MovedFromExtractorCombine Library/Bee/artifacts/1300b0aE.dag/Unity.2D.Aseprite.Editor.dll.mvfrm
[694/863    0s] MovedFromExtractorCombine Library/Bee/artifacts/1300b0aE.dag/Unity.RenderPipelines.Universal.Editor.dll.mvfrm
[637/863    0s] Csc Library/Bee/artifacts/1300b0aE.dag/Unity.VisualScripting.State.Editor.dll (+2 others) [CacheHit aa10d72b1362321c4594114a7cf811b700000000000000000000000000000003]
[695/863   1784995464s] Csc Library/Bee/artifacts/1300b0aE.dag/Unity.VisualScripting.State.Editor.dll (+2 others)
[638/863    0s] Csc Library/Bee/artifacts/1300b0aE.dag/Unity.VisualScripting.SettingsProvider.Editor.dll (+2 others) [CacheHit 190854e70ab15600fb08366cc2ee886800000000000000000000000000000003]
[697/863   1784995464s] Csc Library/Bee/artifacts/1300b0aE.dag/Unity.VisualScripting.SettingsProvider.Editor.dll (+2 others)
[639/863    0s] Csc Library/Bee/artifacts/1300b0aE.dag/Unity.2D.Aseprite.Editor.dll (+2 others) [CacheHit 980b8a58440a848cdeaa29022f1084c900000000000000000000000000000003]
[699/863   1784995464s] Csc Library/Bee/artifacts/1300b0aE.dag/Unity.2D.Aseprite.Editor.dll (+2 others)
[640/863    0s] Csc Library/Bee/artifacts/1300b0aE.dag/Unity.RenderPipelines.Universal.Editor.dll (+2 others) [CacheHit 48c1bb23612255f403a735c05f7b176b00000000000000000000000000000003]
[701/863   1784995464s] Csc Library/Bee/artifacts/1300b0aE.dag/Unity.RenderPipelines.Universal.Editor.dll (+2 others)
[703/863    0s] Csc Library/Bee/artifacts/1300b0aE.dag/BlockPuzzle.Core.dll (+2 others)
[704/863    0s] MovedFromExtractor Library/Bee/artifacts/mvdfrm/Unity.2D.Animation.Editor.ref.dll_7684A0691EFAE0C5.mvfrm
[705/863    0s] MovedFromExtractorCombine Library/Bee/artifacts/1300b0aE.dag/Unity.2D.IK.Editor.dll.mvfrm
[706/863    0s] MovedFromExtractorCombine Library/Bee/artifacts/1300b0aE.dag/Unity.2D.Psdimporter.Editor.dll.mvfrm
[707/863    0s] MovedFromExtractor Library/Bee/artifacts/mvdfrm/Unity.VisualScripting.State.Editor.ref.dll_DC1879B0E64A8F15.mvfrm
[708/863    0s] MovedFromExtractor Library/Bee/artifacts/mvdfrm/Unity.RenderPipelines.Universal.Editor.ref.dll_ECAA9E877BE61FD7.mvfrm
[647/863    0s] Csc Library/Bee/artifacts/1300b0aE.dag/Unity.2D.IK.Editor.dll (+2 others) [CacheHit b54224d17901124a95b3c5f31a2ef55200000000000000000000000000000003]
[709/863   1784995464s] Csc Library/Bee/artifacts/1300b0aE.dag/Unity.2D.IK.Editor.dll (+2 others)
[648/863    0s] Csc Library/Bee/artifacts/1300b0aE.dag/Unity.2D.Psdimporter.Editor.dll (+2 others) [CacheHit 56858416c4755cf7cfb557272427683500000000000000000000000000000003]
[711/863   1784995464s] Csc Library/Bee/artifacts/1300b0aE.dag/Unity.2D.Psdimporter.Editor.dll (+2 others)
[713/863    0s] MovedFromExtractorCombine Library/Bee/artifacts/1300b0aE.dag/Unity.VisualScripting.Shared.Editor.dll.mvfrm
[714/863    0s] MovedFromExtractorCombine Library/Bee/artifacts/1300b0aE.dag/PPv2URPConverters.dll.mvfrm
[715/863    0s] MovedFromExtractorCombine Library/Bee/artifacts/1300b0aE.dag/Unity.2D.PixelPerfect.Editor.dll.mvfrm
[652/863    0s] Csc Library/Bee/artifacts/1300b0aE.dag/Unity.VisualScripting.Shared.Editor.dll (+2 others) [CacheHit ee9985c0394c901549924c734a7c0a3700000000000000000000000000000003]
[716/863   1784995464s] Csc Library/Bee/artifacts/1300b0aE.dag/Unity.VisualScripting.Shared.Editor.dll (+2 others)
[653/863    0s] Csc Library/Bee/artifacts/1300b0aE.dag/PPv2URPConverters.dll (+2 others) [CacheHit ed512505012512c8ccf1326cb4f504bb00000000000000000000000000000003]
[653/863    0s] Csc Library/Bee/artifacts/1300b0aE.dag/Unity.2D.PixelPerfect.Editor.dll (+2 others) [CacheHit 551c059de23ab571292fb67a08d2df3500000000000000000000000000000003]
[718/863   1784995464s] Csc Library/Bee/artifacts/1300b0aE.dag/PPv2URPConverters.dll (+2 others)
[719/863   1784995464s] Csc Library/Bee/artifacts/1300b0aE.dag/Unity.2D.PixelPerfect.Editor.dll (+2 others)
[722/863    0s] Csc Library/Bee/artifacts/1300b0aE.dag/BlockPuzzle.Gameplay.dll (+2 others)
[723/863    0s] Csc Library/Bee/artifacts/1300b0aE.dag/BlockPuzzle.Managers.dll (+2 others)
[724/863    0s] Csc Library/Bee/artifacts/1300b0aE.dag/BlockPuzzle.UI.dll (+2 others)
[725/863    0s] Csc Library/Bee/artifacts/1300b0aE.dag/BlockPuzzle.Bootstrap.dll (+2 others)
[726/863    0s] ILPP-Configuration Library/ilpp-configuration.nevergeneratedoutput
[727/863    0s] ILPostProcess Library/Bee/artifacts/1300b0aE.dag/post-processed/Unity.RenderPipelines.ShaderGraph.ShaderGraphLibrary.dll (+pdb)
Processing assembly Library/Bee/artifacts/1300b0aE.dag/Unity.RenderPipelines.ShaderGraph.ShaderGraphLibrary.dll, with 122 defines and 221 references

processors: zzzUnity.Burst.CodeGen.BurstILPostProcessor

running zzzUnity.Burst.CodeGen.BurstILPostProcessor
[728/863    0s] ILPostProcess Library/Bee/artifacts/1300b0aE.dag/post-processed/Unity.Mathematics.dll (+pdb)
Processing assembly Library/Bee/artifacts/1300b0aE.dag/Unity.Mathematics.dll, with 122 defines and 221 references

processors: zzzUnity.Burst.CodeGen.BurstILPostProcessor

running zzzUnity.Burst.CodeGen.BurstILPostProcessor
[729/863    0s] ILPostProcess Library/Bee/artifacts/1300b0aE.dag/post-processed/Unity.2D.Common.Runtime.dll (+pdb)
Processing assembly Library/Bee/artifacts/1300b0aE.dag/Unity.2D.Common.Runtime.dll, with 122 defines and 222 references

processors: zzzUnity.Burst.CodeGen.BurstILPostProcessor

running zzzUnity.Burst.CodeGen.BurstILPostProcessor
[730/863    0s] ILPostProcess Library/Bee/artifacts/1300b0aE.dag/post-processed/Unity.VisualScripting.Core.dll (+pdb)
Processing assembly Library/Bee/artifacts/1300b0aE.dag/Unity.VisualScripting.Core.dll, with 125 defines and 221 references

processors: zzzUnity.Burst.CodeGen.BurstILPostProcessor

running zzzUnity.Burst.CodeGen.BurstILPostProcessor
[731/863    0s] ILPostProcess Library/Bee/artifacts/1300b0aE.dag/post-processed/Unity.2D.Tilemap.Extras.dll (+pdb)
Processing assembly Library/Bee/artifacts/1300b0aE.dag/Unity.2D.Tilemap.Extras.dll, with 122 defines and 221 references

processors: zzzUnity.Burst.CodeGen.BurstILPostProcessor

running zzzUnity.Burst.CodeGen.BurstILPostProcessor
[732/863    0s] ILPostProcess Library/Bee/artifacts/1300b0aE.dag/post-processed/Unity.2D.PixelPerfect.dll (+pdb)
Processing assembly Library/Bee/artifacts/1300b0aE.dag/Unity.2D.PixelPerfect.dll, with 123 defines and 221 references

processors: zzzUnity.Burst.CodeGen.BurstILPostProcessor

running zzzUnity.Burst.CodeGen.BurstILPostProcessor
[733/863    0s] ILPostProcess Library/Bee/artifacts/1300b0aE.dag/post-processed/Unity.RenderPipelines.Universal.Shaders.dll (+pdb)
Processing assembly Library/Bee/artifacts/1300b0aE.dag/Unity.RenderPipelines.Universal.Shaders.dll, with 122 defines and 221 references

processors: zzzUnity.Burst.CodeGen.BurstILPostProcessor

running zzzUnity.Burst.CodeGen.BurstILPostProcessor
[734/863    0s] ILPostProcess Library/Bee/artifacts/1300b0aE.dag/post-processed/Unity.RenderPipelines.Core.ShaderLibrary.dll (+pdb)
Processing assembly Library/Bee/artifacts/1300b0aE.dag/Unity.RenderPipelines.Core.ShaderLibrary.dll, with 122 defines and 221 references

processors: zzzUnity.Burst.CodeGen.BurstILPostProcessor

running zzzUnity.Burst.CodeGen.BurstILPostProcessor
[735/863    0s] ILPostProcess Library/Bee/artifacts/1300b0aE.dag/post-processed/Unity.RenderPipelines.Core.Runtime.dll (+pdb)
Processing assembly Library/Bee/artifacts/1300b0aE.dag/Unity.RenderPipelines.Core.Runtime.dll, with 124 defines and 221 references

processors: zzzUnity.Burst.CodeGen.BurstILPostProcessor

running zzzUnity.Burst.CodeGen.BurstILPostProcessor
[736/863    0s] ILPostProcess Library/Bee/artifacts/1300b0aE.dag/post-processed/Unity.RenderPipelines.Universal.2D.Internal.dll (+pdb)
Processing assembly Library/Bee/artifacts/1300b0aE.dag/Unity.RenderPipelines.Universal.2D.Internal.dll, with 122 defines and 221 references

processors: zzzUnity.Burst.CodeGen.BurstILPostProcessor

running zzzUnity.Burst.CodeGen.BurstILPostProcessor
[737/863    0s] ILPostProcess Library/Bee/artifacts/1300b0aE.dag/post-processed/Unity.RenderPipeline.Universal.ShaderLibrary.dll (+pdb)
Processing assembly Library/Bee/artifacts/1300b0aE.dag/Unity.RenderPipeline.Universal.ShaderLibrary.dll, with 122 defines and 222 references

processors: zzzUnity.Burst.CodeGen.BurstILPostProcessor

running zzzUnity.Burst.CodeGen.BurstILPostProcessor
[738/863    0s] ILPostProcess Library/Bee/artifacts/1300b0aE.dag/post-processed/BlockPuzzle.Gameplay.dll (+pdb)
Processing assembly Library/Bee/artifacts/1300b0aE.dag/BlockPuzzle.Gameplay.dll, with 122 defines and 223 references

processors: zzzUnity.Burst.CodeGen.BurstILPostProcessor

running zzzUnity.Burst.CodeGen.BurstILPostProcessor
[739/863    0s] ILPostProcess Library/Bee/artifacts/1300b0aE.dag/post-processed/BlockPuzzle.Core.dll (+pdb)
Processing assembly Library/Bee/artifacts/1300b0aE.dag/BlockPuzzle.Core.dll, with 122 defines and 222 references

processors: zzzUnity.Burst.CodeGen.BurstILPostProcessor

running zzzUnity.Burst.CodeGen.BurstILPostProcessor
[740/863    0s] ILPostProcess Library/Bee/artifacts/1300b0aE.dag/post-processed/Unity.InternalAPIEngineBridge.001.dll (+pdb)
Processing assembly Library/Bee/artifacts/1300b0aE.dag/Unity.InternalAPIEngineBridge.001.dll, with 122 defines and 221 references

processors: zzzUnity.Burst.CodeGen.BurstILPostProcessor

running zzzUnity.Burst.CodeGen.BurstILPostProcessor
[741/863    0s] ILPostProcess Library/Bee/artifacts/1300b0aE.dag/post-processed/BlockPuzzle.Bootstrap.dll (+pdb)
Processing assembly Library/Bee/artifacts/1300b0aE.dag/BlockPuzzle.Bootstrap.dll, with 122 defines and 226 references

processors: zzzUnity.Burst.CodeGen.BurstILPostProcessor

running zzzUnity.Burst.CodeGen.BurstILPostProcessor
[742/863    0s] ILPostProcess Library/Bee/artifacts/1300b0aE.dag/post-processed/Unity.RenderPipelines.Universal.Config.Runtime.dll (+pdb)
Processing assembly Library/Bee/artifacts/1300b0aE.dag/Unity.RenderPipelines.Universal.Config.Runtime.dll, with 122 defines and 222 references

processors: zzzUnity.Burst.CodeGen.BurstILPostProcessor

running zzzUnity.Burst.CodeGen.BurstILPostProcessor
[743/863    0s] ILPostProcess Library/Bee/artifacts/1300b0aE.dag/post-processed/BlockPuzzle.Managers.dll (+pdb)
Processing assembly Library/Bee/artifacts/1300b0aE.dag/BlockPuzzle.Managers.dll, with 122 defines and 224 references

processors: zzzUnity.Burst.CodeGen.BurstILPostProcessor

running zzzUnity.Burst.CodeGen.BurstILPostProcessor
[744/863    0s] ILPostProcess Library/Bee/artifacts/1300b0aE.dag/post-processed/BlockPuzzle.UI.dll (+pdb)
Processing assembly Library/Bee/artifacts/1300b0aE.dag/BlockPuzzle.UI.dll, with 122 defines and 225 references

processors: zzzUnity.Burst.CodeGen.BurstILPostProcessor

running zzzUnity.Burst.CodeGen.BurstILPostProcessor
[745/863    0s] ILPostProcess Library/Bee/artifacts/1300b0aE.dag/post-processed/UnityEngine.UI.dll (+pdb)
Processing assembly Library/Bee/artifacts/1300b0aE.dag/UnityEngine.UI.dll, with 127 defines and 219 references

processors: zzzUnity.Burst.CodeGen.BurstILPostProcessor

running zzzUnity.Burst.CodeGen.BurstILPostProcessor
[746/863    0s] ILPostProcess Library/Bee/artifacts/1300b0aE.dag/post-processed/Unity.TextMeshPro.dll (+pdb)
Processing assembly Library/Bee/artifacts/1300b0aE.dag/Unity.TextMeshPro.dll, with 123 defines and 221 references

processors: zzzUnity.Burst.CodeGen.BurstILPostProcessor

running zzzUnity.Burst.CodeGen.BurstILPostProcessor
[747/863    0s] ILPostProcess Library/Bee/artifacts/1300b0aE.dag/post-processed/Unity.Timeline.dll (+pdb)
Processing assembly Library/Bee/artifacts/1300b0aE.dag/Unity.Timeline.dll, with 123 defines and 221 references

processors: zzzUnity.Burst.CodeGen.BurstILPostProcessor

running zzzUnity.Burst.CodeGen.BurstILPostProcessor
[748/863    0s] ILPostProcess Library/Bee/artifacts/1300b0aE.dag/post-processed/Unity.Burst.dll (+pdb)
Processing assembly Library/Bee/artifacts/1300b0aE.dag/Unity.Burst.dll, with 122 defines and 213 references

processors: zzzUnity.Burst.CodeGen.BurstILPostProcessor

running zzzUnity.Burst.CodeGen.BurstILPostProcessor
[749/863    0s] ILPostProcess Library/Bee/artifacts/1300b0aE.dag/post-processed/Unity.2D.IK.Runtime.dll (+pdb)
Processing assembly Library/Bee/artifacts/1300b0aE.dag/Unity.2D.IK.Runtime.dll, with 122 defines and 222 references

processors: zzzUnity.Burst.CodeGen.BurstILPostProcessor

running zzzUnity.Burst.CodeGen.BurstILPostProcessor
[750/863    0s] ILPostProcess Library/Bee/artifacts/1300b0aE.dag/post-processed/Unity.2D.Tilemap.Editor.dll (+pdb)
Processing assembly Library/Bee/artifacts/1300b0aE.dag/Unity.2D.Tilemap.Editor.dll, with 120 defines and 231 references

processors: zzzUnity.Burst.CodeGen.BurstILPostProcessor

running zzzUnity.Burst.CodeGen.BurstILPostProcessor
[751/863    0s] ILPostProcess Library/Bee/artifacts/1300b0aE.dag/post-processed/Unity.Sysroot.Linux_x86_64.dll (+pdb)
Processing assembly Library/Bee/artifacts/1300b0aE.dag/Unity.Sysroot.Linux_x86_64.dll, with 120 defines and 232 references

processors: zzzUnity.Burst.CodeGen.BurstILPostProcessor

running zzzUnity.Burst.CodeGen.BurstILPostProcessor
[752/863    0s] ILPostProcess Library/Bee/artifacts/1300b0aE.dag/post-processed/Unity.ShaderGraph.Utilities.dll (+pdb)
Processing assembly Library/Bee/artifacts/1300b0aE.dag/Unity.ShaderGraph.Utilities.dll, with 120 defines and 231 references

processors: zzzUnity.Burst.CodeGen.BurstILPostProcessor

running zzzUnity.Burst.CodeGen.BurstILPostProcessor
[753/863    1s] Csc Library/Bee/artifacts/1300b0aE.dag/BlockPuzzle.Editor.dll (+2 others)
[754/863    0s] ILPostProcess Library/Bee/artifacts/1300b0aE.dag/post-processed/Unity.RenderPipelines.Universal.Runtime.dll (+pdb)
Processing assembly Library/Bee/artifacts/1300b0aE.dag/Unity.RenderPipelines.Universal.Runtime.dll, with 127 defines and 227 references

processors: zzzUnity.Burst.CodeGen.BurstILPostProcessor

running zzzUnity.Burst.CodeGen.BurstILPostProcessor
[755/863    0s] ILPostProcess Library/Bee/artifacts/1300b0aE.dag/post-processed/Unity.CollabProxy.Editor.dll (+pdb)
Processing assembly Library/Bee/artifacts/1300b0aE.dag/Unity.CollabProxy.Editor.dll, with 120 defines and 232 references

processors: zzzUnity.Burst.CodeGen.BurstILPostProcessor

running zzzUnity.Burst.CodeGen.BurstILPostProcessor
[756/863    0s] ILPostProcess Library/Bee/artifacts/1300b0aE.dag/post-processed/Unity.SysrootPackage.Editor.dll (+pdb)
Processing assembly Library/Bee/artifacts/1300b0aE.dag/Unity.SysrootPackage.Editor.dll, with 120 defines and 231 references

processors: zzzUnity.Burst.CodeGen.BurstILPostProcessor

running zzzUnity.Burst.CodeGen.BurstILPostProcessor
[757/863    0s] ILPostProcess Library/Bee/artifacts/1300b0aE.dag/post-processed/Unity.2D.Animation.Runtime.dll (+pdb)
Processing assembly Library/Bee/artifacts/1300b0aE.dag/Unity.2D.Animation.Runtime.dll, with 122 defines and 226 references

processors: zzzUnity.Burst.CodeGen.BurstILPostProcessor

running zzzUnity.Burst.CodeGen.BurstILPostProcessor
[758/863    1s] ILPostProcess Library/Bee/artifacts/1300b0aE.dag/post-processed/Unity.2D.SpriteShape.Runtime.dll (+pdb)
Processing assembly Library/Bee/artifacts/1300b0aE.dag/Unity.2D.SpriteShape.Runtime.dll, with 123 defines and 224 references

processors: zzzUnity.Burst.CodeGen.BurstILPostProcessor

running zzzUnity.Burst.CodeGen.BurstILPostProcessor
[759/863    0s] ILPostProcess Library/Bee/artifacts/1300b0aE.dag/post-processed/Unity.2D.Aseprite.Common.dll (+pdb)
Processing assembly Library/Bee/artifacts/1300b0aE.dag/Unity.2D.Aseprite.Common.dll, with 120 defines and 234 references

processors: zzzUnity.Burst.CodeGen.BurstILPostProcessor

running zzzUnity.Burst.CodeGen.BurstILPostProcessor
[760/863    0s] ILPostProcess Library/Bee/artifacts/1300b0aE.dag/post-processed/Unity.VisualScripting.State.Editor.dll (+pdb)
Processing assembly Library/Bee/artifacts/1300b0aE.dag/Unity.VisualScripting.State.Editor.dll, with 120 defines and 236 references

processors: zzzUnity.Burst.CodeGen.BurstILPostProcessor

running zzzUnity.Burst.CodeGen.BurstILPostProcessor
[761/863    0s] ILPostProcess Library/Bee/artifacts/1300b0aE.dag/post-processed/Unity.2D.Aseprite.Editor.dll (+pdb)
Processing assembly Library/Bee/artifacts/1300b0aE.dag/Unity.2D.Aseprite.Editor.dll, with 121 defines and 237 references

processors: zzzUnity.Burst.CodeGen.BurstILPostProcessor

running zzzUnity.Burst.CodeGen.BurstILPostProcessor
[762/863    0s] ILPostProcess Library/Bee/artifacts/1300b0aE.dag/post-processed/Unity.Burst.Editor.dll (+pdb)
Processing assembly Library/Bee/artifacts/1300b0aE.dag/Unity.Burst.Editor.dll, with 120 defines and 232 references

processors: zzzUnity.Burst.CodeGen.BurstILPostProcessor

running zzzUnity.Burst.CodeGen.BurstILPostProcessor
[763/863    0s] ILPostProcess Library/Bee/artifacts/1300b0aE.dag/post-processed/Unity.2D.Common.Editor.dll (+pdb)
Processing assembly Library/Bee/artifacts/1300b0aE.dag/Unity.2D.Common.Editor.dll, with 120 defines and 235 references

processors: zzzUnity.Burst.CodeGen.BurstILPostProcessor

running zzzUnity.Burst.CodeGen.BurstILPostProcessor
[764/863    0s] ILPostProcess Library/Bee/artifacts/1300b0aE.dag/post-processed/Unity.2D.Common.Path.Editor.dll (+pdb)
Processing assembly Library/Bee/artifacts/1300b0aE.dag/Unity.2D.Common.Path.Editor.dll, with 120 defines and 231 references

processors: zzzUnity.Burst.CodeGen.BurstILPostProcessor

running zzzUnity.Burst.CodeGen.BurstILPostProcessor
[765/863    0s] ILPostProcess Library/Bee/artifacts/1300b0aE.dag/post-processed/Unity.InternalAPIEditorBridge.001.dll (+pdb)
Processing assembly Library/Bee/artifacts/1300b0aE.dag/Unity.InternalAPIEditorBridge.001.dll, with 120 defines and 232 references

processors: zzzUnity.Burst.CodeGen.BurstILPostProcessor

running zzzUnity.Burst.CodeGen.BurstILPostProcessor
[766/863    1s] ILPostProcess Library/Bee/artifacts/1300b0aE.dag/post-processed/Unity.Collections.dll (+pdb)
Processing assembly Library/Bee/artifacts/1300b0aE.dag/Unity.Collections.dll, with 122 defines and 223 references

processors: zzzUnity.Burst.CodeGen.BurstILPostProcessor

running zzzUnity.Burst.CodeGen.BurstILPostProcessor
[767/863    0s] ILPostProcess Library/Bee/artifacts/1300b0aE.dag/post-processed/Unity.VisualScripting.Flow.dll (+pdb)
Processing assembly Library/Bee/artifacts/1300b0aE.dag/Unity.VisualScripting.Flow.dll, with 127 defines and 222 references

processors: zzzUnity.Burst.CodeGen.BurstILPostProcessor

running zzzUnity.Burst.CodeGen.BurstILPostProcessor
[768/863    0s] ILPostProcess Library/Bee/artifacts/1300b0aE.dag/post-processed/Unity.Timeline.Editor.dll (+pdb)
Processing assembly Library/Bee/artifacts/1300b0aE.dag/Unity.Timeline.Editor.dll, with 121 defines and 232 references

processors: zzzUnity.Burst.CodeGen.BurstILPostProcessor

running zzzUnity.Burst.CodeGen.BurstILPostProcessor
[769/863    0s] ILPostProcess Library/Bee/artifacts/1300b0aE.dag/post-processed/Unity.VisualScripting.State.dll (+pdb)
Processing assembly Library/Bee/artifacts/1300b0aE.dag/Unity.VisualScripting.State.dll, with 122 defines and 223 references

processors: zzzUnity.Burst.CodeGen.BurstILPostProcessor

running zzzUnity.Burst.CodeGen.BurstILPostProcessor
[770/863    0s] ILPostProcess Library/Bee/artifacts/1300b0aE.dag/post-processed/Unity.Mathematics.Editor.dll (+pdb)
Processing assembly Library/Bee/artifacts/1300b0aE.dag/Unity.Mathematics.Editor.dll, with 120 defines and 232 references

processors: zzzUnity.Burst.CodeGen.BurstILPostProcessor

running zzzUnity.Burst.CodeGen.BurstILPostProcessor
[771/863    0s] ILPostProcess Library/Bee/artifacts/1300b0aE.dag/post-processed/Unity.VisualScripting.Flow.Editor.dll (+pdb)
Processing assembly Library/Bee/artifacts/1300b0aE.dag/Unity.VisualScripting.Flow.Editor.dll, with 120 defines and 234 references

processors: zzzUnity.Burst.CodeGen.BurstILPostProcessor

running zzzUnity.Burst.CodeGen.BurstILPostProcessor
[772/863    0s] ILPostProcess Library/Bee/artifacts/1300b0aE.dag/post-processed/Unity.Collections.DocCodeSamples.dll (+pdb)
Processing assembly Library/Bee/artifacts/1300b0aE.dag/Unity.Collections.DocCodeSamples.dll, with 120 defines and 232 references

processors: zzzUnity.Burst.CodeGen.BurstILPostProcessor

running zzzUnity.Burst.CodeGen.BurstILPostProcessor
[773/863    0s] ILPostProcess Library/Bee/artifacts/1300b0aE.dag/post-processed/UnityEditor.UI.dll (+pdb)
Processing assembly Library/Bee/artifacts/1300b0aE.dag/UnityEditor.UI.dll, with 123 defines and 230 references

processors: zzzUnity.Burst.CodeGen.BurstILPostProcessor

running zzzUnity.Burst.CodeGen.BurstILPostProcessor
[774/863    0s] ILPostProcess Library/Bee/artifacts/1300b0aE.dag/post-processed/Unity.VisualScripting.Shared.Editor.dll (+pdb)
Processing assembly Library/Bee/artifacts/1300b0aE.dag/Unity.VisualScripting.Shared.Editor.dll, with 120 defines and 237 references

processors: zzzUnity.Burst.CodeGen.BurstILPostProcessor

running zzzUnity.Burst.CodeGen.BurstILPostProcessor
[775/863    0s] ILPostProcess Library/Bee/artifacts/1300b0aE.dag/post-processed/Unity.PlasticSCM.Editor.dll (+pdb)
Processing assembly Library/Bee/artifacts/1300b0aE.dag/Unity.PlasticSCM.Editor.dll, with 120 defines and 224 references

processors: zzzUnity.Burst.CodeGen.BurstILPostProcessor

running zzzUnity.Burst.CodeGen.BurstILPostProcessor
[776/863    0s] ILPostProcess Library/Bee/artifacts/1300b0aE.dag/post-processed/Unity.Toolchain.Win-x86_64-Linux-x86_64.dll (+pdb)
Processing assembly Library/Bee/artifacts/1300b0aE.dag/Unity.Toolchain.Win-x86_64-Linux-x86_64.dll, with 120 defines and 233 references

processors: zzzUnity.Burst.CodeGen.BurstILPostProcessor

running zzzUnity.Burst.CodeGen.BurstILPostProcessor
[777/863    0s] CopyFiles Library/ScriptAssemblies/BlockPuzzle.UI.dll
[778/863    0s] CopyFiles Library/ScriptAssemblies/BlockPuzzle.Bootstrap.dll
[779/863    0s] ILPostProcess Library/Bee/artifacts/1300b0aE.dag/post-processed/Unity.2D.Sprite.Editor.dll (+pdb)
Processing assembly Library/Bee/artifacts/1300b0aE.dag/Unity.2D.Sprite.Editor.dll, with 120 defines and 231 references

processors: zzzUnity.Burst.CodeGen.BurstILPostProcessor

running zzzUnity.Burst.CodeGen.BurstILPostProcessor
[780/863    0s] ILPostProcess Library/Bee/artifacts/1300b0aE.dag/post-processed/Unity.2D.Tilemap.Extras.Editor.dll (+pdb)
Processing assembly Library/Bee/artifacts/1300b0aE.dag/Unity.2D.Tilemap.Extras.Editor.dll, with 120 defines and 233 references

processors: zzzUnity.Burst.CodeGen.BurstILPostProcessor

running zzzUnity.Burst.CodeGen.BurstILPostProcessor
[781/863    0s] CopyFiles Library/ScriptAssemblies/Unity.VisualScripting.Core.dll
[782/863    0s] CopyFiles Library/ScriptAssemblies/Unity.2D.Common.Runtime.dll
[783/863    0s] ILPostProcess Library/Bee/artifacts/1300b0aE.dag/post-processed/Unity.VisualScripting.SettingsProvider.Editor.dll (+pdb)
Processing assembly Library/Bee/artifacts/1300b0aE.dag/Unity.VisualScripting.SettingsProvider.Editor.dll, with 120 defines and 236 references

processors: zzzUnity.Burst.CodeGen.BurstILPostProcessor

running zzzUnity.Burst.CodeGen.BurstILPostProcessor
[784/863    0s] CopyFiles Library/ScriptAssemblies/Unity.RenderPipelines.Universal.2D.Internal.dll
[785/863    0s] CopyFiles Library/ScriptAssemblies/Unity.Mathematics.dll
[786/863    0s] CopyFiles Library/ScriptAssemblies/Unity.RenderPipelines.Core.ShaderLibrary.dll
[787/863    0s] CopyFiles Library/ScriptAssemblies/Unity.RenderPipelines.Universal.Config.Runtime.dll
[788/863    0s] ILPostProcess Library/Bee/artifacts/1300b0aE.dag/post-processed/PsdPlugin.dll (+pdb)
Processing assembly Library/Bee/artifacts/1300b0aE.dag/PsdPlugin.dll, with 120 defines and 232 references

processors: zzzUnity.Burst.CodeGen.BurstILPostProcessor

running zzzUnity.Burst.CodeGen.BurstILPostProcessor
[789/863    0s] CopyFiles Library/ScriptAssemblies/Unity.2D.PixelPerfect.dll
[790/863    0s] CopyFiles Library/ScriptAssemblies/Unity.2D.Tilemap.Extras.dll
[791/863    0s] CopyFiles Library/ScriptAssemblies/BlockPuzzle.Gameplay.dll
[792/863    0s] ILPostProcess Library/Bee/artifacts/1300b0aE.dag/post-processed/Unity.TextMeshPro.Editor.dll (+pdb)
Processing assembly Library/Bee/artifacts/1300b0aE.dag/Unity.TextMeshPro.Editor.dll, with 120 defines and 232 references

processors: zzzUnity.Burst.CodeGen.BurstILPostProcessor

running zzzUnity.Burst.CodeGen.BurstILPostProcessor
[793/863    0s] ILPostProcess Library/Bee/artifacts/1300b0aE.dag/post-processed/Unity.2D.IK.Editor.dll (+pdb)
Processing assembly Library/Bee/artifacts/1300b0aE.dag/Unity.2D.IK.Editor.dll, with 120 defines and 237 references

processors: zzzUnity.Burst.CodeGen.BurstILPostProcessor

running zzzUnity.Burst.CodeGen.BurstILPostProcessor
[794/863    0s] CopyFiles Library/ScriptAssemblies/Unity.InternalAPIEngineBridge.001.dll
[795/863    0s] ILPostProcess Library/Bee/artifacts/1300b0aE.dag/post-processed/Unity.2D.Psdimporter.Editor.dll (+pdb)
Processing assembly Library/Bee/artifacts/1300b0aE.dag/Unity.2D.Psdimporter.Editor.dll, with 120 defines and 240 references

processors: zzzUnity.Burst.CodeGen.BurstILPostProcessor

running zzzUnity.Burst.CodeGen.BurstILPostProcessor
[796/863    0s] ILPostProcess Library/Bee/artifacts/1300b0aE.dag/post-processed/Unity.VisualScripting.Core.Editor.dll (+pdb)
Processing assembly Library/Bee/artifacts/1300b0aE.dag/Unity.VisualScripting.Core.Editor.dll, with 120 defines and 232 references

processors: zzzUnity.Burst.CodeGen.BurstILPostProcessor

running zzzUnity.Burst.CodeGen.BurstILPostProcessor
[797/863    0s] CopyFiles Library/ScriptAssemblies/Unity.RenderPipeline.Universal.ShaderLibrary.dll
[798/863    0s] CopyFiles Library/ScriptAssemblies/Unity.RenderPipelines.Universal.Shaders.dll
[799/863    0s] CopyFiles Library/ScriptAssemblies/Unity.2D.IK.Runtime.dll
[800/863    0s] CopyFiles Library/ScriptAssemblies/Unity.Timeline.dll
[801/863    0s] CopyFiles Library/ScriptAssemblies/UnityEngine.UI.dll
[802/863    0s] CopyFiles Library/ScriptAssemblies/BlockPuzzle.Managers.dll
[803/863    0s] CopyFiles Library/ScriptAssemblies/BlockPuzzle.Core.dll
[804/863    0s] CopyFiles Library/ScriptAssemblies/Unity.RenderPipelines.ShaderGraph.ShaderGraphLibrary.dll
[805/863    0s] CopyFiles Library/ScriptAssemblies/Unity.VisualScripting.State.dll
[806/863    0s] CopyFiles Library/ScriptAssemblies/Unity.VisualScripting.Core.Editor.pdb
[807/863    0s] CopyFiles Library/ScriptAssemblies/Unity.2D.Psdimporter.Editor.pdb
[808/863    0s] CopyFiles Library/ScriptAssemblies/Unity.Collections.dll
[809/863    0s] CopyFiles Library/ScriptAssemblies/Unity.TextMeshPro.Editor.pdb
[810/863    0s] ILPostProcess Library/Bee/artifacts/1300b0aE.dag/post-processed/BlockPuzzle.Editor.dll (+pdb)
Processing assembly Library/Bee/artifacts/1300b0aE.dag/BlockPuzzle.Editor.dll, with 120 defines and 238 references

processors: zzzUnity.Burst.CodeGen.BurstILPostProcessor

running zzzUnity.Burst.CodeGen.BurstILPostProcessor
[811/863    0s] CopyFiles Library/ScriptAssemblies/BlockPuzzle.Editor.pdb
[812/863    0s] ILPostProcess Library/Bee/artifacts/1300b0aE.dag/post-processed/Unity.Collections.BurstCompatibilityGen.dll (+pdb)
Processing assembly Library/Bee/artifacts/1300b0aE.dag/Unity.Collections.BurstCompatibilityGen.dll, with 120 defines and 233 references

processors: zzzUnity.Burst.CodeGen.BurstILPostProcessor

running zzzUnity.Burst.CodeGen.BurstILPostProcessor
[813/863    0s] ILPostProcess Library/Bee/artifacts/1300b0aE.dag/post-processed/Unity.2D.SpriteShape.Editor.dll (+pdb)
Processing assembly Library/Bee/artifacts/1300b0aE.dag/Unity.2D.SpriteShape.Editor.dll, with 120 defines and 236 references

processors: zzzUnity.Burst.CodeGen.BurstILPostProcessor

running zzzUnity.Burst.CodeGen.BurstILPostProcessor
[814/863    0s] CopyFiles Library/ScriptAssemblies/Unity.2D.SpriteShape.Editor.pdb
[815/863    0s] ILPostProcess Library/Bee/artifacts/1300b0aE.dag/post-processed/Unity.2D.Animation.Editor.dll (+pdb)
Processing assembly Library/Bee/artifacts/1300b0aE.dag/Unity.2D.Animation.Editor.dll, with 120 defines and 240 references

processors: zzzUnity.Burst.CodeGen.BurstILPostProcessor

running zzzUnity.Burst.CodeGen.BurstILPostProcessor
[816/863    0s] CopyFiles Library/ScriptAssemblies/Unity.2D.Animation.Editor.pdb
[817/863    0s] CopyFiles Library/ScriptAssemblies/Unity.Burst.dll
[818/863    0s] CopyFiles Library/ScriptAssemblies/Unity.Collections.BurstCompatibilityGen.pdb
[819/863    0s] CopyFiles Library/ScriptAssemblies/Unity.2D.IK.Editor.pdb
[820/863    0s] ILPostProcess Library/Bee/artifacts/1300b0aE.dag/post-processed/Unity.RenderPipelines.Core.Editor.dll (+pdb)
Processing assembly Library/Bee/artifacts/1300b0aE.dag/Unity.RenderPipelines.Core.Editor.dll, with 121 defines and 233 references

processors: zzzUnity.Burst.CodeGen.BurstILPostProcessor

running zzzUnity.Burst.CodeGen.BurstILPostProcessor
[821/863    0s] CopyFiles Library/ScriptAssemblies/Unity.RenderPipelines.Core.Editor.pdb
[822/863    0s] CopyFiles Library/ScriptAssemblies/Unity.VisualScripting.Flow.dll
[823/863    0s] CopyFiles Library/ScriptAssemblies/PsdPlugin.pdb
[824/863    0s] CopyFiles Library/ScriptAssemblies/Unity.2D.Animation.Runtime.dll
[825/863    0s] CopyFiles Library/ScriptAssemblies/Unity.VisualScripting.SettingsProvider.Editor.pdb
[826/863    0s] CopyFiles Library/ScriptAssemblies/Unity.VisualScripting.SettingsProvider.Editor.dll
[827/863    0s] CopyFiles Library/ScriptAssemblies/Unity.2D.Tilemap.Extras.Editor.pdb
[828/863    0s] ILPostProcess Library/Bee/artifacts/1300b0aE.dag/post-processed/Unity.ShaderGraph.Editor.dll (+pdb)
Processing assembly Library/Bee/artifacts/1300b0aE.dag/Unity.ShaderGraph.Editor.dll, with 120 defines and 235 references

processors: zzzUnity.Burst.CodeGen.BurstILPostProcessor

running zzzUnity.Burst.CodeGen.BurstILPostProcessor
[829/863    0s] ILPostProcess Library/Bee/artifacts/1300b0aE.dag/post-processed/Unity.2D.PixelPerfect.Editor.dll (+pdb)
Processing assembly Library/Bee/artifacts/1300b0aE.dag/Unity.2D.PixelPerfect.Editor.dll, with 122 defines and 234 references

processors: zzzUnity.Burst.CodeGen.BurstILPostProcessor

running zzzUnity.Burst.CodeGen.BurstILPostProcessor
[830/863    0s] ILPostProcess Library/Bee/artifacts/1300b0aE.dag/post-processed/PPv2URPConverters.dll (+pdb)
Processing assembly Library/Bee/artifacts/1300b0aE.dag/PPv2URPConverters.dll, with 120 defines and 235 references

processors: zzzUnity.Burst.CodeGen.BurstILPostProcessor

running zzzUnity.Burst.CodeGen.BurstILPostProcessor
[831/863    0s] ILPostProcess Library/Bee/artifacts/1300b0aE.dag/post-processed/Unity.Searcher.Editor.dll (+pdb)
Processing assembly Library/Bee/artifacts/1300b0aE.dag/Unity.Searcher.Editor.dll, with 120 defines and 231 references

processors: zzzUnity.Burst.CodeGen.BurstILPostProcessor

running zzzUnity.Burst.CodeGen.BurstILPostProcessor
[832/863    0s] CopyFiles Library/ScriptAssemblies/Unity.2D.PixelPerfect.Editor.pdb
[833/863    0s] CopyFiles Library/ScriptAssemblies/PPv2URPConverters.pdb
[834/863    0s] CopyFiles Library/ScriptAssemblies/Unity.Searcher.Editor.pdb
[835/863    0s] CopyFiles Library/ScriptAssemblies/Unity.ShaderGraph.Editor.pdb
[836/863    0s] CopyFiles Library/ScriptAssemblies/PPv2URPConverters.dll
[837/863    0s] CopyFiles Library/ScriptAssemblies/Unity.2D.Sprite.Editor.dll
[838/863    0s] CopyFiles Library/ScriptAssemblies/Unity.2D.Sprite.Editor.pdb
[839/863    0s] CopyFiles Library/ScriptAssemblies/Unity.Toolchain.Win-x86_64-Linux-x86_64.pdb
[840/863    0s] CopyFiles Library/ScriptAssemblies/Unity.Toolchain.Win-x86_64-Linux-x86_64.dll
[841/863    0s] CopyFiles Library/ScriptAssemblies/PsdPlugin.dll
[842/863    0s] CopyFiles Library/ScriptAssemblies/Unity.PlasticSCM.Editor.pdb
[843/863    0s] CopyFiles Library/ScriptAssemblies/Unity.VisualScripting.Shared.Editor.pdb
[844/863    0s] CopyFiles Library/ScriptAssemblies/Unity.VisualScripting.Shared.Editor.dll
[845/863    0s] CopyFiles Library/ScriptAssemblies/Unity.2D.IK.Editor.dll
[846/863    0s] CopyFiles Library/ScriptAssemblies/UnityEditor.UI.pdb
[847/863    0s] CopyFiles Library/ScriptAssemblies/Unity.Collections.DocCodeSamples.dll
[848/863    0s] CopyFiles Library/ScriptAssemblies/Unity.Collections.DocCodeSamples.pdb
[849/863    0s] CopyFiles Library/ScriptAssemblies/Unity.VisualScripting.Flow.Editor.pdb
[850/863    0s] ILPostProcess Library/Bee/artifacts/1300b0aE.dag/post-processed/Unity.RenderPipelines.Universal.Editor.dll (+pdb)
Processing assembly Library/Bee/artifacts/1300b0aE.dag/Unity.RenderPipelines.Universal.Editor.dll, with 121 defines and 237 references

processors: zzzUnity.Burst.CodeGen.BurstILPostProcessor

running zzzUnity.Burst.CodeGen.BurstILPostProcessor
[851/863    0s] CopyFiles Library/ScriptAssemblies/Unity.RenderPipelines.Universal.Editor.pdb
[852/863    0s] CopyFiles Library/ScriptAssemblies/Unity.VisualScripting.Flow.Editor.dll
[853/863    0s] CopyFiles Library/ScriptAssemblies/Unity.Mathematics.Editor.pdb
[854/863    0s] CopyFiles Library/ScriptAssemblies/Unity.Mathematics.Editor.dll
[855/863    0s] CopyFiles Library/ScriptAssemblies/Unity.VisualScripting.Flow.pdb
[856/863    0s] CopyFiles Library/ScriptAssemblies/Unity.Timeline.Editor.pdb
[857/863    0s] CopyFiles Library/ScriptAssemblies/Unity.RenderPipelines.Core.Runtime.dll
[858/863    0s] CopyFiles Library/ScriptAssemblies/Unity.VisualScripting.State.pdb
[859/863    0s] CopyFiles Library/ScriptAssemblies/Unity.Collections.pdb
[860/863    0s] CopyFiles Library/ScriptAssemblies/Unity.InternalAPIEditorBridge.001.pdb
[861/863    0s] CopyFiles Library/ScriptAssemblies/Unity.InternalAPIEditorBridge.001.dll
[862/863    0s] CopyFiles Library/ScriptAssemblies/Unity.2D.Common.Path.Editor.dll
[863/863    0s] CopyFiles Library/ScriptAssemblies/Unity.2D.Common.Path.Editor.pdb
[864/863    0s] CopyFiles Library/ScriptAssemblies/Unity.VisualScripting.State.Editor.dll
[865/863    0s] CopyFiles Library/ScriptAssemblies/Unity.VisualScripting.State.Editor.pdb
[866/863    0s] CopyFiles Library/ScriptAssemblies/Unity.2D.Common.Editor.dll
[867/863    0s] CopyFiles Library/ScriptAssemblies/Unity.2D.Common.Editor.pdb
[868/863    0s] CopyFiles Library/ScriptAssemblies/Unity.2D.Aseprite.Editor.pdb
[869/863    0s] CopyFiles Library/ScriptAssemblies/Unity.2D.Aseprite.Editor.dll
[870/863    0s] CopyFiles Library/ScriptAssemblies/Unity.2D.SpriteShape.Runtime.dll
[871/863    0s] CopyFiles Library/ScriptAssemblies/Unity.Burst.Editor.pdb
[872/863    0s] CopyFiles Library/ScriptAssemblies/Unity.2D.Aseprite.Common.dll
[873/863    0s] CopyFiles Library/ScriptAssemblies/Unity.2D.Aseprite.Common.pdb
[874/863    0s] CopyFiles Library/ScriptAssemblies/BlockPuzzle.Editor.dll
[875/863    0s] CopyFiles Library/ScriptAssemblies/Unity.2D.Animation.Runtime.pdb
[876/863    0s] CopyFiles Library/ScriptAssemblies/Unity.2D.SpriteShape.Runtime.pdb
[877/863    0s] CopyFiles Library/ScriptAssemblies/Unity.SysrootPackage.Editor.pdb
[878/863    0s] CopyFiles Library/ScriptAssemblies/Unity.CollabProxy.Editor.pdb
[879/863    0s] CopyFiles Library/ScriptAssemblies/Unity.CollabProxy.Editor.dll
[880/863    0s] CopyFiles Library/ScriptAssemblies/Unity.RenderPipelines.Universal.Runtime.pdb
[881/863    0s] CopyFiles Library/ScriptAssemblies/Unity.ShaderGraph.Utilities.dll
[882/863    0s] CopyFiles Library/ScriptAssemblies/Unity.ShaderGraph.Utilities.pdb
[883/863    0s] CopyFiles Library/ScriptAssemblies/Unity.Sysroot.Linux_x86_64.dll
[884/863    0s] CopyFiles Library/ScriptAssemblies/Unity.Sysroot.Linux_x86_64.pdb
[885/863    0s] CopyFiles Library/ScriptAssemblies/Unity.2D.Tilemap.Editor.dll
[886/863    0s] CopyFiles Library/ScriptAssemblies/Unity.2D.Tilemap.Editor.pdb
[887/863    0s] CopyFiles Library/ScriptAssemblies/Unity.2D.IK.Runtime.pdb
[888/863    0s] CopyFiles Library/ScriptAssemblies/Unity.Burst.pdb
[889/863    0s] CopyFiles Library/ScriptAssemblies/Unity.2D.PixelPerfect.Editor.dll
[890/863    0s] CopyFiles Library/ScriptAssemblies/Unity.Timeline.pdb
[891/863    0s] CopyFiles Library/ScriptAssemblies/Unity.TextMeshPro.pdb
[892/863    0s] CopyFiles Library/ScriptAssemblies/UnityEngine.UI.pdb
[893/863    0s] CopyFiles Library/ScriptAssemblies/BlockPuzzle.Managers.pdb
[894/863    0s] CopyFiles Library/ScriptAssemblies/BlockPuzzle.UI.pdb
[895/863    0s] CopyFiles Library/ScriptAssemblies/BlockPuzzle.Bootstrap.pdb
[896/863    0s] CopyFiles Library/ScriptAssemblies/Unity.RenderPipelines.Universal.Config.Runtime.pdb
[897/863    0s] CopyFiles Library/ScriptAssemblies/BlockPuzzle.Core.pdb
[898/863    0s] CopyFiles Library/ScriptAssemblies/Unity.InternalAPIEngineBridge.001.pdb
[899/863    0s] CopyFiles Library/ScriptAssemblies/BlockPuzzle.Gameplay.pdb
[900/863    0s] CopyFiles Library/ScriptAssemblies/Unity.RenderPipeline.Universal.ShaderLibrary.pdb
[901/863    0s] CopyFiles Library/ScriptAssemblies/Unity.RenderPipelines.Universal.2D.Internal.pdb
[902/863    0s] CopyFiles Library/ScriptAssemblies/Unity.RenderPipelines.Core.Runtime.pdb
[903/863    0s] CopyFiles Library/ScriptAssemblies/Unity.RenderPipelines.Core.ShaderLibrary.pdb
[904/863    0s] CopyFiles Library/ScriptAssemblies/Unity.RenderPipelines.Universal.Shaders.pdb
[905/863    0s] CopyFiles Library/ScriptAssemblies/Unity.2D.PixelPerfect.pdb
[906/863    0s] CopyFiles Library/ScriptAssemblies/Unity.VisualScripting.Core.pdb
[907/863    0s] CopyFiles Library/ScriptAssemblies/Unity.2D.Tilemap.Extras.pdb
[908/863    0s] CopyFiles Library/ScriptAssemblies/Unity.2D.Common.Runtime.pdb
[909/863    0s] CopyFiles Library/ScriptAssemblies/Unity.VisualScripting.Core.Editor.dll
[910/863    0s] CopyFiles Library/ScriptAssemblies/Unity.Mathematics.pdb
[911/863    0s] CopyFiles Library/ScriptAssemblies/Unity.RenderPipelines.ShaderGraph.ShaderGraphLibrary.pdb
[912/863    0s] CopyFiles Library/ScriptAssemblies/Unity.Collections.BurstCompatibilityGen.dll
[913/863    0s] CopyFiles Library/ScriptAssemblies/Unity.Searcher.Editor.dll
[914/863    0s] CopyFiles Library/ScriptAssemblies/Unity.SysrootPackage.Editor.dll
[915/863    0s] CopyFiles Library/ScriptAssemblies/Unity.RenderPipelines.Universal.Runtime.dll
[916/863    0s] CopyFiles Library/ScriptAssemblies/Unity.TextMeshPro.dll
[917/863    0s] CopyFiles Library/ScriptAssemblies/Unity.2D.SpriteShape.Editor.dll
[918/863    0s] CopyFiles Library/ScriptAssemblies/Unity.2D.Animation.Editor.dll
[919/863    0s] CopyFiles Library/ScriptAssemblies/Unity.PlasticSCM.Editor.dll
[920/863    0s] CopyFiles Library/ScriptAssemblies/Unity.2D.Psdimporter.Editor.dll
[921/863    0s] CopyFiles Library/ScriptAssemblies/Unity.Timeline.Editor.dll
[922/863    0s] CopyFiles Library/ScriptAssemblies/Unity.2D.Tilemap.Extras.Editor.dll
[923/863    0s] CopyFiles Library/ScriptAssemblies/UnityEditor.UI.dll
[924/863    0s] CopyFiles Library/ScriptAssemblies/Unity.ShaderGraph.Editor.dll
[925/863    0s] CopyFiles Library/ScriptAssemblies/Unity.Burst.Editor.dll
[926/863    0s] CopyFiles Library/ScriptAssemblies/Unity.RenderPipelines.Universal.Editor.dll
[927/863    0s] CopyFiles Library/ScriptAssemblies/Unity.RenderPipelines.Core.Editor.dll
[928/863    0s] CopyFiles Library/ScriptAssemblies/Unity.TextMeshPro.Editor.dll
*** Tundra build success (6.96 seconds), 691 items updated, 863 evaluated
AssetDatabase: script compilation time: 8.092985s
Total cache size 268390356
Total cache size after purge 268390356
Begin MonoManager ReloadAssembly
- Loaded All Assemblies, in  8.051 seconds
Refreshing native plugins compatible for Editor in 3.09 ms, found 4 plugins.
Preloading 0 native plugins for Editor in 0.00 ms.
Refreshing native plugins compatible for Editor in 3.64 ms, found 4 plugins.
Native extension for LinuxStandalone target not found
Native extension for WindowsStandalone target not found
Native extension for Android target not found
Native extension for WebGL target not found
Mono: successfully reloaded assembly
- Finished resetting the current domain, in  2.050 seconds
Domain Reload Profiling: 10099ms
	BeginReloadAssembly (101ms)
		ExecutionOrderSort (0ms)
		DisableScriptedObjects (3ms)
		BackupInstance (0ms)
		ReleaseScriptingObjects (0ms)
		CreateAndSetChildDomain (17ms)
	RebuildCommonClasses (22ms)
	RebuildNativeTypeToScriptingClass (6ms)
	initialDomainReloadingComplete (21ms)
	LoadAllAssembliesAndSetupDomain (7898ms)
		LoadAssemblies (7803ms)
		RebuildTransferFunctionScriptingTraits (0ms)
		AnalyzeDomain (149ms)
			TypeCache.Refresh (121ms)
				TypeCache.ScanAssembly (109ms)
			ScanForSourceGeneratedMonoScriptInfo (19ms)
			ResolveRequiredComponents (8ms)
	FinalizeReload (2051ms)
		ReleaseScriptCaches (0ms)
		RebuildScriptCaches (0ms)
		SetupLoadedEditorAssemblies (1897ms)
			LogAssemblyErrors (0ms)
			InitializePlatformSupportModulesInManaged (15ms)
			SetLoadedEditorAssemblies (2ms)
			RefreshPlugins (0ms)
			BeforeProcessingInitializeOnLoad (52ms)
			ProcessInitializeOnLoadAttributes (1711ms)
			ProcessInitializeOnLoadMethodAttributes (111ms)
			AfterProcessingInitializeOnLoad (6ms)
			EditorAssembliesLoaded (0ms)
		ExecutionOrderSort2 (0ms)
		AwakeInstancesAfterBackupRestoration (4ms)
Asset Pipeline Refresh (id=5a63785c47ecfd544bb0afb8671cc97f): Total: 19.578 seconds - Initiated by InitialRefreshV2(ForceSynchronousImport)
	Summary:
		Imports: total=0 (actual=0, local cache=0, cache server=0)
		Asset DB Process Time: managed=0 ms, native=1266 ms
		Asset DB Callback time: managed=18 ms, native=0 ms
		Scripting: domain reloads=1, domain reload time=10159 ms, compile time=8096 ms, other=37 ms
		Project Asset Count: scripts=6731, non-scripts=2319
		Asset File Changes: new=0, changed=0, moved=0, deleted=0
		Scan Filter Count: 0
	InvokeBeforeRefreshCallbacks: 0.459ms
	ApplyChangesToAssetFolders: 0.043ms
	Scan: 157.729ms
	OnSourceAssetsModified: 0.001ms
	GetAllGuidsForCategorization: 0.666ms
	CategorizeAssets: 152.762ms
	ImportOutOfDateAssets: 2090.574ms (-6027.377ms without children)
		CompileScripts: 8095.680ms
		ReloadNativeAssets: 0.019ms
		UnloadImportedAssets: 18.628ms
		EnsureUptoDateAssetsAreRegisteredWithGuidPM: 2.218ms
		InitializingProgressBar: 0.001ms
		PostProcessAllAssetNotificationsAddChangedAssets: 0.000ms
		OnDemandSchedulerStart: 1.405ms
	PostProcessAllAssets: 18.633ms
	GatherAllCurrentPrimaryArtifactRevisions: 0.001ms
	UnloadStreamsBegin: 0.684ms
	PersistCurrentRevisions: 0.376ms
	UnloadStreamsEnd: 0.064ms
	GenerateScriptTypeHashes: 5.513ms
	Untracked: 17155.860ms
Application.AssetDatabase Initial Refresh End
Shader Hidden/ProbeVolume/VoxelizeScene is not supported: GPU does not support conservative rasterization
Scanning for USB devices : 7.058ms
Initializing Unity extensions:
[Licensing::Client] Successfully resolved entitlement details
[MODES] ModeService[none].Initialize
[MODES] ModeService[none].LoadModes
[MODES] Loading mode Default (0) for mode-current-id-Block Puzzle
GetVirtualKey: Could not map char: z (122) to any virtual key
GetVirtualKey: Could not map char: y (121) to any virtual key
GetVirtualKey: Could not map char: u (117) to any virtual key
GetVirtualKey: Could not map char: a (97) to any virtual key
GetVirtualKey: Could not map char: d (100) to any virtual key
GetVirtualKey: Could not map char: c (99) to any virtual key
GetVirtualKey: Could not map char: r (114) to any virtual key
GetVirtualKey: Could not map char: i (105) to any virtual key
GetVirtualKey: Could not map char: x (120) to any virtual key
GetVirtualKey: Could not map char: c (99) to any virtual key
GetVirtualKey: Could not map char: v (118) to any virtual key
GetVirtualKey: Could not map char: V (86) to any virtual key
GetVirtualKey: Could not map char: d (100) to any virtual key
GetVirtualKey: Could not map char: f (102) to any virtual key
GetVirtualKey: Could not map char: f (102) to any virtual key
GetVirtualKey: Could not map char: f (102) to any virtual key
GetVirtualKey: Could not map char: k (107) to any virtual key
GetVirtualKey: Could not map char: p (112) to any virtual key
GetVirtualKey: Could not map char: p (112) to any virtual key
GetVirtualKey: Could not map char: p (112) to any virtual key
GetVirtualKey: Could not map char: c (99) to any virtual key
GetVirtualKey: Could not map char: r (114) to any virtual key
GetVirtualKey: Could not map char: l (108) to any virtual key
GetVirtualKey: Could not map char: P (80) to any virtual key
GetVirtualKey: Could not map char: n (110) to any virtual key
GetVirtualKey: Could not map char: n (110) to any virtual key
GetVirtualKey: Could not map char: g (103) to any virtual key
GetVirtualKey: Could not map char: f (102) to any virtual key
GetVirtualKey: Could not map char: f (102) to any virtual key
GetVirtualKey: Could not map char: a (97) to any virtual key
GetVirtualKey: Could not map char: a (97) to any virtual key
GetVirtualKey: Could not map char: n (110) to any virtual key
GetVirtualKey: Could not map char: o (111) to any virtual key
GetVirtualKey: Could not map char: s (115) to any virtual key
GetVirtualKey: Could not map char: s (115) to any virtual key
GetVirtualKey: Could not map char: b (98) to any virtual key
GetVirtualKey: Could not map char: b (98) to any virtual key
GetVirtualKey: Could not map char: c (99) to any virtual key
[PhysX] Initialized MultithreadedTaskDispatcher with 20 workers.
ProgressiveSceneManager::Cancel()
Unloading 34 Unused Serialized files (Serialized files now loaded: 0)
Unloading 129 unused Assets / (1.8 MB). Loaded Objects now: 6165.
Memory consumption went from 159.6 MB to 157.9 MB.
Total: 3.677900 ms (FindLiveObjects: 0.225500 ms CreateObjectMapping: 0.140700 ms MarkObjects: 2.826900 ms  DeleteObjects: 0.484200 ms)

[PhysX] Initialized MultithreadedTaskDispatcher with 20 workers.
Unloading 12 Unused Serialized files (Serialized files now loaded: 0)
Unloading 146 unused Assets / (426.0 KB). Loaded Objects now: 6165.
Memory consumption went from 152.4 MB to 151.9 MB.
Total: 4.620800 ms (FindLiveObjects: 0.194300 ms CreateObjectMapping: 0.128100 ms MarkObjects: 4.122600 ms  DeleteObjects: 0.174800 ms)

Start importing Assets/Scenes/Game.unity using Guid(5417865e1339eb8438ad3508a1404dc5) Importer(-1,00000000000000000000000000000000) [PhysX] Initialized MultithreadedTaskDispatcher with 20 workers.
 -> (artifact id: 'db0fc2ae6d00657c8745b36d24900103') in 0.006243 seconds
Refreshing native plugins compatible for Editor in 3.27 ms, found 4 plugins.
Preloading 0 native plugins for Editor in 0.00 ms.
Asset Pipeline Refresh (id=bcf9ba1ceb4219d44ba8ce29577d53ce): Total: 0.071 seconds - Initiated by StopAssetImportingV2(NoUpdateAssetOptions)
[Block Puzzle] Android player settings applied: com.yourcompany.blockpuzzle, min API 24, target API 33, icon assigned.
UnityEngine.StackTraceUtility:ExtractStackTrace ()
UnityEngine.DebugLogHandler:LogFormat (UnityEngine.LogType,UnityEngine.Object,string,object[])
UnityEngine.Logger:Log (UnityEngine.LogType,object)
UnityEngine.Debug:Log (object)
BlockPuzzle.EditorTools.BlockPuzzleSceneBuilder:ConfigurePlayerSettings () (at Assets/_Game/Editor/BlockPuzzleSceneBuilder.cs:189)
BlockPuzzle.EditorTools.BlockPuzzleSceneBuilder:BuildAll () (at Assets/_Game/Editor/BlockPuzzleSceneBuilder.cs:53)
BlockPuzzle.EditorTools.BlockPuzzleSceneBuilder:BuildAndroid () (at Assets/_Game/Editor/BlockPuzzleSceneBuilder.cs:61)

(Filename: Assets/_Game/Editor/BlockPuzzleSceneBuilder.cs Line: 189)

Start importing ProjectSettings/ProjectSettings.asset using Guid(00000000000000004000000000000000) Importer(-1,00000000000000000000000000000000) [PhysX] Initialized MultithreadedTaskDispatcher with 20 workers.
 -> (artifact id: '99b1a16a5c9138b3ef3fa57ca1a280bc') in 0.002127 seconds
Start importing Packages/com.unity.render-pipelines.core/Editor/PostProcessing/LensFlareResource/PolygonFlareThumbnail@2x.png using Guid(0047263fa58f91d49a61936e94358829) Importer(-1,00000000000000000000000000000000) [PhysX] Initialized MultithreadedTaskDispatcher with 20 workers.
 -> (artifact id: '327d930497403410310f56e5251cae95') in 0.016297 seconds
Start importing Packages/com.unity.2d.animation/Editor/Assets/ComponentIcons/Animation.IKFabrik On@64.png using Guid(009774248359949e3b9317677c6678da) Importer(-1,00000000000000000000000000000000) [PhysX] Initialized MultithreadedTaskDispatcher with 20 workers.
 -> (artifact id: '4afd5f37b53d18ca440f5c83e882952b') in 0.011748 seconds
Start importing Packages/com.unity.2d.animation/Editor/Assets/EditorIcons/Dark/d_Copy@4x.png using Guid(00b8ce4a201871b498992f536279acf7) Importer(-1,00000000000000000000000000000000) [PhysX] Initialized MultithreadedTaskDispatcher with 20 workers.
 -> (artifact id: 'f659dbfad19e61057e5f456155180f0f') in 0.003671 seconds
Start importing Packages/com.unity.collab-proxy/Editor/Assets/Images/step2@2x.png using Guid(0029170d14ce6c04c9f45c22cdae5559) Importer(-1,00000000000000000000000000000000) [PhysX] Initialized MultithreadedTaskDispatcher with 20 workers.
 -> (artifact id: '82acfb4fc0b852bbee1321e84b04e1b9') in 0.002932 seconds
Start importing Packages/com.unity.2d.animation/Editor/Assets/EditorIcons/Selected/d_Bone.png using Guid(006a3adba8ff95144b4e779daa84bb7e) Importer(-1,00000000000000000000000000000000) [PhysX] Initialized MultithreadedTaskDispatcher with 20 workers.
 -> (artifact id: '6d69e86106e58d306e393f2fd537c853') in 0.003408 seconds
Start importing Packages/com.unity.2d.animation/Editor/Assets/EditorIcons/Light/Generate_Weights.png using Guid(007c4dbed3f8be9429c39de72ee3c2d7) Importer(-1,00000000000000000000000000000000) [PhysX] Initialized MultithreadedTaskDispatcher with 20 workers.
 -> (artifact id: '756416fc1f018b0a1eed3b8c187b4869') in 0.004631 seconds
Start importing Packages/com.unity.collab-proxy/Editor/Assets/Images/d_iconlockedremoteoverlay.png using Guid(1046ed65e6aaffb4391378f6d08d6c14) Importer(-1,00000000000000000000000000000000) [PhysX] Initialized MultithreadedTaskDispatcher with 20 workers.
 -> (artifact id: 'adc5eb9882c47ca73b2a1724d8106713') in 0.003699 seconds
Start importing Packages/com.unity.render-pipelines.universal/Textures/BlueNoise16/L/LDR_LLL1_23.png using Guid(10b6c6d22e73dea46a8ab36b6eebd629) Importer(-1,00000000000000000000000000000000) [PhysX] Initialized MultithreadedTaskDispatcher with 20 workers.
 -> (artifact id: '0cd935f2e0b4d4f23f123f92ecced2fd') in 0.002174 seconds
Start importing Packages/com.unity.render-pipelines.universal/Textures/FilmGrain/Medium01.png using Guid(1097e90e1306e26439701489f391a6c0) Importer(-1,00000000000000000000000000000000) [PhysX] Initialized MultithreadedTaskDispatcher with 20 workers.
 -> (artifact id: '8e0b43c0d1e3122d9403356c98d71bdb') in 0.006965 seconds
Start importing Packages/com.unity.2d.animation/Editor/Assets/EditorIcons/Dark/d_Parent_Bone@2x.png using Guid(1038032ed9d668e438d3f97dd8014cbb) Importer(-1,00000000000000000000000000000000) [PhysX] Initialized MultithreadedTaskDispatcher with 20 workers.
 -> (artifact id: 'b4c94600212365a95ce72fcdfc926958') in 0.006373 seconds
Start importing Packages/com.unity.2d.psdimporter/Editor/Assets/Icons/Dark/Layers Mixed@8x.png using Guid(1088bf24503634e7dbadf455fdcf78b6) Importer(-1,00000000000000000000000000000000) [PhysX] Initialized MultithreadedTaskDispatcher with 20 workers.
 -> (artifact id: '790cea206532197ea374bcd8a0d1db71') in 0.005359 seconds
Start importing Packages/com.unity.render-pipelines.universal/Editor/2D/Resources/LightCapBottomRight.png using Guid(108e201829ab4214383a5467adbc0086) Importer(-1,00000000000000000000000000000000) [PhysX] Initialized MultithreadedTaskDispatcher with 20 workers.
 -> (artifact id: 'c255b1dc2d8d75e37c73ccb528b28d46') in 0.002584 seconds
Start importing Packages/com.unity.2d.sprite/Editor/ObjectMenuCreation/DefaultAssets/Textures/v2/Capsule.png using Guid(207ee8102dd4143d288186ef0be518ee) Importer(-1,00000000000000000000000000000000) [PhysX] Initialized MultithreadedTaskDispatcher with 20 workers.
 -> (artifact id: 'd279411d8289f0baf27233e1d453ebdc') in 0.009106 seconds
Start importing Packages/com.unity.collab-proxy/Editor/Assets/Images/iconplastic.png using Guid(3042b019b052942a1baf7aa49d7ca6bb) Importer(-1,00000000000000000000000000000000) [PhysX] Initialized MultithreadedTaskDispatcher with 20 workers.
 -> (artifact id: '513c996724d665e438ea00f0fce29cae') in 0.004021 seconds
Start importing Packages/com.unity.render-pipelines.core/Editor/LookDev/Icons/CenterLight.png using Guid(3092b2985cafe0b43b1f02ce1d6829d5) Importer(-1,00000000000000000000000000000000) [PhysX] Initialized MultithreadedTaskDispatcher with 20 workers.
 -> (artifact id: 'ad8b092b17c41c9b80d608e4df09eed6') in 0.002856 seconds
Start importing Packages/com.unity.2d.animation/Editor/Assets/ComponentIcons/Animation.SpriteLibrary.png using Guid(3024cb66f112f47f599953fe508d632f) Importer(-1,00000000000000000000000000000000) [PhysX] Initialized MultithreadedTaskDispatcher with 20 workers.
 -> (artifact id: 'c9142e6921b841f6b7affa2fed7836e3') in 0.004425 seconds
Start importing Packages/com.unity.collab-proxy/Editor/Assets/Images/d_iconinviteusers.png using Guid(3094096a150921c409ef35579f2ada0f) Importer(-1,00000000000000000000000000000000) [PhysX] Initialized MultithreadedTaskDispatcher with 20 workers.
 -> (artifact id: 'd11eeccd2dfe87949a69e1b7f4d48a79') in 0.004127 seconds
Start importing Packages/com.unity.collab-proxy/Editor/Assets/Images/d_buttonssosigninemail.png using Guid(3086d66a563317b40a20a20da2c64ac0) Importer(-1,00000000000000000000000000000000) [PhysX] Initialized MultithreadedTaskDispatcher with 20 workers.
 -> (artifact id: '8866143ec8fe4b94fb23cc884a894a42') in 0.003624 seconds
Start importing Packages/com.unity.2d.animation/Editor/Assets/ComponentIcons/d_Animation.SpriteLibrary@256.png using Guid(30a9527ec1b074aca87fdc4fd12b0f0b) Importer(-1,00000000000000000000000000000000) [PhysX] Initialized MultithreadedTaskDispatcher with 20 workers.
 -> (artifact id: '0d4558e693bf7f71024b08f70fc0e4db') in 0.008114 seconds
Start importing Packages/com.unity.2d.animation/Editor/Assets/ComponentIcons/d_Animation.IKManager@32.png using Guid(305b8effee6b040328c293f518335b37) Importer(-1,00000000000000000000000000000000) [PhysX] Initialized MultithreadedTaskDispatcher with 20 workers.
 -> (artifact id: '9bd7133aa45044776a89c3d6655eb017') in 0.006006 seconds
Start importing Packages/com.unity.collab-proxy/Editor/Assets/Images/iconconflictresolvedoverlay@2x.png using Guid(309b1d5a294fd6c43ae9cf77656c1852) Importer(-1,00000000000000000000000000000000) [PhysX] Initialized MultithreadedTaskDispatcher with 20 workers.
 -> (artifact id: 'ea60ad35f4c6217f32a23e6b319f0f5a') in 0.003866 seconds
Start importing Packages/com.unity.2d.animation/Editor/Assets/ComponentIcons/d_Animation.SpriteSkin@128.png using Guid(30cc8dc04de434864a26b5fc25a7a5a4) Importer(-1,00000000000000000000000000000000) [PhysX] Initialized MultithreadedTaskDispatcher with 20 workers.
 -> (artifact id: '08aebea76c1bb6ac42d2b07914d1f88b') in 0.005914 seconds
Start importing Packages/com.unity.2d.animation/Editor/Assets/EditorIcons/Dark/d_SetPivot16.png using Guid(30fd2fefe692f4f9db682596d88c3039) Importer(-1,00000000000000000000000000000000) [PhysX] Initialized MultithreadedTaskDispatcher with 20 workers.
 -> (artifact id: 'f415c8b7d173ac0d122c3b96bab13c9e') in 0.004095 seconds
Start importing Packages/com.unity.render-pipelines.universal/Editor/2D/Resources/SceneViewIcons/ParametricLight.png using Guid(302e68dd45b9b2d4194ff0f7f454436f) Importer(-1,00000000000000000000000000000000) [PhysX] Initialized MultithreadedTaskDispatcher with 20 workers.
 -> (artifact id: '60f7dc2557ebce6011dd92af8b2b0aae') in 0.013754 seconds
Start importing Packages/com.unity.collab-proxy/Editor/Assets/Images/iconinviteusers.png using Guid(40e23f4f2fddc724db517c63f4d8990d) Importer(-1,00000000000000000000000000000000) [PhysX] Initialized MultithreadedTaskDispatcher with 20 workers.
 -> (artifact id: 'cdeca93b0be0ccd369d3a5945e2a9c9e') in 0.003054 seconds
Start importing Packages/com.unity.timeline/Editor/StyleSheets/Images/Icons/d_TimelineCollapseMarkerButtonDisabled.png using Guid(40947ddc2dd4f0d499a92d0f3675c4e8) Importer(-1,00000000000000000000000000000000) [PhysX] Initialized MultithreadedTaskDispatcher with 20 workers.
 -> (artifact id: '60227d5f597049de9290897f7e0193fe') in 0.001788 seconds
Start importing Packages/com.unity.collab-proxy/Editor/Assets/Images/iconprivateoverlay@2x.png using Guid(40685941c1361aa4a957b61174bce3f6) Importer(-1,00000000000000000000000000000000) [PhysX] Initialized MultithreadedTaskDispatcher with 20 workers.
 -> (artifact id: '395aae784700722738f6a892ff2a613d') in 0.002895 seconds
Start importing Packages/com.unity.render-pipelines.universal/Editor/2D/ShapeEditor/Resources/Path/pointHovered.png using Guid(40985c36b6cc53f4a949889c3a3e2f90) Importer(-1,00000000000000000000000000000000) [PhysX] Initialized MultithreadedTaskDispatcher with 20 workers.
 -> (artifact id: '0fe2d81c3cfade8fb4ac23e8645427f2') in 0.007894 seconds
Start importing Packages/com.unity.2d.animation/Editor/Assets/ComponentIcons/Animation.IKCCD On.png using Guid(40ca859210cd04b62bbfe0e0d5696d3b) Importer(-1,00000000000000000000000000000000) [PhysX] Initialized MultithreadedTaskDispatcher with 20 workers.
 -> (artifact id: '37a01eabd5cfd064598998412325672b') in 0.003457 seconds
Start importing Packages/com.unity.2d.animation/Editor/Assets/EditorIcons/Selected/Edit_Joints@2x.png using Guid(401d7863028c84a4988285a5389f1d79) Importer(-1,00000000000000000000000000000000) [PhysX] Initialized MultithreadedTaskDispatcher with 20 workers.
 -> (artifact id: '827b10d347d47b5995b8fe1b82b7bc91') in 0.003020 seconds
Start importing Packages/com.unity.2d.tilemap/Editor/Icons/Tilemap.ShowTilePalette@4x.png using Guid(401e910567b72dd4abf58be9f7e0518b) Importer(-1,00000000000000000000000000000000) [PhysX] Initialized MultithreadedTaskDispatcher with 20 workers.
 -> (artifact id: 'a73686b9e8dda2d73e05e4a83029882e') in 0.003787 seconds
Start importing Packages/com.unity.timeline/Editor/StyleSheets/Images/DarkSkin/TimelineStartPlayback.png using Guid(5060c9f9eb2f7ee4695b638a21d8fe01) Importer(-1,00000000000000000000000000000000) [PhysX] Initialized MultithreadedTaskDispatcher with 20 workers.
 -> (artifact id: '9bb390e6c2a10d72933926d5840f9b45') in 0.002956 seconds
Start importing Packages/com.unity.2d.animation/Editor/Assets/EditorIcons/Dark/d_Create_Vertex@3x.png using Guid(501233c9f1da3ef44b4ff7115f564d9b) Importer(-1,00000000000000000000000000000000) [PhysX] Initialized MultithreadedTaskDispatcher with 20 workers.
 -> (artifact id: 'd363634d950e45bfcdb4a884b41d28a6') in 0.003914 seconds
Start importing Packages/com.unity.2d.animation/Editor/Assets/ComponentIcons/Animation.IKCCD On@128.png using Guid(50d3cd2f336704fcf9cf5b293c10ba9c) Importer(-1,00000000000000000000000000000000) [PhysX] Initialized MultithreadedTaskDispatcher with 20 workers.
 -> (artifact id: '69ef847ec227b4291ef757b13190c1a1') in 0.005310 seconds
Start importing Packages/com.unity.render-pipelines.core/Editor/LookDev/Icons/d_Layout2@2x.png using Guid(50f7a3e9878119a4da02f38cf05d75ba) Importer(-1,00000000000000000000000000000000) [PhysX] Initialized MultithreadedTaskDispatcher with 20 workers.
 -> (artifact id: '80913c60985c04e2345f7c9a7415bd09') in 0.003095 seconds
Start importing Packages/com.unity.shadergraph/Editor/Resources/GraphView/Nodes/NodeChevronRight@2x.png using Guid(50cbcd05e61c4e54ea797ec88e91f1b0) Importer(-1,00000000000000000000000000000000) [PhysX] Initialized MultithreadedTaskDispatcher with 20 workers.
 -> (artifact id: 'ff641916e13865ec60e07fff98ebad59') in 0.002730 seconds
Start importing Packages/com.unity.2d.animation/Editor/Assets/EditorIcons/Selected/Paste.png using Guid(50eb3d76f731b5e46a7b8a0a52d93ef9) Importer(-1,00000000000000000000000000000000) [PhysX] Initialized MultithreadedTaskDispatcher with 20 workers.
 -> (artifact id: 'de6791b12f5091757efeda496088152f') in 0.002517 seconds
Start importing Packages/com.unity.timeline/Editor/StyleSheets/Images/Icons/TrackRecordButtonDisabled@2x.png using Guid(6091f9516d23100479c03bca26138bc8) Importer(-1,00000000000000000000000000000000) [PhysX] Initialized MultithreadedTaskDispatcher with 20 workers.
 -> (artifact id: '4acc968b49b3f0e8848fd38480e8005f') in 0.002080 seconds
Start importing Packages/com.unity.render-pipelines.core/Editor/Lighting/Icons/LightUnitIcons/BlueSky.png using Guid(60d4d0573fefbf24198d33863004e7f9) Importer(-1,00000000000000000000000000000000) [PhysX] Initialized MultithreadedTaskDispatcher with 20 workers.
 -> (artifact id: '344dc60e58d77f09280c0e700d2191af') in 0.002808 seconds
Start importing Packages/com.unity.2d.animation/Editor/Assets/EditorIcons/Dark/d_Sprite_Mode@3x.png using Guid(6027031a7453da24f95d0af9a2308c52) Importer(-1,00000000000000000000000000000000) [PhysX] Initialized MultithreadedTaskDispatcher with 20 workers.
 -> (artifact id: '1b85f9dddc0107f1d1ec5c42caf960f1') in 0.003716 seconds
Start importing Packages/com.unity.2d.animation/Editor/Assets/ComponentIcons/Animation.IKManager.png using Guid(60b8296fcb7d548fb845a621c6c4cbb9) Importer(-1,00000000000000000000000000000000) [PhysX] Initialized MultithreadedTaskDispatcher with 20 workers.
 -> (artifact id: 'f5525f327150d061cb581bd49ee6c8b6') in 0.003762 seconds
Start importing Packages/com.unity.collab-proxy/Editor/Assets/Images/d_refresh@2x.png using Guid(602b72d4617c3694aa94419fc1b68e04) Importer(-1,00000000000000000000000000000000) [PhysX] Initialized MultithreadedTaskDispatcher with 20 workers.
 -> (artifact id: '0779fd2e94f442f49abf9d13021d6a0a') in 0.003334 seconds
Start importing Packages/com.unity.render-pipelines.core/Editor/LookDev/Icons/d_Camera1@2x.png using Guid(603d01d730be24147adda7897e463598) Importer(-1,00000000000000000000000000000000) [PhysX] Initialized MultithreadedTaskDispatcher with 20 workers.
 -> (artifact id: 'accb31abe8c948ad52e708c48914d38a') in 0.003912 seconds
Start importing Packages/com.unity.2d.spriteshape/Editor/ObjectMenuCreation/DefaultAssets/Textures/Sprite Shape Corner.png using Guid(608e61deb05c54660bebf5a4dd2ee02d) Importer(-1,00000000000000000000000000000000) [PhysX] Initialized MultithreadedTaskDispatcher with 20 workers.
 -> (artifact id: 'eaef923d3756eac8cae0da4783d42ce3') in 0.004465 seconds
Start importing Packages/com.unity.render-pipelines.universal/Editor/2D/Resources/SceneViewIcons/SpriteLight.png using Guid(70d16a5f04690d74ab9b1ddcbefd47bb) Importer(-1,00000000000000000000000000000000) [PhysX] Initialized MultithreadedTaskDispatcher with 20 workers.
 -> (artifact id: '16c947b902fa769d347562cd3834bdca') in 0.014222 seconds
Start importing Packages/com.unity.2d.sprite/Editor/Assets/SpriteEditor@2x.png using Guid(7013f35dfb10340ecbb956ca7e17de0d) Importer(-1,00000000000000000000000000000000) [PhysX] Initialized MultithreadedTaskDispatcher with 20 workers.
 -> (artifact id: 'a9d0658b5d4413c460b4c32d966f9e4d') in 0.004289 seconds
Start importing Packages/com.unity.timeline/Editor/StyleSheets/Images/LightSkin/TimelinePlayRange.png using Guid(70e3f118652b9094885689730ad3a47b) Importer(-1,00000000000000000000000000000000) [PhysX] Initialized MultithreadedTaskDispatcher with 20 workers.
 -> (artifact id: 'cd8ad2ba8739e994b0142c11cda7327c') in 0.002316 seconds
Start importing Packages/com.unity.collab-proxy/Editor/Assets/Images/icondeletedremote@2x.png using Guid(70e3ce8ad01f39248a3ea97a35bcf238) Importer(-1,00000000000000000000000000000000) [PhysX] Initialized MultithreadedTaskDispatcher with 20 workers.
 -> (artifact id: '1a28998cf91cdf79f398caf49270cf96') in 0.003438 seconds
Start importing Packages/com.unity.2d.common/Path/Editor/Handles/TangentLinear.png using Guid(70769958773904c02bc91efe3db06047) Importer(-1,00000000000000000000000000000000) [PhysX] Initialized MultithreadedTaskDispatcher with 20 workers.
 -> (artifact id: '2fb05b925f68ddec23fe8b52d7b4f69e') in 0.003356 seconds
Start importing Packages/com.unity.2d.animation/Editor/Assets/EditorIcons/Dark/d_Create_Vertex@2x.png using Guid(80a2a0d76c01997428d4213411145e8c) Importer(-1,00000000000000000000000000000000) [PhysX] Initialized MultithreadedTaskDispatcher with 20 workers.
 -> (artifact id: 'be7049328f72e26e8820e02764b06c6e') in 0.003696 seconds
Start importing Packages/com.unity.render-pipelines.core/Editor/LookDev/Icons/CenterLight@2x.png using Guid(8063050a249eef441beb8cbbd04c086c) Importer(-1,00000000000000000000000000000000) [PhysX] Initialized MultithreadedTaskDispatcher with 20 workers.
 -> (artifact id: '1271f701c7e28b82242e98c279e943a7') in 0.003803 seconds
Start importing Packages/com.unity.2d.animation/Editor/Assets/EditorIcons/Selected/Visibility_Tool@3x.png using Guid(8004118ba4145a74e823fedaa37acf3a) Importer(-1,00000000000000000000000000000000) [PhysX] Initialized MultithreadedTaskDispatcher with 20 workers.
 -> (artifact id: '47990fe78981984ce1b8e5972acaca69') in 0.004500 seconds
Start importing Packages/com.unity.render-pipelines.core/Editor/Lighting/Icons/LightUnitIcons/d_Overcast.png using Guid(80a48b3afafdc644fb4e3319f6f19fc8) Importer(-1,00000000000000000000000000000000) [PhysX] Initialized MultithreadedTaskDispatcher with 20 workers.
 -> (artifact id: 'c0502739764d9a89777d2e857926457a') in 0.003930 seconds
Start importing Packages/com.unity.render-pipelines.core/Editor/PostProcessing/LensFlareResource/CircleFlareThumbnail.png using Guid(80b74a073fa3027458f3b3ff5346f10b) Importer(-1,00000000000000000000000000000000) [PhysX] Initialized MultithreadedTaskDispatcher with 20 workers.
 -> (artifact id: '132b4b317086124efe65df046ad8f5e5') in 0.007212 seconds
Start importing Packages/com.unity.2d.animation/Editor/Assets/EditorIcons/Selected/Sprite_Influence@2x.png using Guid(80f77a76467b24d1a856328afa989eb3) Importer(-1,00000000000000000000000000000000) [PhysX] Initialized MultithreadedTaskDispatcher with 20 workers.
 -> (artifact id: 'd53cf25163ab6ab44ae3afddcf4de21f') in 0.004025 seconds
Start importing Packages/com.unity.2d.animation/Editor/Assets/EditorIcons/Selected/d_Visibility_Hidded@4x.png using Guid(8008767850e870a4e8baaf5a6fc8b35c) Importer(-1,00000000000000000000000000000000) [PhysX] Initialized MultithreadedTaskDispatcher with 20 workers.
 -> (artifact id: '7decc33f4b111dd10c194a071fd66ae3') in 0.004468 seconds
Start importing Packages/com.unity.2d.animation/Editor/Assets/ComponentIcons/Animation.SpriteLibraryManager@64.png using Guid(8018f7f22eae14c4b8c25d466fa0d8e8) Importer(-1,00000000000000000000000000000000) [PhysX] Initialized MultithreadedTaskDispatcher with 20 workers.
 -> (artifact id: 'e13dc68d6560f83d00511b20d2b03326') in 0.004054 seconds
Start importing Packages/com.unity.2d.animation/Editor/Assets/EditorIcons/Light/Create Bones@3x.png using Guid(803b0b9bfc1fd824aae8423bfbab83b4) Importer(-1,00000000000000000000000000000000) [PhysX] Initialized MultithreadedTaskDispatcher with 20 workers.
 -> (artifact id: '8b4432b8524aab089366d2593b500d27') in 0.003387 seconds
Start importing Packages/com.unity.2d.animation/Editor/Assets/EditorIcons/Dark/d_Generate_Geometry@2x.png using Guid(80cc8d218dc9bee4091ecde845959866) Importer(-1,00000000000000000000000000000000) [PhysX] Initialized MultithreadedTaskDispatcher with 20 workers.
 -> (artifact id: 'f27a5b2e133a428e0bc559ae4f3afb7b') in 0.004024 seconds
Start importing Packages/com.unity.2d.animation/Editor/Assets/EditorIcons/Light/Split_Edge.png using Guid(900065f34a33d2e478bf93a0191f68de) Importer(-1,00000000000000000000000000000000) [PhysX] Initialized MultithreadedTaskDispatcher with 20 workers.
 -> (artifact id: 'ae9ccab575a6bac3e81f3923c378df68') in 0.004243 seconds
Start importing Packages/com.unity.render-pipelines.core/Editor/LookDev/Icons/d_LeftArrow@2x.png using Guid(90335e5423c010749a50f906b965fa54) Importer(-1,00000000000000000000000000000000) [PhysX] Initialized MultithreadedTaskDispatcher with 20 workers.
 -> (artifact id: '039344648f33fc64ec62188dad767ed4') in 0.010320 seconds
Start importing Packages/com.unity.visualscripting/Editor/VisualScripting.Core/IconMap/AnimatorMessageListener@32x.png using Guid(9059e055aa673b3469a5c2896c0b8fb5) Importer(-1,00000000000000000000000000000000) [PhysX] Initialized MultithreadedTaskDispatcher with 20 workers.
 -> (artifact id: 'a0b9bb935db07e7fabd8f6bf02887fec') in 0.005916 seconds
Start importing Packages/com.unity.2d.animation/Editor/Assets/EditorIcons/Light/Generate_Geometry@3x.png using Guid(902d611ab43afe940bd891d4a3a480f3) Importer(-1,00000000000000000000000000000000) [PhysX] Initialized MultithreadedTaskDispatcher with 20 workers.
 -> (artifact id: 'c2acca93aff1ef16e0106682f5fe5df4') in 0.004717 seconds
Start importing Packages/com.unity.collab-proxy/Editor/Assets/Images/iconretainedoverlay@2x.png using Guid(a01087ce1455c7e4c8f2410c26afcfd2) Importer(-1,00000000000000000000000000000000) [PhysX] Initialized MultithreadedTaskDispatcher with 20 workers.
 -> (artifact id: '2135ba5cedbc3eb5c20b686cba5c6ce5') in 0.003246 seconds
Start importing Packages/com.unity.2d.animation/Editor/Assets/EditorIcons/Light/Create_Vertex@2x.png using Guid(a0c33b3a6e0728343b29883d739f1322) Importer(-1,00000000000000000000000000000000) [PhysX] Initialized MultithreadedTaskDispatcher with 20 workers.
 -> (artifact id: '8299075e64b5ac9bd19f5c0e4c4af9f2') in 0.004416 seconds
Start importing Packages/com.unity.2d.animation/Editor/Assets/ComponentIcons/d_Animation.IKFabrik@256.png using Guid(a0c5bb965b60545b79734ffd6ec9f124) Importer(-1,00000000000000000000000000000000) [PhysX] Initialized MultithreadedTaskDispatcher with 20 workers.
 -> (artifact id: '280085b9aaff87623037b8f77876c031') in 0.009098 seconds
Start importing Packages/com.unity.2d.animation/Editor/Assets/ComponentIcons/d_Animation.SpriteResolver@32.png using Guid(a069762eea60d4e26b7ec2518369623c) Importer(-1,00000000000000000000000000000000) [PhysX] Initialized MultithreadedTaskDispatcher with 20 workers.
 -> (artifact id: 'edc73a8828b9fef58be7004294ff9390') in 0.004813 seconds
Start importing Packages/com.unity.render-pipelines.core/Editor/Lighting/Icons/LightUnitIcons/ClearSky@2x.png using Guid(a01d783415aa03a449e3408eb92d8505) Importer(-1,00000000000000000000000000000000) [PhysX] Initialized MultithreadedTaskDispatcher with 20 workers.
 -> (artifact id: 'f15f1df7437dc7ae2e98f654a4e3be7c') in 0.004533 seconds
Start importing Packages/com.unity.timeline/Editor/StyleSheets/Images/Shared/TimelineConnector.png using Guid(a04f1625bf500f64e97445265dfbcc93) Importer(-1,00000000000000000000000000000000) [PhysX] Initialized MultithreadedTaskDispatcher with 20 workers.
 -> (artifact id: '13b7b0e5a5b1f274f10766b9780ee7ef') in 0.002512 seconds
Start importing Packages/com.unity.timeline/Editor/StyleSheets/Images/LightSkin/TimelineHold.png using Guid(a09fd8b5d9396c24a96a6de50cddc3b9) Importer(-1,00000000000000000000000000000000) [PhysX] Initialized MultithreadedTaskDispatcher with 20 workers.
 -> (artifact id: 'f2f35074a0555f24dd3180e89773cd95') in 0.002468 seconds
Start importing Packages/com.unity.2d.tilemap/Editor/Icons/d_Tilemap.DefaultBrush@2x.png using Guid(c06100d8ae6a60d44ab25f318a154ce3) Importer(-1,00000000000000000000000000000000) [PhysX] Initialized MultithreadedTaskDispatcher with 20 workers.
 -> (artifact id: 'ea9a6009af1a01b68472828e790106b9') in 0.004660 seconds
Start importing Packages/com.unity.2d.animation/Editor/Assets/ComponentIcons/d_Animation.SpriteLibraryManager@32.png using Guid(c07475be16e5e4093a78d5271ca3abfd) Importer(-1,00000000000000000000000000000000) [PhysX] Initialized MultithreadedTaskDispatcher with 20 workers.
 -> (artifact id: '227b5e1761d6397958611d7b336492c7') in 0.004959 seconds
Start importing Packages/com.unity.render-pipelines.core/Editor/Lighting/Icons/LightUnitIcons/Overcast.png using Guid(c0e6cc200fb1dda4388b13d9f5828d06) Importer(-1,00000000000000000000000000000000) [PhysX] Initialized MultithreadedTaskDispatcher with 20 workers.
 -> (artifact id: '46d8c3c495d817baf9c74f5f1b248f6c') in 0.003234 seconds
Start importing Packages/com.unity.2d.animation/Editor/Assets/EditorIcons/Dark/d_Bone_Influence.png using Guid(c037c4c58e8d8c34ca9bf121abb7ee49) Importer(-1,00000000000000000000000000000000) [PhysX] Initialized MultithreadedTaskDispatcher with 20 workers.
 -> (artifact id: 'b30086de10d8195798b73c63fc8f83ca') in 0.004404 seconds
Start importing Packages/com.unity.render-pipelines.universal/Textures/BlueNoise256/LDR_LLL1_2.png using Guid(c06cc21c692f94f5fb5206247191eeee) Importer(-1,00000000000000000000000000000000) [PhysX] Initialized MultithreadedTaskDispatcher with 20 workers.
 -> (artifact id: 'c2d651f7832166a83858cd17ee1e5995') in 0.003252 seconds
Start importing Packages/com.unity.2d.animation/Editor/Assets/EditorIcons/Light/Parent_Bone@4x.png using Guid(d0604e80537a4ff4881a6182ae5afe7c) Importer(-1,00000000000000000000000000000000) [PhysX] Initialized MultithreadedTaskDispatcher with 20 workers.
 -> (artifact id: '7bc8f82d8f28c64b47c35b8b8a2b6bd6') in 0.004873 seconds
Start importing Packages/com.unity.2d.animation/Editor/Assets/EditorIcons/Dark/d_Generate_Geometry@3x.png using Guid(d0c7c8e72b5fcf84e9478a13bd449ae6) Importer(-1,00000000000000000000000000000000) [PhysX] Initialized MultithreadedTaskDispatcher with 20 workers.
 -> (artifact id: '177311b283c5502be6aee74d298355bc') in 0.004753 seconds
Start importing Packages/com.unity.2d.animation/Editor/Assets/EditorIcons/Dark/d_Generate_Weights@3x.png using Guid(d0e92ddf428f3da4abe78b8ef60e2a84) Importer(-1,00000000000000000000000000000000) [PhysX] Initialized MultithreadedTaskDispatcher with 20 workers.
 -> (artifact id: '86cc6f012ba185625b54f3f2aa065a92') in 0.006024 seconds
Start importing Packages/com.unity.render-pipelines.core/Editor/Lighting/Icons/LightUnitIcons/d_SoftAreaLight@2x.png using Guid(e0171afec971f2343be8d5b4b14ab6eb) Importer(-1,00000000000000000000000000000000) [PhysX] Initialized MultithreadedTaskDispatcher with 20 workers.
 -> (artifact id: '309aa340f402ffa6e760eefaa3db4766') in 0.004121 seconds
Start importing Packages/com.unity.searcher/Editor/Resources/FlatSkin/SearchSmallDownOff.png using Guid(e0f8b9d001b669a43b3c9f7b90891d96) Importer(-1,00000000000000000000000000000000) [PhysX] Initialized MultithreadedTaskDispatcher with 20 workers.
 -> (artifact id: 'a7b39d856edcbd854747b59d77bcf9e9') in 0.002478 seconds
Start importing Packages/com.unity.textmeshpro/Editor Resources/Textures/btn_AlignRight_Light.psd using Guid(e05ace3bd15740cda0bad60d89092a5b) Importer(-1,00000000000000000000000000000000) [PhysX] Initialized MultithreadedTaskDispatcher with 20 workers.
 -> (artifact id: '7fee323c05162843d1ca1e7703419e78') in 0.010878 seconds
Start importing Packages/com.unity.render-pipelines.core/Editor/LookDev/Icons/LeftArrow@2x.png using Guid(f0106cef986be534181a8582cffd29da) Importer(-1,00000000000000000000000000000000) [PhysX] Initialized MultithreadedTaskDispatcher with 20 workers.
 -> (artifact id: 'd3f098e4a5617f17010d888f6737f776') in 0.003840 seconds
Start importing Packages/com.unity.render-pipelines.core/Editor/PostProcessing/LensFlareResource/PolygonFlareThumbnail.png using Guid(f0326f07dd50365439f552e7f29218e5) Importer(-1,00000000000000000000000000000000) [PhysX] Initialized MultithreadedTaskDispatcher with 20 workers.
 -> (artifact id: '5b99d77e7a3fe97046b3727f2e6960c9') in 0.006727 seconds
Start importing Packages/com.unity.2d.animation/Editor/Assets/EditorIcons/Selected/Visibility_Tool@4x.png using Guid(f082e69f825d0aa44b687e592731c0a8) Importer(-1,00000000000000000000000000000000) [PhysX] Initialized MultithreadedTaskDispatcher with 20 workers.
 -> (artifact id: 'ec7c123583c9716bb3ce47587a8833d7') in 0.003919 seconds
Start importing Packages/com.unity.render-pipelines.universal/Textures/FilmGrain/Medium02.png using Guid(f0b67500f7fad3b4c9f2b13e8f41ba6e) Importer(-1,00000000000000000000000000000000) [PhysX] Initialized MultithreadedTaskDispatcher with 20 workers.
 -> (artifact id: 'be9093f98277ea20c7bda0c05ffc2100') in 0.006975 seconds
Start importing Packages/com.unity.timeline/Editor/StyleSheets/Images/Icons/TrackCurvesButtonDisabled.png using Guid(f0f8ff8921b22a74a8c79d955ace248d) Importer(-1,00000000000000000000000000000000) [PhysX] Initialized MultithreadedTaskDispatcher with 20 workers.
 -> (artifact id: '53a4ae319cad289efda3d795bed2a3a0') in 0.002364 seconds
Start importing Packages/com.unity.visualscripting/Editor/VisualScripting.Core/IconMap/State@32x.png using Guid(f02ed452c3e0d1e448429a89e1773fd7) Importer(-1,00000000000000000000000000000000) [PhysX] Initialized MultithreadedTaskDispatcher with 20 workers.
 -> (artifact id: '9d1de907ebaf2840d04e52843ddbf8fd') in 0.005254 seconds
Start importing Packages/com.unity.collab-proxy/Editor/Assets/Images/buttonssosigningoogle.png using Guid(f09eae8c0ea04254b90c5386a034a225) Importer(-1,00000000000000000000000000000000) [PhysX] Initialized MultithreadedTaskDispatcher with 20 workers.
 -> (artifact id: 'be5a828b57f92d894ae06b9d9df48bc4') in 0.003530 seconds
Start importing Packages/com.unity.2d.animation/Editor/Assets/EditorIcons/Selected/d_Visibility_Tool@4x.png using Guid(0167a2d235421ca4f8095daaa1defd4f) Importer(-1,00000000000000000000000000000000) [PhysX] Initialized MultithreadedTaskDispatcher with 20 workers.
 -> (artifact id: '9c6ca570acf1969ae43faeb62d391bdf') in 0.004601 seconds
Start importing Packages/com.unity.2d.animation/Editor/Assets/ComponentIcons/d_Animation.SpriteLibrary@64.png using Guid(01e72f012aab14abcadc8f12c615e6d6) Importer(-1,00000000000000000000000000000000) [PhysX] Initialized MultithreadedTaskDispatcher with 20 workers.
 -> (artifact id: 'e3528e17c162d385093dabb406924233') in 0.004896 seconds
Start importing Packages/com.unity.2d.animation/Editor/Assets/EditorIcons/Light/Edit_Joints@4x.png using Guid(11030f66cab4dcd4c989fe1de7a7c79c) Importer(-1,00000000000000000000000000000000) [PhysX] Initialized MultithreadedTaskDispatcher with 20 workers.
 -> (artifact id: 'd4ee1d72590cc677d4ad3633de515f67') in 0.003786 seconds
Start importing Packages/com.unity.render-pipelines.universal/Textures/BlueNoise16/L/LDR_LLL1_2.png using Guid(1134690bf9216164dbc75050e35b7900) Importer(-1,00000000000000000000000000000000) [PhysX] Initialized MultithreadedTaskDispatcher with 20 workers.
 -> (artifact id: 'c9e23cffd272e88c6ed78f41c295a8c7') in 0.002048 seconds
Start importing Packages/com.unity.2d.animation/Editor/Assets/ComponentIcons/d_ErrorIcon_Small@2x.png using Guid(11e6f279ade864c6d951e8db74c11b54) Importer(-1,00000000000000000000000000000000) [PhysX] Initialized MultithreadedTaskDispatcher with 20 workers.
 -> (artifact id: '1bf4342a5b9f8b0c257c9fc1cda651bf') in 0.003882 seconds
Start importing Packages/com.unity.2d.animation/Editor/Assets/EditorIcons/Selected/Generate_Geometry@2x.png using Guid(114d4aa7bb14433489b942bb28ff6183) Importer(-1,00000000000000000000000000000000) [PhysX] Initialized MultithreadedTaskDispatcher with 20 workers.
 -> (artifact id: '46dce76259e85d871c7f9213ba6c4cd9') in 0.003748 seconds
Start importing Packages/com.unity.render-pipelines.universal/Textures/2D/Sparkle.png using Guid(119f93d0bcbf1e743bf5fcf237507d39) Importer(-1,00000000000000000000000000000000) [PhysX] Initialized MultithreadedTaskDispatcher with 20 workers.
 -> (artifact id: '2b7881f00daf6a24486154a7b5d605be') in 0.005366 seconds
Start importing Packages/com.unity.2d.animation/Editor/Assets/EditorIcons/Light/Split_Edge@4x.png using Guid(21d43e7114c758c49886cb9fc604dd66) Importer(-1,00000000000000000000000000000000) [PhysX] Initialized MultithreadedTaskDispatcher with 20 workers.
 -> (artifact id: 'dc5b6970c82fa966b46c4f1e8b98aa9d') in 0.003954 seconds
Start importing Packages/com.unity.2d.animation/Editor/Assets/EditorIcons/Light/Visibility_Tool@4x.png using Guid(216c53aef79eaaf40a1800cc5e542dc3) Importer(-1,00000000000000000000000000000000) [PhysX] Initialized MultithreadedTaskDispatcher with 20 workers.
 -> (artifact id: 'c2aeaca72dfccb78ca529b0899ccccdf') in 0.004275 seconds
Start importing Packages/com.unity.2d.animation/Editor/Assets/EditorIcons/Dark/d_Weight_Slider@3x.png using Guid(3120ec2beffde56499fe86f755fc25b9) Importer(-1,00000000000000000000000000000000) [PhysX] Initialized MultithreadedTaskDispatcher with 20 workers.
 -> (artifact id: '6f4bd5f89bea721a4beb54fc909c8a21') in 0.003809 seconds
Start importing Packages/com.unity.shadergraph/Editor/Resources/Icons/settings_button.png using Guid(3140f217cba5a6f4ca8d41675ac44819) Importer(-1,00000000000000000000000000000000) [PhysX] Initialized MultithreadedTaskDispatcher with 20 workers.
 -> (artifact id: '571a992a31cbde22d486fe18ed0a8140') in 0.003406 seconds
Start importing Packages/com.unity.2d.animation/Editor/Assets/ComponentIcons/Animation.SpriteResolver.png using Guid(31d22d44ff25f4a5c95ac4842b5fb74f) Importer(-1,00000000000000000000000000000000) [PhysX] Initialized MultithreadedTaskDispatcher with 20 workers.
 -> (artifact id: '2f3e3096e197f59053e8e305778a8d86') in 0.003006 seconds
Start importing Packages/com.unity.2d.animation/Editor/Assets/EditorIcons/Light/Create_Vertex.png using Guid(31f371f2dfe50c34081023094aed72c3) Importer(-1,00000000000000000000000000000000) [PhysX] Initialized MultithreadedTaskDispatcher with 20 workers.
 -> (artifact id: 'c5a415463440cf21a61c5c38fb22c5ce') in 0.004190 seconds
Start importing Packages/com.unity.2d.psdimporter/Editor/Assets/Icons/Selected/Layers Separated@4x.png using Guid(3117700da371f4f3b932c026b648284d) Importer(-1,00000000000000000000000000000000) [PhysX] Initialized MultithreadedTaskDispatcher with 20 workers.
 -> (artifact id: '6627a0e1783c9dbba2e4b315bcba3040') in 0.003708 seconds
Start importing Packages/com.unity.collab-proxy/Editor/Assets/Images/d_iconplasticview@2x.png using Guid(3168140d6f409d0448447f18568d9482) Importer(-1,00000000000000000000000000000000) [PhysX] Initialized MultithreadedTaskDispatcher with 20 workers.
 -> (artifact id: '4f231ac0d8379ccd4207fa1580db504d') in 0.003773 seconds
Start importing Packages/com.unity.2d.sprite/Editor/ObjectMenuCreation/DefaultAssets/Textures/v2/Square.png using Guid(311925a002f4447b3a28927169b83ea6) Importer(-1,00000000000000000000000000000000) [PhysX] Initialized MultithreadedTaskDispatcher with 20 workers.
 -> (artifact id: '16814216d3f5bb021348089a77ca1928') in 0.005489 seconds
Start importing Packages/com.unity.2d.animation/Editor/Assets/EditorIcons/Dark/d_Copy@2x.png using Guid(312df9440efd5df4ea8f6c98591d6b96) Importer(-1,00000000000000000000000000000000) [PhysX] Initialized MultithreadedTaskDispatcher with 20 workers.
 -> (artifact id: 'b1e8059e9f6573019628005c5ca9f441') in 0.004116 seconds
Start importing Packages/com.unity.timeline/Editor/StyleSheets/Images/LightSkin/TimelineIconClipIn.png using Guid(4171b549947246b4f9579419d5698a7e) Importer(-1,00000000000000000000000000000000) [PhysX] Initialized MultithreadedTaskDispatcher with 20 workers.
 -> (artifact id: '544280d749102c5afdf266ba89bb02b1') in 0.002184 seconds
Start importing Packages/com.unity.2d.animation/Editor/Assets/EditorIcons/Selected/Generate_Geometry.png using Guid(41842964c48860f46b45e7b3d5986e07) Importer(-1,00000000000000000000000000000000) [PhysX] Initialized MultithreadedTaskDispatcher with 20 workers.
 -> (artifact id: 'e5aacb17d750afeb43d145b9eaeab324') in 0.002989 seconds
Start importing Packages/com.unity.render-pipelines.core/Editor/Lighting/Icons/LightUnitIcons/Moonlight.png using Guid(41c40f1973262eb41a56a66faaf2154d) Importer(-1,00000000000000000000000000000000) [PhysX] Initialized MultithreadedTaskDispatcher with 20 workers.
 -> (artifact id: 'ba23fcbc88957b1e9a722118d9d1ad75') in 0.003893 seconds
Start importing Packages/com.unity.textmeshpro/Editor Resources/Textures/btn_AlignMiddle.psd using Guid(41b96614b2e6494ba995ddcd252d11ae) Importer(-1,00000000000000000000000000000000) [PhysX] Initialized MultithreadedTaskDispatcher with 20 workers.
 -> (artifact id: '76dddc553c24f4adbee0fc51c35d7536') in 0.002297 seconds
Start importing Packages/com.unity.timeline/Editor/StyleSheets/Images/Icons/d_TimelineEditModeRippleOFF.png using Guid(411e6f19c19fa0546af83aeb59c2ed4b) Importer(-1,00000000000000000000000000000000) [PhysX] Initialized MultithreadedTaskDispatcher with 20 workers.
 -> (artifact id: '0ee5fc9d88c7fa32acb718af6ff714fb') in 0.002365 seconds
Start importing Packages/com.unity.timeline/Editor/StyleSheets/Images/DarkSkin/TimelineDisabledBackground.png using Guid(412f73153f3a3c549b67b2a847741145) Importer(-1,00000000000000000000000000000000) [PhysX] Initialized MultithreadedTaskDispatcher with 20 workers.
 -> (artifact id: '87abb1077ed967d31cd74a6e33aeb229') in 0.002197 seconds
Start importing Packages/com.unity.2d.animation/Editor/Assets/EditorIcons/Selected/SetPivot128.png using Guid(51e0c1c1bb4924d41bab2ecec79e8956) Importer(-1,00000000000000000000000000000000) [PhysX] Initialized MultithreadedTaskDispatcher with 20 workers.
 -> (artifact id: '4f9135861fc8c0525fe6667d1854e880') in 0.004519 seconds
Start importing Packages/com.unity.2d.animation/Editor/Assets/ComponentIcons/Animation.IKCCD@128.png using Guid(5156a72be078d4d0e8593843cdc34294) Importer(-1,00000000000000000000000000000000) [PhysX] Initialized MultithreadedTaskDispatcher with 20 workers.
 -> (artifact id: '69241ea5efa6c12f89bc141e58364247') in 0.005336 seconds
Start importing Packages/com.unity.collab-proxy/Editor/Assets/Images/d_iconplasticnotifyconflict.png using Guid(51582ae5ea51fa14996791a550f89473) Importer(-1,00000000000000000000000000000000) [PhysX] Initialized MultithreadedTaskDispatcher with 20 workers.
 -> (artifact id: '97971fabe9552756ad4be1c2a66cfd4d') in 0.003702 seconds
Start importing Packages/com.unity.2d.tilemap/Editor/Icons/Grid.RotateACW@2x.png using Guid(51b8cbcbf34a36243a954f42c5d344fc) Importer(-1,00000000000000000000000000000000) [PhysX] Initialized MultithreadedTaskDispatcher with 20 workers.
 -> (artifact id: '1c75548d6c8f98139cf66c956656152d') in 0.004035 seconds
Start importing Packages/com.unity.render-pipelines.universal/Textures/FilmGrain/Medium05.png using Guid(510a2f57334933e4a8dbabe4c30204e4) Importer(-1,00000000000000000000000000000000) [PhysX] Initialized MultithreadedTaskDispatcher with 20 workers.
 -> (artifact id: 'ff6d78b00c055e83e5ee8e3fab2c3805') in 0.006750 seconds
Start importing Packages/com.unity.timeline/Editor/StyleSheets/Images/Icons/TrackMuteButtonEnabled@2x.png using Guid(512aaee9b220348408a2e518f98d6e14) Importer(-1,00000000000000000000000000000000) [PhysX] Initialized MultithreadedTaskDispatcher with 20 workers.
 -> (artifact id: 'cf73ce0662fca2ce46a5a436a5e34fcd') in 0.003600 seconds
Start importing Packages/com.unity.render-pipelines.core/Editor/LookDev/Icons/Environment@2x.png using Guid(515b65dc95319f3409d6b0b5f866ac33) Importer(-1,00000000000000000000000000000000) [PhysX] Initialized MultithreadedTaskDispatcher with 20 workers.
 -> (artifact id: '951f41174b06da66df159be826a427e7') in 0.004784 seconds
Start importing Packages/com.unity.2d.animation/Editor/Assets/EditorIcons/Selected/Split Bones@4x.png using Guid(518ded92e5dbf494e8f76a74d752272e) Importer(-1,00000000000000000000000000000000) [PhysX] Initialized MultithreadedTaskDispatcher with 20 workers.
 -> (artifact id: '6d9e098f14879ed0320be45a921930a3') in 0.005066 seconds
Start importing Packages/com.unity.collab-proxy/Editor/Assets/Images/d_iconplasticview.png using Guid(519d97e745e55f041b609f3666cbc037) Importer(-1,00000000000000000000000000000000) [PhysX] Initialized MultithreadedTaskDispatcher with 20 workers.
 -> (artifact id: 'bbc7552c908ed3630ea067fe6baf0632') in 0.004901 seconds
Start importing Packages/com.unity.render-pipelines.universal/Textures/SMAA/SearchTex.tga using Guid(51eee22c2a633ef4aada830eed57c3fd) Importer(-1,00000000000000000000000000000000) [PhysX] Initialized MultithreadedTaskDispatcher with 20 workers.
 -> (artifact id: 'd1c386fe83e30c09054d3ee5542fb9c9') in 0.003413 seconds
Start importing Packages/com.unity.timeline/Editor/StyleSheets/Images/Icons/TrackAvatarButtonEnabled@2x.png using Guid(51bf5f55a8a01e546bf6092b54fdae20) Importer(-1,00000000000000000000000000000000) [PhysX] Initialized MultithreadedTaskDispatcher with 20 workers.
 -> (artifact id: 'cc820655e3ec4f36547ce880a1cab5a5') in 0.002970 seconds
Start importing Packages/com.unity.2d.psdimporter/Editor/Assets/Icons/Dark/Layers Separated@8x.png using Guid(51ef52b256a104c0ca3268e10a1b1056) Importer(-1,00000000000000000000000000000000) [PhysX] Initialized MultithreadedTaskDispatcher with 20 workers.
 -> (artifact id: '53aaac7d56e9dac78e1265747ea95821') in 0.006435 seconds
Start importing Packages/com.unity.timeline/Editor/StyleSheets/Images/Icons/d_TrackMarkerButtonEnabled@2x.png using Guid(6192986415256ca47a97a97507406f5e) Importer(-1,00000000000000000000000000000000) [PhysX] Initialized MultithreadedTaskDispatcher with 20 workers.
 -> (artifact id: '4b6f67d94fb5206f454efa0d41532eed') in 0.003202 seconds
Start importing Packages/com.unity.timeline/Editor/StyleSheets/Images/LightSkin/TimelineContinue.png using Guid(61c21f74972ba8246b3ea400a9231841) Importer(-1,00000000000000000000000000000000) [PhysX] Initialized MultithreadedTaskDispatcher with 20 workers.
 -> (artifact id: '4c9124197a50c6fe7e8edc10d4dee854') in 0.003614 seconds
Start importing Packages/com.unity.collab-proxy/Editor/Assets/Images/d_iconbranches.png using Guid(612c5e166a121e3449dad067fbdc37a4) Importer(-1,00000000000000000000000000000000) [PhysX] Initialized MultithreadedTaskDispatcher with 20 workers.
 -> (artifact id: '09f1bbbaa8d61c8ec12f94cb20cafda3') in 0.003651 seconds
Start importing Packages/com.unity.2d.animation/Editor/Assets/EditorIcons/Selected/Create Bones@4x.png using Guid(61ac40b257b3a994f841856ad38b2b6b) Importer(-1,00000000000000000000000000000000) [PhysX] Initialized MultithreadedTaskDispatcher with 20 workers.
 -> (artifact id: 'a2c62f3cd8a36d4c389ca449552d55a7') in 0.004907 seconds
Start importing Packages/com.unity.collab-proxy/Editor/Assets/Images/d_iconlockedlocaloverlay.png using Guid(71c45f80bffdb9145ad2c456254c862e) Importer(-1,00000000000000000000000000000000) [PhysX] Initialized MultithreadedTaskDispatcher with 20 workers.
 -> (artifact id: '227d1bdf5c5aa8ef22eff1e08c5e4e46') in 0.004462 seconds
Start importing Packages/com.unity.2d.animation/Editor/Assets/ComponentIcons/d_Animation.SpriteResolver@128.png using Guid(71365d6492a2542dc9e34c1b312f722c) Importer(-1,00000000000000000000000000000000) [PhysX] Initialized MultithreadedTaskDispatcher with 20 workers.
 -> (artifact id: 'b2e1c4b8f91f4c593d6947d210b58b6f') in 0.005841 seconds
Start importing Packages/com.unity.render-pipelines.core/Editor/Lighting/Icons/LightUnitIcons/Shade.png using Guid(7146ed2a10f80c340b4c181e2892c87a) Importer(-1,00000000000000000000000000000000) [PhysX] Initialized MultithreadedTaskDispatcher with 20 workers.
 -> (artifact id: 'a80926f384d5408a0e2eb5f0cf2e931c') in 0.004005 seconds
Start importing Packages/com.unity.2d.animation/Editor/Assets/EditorIcons/Light/Sprite_Mode@3x.png using Guid(71d8b2e508f1d9947ba51013600a5eac) Importer(-1,00000000000000000000000000000000) [PhysX] Initialized MultithreadedTaskDispatcher with 20 workers.
 -> (artifact id: '57145da79342762b3c8649bf54ef86f6') in 0.005401 seconds
Start importing Packages/com.unity.shadergraph/Editor/Resources/Icons/sg_graph_icon_gray_dark.png using Guid(7129268cf102b2f45809905bcb27ce8b) Importer(-1,00000000000000000000000000000000) [PhysX] Initialized MultithreadedTaskDispatcher with 20 workers.
 -> (artifact id: '0e6f4f30955afe846c3566fb3469dae7') in 0.004037 seconds
Start importing Packages/com.unity.2d.sprite/Editor/ObjectMenuCreation/DefaultAssets/Textures/9-Sliced.png using Guid(71ebafeef3c03457483266a33ab2b270) Importer(-1,00000000000000000000000000000000) [PhysX] Initialized MultithreadedTaskDispatcher with 20 workers.
 -> (artifact id: '5692b0effcb1693d816183d5b6894a89') in 0.007267 seconds
Start importing Packages/com.unity.render-pipelines.core/Editor/Lighting/Icons/LightUnitIcons/d_MoonlessNight.png using Guid(71cd3069e265067478f8e99589235fd6) Importer(-1,00000000000000000000000000000000) [PhysX] Initialized MultithreadedTaskDispatcher with 20 workers.
 -> (artifact id: '8e77ff0d3185fc1b0686bffe54f6b222') in 0.004691 seconds
Start importing Packages/com.unity.2d.animation/Editor/Assets/ComponentIcons/Animation.SpriteLibraryVar On@64.png using Guid(713f288c6a6fc4514a9403f26e82dc91) Importer(-1,00000000000000000000000000000000) [PhysX] Initialized MultithreadedTaskDispatcher with 20 workers.
 -> (artifact id: '044b815134f406d3f47d20ba5e9b1d03') in 0.005031 seconds
Start importing Packages/com.unity.render-pipelines.universal/Textures/BlueNoise16/L/LDR_LLL1_0.png using Guid(81200413a40918d4d8702e94db29911c) Importer(-1,00000000000000000000000000000000) [PhysX] Initialized MultithreadedTaskDispatcher with 20 workers.
 -> (artifact id: 'a192946e8a5b052278f0419f6824b9ab') in 0.002584 seconds
Start importing Packages/com.unity.render-pipelines.core/Editor/Lighting/Icons/LightUnitIcons/Fluorescent@2x.png using Guid(81321ffad3c324c42806d47efb84d4d1) Importer(-1,00000000000000000000000000000000) [PhysX] Initialized MultithreadedTaskDispatcher with 20 workers.
 -> (artifact id: 'b4f4bcca04e1fdb22c43f5d135b59614') in 0.005377 seconds
Start importing Packages/com.unity.2d.animation/Editor/Assets/EditorIcons/Selected/Generate_Weights@3x.png using Guid(8174b068fa7b788459b03cec80d0641a) Importer(-1,00000000000000000000000000000000) [PhysX] Initialized MultithreadedTaskDispatcher with 20 workers.
 -> (artifact id: '6e03b8070f6399fc483d9483d77e39cd') in 0.006084 seconds
Start importing Packages/com.unity.2d.psdimporter/Editor/Assets/Icons/Light/Layers Mixed@16x.png using Guid(8146dbbd8d7184f43bb0049a7ce3ade8) Importer(-1,00000000000000000000000000000000) [PhysX] Initialized MultithreadedTaskDispatcher with 20 workers.
 -> (artifact id: '55614fd893e7e60f5bf4e66443bf0f01') in 0.007336 seconds
Start importing Packages/com.unity.timeline/Editor/StyleSheets/Images/Icons/TrackMuteButtonEnabled.png using Guid(81e8b4a4bcbf7a14898e2658fd827642) Importer(-1,00000000000000000000000000000000) [PhysX] Initialized MultithreadedTaskDispatcher with 20 workers.
 -> (artifact id: '5ef8840a21c1a6b87f0690b18f2a3ba6') in 0.002640 seconds
Start importing Packages/com.unity.2d.animation/Editor/Assets/EditorIcons/Light/Sprite_Influence@2x.png using Guid(8169b95b76b504e3b8dc9ccf0bdbe226) Importer(-1,00000000000000000000000000000000) [PhysX] Initialized MultithreadedTaskDispatcher with 20 workers.
 -> (artifact id: '55126f60da77a9ce5daf1c56344695ed') in 0.005025 seconds
Start importing Packages/com.unity.textmeshpro/Editor Resources/Textures/btn_AlignCenter.psd using Guid(81ed8c76d2bc4a4c95d092c98af4e58f) Importer(-1,00000000000000000000000000000000) [PhysX] Initialized MultithreadedTaskDispatcher with 20 workers.
 -> (artifact id: '8307ae1f17338c4ec86f32f0a7eb2a47') in 0.002765 seconds
Start importing Packages/com.unity.2d.tilemap/Editor/Icons/Tilemap.DefaultBrush@2x.png using Guid(9182e08d6d8be424a98050562de5b053) Importer(-1,00000000000000000000000000000000) [PhysX] Initialized MultithreadedTaskDispatcher with 20 workers.
 -> (artifact id: 'fc06056e52ce681694d4224bcfd8bad8') in 0.005208 seconds
Start importing Packages/com.unity.timeline/Editor/StyleSheets/Images/Icons/d_TrackAvatarButtonDisabled.png using Guid(91746a504b59769439bb2749c314d231) Importer(-1,00000000000000000000000000000000) [PhysX] Initialized MultithreadedTaskDispatcher with 20 workers.
 -> (artifact id: '574a25922a013e481c241370c428c349') in 0.003108 seconds
Start importing Packages/com.unity.2d.animation/Editor/Assets/EditorIcons/Light/Bone@4x.png using Guid(9125c204f566db048a92ebcb64d9d14a) Importer(-1,00000000000000000000000000000000) [PhysX] Initialized MultithreadedTaskDispatcher with 20 workers.
 -> (artifact id: '73740f2e8b1ffd2d2e5f5ce94f4c431e') in 0.006206 seconds
Start importing Packages/com.unity.collab-proxy/Editor/Assets/Images/iconemptygravatar.png using Guid(91976e8b9ce0f0341838727acd55621c) Importer(-1,00000000000000000000000000000000) [PhysX] Initialized MultithreadedTaskDispatcher with 20 workers.
 -> (artifact id: '501fe36c44f7dde2f02a602687224366') in 0.004340 seconds
Start importing Packages/com.unity.2d.psdimporter/Editor/Assets/Icons/Selected/Layers Separated@2x.png using Guid(91897a07e69db49ff88db92f445ba845) Importer(-1,00000000000000000000000000000000) [PhysX] Initialized MultithreadedTaskDispatcher with 20 workers.
 -> (artifact id: '329e20530a7f70941f8813fbd8788bde') in 0.006199 seconds
Start importing Packages/com.unity.render-pipelines.universal/Editor/2D/ShapeEditor/Resources/Path/pointRemovePreview.png using Guid(91da11e81541eec4e8b125dbf7ac18fe) Importer(-1,00000000000000000000000000000000) [PhysX] Initialized MultithreadedTaskDispatcher with 20 workers.
 -> (artifact id: 'e14f2bc69c753ac3b121f705f448c942') in 0.005772 seconds
Start importing Packages/com.unity.timeline/Editor/StyleSheets/Images/Icons/d_TimelineEditModeReplaceOFF.png using Guid(912fd71cbf4cbe140b4f240bedbc1f3e) Importer(-1,00000000000000000000000000000000) [PhysX] Initialized MultithreadedTaskDispatcher with 20 workers.
 -> (artifact id: 'f575e206cf972ce63a622a18262d2aee') in 0.002796 seconds
Start importing Packages/com.unity.render-pipelines.universal/Editor/Gizmos/Camera_PostProcessing.png using Guid(916f43e9d8e15c448a2c8a5d30b26dbd) Importer(-1,00000000000000000000000000000000) [PhysX] Initialized MultithreadedTaskDispatcher with 20 workers.
 -> (artifact id: 'b16a340c6dab9ed26ba9ae0198e1add1') in 0.005500 seconds
Start importing Packages/com.unity.render-pipelines.core/Editor/LookDev/Icons/Duplicate@2x.png using Guid(91ffd37b0545bf6448f8d937736130a1) Importer(-1,00000000000000000000000000000000) [PhysX] Initialized MultithreadedTaskDispatcher with 20 workers.
 -> (artifact id: '81caf2dffa03ff31201196ce524f2c7c') in 0.004693 seconds
Start importing Packages/com.unity.2d.animation/Editor/Assets/EditorIcons/Dark/d_Paste@3x.png using Guid(a130d12452aa0484da530281c362fc8b) Importer(-1,00000000000000000000000000000000) [PhysX] Initialized MultithreadedTaskDispatcher with 20 workers.
 -> (artifact id: 'fabccc98c9dc29134a6a5df5969750f4') in 0.004732 seconds
Start importing Packages/com.unity.2d.tilemap/Editor/Icons/d_Tilemap.TilePalette.png using Guid(a16432554ffe69042985d012d1df2637) Importer(-1,00000000000000000000000000000000) [PhysX] Initialized MultithreadedTaskDispatcher with 20 workers.
 -> (artifact id: 'c8a79cc3aa980a05c99e77f97a59689e') in 0.005026 seconds
Start importing Packages/com.unity.2d.animation/Editor/Assets/ComponentIcons/d_Animation.SpriteResolver.png using Guid(a1585a67bdb5741a6bc69877b78cdcd3) Importer(-1,00000000000000000000000000000000) [PhysX] Initialized MultithreadedTaskDispatcher with 20 workers.
 -> (artifact id: 'aaf9f3482763d559b2a39da7d4dc2589') in 0.004601 seconds
Start importing Packages/com.unity.2d.animation/Editor/Assets/EditorIcons/Selected/d_Mesh@2x.png using Guid(a14979d2b0467b14abf4467f248460fb) Importer(-1,00000000000000000000000000000000) [PhysX] Initialized MultithreadedTaskDispatcher with 20 workers.
 -> (artifact id: '9c2f931e9e5c83c6be424c90befd74d9') in 0.004798 seconds
Start importing Packages/com.unity.2d.tilemap/Editor/Icons/Tilemap.FocusGrid@4x.png using Guid(a1bd3db90f5f7314e822ba2e38f901c6) Importer(-1,00000000000000000000000000000000) [PhysX] Initialized MultithreadedTaskDispatcher with 20 workers.
 -> (artifact id: '1251866bc8b4249f51e0288a45588cad') in 0.004820 seconds
Start importing Packages/com.unity.render-pipelines.core/Editor/LookDev/Icons/d_CenterLight@2x.png using Guid(a14e6ee680df42f4c99bf69bc3d6b9ca) Importer(-1,00000000000000000000000000000000) [PhysX] Initialized MultithreadedTaskDispatcher with 20 workers.
 -> (artifact id: '57f5d06f4531cfc4737f5214576d8ae7') in 0.005534 seconds
Start importing Packages/com.unity.render-pipelines.core/Editor/Lighting/Icons/UpSnatch.png using Guid(a1fe8ebe91e101d47af42adec440c3e5) Importer(-1,00000000000000000000000000000000) [PhysX] Initialized MultithreadedTaskDispatcher with 20 workers.
 -> (artifact id: '78eceeb463fe7a95d9550c25d6ce9fdb') in 0.003103 seconds
Start importing Packages/com.unity.render-pipelines.core/Editor/Lighting/Icons/LightUnitIcons/d_InteriorLight@2x.png using Guid(b1a064fab2aa93e47bd8d558a6ca655b) Importer(-1,00000000000000000000000000000000) [PhysX] Initialized MultithreadedTaskDispatcher with 20 workers.
 -> (artifact id: '32c6166e8dc18d4a9f6b828ac45165ef') in 0.005483 seconds
Start importing Packages/com.unity.shadergraph/Editor/Resources/Icons/SettingsIcons_hover@2x.png using Guid(b1b079d053c3d0c41952dadf32a89ffd) Importer(-1,00000000000000000000000000000000) [PhysX] Initialized MultithreadedTaskDispatcher with 20 workers.
 -> (artifact id: '4db7ab72878e276c64e5fa6db1acf176') in 0.005698 seconds
Start importing Packages/com.unity.timeline/Editor/StyleSheets/Images/Icons/TimelineDigIn.png using Guid(b1d064d6d80829f4eb370f679384ea1f) Importer(-1,00000000000000000000000000000000) [PhysX] Initialized MultithreadedTaskDispatcher with 20 workers.
 -> (artifact id: '5962e2bd5ecfd7d648dbd55dd2a8c176') in 0.003929 seconds
Start importing Packages/com.unity.render-pipelines.core/Editor/Lighting/Icons/LightUnitIcons/d_MediumAreaLight.png using Guid(b1826d69c1fcad9488491937a1ef4d84) Importer(-1,00000000000000000000000000000000) [PhysX] Initialized MultithreadedTaskDispatcher with 20 workers.
 -> (artifact id: '5ba4d15e12feb0e6ff44be4b0ca650fc') in 0.004455 seconds
Start importing Packages/com.unity.collab-proxy/Editor/Assets/Images/iconshelve.png using Guid(b1b37c2733b68854ba004ff712ef849f) Importer(-1,00000000000000000000000000000000) [PhysX] Initialized MultithreadedTaskDispatcher with 20 workers.
 -> (artifact id: 'de558e201ce3b8288f2066ddc6af4581') in 0.004810 seconds
Start importing Packages/com.unity.2d.animation/Editor/Assets/ComponentIcons/Animation.SpriteResolver@64.png using Guid(b1640c283050b4d23a677c6a445f058c) Importer(-1,00000000000000000000000000000000) [PhysX] Initialized MultithreadedTaskDispatcher with 20 workers.
 -> (artifact id: 'c5b4125515e254cf54f9de41567379ac') in 0.005662 seconds
Start importing Packages/com.unity.render-pipelines.core/Editor/Lighting/Icons/LightUnitIcons/SoftAreaLight@2x.png using Guid(b14c34aa843e4a14e957505ae407e8c3) Importer(-1,00000000000000000000000000000000) [PhysX] Initialized MultithreadedTaskDispatcher with 20 workers.
 -> (artifact id: '919c5079e7d0280d937bfdb15f8aa52b') in 0.004975 seconds
Start importing Packages/com.unity.2d.tilemap/Editor/Icons/d_EditorUI.TargetHover.png using Guid(c130b41d1f572a14793b146add3d6e3f) Importer(-1,00000000000000000000000000000000) [PhysX] Initialized MultithreadedTaskDispatcher with 20 workers.
 -> (artifact id: '34567d88479370ddb6bea5cf944056ba') in 0.004510 seconds
Start importing Packages/com.unity.collab-proxy/Editor/Assets/Images/d_iconbranch.png using Guid(c1516142c0a669b42aecce30a3459017) Importer(-1,00000000000000000000000000000000) [PhysX] Initialized MultithreadedTaskDispatcher with 20 workers.
 -> (artifact id: '1500449d1dbd2d70522d46e80370554e') in 0.004711 seconds
Start importing Packages/com.unity.timeline/Editor/StyleSheets/Images/DarkSkin/TimelineMarkerItem.png using Guid(c133595e3c100774496e03e66fa69259) Importer(-1,00000000000000000000000000000000) [PhysX] Initialized MultithreadedTaskDispatcher with 20 workers.
 -> (artifact id: 'ffe51e353cb83c824525538c070ebea6') in 0.003375 seconds
Start importing Packages/com.unity.render-pipelines.core/Editor/Lighting/Icons/Advanced_Pressed_mini.png using Guid(c1d870384c7ed3c49b30d01278bf3949) Importer(-1,00000000000000000000000000000000) [PhysX] Initialized MultithreadedTaskDispatcher with 20 workers.
 -> (artifact id: '6fd285c3a1d39b9b0f66d1a57983e973') in 0.004817 seconds
Start importing Packages/com.unity.2d.spriteshape/Editor/Icons/SpriteShapeController@64.png using Guid(d1508e1dc42abb745b24c8891a614d2a) Importer(-1,00000000000000000000000000000000) [PhysX] Initialized MultithreadedTaskDispatcher with 20 workers.
 -> (artifact id: 'f6af598eb62969cd5aa543faf6d18695') in 0.003653 seconds
Start importing Packages/com.unity.render-pipelines.universal/Textures/SMAA/AreaTex.tga using Guid(d1f1048909d55cd4fa1126ab998f617e) Importer(-1,00000000000000000000000000000000) [PhysX] Initialized MultithreadedTaskDispatcher with 20 workers.
 -> (artifact id: '2c871ee3b67cdf47423f28f738bb8761') in 0.004106 seconds
Start importing Packages/com.unity.timeline/Editor/StyleSheets/Images/Icons/d_TrackMarkerButtonEnabled.png using Guid(d18286874382ef042bbbdab5f71329c1) Importer(-1,00000000000000000000000000000000) [PhysX] Initialized MultithreadedTaskDispatcher with 20 workers.
 -> (artifact id: '7f527eadcc8af6fb6ac2e66be360db76') in 0.002990 seconds
Start importing Packages/com.unity.2d.animation/Editor/Assets/ComponentIcons/Animation.IKFabrik@32.png using Guid(d1c2be2a893c441fca30fe5d470e0d3e) Importer(-1,00000000000000000000000000000000) [PhysX] Initialized MultithreadedTaskDispatcher with 20 workers.
 -> (artifact id: '199fe1319ebbb8681fc61b6f6a30fc38') in 0.005464 seconds
Start importing Packages/com.unity.2d.animation/Editor/Assets/ComponentIcons/Animation.SpriteLibraryManager@128.png using Guid(d1c6278de296d42b6a5c6330b16ab729) Importer(-1,00000000000000000000000000000000) [PhysX] Initialized MultithreadedTaskDispatcher with 20 workers.
 -> (artifact id: 'dfa07740958e9f45ec5c1ad168160852') in 0.007288 seconds
Start importing Packages/com.unity.collab-proxy/Editor/Assets/Images/iconconflicted.png using Guid(d1c88f142eee55b4eb2b2cfd7b3624ce) Importer(-1,00000000000000000000000000000000) [PhysX] Initialized MultithreadedTaskDispatcher with 20 workers.
 -> (artifact id: 'b57e717fa0459090d4654096ec3342b7') in 0.004017 seconds
Start importing Packages/com.unity.render-pipelines.universal/Textures/BlueNoise16/L/LDR_LLL1_26.png using Guid(d18a24d7b4ed50f4387993566d9d3ae2) Importer(-1,00000000000000000000000000000000) [PhysX] Initialized MultithreadedTaskDispatcher with 20 workers.
 -> (artifact id: '989424c911008a73977b7d36ea161d8d') in 0.002657 seconds
Start importing Packages/com.unity.timeline/Editor/StyleSheets/Images/Icons/TrackMarkerButtonEnabled.png using Guid(d1eccbb425fdacc4ba53ce4223f4ea30) Importer(-1,00000000000000000000000000000000) [PhysX] Initialized MultithreadedTaskDispatcher with 20 workers.
 -> (artifact id: '75e370e4cbb31d578918114c22d0ec27') in 0.002796 seconds
Start importing Packages/com.unity.render-pipelines.core/Editor/Lighting/Icons/LightUnitIcons/d_DecorativeLight@2x.png using Guid(e194061ed57dcf6478bc4a4079ac3998) Importer(-1,00000000000000000000000000000000) [PhysX] Initialized MultithreadedTaskDispatcher with 20 workers.
 -> (artifact id: 'a47ae0b66d620bd5d1dee909c8ec75ce') in 0.005418 seconds
Start importing Packages/com.unity.render-pipelines.core/Editor/LookDev/Icons/RightArrow@2x.png using Guid(e194270977977b24da0c6e1c962a5ce9) Importer(-1,00000000000000000000000000000000) [PhysX] Initialized MultithreadedTaskDispatcher with 20 workers.
 -> (artifact id: '506125377661c45225aaf0baa112e47a') in 0.004161 seconds
Start importing Packages/com.unity.2d.animation/Editor/Assets/EditorIcons/Dark/d_SetPivot128.png using Guid(e105e7dad311341f69e2349618434f7f) Importer(-1,00000000000000000000000000000000) [PhysX] Initialized MultithreadedTaskDispatcher with 20 workers.
 -> (artifact id: '210397d710c5920792b5547f23d6b094') in 0.006004 seconds
Start importing Packages/com.unity.render-pipelines.core/Editor/Lighting/Icons/LightUnitIcons/SoftAreaLight.png using Guid(e10d9c07adc061a448e00b3e33fad966) Importer(-1,00000000000000000000000000000000) [PhysX] Initialized MultithreadedTaskDispatcher with 20 workers.
 -> (artifact id: '0f9e7b2f487cb6d26481050b825fa461') in 0.004713 seconds
Start importing Packages/com.unity.timeline/Editor/StyleSheets/Images/DarkSkin/TimelineAutokey_active.png using Guid(e17ee60887efdd04389991a15ee0c578) Importer(-1,00000000000000000000000000000000) [PhysX] Initialized MultithreadedTaskDispatcher with 20 workers.
 -> (artifact id: '7ae3f121d94133fd376ce911106c6070') in 0.006097 seconds
Start importing Packages/com.unity.render-pipelines.universal/Editor/2D/Resources/SceneViewIcons/PointLight.png using Guid(e1feb27120f96ae4ea48e922cbfd93da) Importer(-1,00000000000000000000000000000000) [PhysX] Initialized MultithreadedTaskDispatcher with 20 workers.
 -> (artifact id: '261582fe913079ffc491cca41680e078') in 0.013166 seconds
Start importing Packages/com.unity.2d.common/Path/Editor/Handles/TangentContinuous.png using Guid(f180c07cee9924980a0af50a95afe6b2) Importer(-1,00000000000000000000000000000000) [PhysX] Initialized MultithreadedTaskDispatcher with 20 workers.
 -> (artifact id: '7b814ad669a0c08be86731d28d9d149a') in 0.004596 seconds
Start importing Packages/com.unity.2d.animation/Editor/Assets/ComponentIcons/d_Animation.IKLimb@32.png using Guid(f1522af249bd249dc969942b2f9c4608) Importer(-1,00000000000000000000000000000000) [PhysX] Initialized MultithreadedTaskDispatcher with 20 workers.
 -> (artifact id: '99abca4dfda3d8fcd2ab508f4e4f4a41') in 0.005990 seconds
Start importing Packages/com.unity.visualscripting/Editor/VisualScripting.Core/IconMap/StateMachine@32x.png using Guid(f144232ea2c6046438f6cda6c1bad1af) Importer(-1,00000000000000000000000000000000) [PhysX] Initialized MultithreadedTaskDispatcher with 20 workers.
 -> (artifact id: '2d2a94447ca79408934d47aced22b0af') in 0.007199 seconds
Start importing Packages/com.unity.2d.tilemap/Editor/Icons/d_Tilemap.FocusNone@4x.png using Guid(f1d766c90aeb37d4fb8c7d1ed3ba1378) Importer(-1,00000000000000000000000000000000) [PhysX] Initialized MultithreadedTaskDispatcher with 20 workers.
 -> (artifact id: 'af4c030700d6458a18d72439692d7458') in 0.005014 seconds
Start importing Packages/com.unity.2d.animation/Editor/Assets/EditorIcons/Light/Edit_Pose@2x.png using Guid(f169a69b888768d44906789625031d45) Importer(-1,00000000000000000000000000000000) [PhysX] Initialized MultithreadedTaskDispatcher with 20 workers.
 -> (artifact id: 'e727c6bd7f5be6e6cfb49a38117391e3') in 0.007407 seconds
Start importing Packages/com.unity.timeline/Editor/StyleSheets/Images/DarkSkin/TimelineMarkerItemCollapsed.png using Guid(f179d9a3cccffb04ba2e27f681e9b147) Importer(-1,00000000000000000000000000000000) [PhysX] Initialized MultithreadedTaskDispatcher with 20 workers.
 -> (artifact id: '463a6a230f00616b8bfd38cdd11ddb6e') in 0.004932 seconds
Start importing Packages/com.unity.2d.psdimporter/Editor/Assets/Icons/Dark/Layers Mixed@2x.png using Guid(f12ec30f9a76d4738bacb26b0c22165d) Importer(-1,00000000000000000000000000000000) [PhysX] Initialized MultithreadedTaskDispatcher with 20 workers.
 -> (artifact id: '2d6b05bbe5e4749e4c2cfb68fe6297a2') in 0.010724 seconds
Start importing Packages/com.unity.collab-proxy/Editor/Assets/Images/d_iconaddedlocal@2x.png using Guid(02800fb9cff14da47a04572790384d8b) Importer(-1,00000000000000000000000000000000) [PhysX] Initialized MultithreadedTaskDispatcher with 20 workers.
 -> (artifact id: '1dd4b325777add53d4c37b4365545338') in 0.006222 seconds
Start importing Packages/com.unity.2d.animation/Editor/Assets/EditorIcons/Dark/d_SetPivot64.png using Guid(0292e97c3662741749dc97edf5bbaa66) Importer(-1,00000000000000000000000000000000) [PhysX] Initialized MultithreadedTaskDispatcher with 20 workers.
 -> (artifact id: '68d48292f6473b098f1438c9bdb9891d') in 0.008846 seconds
Start importing Packages/com.unity.render-pipelines.universal/Editor/2D/Resources/LightCapDown.png using Guid(02232385c7b444348987d74db8dd7b2e) Importer(-1,00000000000000000000000000000000) [PhysX] Initialized MultithreadedTaskDispatcher with 20 workers.
 -> (artifact id: 'f0887dad1c2e88384ef063fcff388d2b') in 0.004307 seconds
Start importing Packages/com.unity.render-pipelines.universal/Editor/2D/ShapeEditor/Resources/Path/tangentNormal.png using Guid(02831714bf266174cbf2a363196c49dc) Importer(-1,00000000000000000000000000000000) [PhysX] Initialized MultithreadedTaskDispatcher with 20 workers.
 -> (artifact id: '04ce3f9e97064a05e5143d6cfbf87bc9') in 0.007262 seconds
Start importing Packages/com.unity.render-pipelines.core/Editor/Lighting/Icons/IESProfile.png using Guid(0283fe60f65159b4a86ebabf444e23f9) Importer(-1,00000000000000000000000000000000) [PhysX] Initialized MultithreadedTaskDispatcher with 20 workers.
 -> (artifact id: '524420f0fd6eee7797056970adb126bd') in 0.011650 seconds
Start importing Packages/com.unity.render-pipelines.core/Editor/LookDev/Icons/d_LayoutVertical.png using Guid(02c3588c32f640d47bb70ee3fa774fce) Importer(-1,00000000000000000000000000000000) [PhysX] Initialized MultithreadedTaskDispatcher with 20 workers.
 -> (artifact id: 'd34aa4f94d9aeadcd06f3c5be9a8013e') in 0.010174 seconds
Start importing Packages/com.unity.2d.tilemap/Editor/Icons/d_Grid.FlipY.png using Guid(0219184e13f92e94896b4df6846db652) Importer(-1,00000000000000000000000000000000) [PhysX] Initialized MultithreadedTaskDispatcher with 20 workers.
 -> (artifact id: '5ea8ef958292a6122d295aeef68e6c94') in 0.007809 seconds
Start importing Packages/com.unity.2d.tilemap/Editor/Icons/d_Tilemap.DefaultBrush.png using Guid(12e04f72413abf04fb4a5f79e70822ff) Importer(-1,00000000000000000000000000000000) [PhysX] Initialized MultithreadedTaskDispatcher with 20 workers.
 -> (artifact id: '6e84e7c49d1b9148df7f8ccef5a0b8a2') in 0.011196 seconds
Start importing Packages/com.unity.render-pipelines.core/Runtime/Debugging/Prefabs/Textures/White1px.png using Guid(127279d577f25ac4ea17dae3782e5074) Importer(-1,00000000000000000000000000000000) [PhysX] Initialized MultithreadedTaskDispatcher with 20 workers.
 -> (artifact id: 'da62c1d495d59a45cc9e50b1c5790d64') in 0.009223 seconds
Start importing Packages/com.unity.2d.animation/Editor/Assets/ComponentIcons/Animation.SpriteResolver On@64.png using Guid(1223ca7d04e5a4ad08a8d648c4e2a09e) Importer(-1,00000000000000000000000000000000) [PhysX] Initialized MultithreadedTaskDispatcher with 20 workers.
 -> (artifact id: 'ba6747af53ec42325a53f5cf8910e2c2') in 0.007929 seconds
Start importing Packages/com.unity.textmeshpro/Editor Resources/Textures/btn_AlignLeft_Light.psd using Guid(12736c98af174f91827a26b66d2b01b9) Importer(-1,00000000000000000000000000000000) [PhysX] Initialized MultithreadedTaskDispatcher with 20 workers.
 -> (artifact id: '2a92971e6ee044c9c16aebe3126d7690') in 0.004702 seconds
Start importing Packages/com.unity.2d.animation/Editor/Assets/ComponentIcons/Animation.IKCCD@256.png using Guid(1214a7ec362a4479ba225757639c24f2) Importer(-1,00000000000000000000000000000000) [PhysX] Initialized MultithreadedTaskDispatcher with 20 workers.
 -> (artifact id: '021e530da68ea29d30a7a1284a1f3825') in 0.012461 seconds
Start importing Packages/com.unity.collab-proxy/Editor/Assets/Images/iconmergelink.png using Guid(120bf54dff785a0429b068b814e9c12a) Importer(-1,00000000000000000000000000000000) [PhysX] Initialized MultithreadedTaskDispatcher with 20 workers.
 -> (artifact id: '6f8e0466016b2137c5a4095fe113ba62') in 0.004839 seconds
Start importing Packages/com.unity.2d.animation/Editor/Assets/EditorIcons/Selected/Sprite_Mode@4x.png using Guid(2223b0a570b66ee42b3e0a79f0789b2a) Importer(-1,00000000000000000000000000000000) [PhysX] Initialized MultithreadedTaskDispatcher with 20 workers.
 -> (artifact id: '3d82ae8e23fd384e951bae8dfbec0351') in 0.009098 seconds
Start importing Packages/com.unity.timeline/Editor/StyleSheets/Images/Icons/d_TimelineDigIn.png using Guid(22c3c381bd3cd4a40a8541103023e1ef) Importer(-1,00000000000000000000000000000000) [PhysX] Initialized MultithreadedTaskDispatcher with 20 workers.
 -> (artifact id: 'c1a026bc4fb7e2c371fa361d91f78179') in 0.003509 seconds
Start importing Packages/com.unity.2d.animation/Editor/Assets/EditorIcons/Dark/d_Split_Edge@2x.png using Guid(22fade1e2426f684a9c315c974f50d18) Importer(-1,00000000000000000000000000000000) [PhysX] Initialized MultithreadedTaskDispatcher with 20 workers.
 -> (artifact id: '03d675ea46da42451b5de24ac64abdf3') in 0.022001 seconds
Start importing Packages/com.unity.2d.animation/Editor/Assets/EditorIcons/Light/Warning@2x.png using Guid(3233afe4c448d4eb198cfb1ca54feb3b) Importer(-1,00000000000000000000000000000000) [PhysX] Initialized MultithreadedTaskDispatcher with 20 workers.
 -> (artifact id: '47ba2d35951fe18c0a7ef27068902e5f') in 0.006922 seconds
Start importing Packages/com.unity.2d.animation/Editor/Assets/EditorIcons/Light/Edit_Pose@3x.png using Guid(32854586e42553846b24646ce18cf625) Importer(-1,00000000000000000000000000000000) [PhysX] Initialized MultithreadedTaskDispatcher with 20 workers.
 -> (artifact id: '387384f5f58a8c7b0220102df2a1bec7') in 0.005810 seconds
Start importing Packages/com.unity.timeline/Editor/StyleSheets/Images/DarkSkin/TimelineIconClipOut.png using Guid(32f7e3598d6414c489127629e29af3f6) Importer(-1,00000000000000000000000000000000) [PhysX] Initialized MultithreadedTaskDispatcher with 20 workers.
 -> (artifact id: '772d13d2e862a87a7cbbdf2d92cb4b01') in 0.003440 seconds
Start importing Packages/com.unity.collab-proxy/Editor/Assets/Images/ok.png using Guid(3238dca1e9ea9fb4aa64b28298ba6dbd) Importer(-1,00000000000000000000000000000000) [PhysX] Initialized MultithreadedTaskDispatcher with 20 workers.
 -> (artifact id: '889369a285c3a67e095e09214d3e5c1b') in 0.004740 seconds
Start importing Packages/com.unity.2d.tilemap/Editor/Icons/Grid.RotateCW@2x.png using Guid(3239e705bdc364b47a21e44901809b91) Importer(-1,00000000000000000000000000000000) [PhysX] Initialized MultithreadedTaskDispatcher with 20 workers.
 -> (artifact id: '7594fde8241759a8cc2337f769192f1a') in 0.004932 seconds
Start importing Packages/com.unity.2d.animation/Editor/Assets/EditorIcons/Light/Weight_Brush@3x.png using Guid(3279d541bf75c624cbdd7179eb5559a8) Importer(-1,00000000000000000000000000000000) [PhysX] Initialized MultithreadedTaskDispatcher with 20 workers.
 -> (artifact id: 'fd33f5b65dac5aec7695ec267ed6106b') in 0.006038 seconds
Start importing Packages/com.unity.2d.psdimporter/Editor/Assets/Icons/Selected/Layers Mixed@4x.png using Guid(32ae70dfad34e4a56a3f40eaf723f739) Importer(-1,00000000000000000000000000000000) [PhysX] Initialized MultithreadedTaskDispatcher with 20 workers.
 -> (artifact id: 'f5b5df931fe10804fbb5c5a9e6ed900c') in 0.005515 seconds
Start importing Packages/com.unity.2d.animation/Editor/Assets/ComponentIcons/Animation.SpriteSkin On.png using Guid(4243996d9393248859e73ff6df05d8b3) Importer(-1,00000000000000000000000000000000) [PhysX] Initialized MultithreadedTaskDispatcher with 20 workers.
 -> (artifact id: '8ab45f5f60f672374dce96961f936120') in 0.004124 seconds
Start importing Packages/com.unity.2d.animation/Editor/Assets/EditorIcons/Light/Copy.png using Guid(42f4b048501996743958df91513f824a) Importer(-1,00000000000000000000000000000000) [PhysX] Initialized MultithreadedTaskDispatcher with 20 workers.
 -> (artifact id: '9888705745dd883bf5b07e2a06ffdb7d') in 0.004028 seconds
Start importing Packages/com.unity.render-pipelines.core/Editor/Lighting/Icons/LightUnitIcons/BlueSky@2x.png using Guid(42382485181c7b4429560828f54a2bae) Importer(-1,00000000000000000000000000000000) [PhysX] Initialized MultithreadedTaskDispatcher with 20 workers.
 -> (artifact id: 'a61dc8265f7a5214b277ed484e3c5566') in 0.005673 seconds
Start importing Packages/com.unity.collab-proxy/Editor/Assets/Images/iconbranch@2x.png using Guid(425970578f3342a43b40545d1ac8a25d) Importer(-1,00000000000000000000000000000000) [PhysX] Initialized MultithreadedTaskDispatcher with 20 workers.
 -> (artifact id: '2de115f92f93f5d1dd37780ec0f9655b') in 0.005894 seconds
Start importing Packages/com.unity.2d.tilemap/Editor/Icons/Tilemap.GridPaint@2x.png using Guid(42fb19d14e266e4409770bbcdbc6a1e5) Importer(-1,00000000000000000000000000000000) [PhysX] Initialized MultithreadedTaskDispatcher with 20 workers.
 -> (artifact id: '19b68d1d4ecc2c7b8caae836ca07b14d') in 0.007057 seconds
Start importing Packages/com.unity.2d.animation/Editor/Assets/EditorIcons/Light/Edit_Geometry.png using Guid(5242f1eff2245a741a7cec5ada97f9f2) Importer(-1,00000000000000000000000000000000) [PhysX] Initialized MultithreadedTaskDispatcher with 20 workers.
 -> (artifact id: '530ca74fc245a6c6cee48252d2533ff4') in 0.006399 seconds
Start importing Packages/com.unity.visualscripting/Editor/VisualScripting.Shared/EditorAssetResources/SplitButtonArrow.png using Guid(52236e1d9300f4f718999db6c872a5d8) Importer(-1,00000000000000000000000000000000) [PhysX] Initialized MultithreadedTaskDispatcher with 20 workers.
 -> (artifact id: '506804466837e06119f0f5f43990e152') in 0.003242 seconds
Start importing Packages/com.unity.render-pipelines.core/Editor/LookDev/Icons/Camera1@2x.png using Guid(52b3ad4181ffbec4cad6eb26d07127f6) Importer(-1,00000000000000000000000000000000) [PhysX] Initialized MultithreadedTaskDispatcher with 20 workers.
 -> (artifact id: '47f85088237fd1ea226be3d1420d0391') in 0.005129 seconds
Start importing Packages/com.unity.timeline/Editor/StyleSheets/Images/Icons/TrackMuteButtonDisabled.png using Guid(5216b1b48296ef345ad2d2ec43105bf0) Importer(-1,00000000000000000000000000000000) [PhysX] Initialized MultithreadedTaskDispatcher with 20 workers.
 -> (artifact id: '77c50dd335a93ab158c3e048fdcebe15') in 0.003496 seconds
Start importing Packages/com.unity.2d.animation/Editor/Assets/ComponentIcons/d_WarningIcon_Small.png using Guid(528a130a47a1d4af28e1ef4c8b3c5386) Importer(-1,00000000000000000000000000000000) [PhysX] Initialized MultithreadedTaskDispatcher with 20 workers.
 -> (artifact id: '3e5eb95fae52171f4f945f8c5943f147') in 0.005629 seconds
Start importing Packages/com.unity.render-pipelines.core/Editor/Lighting/Icons/LightUnitIcons/Fluorescent.png using Guid(52dd14d6fa6ca2d46b942c8289a898eb) Importer(-1,00000000000000000000000000000000) [PhysX] Initialized MultithreadedTaskDispatcher with 20 workers.
 -> (artifact id: '63c8da1bb7eb1f6a78d666f59b1cc1a2') in 0.005711 seconds
Start importing Packages/com.unity.timeline/Editor/StyleSheets/Images/Icons/d_TrackLockButtonDisabled.png using Guid(52ee3ba2abc3da14a95cdf64d32ae0ae) Importer(-1,00000000000000000000000000000000) [PhysX] Initialized MultithreadedTaskDispatcher with 20 workers.
 -> (artifact id: '05b226edc9fb4bca7879a69338c9888b') in 0.003470 seconds
Start importing Packages/com.unity.2d.animation/Editor/Assets/EditorIcons/Dark/d_Create_Edge@4x.png using Guid(62053ed690017d143bd2cfa8e5dc3ff5) Importer(-1,00000000000000000000000000000000) [PhysX] Initialized MultithreadedTaskDispatcher with 20 workers.
 -> (artifact id: 'e43d41cea24465640344b9dd500690a4') in 0.005576 seconds
Start importing Packages/com.unity.collab-proxy/Editor/Assets/Images/d_icondeletedremote@2x.png using Guid(626b9cddb29049e4cac50cd87b419945) Importer(-1,00000000000000000000000000000000) [PhysX] Initialized MultithreadedTaskDispatcher with 20 workers.
 -> (artifact id: 'de023b1846b3af1de9b51f3363ba4c66') in 0.003648 seconds
Start importing Packages/com.unity.2d.animation/Editor/Assets/EditorIcons/Light/Bone.png using Guid(62ce01ddca719d34ea9648c586a7cc94) Importer(-1,00000000000000000000000000000000) [PhysX] Initialized MultithreadedTaskDispatcher with 20 workers.
 -> (artifact id: 'b9048f072c6801666ea3644d235f9ae2') in 0.005546 seconds
Start importing Packages/com.unity.2d.tilemap/Editor/Icons/d_Grid.RotateACW@2x.png using Guid(72124a67bbace794fa38534a24d23cee) Importer(-1,00000000000000000000000000000000) [PhysX] Initialized MultithreadedTaskDispatcher with 20 workers.
 -> (artifact id: 'e6935a02961311da05895a4b7050b255') in 0.005606 seconds
Start importing Packages/com.unity.2d.tilemap/Editor/Icons/Tilemap.EditPalette@4x.png using Guid(72a3c6132d5e2ae48a1df56cfebbc7c2) Importer(-1,00000000000000000000000000000000) [PhysX] Initialized MultithreadedTaskDispatcher with 20 workers.
 -> (artifact id: '0b143d810108021cdd2b07efc6b214fa') in 0.005662 seconds
Start importing Packages/com.unity.2d.animation/Editor/Assets/ComponentIcons/d_Animation.SpriteLibraryManager@64.png using Guid(727af22e923264f0ca2530a410e2d7ab) Importer(-1,00000000000000000000000000000000) [PhysX] Initialized MultithreadedTaskDispatcher with 20 workers.
 -> (artifact id: '67ad4a4fab61a0bac3882ca5ed980540') in 0.006770 seconds
Start importing Packages/com.unity.2d.psdimporter/Editor/Assets/Icons/Dark/Layers Collapsed@16x.png using Guid(725dea07ef1724145806dfddfe9dee03) Importer(-1,00000000000000000000000000000000) [PhysX] Initialized MultithreadedTaskDispatcher with 20 workers.
 -> (artifact id: '066bbc596461ecf8807dddf4f2671642') in 0.007447 seconds
Start importing Packages/com.unity.2d.animation/Editor/Assets/EditorIcons/Selected/Split_Edge@4x.png using Guid(8272ea7c59da847458432e7c88bf7766) Importer(-1,00000000000000000000000000000000) [PhysX] Initialized MultithreadedTaskDispatcher with 20 workers.
 -> (artifact id: '467a6c304c108ceeb9ef9efaa5f7c417') in 0.005626 seconds
Start importing Packages/com.unity.2d.animation/Editor/Assets/EditorIcons/Selected/SetPivot32.png using Guid(82d262794483b44d097c6b72e3a9e271) Importer(-1,00000000000000000000000000000000) [PhysX] Initialized MultithreadedTaskDispatcher with 20 workers.
 -> (artifact id: 'b3e90ef72f8366b0c1ba0558b5d7795c') in 0.004425 seconds
Start importing Packages/com.unity.render-pipelines.core/Editor/LookDev/Icons/Layout1@2x.png using Guid(8263f1f26524404498d51bfe0b819925) Importer(-1,00000000000000000000000000000000) [PhysX] Initialized MultithreadedTaskDispatcher with 20 workers.
 -> (artifact id: 'b9342d47cb803fc19d07c590d512180c') in 0.004206 seconds
Start importing Packages/com.unity.render-pipelines.universal/Editor/2D/ShapeEditor/Resources/Path/pointSelected.png using Guid(826595754b0623345a972ceb7f0d16c5) Importer(-1,00000000000000000000000000000000) [PhysX] Initialized MultithreadedTaskDispatcher with 20 workers.
 -> (artifact id: '6fbe92298a9338264553941f7ed2b938') in 0.006857 seconds
Start importing Packages/com.unity.timeline/Editor/StyleSheets/Images/Shared/TimelineOutline.png using Guid(829511f8e35bf3a40be037a1050f801c) Importer(-1,00000000000000000000000000000000) [PhysX] Initialized MultithreadedTaskDispatcher with 20 workers.
 -> (artifact id: '093e8a696302ed461f92a8be4d66423a') in 0.003098 seconds
Start importing Packages/com.unity.shadergraph/Editor/Resources/Icons/sg_subgraph_icon_gray_light.png using Guid(82b6560ff26e58d48aa33e2869ad14e4) Importer(-1,00000000000000000000000000000000) [PhysX] Initialized MultithreadedTaskDispatcher with 20 workers.
 -> (artifact id: '167339f4c3ec2146699ff04e21106b84') in 0.003872 seconds
Start importing Packages/com.unity.2d.tilemap/Editor/Icons/d_Tilemap.ActiveTargetLayers@4x.png using Guid(82f78c36add1c2c4795c911a7abfb93e) Importer(-1,00000000000000000000000000000000) [PhysX] Initialized MultithreadedTaskDispatcher with 20 workers.
 -> (artifact id: 'a3713a07d6af278e294aa4231c043f31') in 0.005665 seconds
Start importing Packages/com.unity.timeline/Editor/StyleSheets/Images/LightSkin/TimelineStartPlayback.png using Guid(824c4beb0ca6c934bbc7a26919302236) Importer(-1,00000000000000000000000000000000) [PhysX] Initialized MultithreadedTaskDispatcher with 20 workers.
 -> (artifact id: 'ae26dcab6220b95434e775802662f062') in 0.003897 seconds
Start importing Packages/com.unity.textmeshpro/Editor Resources/Textures/btn_AlignJustified.psd using Guid(92027f7f8cfc4feaa477da0dc38d3d46) Importer(-1,00000000000000000000000000000000) [PhysX] Initialized MultithreadedTaskDispatcher with 20 workers.
 -> (artifact id: '7e186129e0a5e2fe1e0cd43a99c63aa6') in 0.002881 seconds
Start importing Packages/com.unity.collab-proxy/Editor/Assets/Images/d_icondeletedlocaloverlay@2x.png using Guid(92b204cca46037444ab18ba6701f86f7) Importer(-1,00000000000000000000000000000000) [PhysX] Initialized MultithreadedTaskDispatcher with 20 workers.
 -> (artifact id: 'd5a28e55b93e817ead2f64fb59cbe8ac') in 0.004253 seconds
Start importing Packages/com.unity.collab-proxy/Editor/Assets/Images/d_iconshelve@2x.png using Guid(9264df9de832d7f4bb90a1d0c31d8343) Importer(-1,00000000000000000000000000000000) [PhysX] Initialized MultithreadedTaskDispatcher with 20 workers.
 -> (artifact id: 'dd6a745178aaa867e150c6b6f2d6aa57') in 0.005064 seconds
Start importing Packages/com.unity.2d.animation/Editor/Assets/ComponentIcons/d_Animation.IKCCD@32.png using Guid(927455eb53d4a46a4b1aa3ed556f0de8) Importer(-1,00000000000000000000000000000000) [PhysX] Initialized MultithreadedTaskDispatcher with 20 workers.
 -> (artifact id: '876f2abc71987e09a6c2ea33a5c57d67') in 0.005473 seconds
Start importing Packages/com.unity.timeline/Editor/StyleSheets/Images/DarkSkin/TimelineAutokey.png using Guid(92b5e4310629b264dad0fb2cc196d818) Importer(-1,00000000000000000000000000000000) [PhysX] Initialized MultithreadedTaskDispatcher with 20 workers.
 -> (artifact id: '3209255d30dda85101b54b3d44e9fb94') in 0.003186 seconds
Start importing Packages/com.unity.textmeshpro/Editor Resources/Textures/btn_AlignLeft.psd using Guid(9288066c33474b94b6ee5465f4df1cc0) Importer(-1,00000000000000000000000000000000) [PhysX] Initialized MultithreadedTaskDispatcher with 20 workers.
 -> (artifact id: '14c1fc5b56c6d32ea6ebd8e68561a6b9') in 0.003223 seconds
Start importing Packages/com.unity.collab-proxy/Editor/Assets/Images/d_refresh.png using Guid(92b8c447daf4d4b41a0ec148d1091261) Importer(-1,00000000000000000000000000000000) [PhysX] Initialized MultithreadedTaskDispatcher with 20 workers.
 -> (artifact id: '40c7ead41339022c63e409a84584907e') in 0.004400 seconds
Start importing Packages/com.unity.2d.psdimporter/Editor/Assets/Icons/Light/Layers Mixed@1x.png using Guid(92ca921ade6e944868364b1813c7568f) Importer(-1,00000000000000000000000000000000) [PhysX] Initialized MultithreadedTaskDispatcher with 20 workers.
 -> (artifact id: '81964e044d83254efccea39b74948f4d') in 0.004417 seconds
Start importing Packages/com.unity.2d.tilemap/Editor/Icons/Tilemap.TilePalette@4x.png using Guid(920ecfdb532776b4cb32b37e5bd9e6ff) Importer(-1,00000000000000000000000000000000) [PhysX] Initialized MultithreadedTaskDispatcher with 20 workers.
 -> (artifact id: '4893d4c732b1d46ac4913edfd47369e2') in 0.005006 seconds
Start importing Packages/com.unity.2d.tilemap/Editor/Icons/Tilemap.FocusGrid@2x.png using Guid(929e44994130ee644ac47965b289aec4) Importer(-1,00000000000000000000000000000000) [PhysX] Initialized MultithreadedTaskDispatcher with 20 workers.
 -> (artifact id: 'ced91924f950fb06edb5478184c0ab1a') in 0.004131 seconds
Start importing Packages/com.unity.2d.animation/Editor/Assets/ComponentIcons/d_Animation.IKManager.png using Guid(a220630d238d744a5a2cb385602d2498) Importer(-1,00000000000000000000000000000000) [PhysX] Initialized MultithreadedTaskDispatcher with 20 workers.
 -> (artifact id: 'f55b4879eaeb7e96ce8403382fab01ee') in 0.005494 seconds
Start importing Packages/com.unity.2d.animation/Editor/Assets/EditorIcons/Selected/SetPivot16.png using Guid(a2e0c70949436438eb2f97e6849191b8) Importer(-1,00000000000000000000000000000000) [PhysX] Initialized MultithreadedTaskDispatcher with 20 workers.
 -> (artifact id: 'c0818d2bccc702b8fab490eef20ed627') in 0.003738 seconds
Start importing Packages/com.unity.2d.animation/Editor/Assets/ComponentIcons/Animation.IKManager@32.png using Guid(a2d8694b191104c8cb1b7e715b3a5e47) Importer(-1,00000000000000000000000000000000) [PhysX] Initialized MultithreadedTaskDispatcher with 20 workers.
 -> (artifact id: '0adf4d9711a0fc7d26ab9942d8c08b65') in 0.004493 seconds
Start importing Packages/com.unity.2d.animation/Editor/Assets/EditorIcons/Selected/Sprite_Influence.png using Guid(a2db0b51e2c0e418b8d5f85cee0d4876) Importer(-1,00000000000000000000000000000000) [PhysX] Initialized MultithreadedTaskDispatcher with 20 workers.
 -> (artifact id: 'd6f3a318e9a69f2e4b07b92841afc004') in 0.005443 seconds
Start importing Packages/com.unity.render-pipelines.core/Editor/Lighting/Icons/LightUnitIcons/d_IntenseAreaLight.png using Guid(a20ce10a62e5d924a84f1a723e96c07e) Importer(-1,00000000000000000000000000000000) [PhysX] Initialized MultithreadedTaskDispatcher with 20 workers.
 -> (artifact id: '15149d499c097c0d433f2bcd38fee1db') in 0.004665 seconds
Start importing Packages/com.unity.render-pipelines.universal/Textures/BlueNoise16/L/LDR_LLL1_24.png using Guid(a2ec5cbf5a9b64345ad3fab0912ddf7b) Importer(-1,00000000000000000000000000000000) [PhysX] Initialized MultithreadedTaskDispatcher with 20 workers.
 -> (artifact id: 'a0a15ca97416ec0e6198d352f51998f2') in 0.002018 seconds
Start importing Packages/com.unity.2d.animation/Editor/Assets/EditorIcons/Light/Visibility_Hidded.png using Guid(a20f7223e2252fc4d813fc92d0f3a614) Importer(-1,00000000000000000000000000000000) [PhysX] Initialized MultithreadedTaskDispatcher with 20 workers.
 -> (artifact id: '7ee9255cf97cbc32489781d17d556742') in 0.003674 seconds
Start importing Packages/com.unity.2d.spriteshape/Editor/ObjectMenuCreation/DefaultAssets/Textures/Sprite Shape Fill.png using Guid(b281b91a70a624a0da1c43adc1c30c7b) Importer(-1,00000000000000000000000000000000) [PhysX] Initialized MultithreadedTaskDispatcher with 20 workers.
 -> (artifact id: '5dc6c534aa15104eea9cc5557505f8e1') in 0.006097 seconds
Start importing Packages/com.unity.collab-proxy/Editor/Assets/Images/notondisk.png using Guid(b205f4b28f59dda49af458b35d8a3ff3) Importer(-1,00000000000000000000000000000000) [PhysX] Initialized MultithreadedTaskDispatcher with 20 workers.
 -> (artifact id: 'a813d15ac3a0f25fed6ab13793314d84') in 0.003039 seconds
Start importing Packages/com.unity.2d.animation/Editor/Assets/ComponentIcons/Animation.SpriteLibrary On@256.png using Guid(b2d98f54996544507ade581c727c1c51) Importer(-1,00000000000000000000000000000000) [PhysX] Initialized MultithreadedTaskDispatcher with 20 workers.
 -> (artifact id: 'b0e6613fd8e134f8d47bb644156674d9') in 0.007526 seconds
Start importing Packages/com.unity.2d.animation/Editor/Assets/EditorIcons/Dark/d_Weight_Slider@2x.png using Guid(b2aca1e4f59dad54785b6ffded66224a) Importer(-1,00000000000000000000000000000000) [PhysX] Initialized MultithreadedTaskDispatcher with 20 workers.
 -> (artifact id: '55d79db6733b677d462564e27c481159') in 0.005351 seconds
Start importing Packages/com.unity.2d.animation/Editor/Assets/EditorIcons/Dark/d_character_Mode@3x.png using Guid(c22340e383b54c44196cb7765328e79d) Importer(-1,00000000000000000000000000000000) [PhysX] Initialized MultithreadedTaskDispatcher with 20 workers.
 -> (artifact id: '420b557e84f58fe2d2ee5a58ae775ae3') in 0.004345 seconds
Start importing Packages/com.unity.timeline/Editor/StyleSheets/Images/DarkSkin/TimelineEndPlayback.png using Guid(c285802d9d414814fad592b90b223f15) Importer(-1,00000000000000000000000000000000) [PhysX] Initialized MultithreadedTaskDispatcher with 20 workers.
 -> (artifact id: 'b5ae470239e0610c6e00ea49827308fe') in 0.003370 seconds
Start importing Packages/com.unity.timeline/Editor/StyleSheets/Images/Icons/d_TrackAvatarButtonEnabled.png using Guid(c207dcd389fb689489f5266468cd4609) Importer(-1,00000000000000000000000000000000) [PhysX] Initialized MultithreadedTaskDispatcher with 20 workers.
 -> (artifact id: '8be282d568f4644818169062a99639a3') in 0.003132 seconds
Start importing Packages/com.unity.textmeshpro/Editor Resources/Textures/btn_AlignMidLine.psd using Guid(c2f7f6a88b4c4f20a53deb72f3d9144c) Importer(-1,00000000000000000000000000000000) [PhysX] Initialized MultithreadedTaskDispatcher with 20 workers.
 -> (artifact id: '225e72e4d5111ecb9ad0a166d1b2e6ed') in 0.003299 seconds
Start importing Packages/com.unity.2d.animation/Editor/Assets/ComponentIcons/Animation.SpriteSkin On@128.png using Guid(d2ddd27a2c7de4ad99b3d8c9d00e4265) Importer(-1,00000000000000000000000000000000) [PhysX] Initialized MultithreadedTaskDispatcher with 20 workers.
 -> (artifact id: 'b96bf464967ea9b422d8039fdcd4fa26') in 0.004972 seconds
Start importing Packages/com.unity.collab-proxy/Editor/Assets/Images/buttonssosigninemail.png using Guid(d24e7e0b75e1a244bb9687d6fd4315ef) Importer(-1,00000000000000000000000000000000) [PhysX] Initialized MultithreadedTaskDispatcher with 20 workers.
 -> (artifact id: '06a92f571595a84bb5ed7e748f3d9a46') in 0.003793 seconds
Start importing Packages/com.unity.2d.animation/Editor/Assets/ComponentIcons/Animation.SpriteLibraryVar On@128.png using Guid(e2c573f07f6d7471d9cad8cb2a5fece0) Importer(-1,00000000000000000000000000000000) [PhysX] Initialized MultithreadedTaskDispatcher with 20 workers.
 -> (artifact id: '2b2a1c444fda262e6f450cd106ffc20b') in 0.006629 seconds
Start importing Packages/com.unity.2d.psdimporter/Editor/Assets/Icons/Dark/Layers Separated@2x.png using Guid(e269a78d88d514e4c9bde97d573d7e45) Importer(-1,00000000000000000000000000000000) [PhysX] Initialized MultithreadedTaskDispatcher with 20 workers.
 -> (artifact id: 'e18ff3b94326f907b783efefe6e41997') in 0.004324 seconds
Start importing Packages/com.unity.2d.tilemap/Editor/Icons/Grid.RotateCW.png using Guid(e25f34c849d45714e86b14d3afbb763e) Importer(-1,00000000000000000000000000000000) [PhysX] Initialized MultithreadedTaskDispatcher with 20 workers.
 -> (artifact id: 'ab8ebf2091cc36e124b499a3354d11fd') in 0.003679 seconds
Start importing Packages/com.unity.render-pipelines.core/Editor/Volume/Icons/VolumeProfileAsset.png using Guid(f20112bdeec2e8d4d9f80e8390e37263) Importer(-1,00000000000000000000000000000000) [PhysX] Initialized MultithreadedTaskDispatcher with 20 workers.
 -> (artifact id: '7cff03d88ac5f215ecd4a3d1533da0b0') in 0.013307 seconds
Start importing Packages/com.unity.render-pipelines.core/Runtime/Debugging/Prefabs/Textures/UIArrowDown.png using Guid(f224bfd122877a34aa49c63693fc317b) Importer(-1,00000000000000000000000000000000) [PhysX] Initialized MultithreadedTaskDispatcher with 20 workers.
 -> (artifact id: '0ff8fe4c3a910a6d042c767298db3088') in 0.003591 seconds
Start importing Packages/com.unity.2d.animation/Editor/Assets/ComponentIcons/d_Animation.IKCCD@256.png using Guid(f2df2ca130cfb4705ae418741cb26ff7) Importer(-1,00000000000000000000000000000000) [PhysX] Initialized MultithreadedTaskDispatcher with 20 workers.
 -> (artifact id: '795a888869e8336376416c43c7973d80') in 0.009382 seconds
Start importing Packages/com.unity.2d.psdimporter/Editor/Assets/Icons/Dark/Layers Separated@4x.png using Guid(03a0f27e9b08047889b3f5e7f0c23ff7) Importer(-1,00000000000000000000000000000000) [PhysX] Initialized MultithreadedTaskDispatcher with 20 workers.
 -> (artifact id: 'd0bf4c1f4a544f3148a3c6e7d9e80602') in 0.004670 seconds
Start importing Packages/com.unity.2d.animation/Editor/Assets/EditorIcons/Dark/d_Visibility_Hidded@2x.png using Guid(03d0123afb5451345b88c605c86db28b) Importer(-1,00000000000000000000000000000000) [PhysX] Initialized MultithreadedTaskDispatcher with 20 workers.
 -> (artifact id: 'e95fe1b0688e295d48145f58ca7f1e9e') in 0.005719 seconds
Start importing Packages/com.unity.2d.animation/Editor/Assets/EditorIcons/Selected/Parent_Bone@4x.png using Guid(03b3f669dc5706a4592344c6385af858) Importer(-1,00000000000000000000000000000000) [PhysX] Initialized MultithreadedTaskDispatcher with 20 workers.
 -> (artifact id: '9ac618be57d34097b90a20804f5168f8') in 0.005091 seconds
Start importing Packages/com.unity.shadergraph/Editor/Resources/GraphView/Nodes/PreviewCollapse.png using Guid(03d3df9748467354ab39a973710a3a30) Importer(-1,00000000000000000000000000000000) [PhysX] Initialized MultithreadedTaskDispatcher with 20 workers.
 -> (artifact id: 'ef6d84b2edd9e474442b52daff8c84b9') in 0.002840 seconds
Start importing Packages/com.unity.timeline/Editor/StyleSheets/Images/LightSkin/TimelineDisabledBackground.png using Guid(0304baf8d224f3e47b22d872c8dcd412) Importer(-1,00000000000000000000000000000000) [PhysX] Initialized MultithreadedTaskDispatcher with 20 workers.
 -> (artifact id: 'c48db92858cbf91dba46260daa122975') in 0.002890 seconds
Start importing Packages/com.unity.timeline/Editor/StyleSheets/Images/Icons/TimelineCollapseMarkerButtonEnabled.png using Guid(0367ce1ebbbb18940b79eed63a0315d5) Importer(-1,00000000000000000000000000000000) [PhysX] Initialized MultithreadedTaskDispatcher with 20 workers.
 -> (artifact id: '5759e063cd39892345d6cc928f50bdb0') in 0.002201 seconds
Start importing Packages/com.unity.2d.animation/Editor/Assets/EditorIcons/Light/Create Bones@2x.png using Guid(03976b6af3289c0409a55e2c4eab4087) Importer(-1,00000000000000000000000000000000) [PhysX] Initialized MultithreadedTaskDispatcher with 20 workers.
 -> (artifact id: 'ede3f288721498a57b313539cb8c4f7c') in 0.005888 seconds
Start importing Packages/com.unity.2d.tilemap/Editor/Icons/d_Tilemap.BrushSettings@2x.png using Guid(03d93c388f90a6248983677a29c72b38) Importer(-1,00000000000000000000000000000000) [PhysX] Initialized MultithreadedTaskDispatcher with 20 workers.
 -> (artifact id: '040774b5075bf4d2ef2137b3a88d2a2f') in 0.004682 seconds
Start importing Packages/com.unity.render-pipelines.core/Editor/Lighting/Icons/LightUnitIcons/DirectSunlight@2x.png using Guid(03ea000956f47584c872d8b4df47f5ee) Importer(-1,00000000000000000000000000000000) [PhysX] Initialized MultithreadedTaskDispatcher with 20 workers.
 -> (artifact id: 'c5d612706e5548e0e4a2db6ef206bdb1') in 0.006012 seconds
Start importing Packages/com.unity.2d.animation/Editor/Assets/EditorIcons/Dark/d_Split_Edge@3x.png using Guid(03cb0f9b9d35a14499ccade97f1b3da1) Importer(-1,00000000000000000000000000000000) [PhysX] Initialized MultithreadedTaskDispatcher with 20 workers.
 -> (artifact id: '88fcc9644de31b8dfddaca1873905780') in 0.006727 seconds
Start importing Packages/com.unity.timeline/Editor/StyleSheets/Images/Shared/TimelineDisplay.png using Guid(03ae22b9de3989144a9bebf8972b4fad) Importer(-1,00000000000000000000000000000000) [PhysX] Initialized MultithreadedTaskDispatcher with 20 workers.
 -> (artifact id: 'ae71d0ddfc1a5f8d3af17fe2066149ec') in 0.002230 seconds
Start importing Packages/com.unity.collab-proxy/Editor/Assets/Images/secondarytabclose.png using Guid(03cefa94d5aa9d74993fb2138af9d607) Importer(-1,00000000000000000000000000000000) [PhysX] Initialized MultithreadedTaskDispatcher with 20 workers.
 -> (artifact id: '11579b9ae768ea4722388eb875d0e15d') in 0.003090 seconds
Start importing Packages/com.unity.render-pipelines.core/Editor/Lighting/Icons/LightUnitIcons/d_Overcast@2x.png using Guid(036f58abb8f232d41b3928a31433cf81) Importer(-1,00000000000000000000000000000000) [PhysX] Initialized MultithreadedTaskDispatcher with 20 workers.
 -> (artifact id: 'b87a25cc7e45adf1a83cf9668ed13c15') in 0.004432 seconds
Start importing Packages/com.unity.visualscripting/Editor/VisualScripting.Core/IconMap/SceneVariables.png using Guid(1322acb2dac5e7f4cbae25e022caf9d2) Importer(-1,00000000000000000000000000000000) [PhysX] Initialized MultithreadedTaskDispatcher with 20 workers.
 -> (artifact id: 'f250c5d677c92cebea08985265603c5f') in 0.007577 seconds
Start importing Packages/com.unity.collab-proxy/Editor/Assets/Images/iconclosebutton.png using Guid(13527793884104b46b7446fd7464c3ed) Importer(-1,00000000000000000000000000000000) [PhysX] Initialized MultithreadedTaskDispatcher with 20 workers.
 -> (artifact id: 'cf15230274d368797ddb79a5e7c0f2fd') in 0.003866 seconds
Start importing Packages/com.unity.2d.tilemap/Editor/Icons/Tilemap.EditPalette@2x.png using Guid(13c8bd32c985e204eafd19f6360119db) Importer(-1,00000000000000000000000000000000) [PhysX] Initialized MultithreadedTaskDispatcher with 20 workers.
 -> (artifact id: 'f526a052f113c76639fd8c086d7fd6da') in 0.003408 seconds
Start importing Packages/com.unity.collab-proxy/Editor/Assets/Images/d_iconplasticnotifyconflict@2x.png using Guid(23743f0c0ed1e6546808a5d645c2a6a5) Importer(-1,00000000000000000000000000000000) [PhysX] Initialized MultithreadedTaskDispatcher with 20 workers.
 -> (artifact id: 'a63e6619522e64efe99dee5754829aa2') in 0.004638 seconds
Start importing Packages/com.unity.render-pipelines.core/Editor/LookDev/Icons/Camera1.png using Guid(2384eb5de05269b44a58f8dd1d83d725) Importer(-1,00000000000000000000000000000000) [PhysX] Initialized MultithreadedTaskDispatcher with 20 workers.
 -> (artifact id: 'd726513d563d31162cb73c9879286eb8') in 0.004248 seconds
Start importing Packages/com.unity.collab-proxy/Editor/Assets/Images/d_icondeletedremote.png using Guid(23e66f7264c74424889342127f229577) Importer(-1,00000000000000000000000000000000) [PhysX] Initialized MultithreadedTaskDispatcher with 20 workers.
 -> (artifact id: 'fb06d51c18b14b63c81939d69e3c49a5') in 0.002703 seconds
Start importing Packages/com.unity.2d.tilemap/Editor/Icons/d_Grid.FlipX.png using Guid(238833eb2176e7d429d5020dc9232155) Importer(-1,00000000000000000000000000000000) [PhysX] Initialized MultithreadedTaskDispatcher with 20 workers.
 -> (artifact id: 'ff42b0b8b765eda240c7d8f9976ae822') in 0.003312 seconds
Start importing Packages/com.unity.timeline/Editor/StyleSheets/Images/Icons/TimelineClipFG.png using Guid(33b1871a2d09cfa459a93f4e8feb5c41) Importer(-1,00000000000000000000000000000000) [PhysX] Initialized MultithreadedTaskDispatcher with 20 workers.
 -> (artifact id: '2c491ac3689433e041d87fed79d976b1') in 0.002992 seconds
Start importing Packages/com.unity.render-pipelines.universal/Textures/BlueNoise256/LDR_LLL1_5.png using Guid(3302065f671a8450b82c9ddf07426f3a) Importer(-1,00000000000000000000000000000000) [PhysX] Initialized MultithreadedTaskDispatcher with 20 workers.
 -> (artifact id: '66a4ce5920ec817d1962040ed7f75a0a') in 0.003716 seconds
Start importing Packages/com.unity.timeline/Editor/StyleSheets/Images/Icons/TrackMarkerButtonDisabled.png using Guid(33a52b41b4de5874ca7da1da32067e39) Importer(-1,00000000000000000000000000000000) [PhysX] Initialized MultithreadedTaskDispatcher with 20 workers.
 -> (artifact id: '7633cdcb986a559ee549a66053ff3bd5') in 0.002279 seconds
Start importing Packages/com.unity.render-pipelines.core/Editor/Lighting/Icons/LightUnitIcons/Candlelight@2x.png using Guid(3387986904fe97b4cb1a1b607d1e7039) Importer(-1,00000000000000000000000000000000) [PhysX] Initialized MultithreadedTaskDispatcher with 20 workers.
 -> (artifact id: '0ed5a7658584907805efbde35bd8d7a3') in 0.003400 seconds
Start importing Packages/com.unity.2d.psdimporter/Editor/Assets/Icons/Selected/Layers Mixed@1x.png using Guid(332959a914fc9470abaa066b876b0dcc) Importer(-1,00000000000000000000000000000000) [PhysX] Initialized MultithreadedTaskDispatcher with 20 workers.
 -> (artifact id: 'ebb3e4447754e7277ad8b0ee50d8eab7') in 0.003486 seconds
Start importing Packages/com.unity.2d.animation/Editor/Assets/EditorIcons/Dark/d_Edit_Pose@3x.png using Guid(334b0c5a2da656f4a9d2fe6b658cfd68) Importer(-1,00000000000000000000000000000000) [PhysX] Initialized MultithreadedTaskDispatcher with 20 workers.
 -> (artifact id: '42d69c38b0c62a761a10d60183dfab06') in 0.007353 seconds
Start importing Packages/com.unity.render-pipelines.universal/Textures/BlueNoise256/LDR_LLL1_7.png using Guid(331c5658939a2461d8c7a0b3691eb7d5) Importer(-1,00000000000000000000000000000000) [PhysX] Initialized MultithreadedTaskDispatcher with 20 workers.
 -> (artifact id: '83d6f13298d2ecc75fc29e82b662eef9') in 0.003608 seconds
Start importing Packages/com.unity.2d.animation/Editor/Assets/EditorIcons/Dark/d_Visibility_Hidded.png using Guid(331d72d503bf74243aa04430504cee09) Importer(-1,00000000000000000000000000000000) [PhysX] Initialized MultithreadedTaskDispatcher with 20 workers.
 -> (artifact id: '79dee21ac4b10228842fa30cdf22a78c') in 0.003931 seconds
Start importing Packages/com.unity.2d.animation/Editor/Assets/ComponentIcons/Animation.SpriteLibraryVar@64.png using Guid(33cf904ffefc842ddb5ccf1565cd94b3) Importer(-1,00000000000000000000000000000000) [PhysX] Initialized MultithreadedTaskDispatcher with 20 workers.
 -> (artifact id: '8e3fcb3d9b935e9ee5924367399bb6a7') in 0.007091 seconds
Start importing Packages/com.unity.2d.animation/Editor/Assets/ComponentIcons/d_Animation.IKLimb@128.png using Guid(4328211baea95405ab6b8d24456fcbc9) Importer(-1,00000000000000000000000000000000) [PhysX] Initialized MultithreadedTaskDispatcher with 20 workers.
 -> (artifact id: 'effc3199036865d1cd853580d826deaa') in 0.005026 seconds
Start importing Packages/com.unity.timeline/Editor/StyleSheets/Images/Icons/d_TrackCurvesButtonEnabled@2x.png using Guid(43ed4593c5ddda0439fcc1bdaf8309fe) Importer(-1,00000000000000000000000000000000) [PhysX] Initialized MultithreadedTaskDispatcher with 20 workers.
 -> (artifact id: 'fb07e3b2ee60f5c60252af94566b24ac') in 0.002925 seconds
Start importing Packages/com.unity.timeline/Editor/StyleSheets/Images/DarkSkin/TimelinePlayRange.png using Guid(43eeff8a446b32242a4fb1a5c1bd7b8e) Importer(-1,00000000000000000000000000000000) [PhysX] Initialized MultithreadedTaskDispatcher with 20 workers.
 -> (artifact id: '5dd0c1efe9060f7b12d75d03d0ea7e7d') in 0.002855 seconds
Start importing Packages/com.unity.2d.tilemap/Editor/Icons/Tilemap.FocusTilemap.png using Guid(534112f711642464e8a5b9b5ea20e941) Importer(-1,00000000000000000000000000000000) [PhysX] Initialized MultithreadedTaskDispatcher with 20 workers.
 -> (artifact id: '4bc485aa387a187f727b51f1d0d2cf40') in 0.004555 seconds
Start importing Packages/com.unity.2d.tilemap/Editor/Icons/Tilemap.DefaultBrush.png using Guid(53439e5dcebe4d74e8358cf7104c4666) Importer(-1,00000000000000000000000000000000) [PhysX] Initialized MultithreadedTaskDispatcher with 20 workers.
 -> (artifact id: '6b517e54e58f5913d4a06b233219446e') in 0.004333 seconds
Start importing Packages/com.unity.2d.animation/Editor/Assets/EditorIcons/Selected/d_Visibility_Hidded.png using Guid(53537648d368cf6459e256af3d925e09) Importer(-1,00000000000000000000000000000000) [PhysX] Initialized MultithreadedTaskDispatcher with 20 workers.
 -> (artifact id: '23fc3da3bb23121ef9a45c379ea56ba4') in 0.004038 seconds
Start importing Packages/com.unity.2d.animation/Editor/Assets/ComponentIcons/Animation.IKFabrik.png using Guid(53d33bff0a9374b6db003552e5767cdb) Importer(-1,00000000000000000000000000000000) [PhysX] Initialized MultithreadedTaskDispatcher with 20 workers.
 -> (artifact id: '506d0671852710f25a584d33fcb2539f') in 0.003489 seconds
Start importing Packages/com.unity.2d.common/Path/Editor/Handles/TangentLinearPro.png using Guid(5315c047999aa4d869298f6988dfeb30) Importer(-1,00000000000000000000000000000000) [PhysX] Initialized MultithreadedTaskDispatcher with 20 workers.
 -> (artifact id: '329831181eb65ecc63e6047fb3129465') in 0.004466 seconds
Start importing Packages/com.unity.2d.animation/Editor/Assets/ComponentIcons/Animation.IKManager On.png using Guid(53c84f3dfe8b04b6db1fb80443fafbaf) Importer(-1,00000000000000000000000000000000) [PhysX] Initialized MultithreadedTaskDispatcher with 20 workers.
 -> (artifact id: '582f7688a7ffbee772c492916af1477c') in 0.004003 seconds
Start importing Packages/com.unity.2d.tilemap/Editor/Icons/d_Grid.RotateACW.png using Guid(53da314bfe3845741ad14976e09ee6cf) Importer(-1,00000000000000000000000000000000) [PhysX] Initialized MultithreadedTaskDispatcher with 20 workers.
 -> (artifact id: '328730507b15a65bb77692a7aec6bdd3') in 0.003654 seconds
Start importing Packages/com.unity.shadergraph/Editor/Resources/Icons/SettingsIcons.png using Guid(53bf71ace226b574d88c828e8b631aae) Importer(-1,00000000000000000000000000000000) [PhysX] Initialized MultithreadedTaskDispatcher with 20 workers.
 -> (artifact id: '784cf0ef1616c759ddec3639324c8881') in 0.003745 seconds
Start importing Packages/com.unity.2d.tilemap/Editor/Icons/d_GridSelection@2x.png using Guid(63a012608de367444a8cfb3b43e4da64) Importer(-1,00000000000000000000000000000000) [PhysX] Initialized MultithreadedTaskDispatcher with 20 workers.
 -> (artifact id: 'f5d94d563100d244af6827d1f6ba6852') in 0.003586 seconds
Start importing Packages/com.unity.2d.tilemap/Editor/Icons/Tilemap.ShowGrid.png using Guid(63154732be07c2242a369890e0f80a72) Importer(-1,00000000000000000000000000000000) [PhysX] Initialized MultithreadedTaskDispatcher with 20 workers.
 -> (artifact id: '6d0adeed10b23a966ff452238df834ca') in 0.003939 seconds
Start importing Packages/com.unity.2d.animation/Editor/Assets/EditorIcons/Light/Weight_Slider@2x.png using Guid(6306a4776b130304bba7a139fc1d2bb8) Importer(-1,00000000000000000000000000000000) [PhysX] Initialized MultithreadedTaskDispatcher with 20 workers.
 -> (artifact id: 'ce357b617d02961824233d7a35e55127') in 0.004239 seconds
Start importing Packages/com.unity.2d.animation/Editor/Assets/ComponentIcons/Animation.IKManager@256.png using Guid(63a9bd0d002bb4d598c276d9f5aabc30) Importer(-1,00000000000000000000000000000000) [PhysX] Initialized MultithreadedTaskDispatcher with 20 workers.
 -> (artifact id: '90927845147cb4ade1ed17f3b22087ab') in 0.008130 seconds
Start importing Packages/com.unity.collab-proxy/Editor/Assets/Images/iconoutofsync.png using Guid(636d03a8834e3ed4cac3a1cb4b82deaf) Importer(-1,00000000000000000000000000000000) [PhysX] Initialized MultithreadedTaskDispatcher with 20 workers.
 -> (artifact id: '14db783e4d1c34bd3a44f250331907bc') in 0.003269 seconds
Start importing Packages/com.unity.2d.tilemap/Editor/Icons/Tilemap.FocusTilemap@4x.png using Guid(7360ac83b6bff7149836a436a4920d53) Importer(-1,00000000000000000000000000000000) [PhysX] Initialized MultithreadedTaskDispatcher with 20 workers.
 -> (artifact id: '9dd778527cf166275e1025f106e24d7b') in 0.004989 seconds
Start importing Packages/com.unity.collab-proxy/Editor/Assets/Images/d_iconaddedoverlay.png using Guid(73d124bf77e463c45942d14136745d9f) Importer(-1,00000000000000000000000000000000) [PhysX] Initialized MultithreadedTaskDispatcher with 20 workers.
 -> (artifact id: 'bbf77d83d412a1e04f2604543963a97e') in 0.003865 seconds
Start importing Packages/com.unity.2d.animation/Editor/Assets/EditorIcons/Selected/Visibility_Tool.png using Guid(7342ee656932e31489ea62e64e012645) Importer(-1,00000000000000000000000000000000) [PhysX] Initialized MultithreadedTaskDispatcher with 20 workers.
 -> (artifact id: '32c57195f676baf6c1f6b082370f6869') in 0.004235 seconds
Start importing Packages/com.unity.2d.animation/Editor/Assets/EditorIcons/Light/Bone_Influence@2x.png using Guid(7395bf0bc3cc40e4ab2dda5ec6832261) Importer(-1,00000000000000000000000000000000) [PhysX] Initialized MultithreadedTaskDispatcher with 20 workers.
 -> (artifact id: '8e6cc129c32e0eedf55eff021234688a') in 0.004901 seconds
Start importing Packages/com.unity.timeline/Editor/StyleSheets/Images/Icons/TimelineSelector.png using Guid(73f5ebb64da7b2a40ab6bffac80f1a61) Importer(-1,00000000000000000000000000000000) [PhysX] Initialized MultithreadedTaskDispatcher with 20 workers.
 -> (artifact id: '8a8eb21bf6bb9b6c0f647c882c8d623b') in 0.002091 seconds
Start importing Packages/com.unity.render-pipelines.core/Editor/Lighting/Icons/LightUnitIcons/d_DecorativeLight.png using Guid(73e9cf59769215c4892d0a8008f39737) Importer(-1,00000000000000000000000000000000) [PhysX] Initialized MultithreadedTaskDispatcher with 20 workers.
 -> (artifact id: 'f147b046af35962bbd7dc61b22a2c97b') in 0.003460 seconds
Start importing Packages/com.unity.collab-proxy/Editor/Assets/Images/iconinfobellnotification@2x.png using Guid(830164d71b9d60c40b606822b957d10b) Importer(-1,00000000000000000000000000000000) [PhysX] Initialized MultithreadedTaskDispatcher with 20 workers.
 -> (artifact id: '6959b3abd6ae4ace1405150e0e55fd30') in 0.004325 seconds
Start importing Packages/com.unity.render-pipelines.core/Editor/LookDev/Icons/d_LayoutHorizontal.png using Guid(83cbec96661199e408a744d4c3e586e2) Importer(-1,00000000000000000000000000000000) [PhysX] Initialized MultithreadedTaskDispatcher with 20 workers.
 -> (artifact id: 'f5adc43e91b360061e8b82fa604ed696') in 0.003326 seconds
Start importing Packages/com.unity.2d.animation/Editor/Assets/ComponentIcons/Animation.IKLimb On@32.png using Guid(9382c856352ae4001b0ec605e74a61de) Importer(-1,00000000000000000000000000000000) [PhysX] Initialized MultithreadedTaskDispatcher with 20 workers.
 -> (artifact id: '1e11c496842779a8004543a3584e82c5') in 0.003508 seconds
Start importing Packages/com.unity.2d.animation/Editor/Assets/EditorIcons/Light/Edit_Pose.png using Guid(9369d4108c727134a8f5a9618cfbbf18) Importer(-1,00000000000000000000000000000000) [PhysX] Initialized MultithreadedTaskDispatcher with 20 workers.
 -> (artifact id: '87bfe4ff3b107cc41540a062da1add94') in 0.003808 seconds
Start importing Packages/com.unity.2d.animation/Editor/Assets/ComponentIcons/Animation.IKFabrik@64.png using Guid(934b23cc1699f467688d787b9d303561) Importer(-1,00000000000000000000000000000000) [PhysX] Initialized MultithreadedTaskDispatcher with 20 workers.
 -> (artifact id: '952e3f50fd8ae50b43849df15fe45923') in 0.004863 seconds
Start importing Packages/com.unity.timeline/Editor/StyleSheets/Images/Icons/TrackCurvesButtonDisabled@2x.png using Guid(a383d8b1327c9254896ad76d6efaf357) Importer(-1,00000000000000000000000000000000) [PhysX] Initialized MultithreadedTaskDispatcher with 20 workers.
 -> (artifact id: 'c6061bf967c0a0cb3a4e61be2297482d') in 0.002251 seconds
Start importing Packages/com.unity.2d.tilemap/Editor/Icons/d_Grid.FlipY@2x.png using Guid(a3c4ea29a117e3f418ded11a50e4d52d) Importer(-1,00000000000000000000000000000000) [PhysX] Initialized MultithreadedTaskDispatcher with 20 workers.
 -> (artifact id: '5cc688dc6e1cb3872a814da07e4fbfe8') in 0.003114 seconds
Start importing Packages/com.unity.collab-proxy/Editor/Assets/Images/icondeletedlocaloverlay@2x.png using Guid(a3e491f99ea3ad74f8731ca93e84c497) Importer(-1,00000000000000000000000000000000) [PhysX] Initialized MultithreadedTaskDispatcher with 20 workers.
 -> (artifact id: '6c7bca7ab5901af59bee85f7eed9ef17') in 0.003298 seconds
Start importing Packages/com.unity.2d.animation/Editor/Assets/EditorIcons/Light/Parent_Bone@3x.png using Guid(a316f87205656c949a135f4c7ae8d5f2) Importer(-1,00000000000000000000000000000000) [PhysX] Initialized MultithreadedTaskDispatcher with 20 workers.
 -> (artifact id: 'fb8feafcb69ce6a7741198f7239ef096') in 0.004077 seconds
Start importing Packages/com.unity.2d.animation/Editor/Assets/EditorIcons/Dark/d_character_Mode.png using Guid(a33833072bf90f34c856623b67d0e897) Importer(-1,00000000000000000000000000000000) [PhysX] Initialized MultithreadedTaskDispatcher with 20 workers.
 -> (artifact id: 'cac3cb325c1411fe808a9c52897d93b6') in 0.003816 seconds
Start importing Packages/com.unity.collab-proxy/Editor/Assets/Images/d_iconconflictedoverlay@2x.png using Guid(a3ced8f7044b9de4787602a9e9b20ea7) Importer(-1,00000000000000000000000000000000) [PhysX] Initialized MultithreadedTaskDispatcher with 20 workers.
 -> (artifact id: 'a19c66a77f54c98c718ff22d16676248') in 0.003756 seconds
Start importing Packages/com.unity.2d.animation/Editor/Assets/EditorIcons/Dark/d_SetPivot256.png using Guid(a3de9d1408f25449bb288eebcebfb832) Importer(-1,00000000000000000000000000000000) [PhysX] Initialized MultithreadedTaskDispatcher with 20 workers.
 -> (artifact id: '1815b8f738c1d629c92894202a47f210') in 0.007159 seconds
Start importing Packages/com.unity.render-pipelines.core/Editor/Lighting/Icons/LightUnitIcons/ExteriorLight@2x.png using Guid(a3fe770bc25a98540958d57e10f2a5fd) Importer(-1,00000000000000000000000000000000) [PhysX] Initialized MultithreadedTaskDispatcher with 20 workers.
 -> (artifact id: '475bbece90c8446848f39cf1b4ef8165') in 0.003863 seconds
Start importing Packages/com.unity.2d.animation/Editor/Assets/EditorIcons/Light/Edit_Geometry@3x.png using Guid(b37297243655c064a8cd48d76a074ca0) Importer(-1,00000000000000000000000000000000) [PhysX] Initialized MultithreadedTaskDispatcher with 20 workers.
 -> (artifact id: '4705de32d5ff0bac32a3ad94bfe3e49f') in 0.004775 seconds
Start importing Packages/com.unity.timeline/Editor/StyleSheets/Images/Icons/d_TrackMarkerButtonDisabled.png using Guid(b3644a971cca0bd4eb357cb9aca4dde1) Importer(-1,00000000000000000000000000000000) [PhysX] Initialized MultithreadedTaskDispatcher with 20 workers.
 -> (artifact id: '8ae3d6ed8f727685ad0d53405f0af4f4') in 0.001848 seconds
Start importing Packages/com.unity.2d.tilemap/Editor/Icons/Tilemap.ShowGrid@4x.png using Guid(b375422385f769844a35ff7743e8f1bb) Importer(-1,00000000000000000000000000000000) [PhysX] Initialized MultithreadedTaskDispatcher with 20 workers.
 -> (artifact id: 'c1e0d4cc441ebf90d446822a85be361f') in 0.003448 seconds
Start importing Packages/com.unity.render-pipelines.core/Runtime/Debugging/Prefabs/Textures/UICheckMark.png using Guid(b346b2a2df1d290438be3287b6419408) Importer(-1,00000000000000000000000000000000) [PhysX] Initialized MultithreadedTaskDispatcher with 20 workers.
 -> (artifact id: '3f1c1766a13c4911a1a877c7c4b6e7a1') in 0.003122 seconds
Start importing Packages/com.unity.render-pipelines.core/Editor/Lighting/Icons/Advanced_UnPressed_mini.png using Guid(b356b95f05b77cf49a1b8241134f44c4) Importer(-1,00000000000000000000000000000000) [PhysX] Initialized MultithreadedTaskDispatcher with 20 workers.
 -> (artifact id: '8841fce8984410a8fcd5904b531cea90') in 0.004660 seconds
Start importing Packages/com.unity.2d.tilemap/Editor/Icons/d_Tilemap.ShowTilePalette@2x.png using Guid(b3f6a0922e3511840813c51882c0907b) Importer(-1,00000000000000000000000000000000) [PhysX] Initialized MultithreadedTaskDispatcher with 20 workers.
 -> (artifact id: 'a1f8c61c5eee68843153447b21d3c1f1') in 0.003609 seconds
Start importing Packages/com.unity.render-pipelines.universal/Editor/2D/Resources/InspectorIcons/PointLight.png using Guid(b3ab972b21db85d48ade9657efdd4771) Importer(-1,00000000000000000000000000000000) [PhysX] Initialized MultithreadedTaskDispatcher with 20 workers.
 -> (artifact id: 'bceb629d1d212c52e50d12f54a959db6') in 0.004267 seconds
Start importing Packages/com.unity.timeline/Editor/StyleSheets/Images/Icons/TrackMarkerButtonEnabled@2x.png using Guid(c35a22ede3f5feb488bf69587ddc36ed) Importer(-1,00000000000000000000000000000000) [PhysX] Initialized MultithreadedTaskDispatcher with 20 workers.
 -> (artifact id: 'c33da92b96cdb67122b869dacf1e0458') in 0.002063 seconds
Start importing Packages/com.unity.collab-proxy/Editor/Assets/Images/d_iconretainedoverlay@2x.png using Guid(c34cd61ed96ff9a40a54e159467c5155) Importer(-1,00000000000000000000000000000000) [PhysX] Initialized MultithreadedTaskDispatcher with 20 workers.
 -> (artifact id: '5519425e3367cf06a014ca939c70f084') in 0.004161 seconds
Start importing Packages/com.unity.render-pipelines.core/Editor/Lighting/Icons/LightUnitIcons/CloudySky@2x.png using Guid(c30d00a81d6542c40ae1837621e3969e) Importer(-1,00000000000000000000000000000000) [PhysX] Initialized MultithreadedTaskDispatcher with 20 workers.
 -> (artifact id: '5862e929d10f1125675f82850a0e842f') in 0.004406 seconds
Start importing Packages/com.unity.2d.animation/Editor/Assets/ComponentIcons/d_Animation.SpriteLibraryVar@128.png using Guid(c38da00047c364d939a5857fc7e8a17a) Importer(-1,00000000000000000000000000000000) [PhysX] Initialized MultithreadedTaskDispatcher with 20 workers.
 -> (artifact id: 'ba7a23cbcfefd4b117ddefe715fdfa9b') in 0.006432 seconds
Start importing Packages/com.unity.2d.tilemap/Editor/Icons/d_Tilemap.ActiveTargetLayers@2x.png using Guid(d3b2641fbdbb1f340ad9732102db591e) Importer(-1,00000000000000000000000000000000) [PhysX] Initialized MultithreadedTaskDispatcher with 20 workers.
 -> (artifact id: 'a2f5c0bd2a353d321a204d7a5e27f30b') in 0.004212 seconds
Start importing Packages/com.unity.timeline/Editor/StyleSheets/Images/DarkSkin/TimelinePingPong.png using Guid(d3b5c4f7d6b94f64085b3713bffa680e) Importer(-1,00000000000000000000000000000000) [PhysX] Initialized MultithreadedTaskDispatcher with 20 workers.
 -> (artifact id: 'ce3f5fbfbdaecfb7118b5ea874173e00') in 0.002639 seconds
Start importing Packages/com.unity.render-pipelines.universal/Textures/BlueNoise16/L/LDR_LLL1_18.png using Guid(d36f0fe53425e08499a2333cf423634c) Importer(-1,00000000000000000000000000000000) [PhysX] Initialized MultithreadedTaskDispatcher with 20 workers.
 -> (artifact id: '955e8f638bac2f0896dad9eda7deab45') in 0.002213 seconds
Start importing Packages/com.unity.textmeshpro/Editor Resources/Textures/SectionHeader_Light.psd using Guid(e3b0f810fdea84e40ab4ba20f256f7e8) Importer(-1,00000000000000000000000000000000) [PhysX] Initialized MultithreadedTaskDispatcher with 20 workers.
 -> (artifact id: '4a2c115ed1c80e7a96f0c4a9ec38694e') in 0.002053 seconds
Start importing Packages/com.unity.render-pipelines.universal/Textures/BlueNoise256/LDR_LLL1_4.png using Guid(e32226222ff144b24bf3a5a451de54bc) Importer(-1,00000000000000000000000000000000) [PhysX] Initialized MultithreadedTaskDispatcher with 20 workers.
 -> (artifact id: 'e947f7a105f2737af4894d2182fa266d') in 0.004009 seconds
Start importing Packages/com.unity.render-pipelines.universal/Textures/BlueNoise64/L/LDR_LLL1_0.png using Guid(e3d24661c1e055f45a7560c033dbb837) Importer(-1,00000000000000000000000000000000) [PhysX] Initialized MultithreadedTaskDispatcher with 20 workers.
 -> (artifact id: 'd9d0f71fa00d852d632ae0162c1fb00d') in 0.001841 seconds
Start importing Packages/com.unity.render-pipelines.universal/Editor/Gizmos/Camera_UI.png using Guid(e3c6759aa8004ae458959d7fe48d6a74) Importer(-1,00000000000000000000000000000000) [PhysX] Initialized MultithreadedTaskDispatcher with 20 workers.
 -> (artifact id: 'e1939dfdc629af59ae29791791861ec1') in 0.006134 seconds
Start importing Packages/com.unity.render-pipelines.universal/Editor/2D/ShapeEditor/Resources/TangentContinuous.png using Guid(f3d009ca5277c90499f90541e08d8021) Importer(-1,00000000000000000000000000000000) [PhysX] Initialized MultithreadedTaskDispatcher with 20 workers.
 -> (artifact id: 'a9855438609ddba37c9b19719eccdbce') in 0.003730 seconds
Start importing Packages/com.unity.searcher/Editor/Resources/FlatSkin/SearchSmallDownOn.png using Guid(f353e9d22eb9164499dd70cb41b00244) Importer(-1,00000000000000000000000000000000) [PhysX] Initialized MultithreadedTaskDispatcher with 20 workers.
 -> (artifact id: 'd9e274bb66901a2f2213403e32f28394') in 0.002423 seconds
Start importing Packages/com.unity.2d.animation/Editor/Assets/EditorIcons/Light/Visibility_Hidded@2x.png using Guid(f3940f64802892746b2ec336d3b0c5f4) Importer(-1,00000000000000000000000000000000) [PhysX] Initialized MultithreadedTaskDispatcher with 20 workers.
 -> (artifact id: '51386a92cfcc33be31aeb0fd391fc0ac') in 0.004232 seconds
Start importing Packages/com.unity.collab-proxy/Editor/Assets/Images/d_iconplasticnotifyincoming.png using Guid(f31d2c855644aad4cb2030bce12859f6) Importer(-1,00000000000000000000000000000000) [PhysX] Initialized MultithreadedTaskDispatcher with 20 workers.
 -> (artifact id: '3853dd5518f3fdbd6e63d439797bcc64') in 0.003315 seconds
Start importing Packages/com.unity.collab-proxy/Editor/Assets/Images/d_iconinfobellnotification.png using Guid(f38e832edef3ab648bcc2ab5dfa2906d) Importer(-1,00000000000000000000000000000000) [PhysX] Initialized MultithreadedTaskDispatcher with 20 workers.
 -> (artifact id: '765226aba9ba82ef6cea4738cc0f1d3c') in 0.003731 seconds
Start importing Packages/com.unity.render-pipelines.core/Editor/LookDev/Icons/LayoutHorizontal@2x.png using Guid(f3fe1e478135ed34db9a1f6707f52c6a) Importer(-1,00000000000000000000000000000000) [PhysX] Initialized MultithreadedTaskDispatcher with 20 workers.
 -> (artifact id: '6809f52426144cf91031688e4535e5be') in 0.003409 seconds
Start importing Packages/com.unity.2d.animation/Editor/Assets/ComponentIcons/Animation.SpriteLibraryVar.png using Guid(0490d28a1206e4c4cb4954be7b678980) Importer(-1,00000000000000000000000000000000) [PhysX] Initialized MultithreadedTaskDispatcher with 20 workers.
 -> (artifact id: '6c1166fba1eb803de8fd87a16828b99c') in 0.003832 seconds
Start importing Packages/com.unity.2d.animation/Editor/Assets/ComponentIcons/d_Animation.SpriteSkin.png using Guid(049256017895a43b4b47a8eb639ad05e) Importer(-1,00000000000000000000000000000000) [PhysX] Initialized MultithreadedTaskDispatcher with 20 workers.
 -> (artifact id: '5fcdb99a63b6979e6cc2774a7e59edfa') in 0.003987 seconds
Start importing Packages/com.unity.render-pipelines.core/Editor/Lighting/Icons/LightUnitIcons/d_IntenseAreaLight@2x.png using Guid(0493fb4c3bbfd6a4396f7f221b5ce034) Importer(-1,00000000000000000000000000000000) [PhysX] Initialized MultithreadedTaskDispatcher with 20 workers.
 -> (artifact id: 'cee12656745cbe5879cc289289d6fe3d') in 0.005303 seconds
Start importing Packages/com.unity.2d.tilemap/Editor/Icons/d_EditorUI.Target.png using Guid(04e6c3cc740a491458073f2f715066f6) Importer(-1,00000000000000000000000000000000) [PhysX] Initialized MultithreadedTaskDispatcher with 20 workers.
 -> (artifact id: 'b8d90495ad7670b4b481336d495cfaa1') in 0.004302 seconds
Start importing Packages/com.unity.render-pipelines.core/Editor/Lighting/Icons/LightUnitIcons/BrightSky@2x.png using Guid(04c70b69874deb746a4c63f1a29f7715) Importer(-1,00000000000000000000000000000000) [PhysX] Initialized MultithreadedTaskDispatcher with 20 workers.
 -> (artifact id: 'a9329801e214eaf579e64b5bcec25088') in 0.004529 seconds
Start importing Packages/com.unity.2d.animation/Editor/Assets/EditorIcons/Dark/d_Bone_Influence@2x.png using Guid(045a46ed7fd32804eb02dc411be96859) Importer(-1,00000000000000000000000000000000) [PhysX] Initialized MultithreadedTaskDispatcher with 20 workers.
 -> (artifact id: '8b0bf4136c9b1b1d37fcef5d53a716ac') in 0.004654 seconds
Start importing Packages/com.unity.2d.sprite/Editor/ObjectMenuCreation/DefaultAssets/Textures/IsometricDiamond.png using Guid(045b15ec09bba42448d89db77fa6f20a) Importer(-1,00000000000000000000000000000000) [PhysX] Initialized MultithreadedTaskDispatcher with 20 workers.
 -> (artifact id: '382d8b3443fc80d58035124ea7816ba2') in 0.007444 seconds
Start importing Packages/com.unity.render-pipelines.core/Editor/LookDev/Icons/Remove@2x.png using Guid(049c8a7821177594692244298d82e4af) Importer(-1,00000000000000000000000000000000) [PhysX] Initialized MultithreadedTaskDispatcher with 20 workers.
 -> (artifact id: '0a55808e50179cfe3cedb4b76abb7624') in 0.003305 seconds
Start importing Packages/com.unity.render-pipelines.universal/Textures/BlueNoise16/L/LDR_LLL1_17.png using Guid(14381521ff11cb74abe3fe65401c23be) Importer(-1,00000000000000000000000000000000) [PhysX] Initialized MultithreadedTaskDispatcher with 20 workers.
 -> (artifact id: 'aa463d719bcce008e8a540e9c032b563') in 0.002149 seconds
Start importing Packages/com.unity.collab-proxy/Editor/Assets/Images/d_buttonssosigninemail@2x.png using Guid(144aa74618b85974a9a50f612c2fa8fd) Importer(-1,00000000000000000000000000000000) [PhysX] Initialized MultithreadedTaskDispatcher with 20 workers.
 -> (artifact id: '3a36fb7196ad85de46f83959673f4500') in 0.003936 seconds
Start importing Packages/com.unity.render-pipelines.universal/Editor/Gizmos/Camera_Base.png using Guid(24b1fe14c2b41d6489a7e7819483df6b) Importer(-1,00000000000000000000000000000000) [PhysX] Initialized MultithreadedTaskDispatcher with 20 workers.
 -> (artifact id: '634207197a45611d04cb8a93bd1008df') in 0.006478 seconds
Start importing Packages/com.unity.timeline/Editor/StyleSheets/Images/Icons/d_TimelineCollapseMarkerButtonEnabled.png using Guid(2446ee609b613cd4e9142ccc55cb7c43) Importer(-1,00000000000000000000000000000000) [PhysX] Initialized MultithreadedTaskDispatcher with 20 workers.
 -> (artifact id: '8d33ff8175d8178cafeaacb435c75f27') in 0.003465 seconds
Start importing Packages/com.unity.timeline/Editor/StyleSheets/Images/LightSkin/TimelineMarkerItem.png using Guid(24b97c67b63a23b48bea4036d28a5818) Importer(-1,00000000000000000000000000000000) [PhysX] Initialized MultithreadedTaskDispatcher with 20 workers.
 -> (artifact id: '17fcce2f13c3062d7ab24700b0f15458') in 0.002221 seconds
Start importing Packages/com.unity.2d.animation/Editor/Assets/EditorIcons/Light/Mesh.png using Guid(24f90d3fa2df5c84abbf1455cfda472e) Importer(-1,00000000000000000000000000000000) [PhysX] Initialized MultithreadedTaskDispatcher with 20 workers.
 -> (artifact id: '845fa4c5649e2efe55aa8dd225ead337') in 0.003548 seconds
Start importing Packages/com.unity.2d.animation/Editor/Assets/EditorIcons/Dark/d_Bone@4x.png using Guid(246d7c7c8e9e6cf43893ae13c5a81bdf) Importer(-1,00000000000000000000000000000000) [PhysX] Initialized MultithreadedTaskDispatcher with 20 workers.
 -> (artifact id: '00f3db74009ee391c2e151165cceffb9') in 0.004554 seconds
Start importing Packages/com.unity.2d.animation/Editor/Assets/EditorIcons/Light/Mesh@2x.png using Guid(242f58a86f3ee8e418809e5fc269d531) Importer(-1,00000000000000000000000000000000) [PhysX] Initialized MultithreadedTaskDispatcher with 20 workers.
 -> (artifact id: 'f7f30559ca86d2d2fbbdc104523d953c') in 0.003908 seconds
Start importing Packages/com.unity.2d.animation/Editor/Assets/EditorIcons/Selected/d_Bone@2x.png using Guid(24cf210708c57674b894af3341b1738b) Importer(-1,00000000000000000000000000000000) [PhysX] Initialized MultithreadedTaskDispatcher with 20 workers.
 -> (artifact id: 'b0c2628fccb328e1f8aa80554e98d5a6') in 0.003686 seconds
Start importing Packages/com.unity.2d.tilemap/Editor/Icons/d_Tilemap.GridPaint@2x.png using Guid(3451731abc835d44993075b3bc0935bd) Importer(-1,00000000000000000000000000000000) [PhysX] Initialized MultithreadedTaskDispatcher with 20 workers.
 -> (artifact id: '97e147d77b70c0a2abca670049830460') in 0.004674 seconds
Start importing Packages/com.unity.2d.psdimporter/Editor/Assets/Icons/Selected/Layers Mixed@8x.png using Guid(3492e9eb6292141eb942d0c9beface29) Importer(-1,00000000000000000000000000000000) [PhysX] Initialized MultithreadedTaskDispatcher with 20 workers.
 -> (artifact id: '2dc58a0bf23d8b2c979d8b2d15551457') in 0.004829 seconds
Start importing Packages/com.unity.collab-proxy/Editor/Assets/Images/d_stepok@2x.png using Guid(3494dc956dfd7174abc07060940a2848) Importer(-1,00000000000000000000000000000000) [PhysX] Initialized MultithreadedTaskDispatcher with 20 workers.
 -> (artifact id: '6eba118699f4b9d38232c738f0f2b54f') in 0.003330 seconds
Start importing Packages/com.unity.2d.animation/Editor/Assets/EditorIcons/Selected/Create_Edge@4x.png using Guid(3458c119c69e9bc4f9647599c2901dee) Importer(-1,00000000000000000000000000000000) [PhysX] Initialized MultithreadedTaskDispatcher with 20 workers.
 -> (artifact id: 'a1f6db8440e3fd722f4bfe921aba0293') in 0.004207 seconds
Start importing Packages/com.unity.2d.sprite/Editor/ObjectMenuCreation/DefaultAssets/Textures/CapsuleWithBorder.png using Guid(34587324d412940a79d530020c957dc0) Importer(-1,00000000000000000000000000000000) [PhysX] Initialized MultithreadedTaskDispatcher with 20 workers.
 -> (artifact id: 'f0a675aa15532270c2801605e7934cd8') in 0.008436 seconds
Start importing Packages/com.unity.textmeshpro/Editor Resources/Textures/btn_AlignRight.psd using Guid(342a0f8aca7f4f0691338912faec0494) Importer(-1,00000000000000000000000000000000) [PhysX] Initialized MultithreadedTaskDispatcher with 20 workers.
 -> (artifact id: 'a2d01694d40d7ee9a1b856b6cd9f323c') in 0.002098 seconds
Start importing Packages/com.unity.2d.animation/Editor/Assets/ComponentIcons/d_Animation.IKFabrik@32.png using Guid(343de650405d34e75bf52853707670d5) Importer(-1,00000000000000000000000000000000) [PhysX] Initialized MultithreadedTaskDispatcher with 20 workers.
 -> (artifact id: '71ddbadeaa136807e67cc5b385338cbf') in 0.003746 seconds
Start importing Packages/com.unity.2d.psdimporter/Editor/Assets/Icons/Selected/Layers Separated@1x.png using Guid(346d40e23f03e4f48bdda501fffa178a) Importer(-1,00000000000000000000000000000000) [PhysX] Initialized MultithreadedTaskDispatcher with 20 workers.
 -> (artifact id: '989b3be445dc5ca3d72a680724872fe4') in 0.003491 seconds
Start importing Packages/com.unity.2d.animation/Editor/Assets/EditorIcons/Dark/d_SetPivot32.png using Guid(449ceb998ff49400da801fc4d707b896) Importer(-1,00000000000000000000000000000000) [PhysX] Initialized MultithreadedTaskDispatcher with 20 workers.
 -> (artifact id: '06b376bee8fa46a141073f1c33e06b78') in 0.004004 seconds
Start importing Packages/com.unity.2d.animation/Editor/Assets/EditorIcons/Selected/d_Bone@3x.png using Guid(443d05f2a4ae81a4297ac8ec762644c3) Importer(-1,00000000000000000000000000000000) [PhysX] Initialized MultithreadedTaskDispatcher with 20 workers.
 -> (artifact id: '09ed064115d3da77596dbfc5f3941e87') in 0.003871 seconds
Start importing Packages/com.unity.2d.animation/Editor/Assets/EditorIcons/Light/Copy@4x.png using Guid(5430b5412bcac5b4986be0a875a5e978) Importer(-1,00000000000000000000000000000000) [PhysX] Initialized MultithreadedTaskDispatcher with 20 workers.
 -> (artifact id: '0de94a125994c3891a49527ec6bd9312') in 0.003157 seconds
Start importing Packages/com.unity.2d.animation/Editor/Assets/ComponentIcons/d_Animation.SpriteLibraryVar@64.png using Guid(54e0c48589e594d96a00db47801df58b) Importer(-1,00000000000000000000000000000000) [PhysX] Initialized MultithreadedTaskDispatcher with 20 workers.
 -> (artifact id: '2b13a8d4f43a07c195be76fe3610e865') in 0.005352 seconds
Start importing Packages/com.unity.timeline/Editor/StyleSheets/Images/Icons/TrackAvatarButtonDisabled.png using Guid(54623075676bd504d93243fb18745161) Importer(-1,00000000000000000000000000000000) [PhysX] Initialized MultithreadedTaskDispatcher with 20 workers.
 -> (artifact id: 'af56dc18993a59145581829fd12208b4') in 0.002299 seconds
Start importing Packages/com.unity.2d.animation/Editor/Assets/EditorIcons/Light/Paste@2x.png using Guid(54b8604d8a7085842917d5b83ca73854) Importer(-1,00000000000000000000000000000000) [PhysX] Initialized MultithreadedTaskDispatcher with 20 workers.
 -> (artifact id: '1c10b908c4ff6cf24ff238acbfb5b119') in 0.003492 seconds
Start importing Packages/com.unity.2d.animation/Editor/Assets/ComponentIcons/Animation.IKManager On@64.png using Guid(54ce89f1e912746ecb70ddf53bead1f8) Importer(-1,00000000000000000000000000000000) [PhysX] Initialized MultithreadedTaskDispatcher with 20 workers.
 -> (artifact id: 'e99637ca29f9a683ca6abacde51ade18') in 0.003997 seconds
Start importing Packages/com.unity.render-pipelines.universal/Editor/2D/ShapeEditor/Resources/Path/pointPreview.png using Guid(6420d2b2a65130f4396f11f0a46d8c2e) Importer(-1,00000000000000000000000000000000) [PhysX] Initialized MultithreadedTaskDispatcher with 20 workers.
 -> (artifact id: 'f6a894167b8c36506f076c611d967737') in 0.004387 seconds
Start importing Packages/com.unity.2d.animation/Editor/Assets/EditorIcons/Dark/d_Split Bones@3x.png using Guid(64d1c4e3e3931d64880fdffaf2f4b938) Importer(-1,00000000000000000000000000000000) [PhysX] Initialized MultithreadedTaskDispatcher with 20 workers.
 -> (artifact id: 'e352bc2bda31552bdb0371915cdd7e53') in 0.004903 seconds
Start importing Packages/com.unity.textmeshpro/Editor Resources/Textures/btn_AlignFlush_Light.psd using Guid(64b9fad609434c489c32b1cdf2004a1c) Importer(-1,00000000000000000000000000000000) [PhysX] Initialized MultithreadedTaskDispatcher with 20 workers.
 -> (artifact id: '2479091d23180233066a943f74986022') in 0.002108 seconds
Start importing Packages/com.unity.2d.sprite/Editor/Assets/d_SpriteEditor@2x.png using Guid(74d9036aa1bb14ccfafb89d639870288) Importer(-1,00000000000000000000000000000000) [PhysX] Initialized MultithreadedTaskDispatcher with 20 workers.
 -> (artifact id: '6a56a6e349a9867321dc0af1f68fd269') in 0.003916 seconds
Start importing Packages/com.unity.2d.animation/Editor/Assets/EditorIcons/Light/character_Mode@4x.png using Guid(748ae8b33df036b46a86e0387f1602cf) Importer(-1,00000000000000000000000000000000) [PhysX] Initialized MultithreadedTaskDispatcher with 20 workers.
 -> (artifact id: '1a4eb27b0e9a4afafeb7a5e61ebf9b3d') in 0.004059 seconds
Start importing Packages/com.unity.visualscripting/Graphics/Icons_16x_72dpi.psd using Guid(749d1db079e2d5e4ea440488ee312b04) Importer(-1,00000000000000000000000000000000) [PhysX] Initialized MultithreadedTaskDispatcher with 20 workers.
 -> (artifact id: '57bbd73a7f034c1654a21ab43974fdca') in 0.003709 seconds
Start importing Packages/com.unity.collab-proxy/Editor/Assets/Images/iconaddedoverlay@2x.png using Guid(74ef721fef79c44489d4e3edb0ab0c01) Importer(-1,00000000000000000000000000000000) [PhysX] Initialized MultithreadedTaskDispatcher with 20 workers.
 -> (artifact id: '6cb2c2c9371f7272c3ce452e225443b6') in 0.003851 seconds
Start importing Packages/com.unity.render-pipelines.core/Editor/LookDev/Icons/d_LeftArrow.png using Guid(84189b4c7caeef3419b6b031b8812685) Importer(-1,00000000000000000000000000000000) [PhysX] Initialized MultithreadedTaskDispatcher with 20 workers.
 -> (artifact id: '09488aba083ebe453589c3506f930a7e') in 0.003028 seconds
Start importing Packages/com.unity.2d.animation/Editor/Assets/ComponentIcons/Animation.IKCCD@64.png using Guid(84b96a9d1862c4a59afc0fff9875bfc4) Importer(-1,00000000000000000000000000000000) [PhysX] Initialized MultithreadedTaskDispatcher with 20 workers.
 -> (artifact id: '5bebc1145ae4990c6b83248ec99354fe') in 0.004248 seconds
Start importing Packages/com.unity.2d.tilemap/Editor/Icons/d_Tilemap.EditPalette.png using Guid(84cd96391d8e912479adff56b3500191) Importer(-1,00000000000000000000000000000000) [PhysX] Initialized MultithreadedTaskDispatcher with 20 workers.
 -> (artifact id: 'a31c44fa89d77a9c9c8a805e1e37d129') in 0.003494 seconds
Start importing Packages/com.unity.visualscripting/Editor/VisualScripting.Core/IconMap/UnityMessageListener@32x.png using Guid(9494e5b136d34c74f96fb0df4a7b9a77) Importer(-1,00000000000000000000000000000000) [PhysX] Initialized MultithreadedTaskDispatcher with 20 workers.
 -> (artifact id: '741e112ff7fe6d7db36215a7bb8fd1bf') in 0.005241 seconds
Start importing Packages/com.unity.shadergraph/Editor/Resources/GraphView/Nodes/NodeChevronUp@2x.png using Guid(94c5e3f4e8affed4285a0c674a431b9e) Importer(-1,00000000000000000000000000000000) [PhysX] Initialized MultithreadedTaskDispatcher with 20 workers.
 -> (artifact id: '71dbbeef2f0aea88fc18901c7e4210d5') in 0.003045 seconds
Start importing Packages/com.unity.2d.spriteshape/Editor/Handles/ss_leftrange.png using Guid(9417efc47083f4a1598c1966a6345cdb) Importer(-1,00000000000000000000000000000000) [PhysX] Initialized MultithreadedTaskDispatcher with 20 workers.
 -> (artifact id: '43c4c3a90274e98478f9855d4af2d05b') in 0.003044 seconds
Start importing Packages/com.unity.render-pipelines.core/Editor/Lighting/Icons/LightUnitIcons/d_SoftAreaLight.png using Guid(940a20d919196f1408474a7b7057f4b9) Importer(-1,00000000000000000000000000000000) [PhysX] Initialized MultithreadedTaskDispatcher with 20 workers.
 -> (artifact id: '349a10f2936e95d558dd4fb410168dc8') in 0.003335 seconds
Start importing Packages/com.unity.2d.animation/Editor/Assets/EditorIcons/Light/Paste.png using Guid(94cc0d3ec6363a94c8802f10ef239744) Importer(-1,00000000000000000000000000000000) [PhysX] Initialized MultithreadedTaskDispatcher with 20 workers.
 -> (artifact id: 'b943e98e103e790da978fdd4098de4ea') in 0.003397 seconds
Start importing Packages/com.unity.render-pipelines.core/Editor/LookDev/Icons/d_Link.png using Guid(94ec4fdf9502c3747b5c0754ca18919e) Importer(-1,00000000000000000000000000000000) [PhysX] Initialized MultithreadedTaskDispatcher with 20 workers.
 -> (artifact id: '0ba7352bddbb5a79b327c84343326bce') in 0.003023 seconds
Start importing Packages/com.unity.2d.tilemap/Editor/Icons/GridSelection@2x.png using Guid(949e98ac1c07e424685f43f530864a7c) Importer(-1,00000000000000000000000000000000) [PhysX] Initialized MultithreadedTaskDispatcher with 20 workers.
 -> (artifact id: 'bccfb3bace28de7567e50dc15896b3d0') in 0.001866 seconds
Start importing Packages/com.unity.collab-proxy/Editor/Assets/Images/iconpressedclosebutton.png using Guid(94fe868620119564f9474f40cd6145aa) Importer(-1,00000000000000000000000000000000) [PhysX] Initialized MultithreadedTaskDispatcher with 20 workers.
 -> (artifact id: '89c090e28f952ddb9814f250a321d7c0') in 0.003889 seconds
Start importing Packages/com.unity.timeline/Editor/StyleSheets/Images/Icons/Timeline-Marker-Warning-Overlay.png using Guid(945f4ecec6df62244b9ebcc363833642) Importer(-1,00000000000000000000000000000000) [PhysX] Initialized MultithreadedTaskDispatcher with 20 workers.
 -> (artifact id: '4ad5947d383fd66ebe0ea13927003f65') in 0.003509 seconds
Start importing Packages/com.unity.render-pipelines.core/Editor/LookDev/Icons/d_Environment@2x.png using Guid(a4638c6b8e07c0b49822ed7a91a96d0a) Importer(-1,00000000000000000000000000000000) [PhysX] Initialized MultithreadedTaskDispatcher with 20 workers.
 -> (artifact id: 'b423599583e20f7618dc1f046a977bd8') in 0.005768 seconds
Start importing Packages/com.unity.2d.animation/Editor/Assets/EditorIcons/Light/Generate_Geometry@4x.png using Guid(a4c77cea19fd0f84581d6e437a86290c) Importer(-1,00000000000000000000000000000000) [PhysX] Initialized MultithreadedTaskDispatcher with 20 workers.
 -> (artifact id: '637b1c1eaa0f8b6f85548bcbe1328c41') in 0.004684 seconds
Start importing Packages/com.unity.2d.psdimporter/Editor/Assets/Icons/Light/Layers Separated@4x.png using Guid(a4a8b6ebb023f4786b192a65f264a697) Importer(-1,00000000000000000000000000000000) [PhysX] Initialized MultithreadedTaskDispatcher with 20 workers.
 -> (artifact id: 'b7139c2f238fe6d73cb5fad2e88c06a1') in 0.003794 seconds
Start importing Packages/com.unity.2d.animation/Editor/Assets/ComponentIcons/Animation.IKManager On@256.png using Guid(a4bde53ec7c104f868be7329e31dd480) Importer(-1,00000000000000000000000000000000) [PhysX] Initialized MultithreadedTaskDispatcher with 20 workers.
 -> (artifact id: '099bb5cb74b4505b8f1cb3d1cfc53b4d') in 0.007968 seconds
Start importing Packages/com.unity.2d.animation/Editor/Assets/EditorIcons/Dark/d_Create Bones.png using Guid(b4b58192a0265df4980d56bf9054df08) Importer(-1,00000000000000000000000000000000) [PhysX] Initialized MultithreadedTaskDispatcher with 20 workers.
 -> (artifact id: '04cf0ef810ba7a43b7043b70264bcd66') in 0.003392 seconds
Start importing Packages/com.unity.collab-proxy/Editor/Assets/Images/iconinviteusers@2x.png using Guid(b43651fb085b38445ade3f9de3ab0636) Importer(-1,00000000000000000000000000000000) [PhysX] Initialized MultithreadedTaskDispatcher with 20 workers.
 -> (artifact id: 'f003b2d9a25cb4c23dbbdde4ca133e20') in 0.004250 seconds
Start importing Packages/com.unity.render-pipelines.universal/Textures/FilmGrain/Medium06.png using Guid(b4db8180660810945bf8d55ab44352ad) Importer(-1,00000000000000000000000000000000) [PhysX] Initialized MultithreadedTaskDispatcher with 20 workers.
 -> (artifact id: '3d5c221e0951906c7ab58da141b53d3d') in 0.006576 seconds
Start importing Assets/Resources/UI/RoundedRect.png using Guid(b41ccbbbe7feb2d40a5d94702f5aa63a) Importer(-1,00000000000000000000000000000000) [PhysX] Initialized MultithreadedTaskDispatcher with 20 workers.
 -> (artifact id: '2fcc06fc778dbc6a74bda05326dcde7a') in 0.002592 seconds
Start importing Packages/com.unity.render-pipelines.universal/Editor/2D/Resources/LightCapTopRight.png using Guid(b42c95bdd7efefc43900dbbedc4a39f8) Importer(-1,00000000000000000000000000000000) [PhysX] Initialized MultithreadedTaskDispatcher with 20 workers.
 -> (artifact id: 'e7340f4c0f6341a369cc68db2b8fb86c') in 0.001948 seconds
Start importing Packages/com.unity.2d.tilemap/Editor/Icons/d_Tilemap.FocusGrid.png using Guid(b46d3a07716bc8b4296166d5ac10e492) Importer(-1,00000000000000000000000000000000) [PhysX] Initialized MultithreadedTaskDispatcher with 20 workers.
 -> (artifact id: '2368d2059646a250bf2b9d0ca55531c7') in 0.003286 seconds
Start importing Packages/com.unity.2d.animation/Editor/Assets/ComponentIcons/d_Animation.IKLimb@64.png using Guid(c4b88bdeab9b1418083e414b97e3f1cd) Importer(-1,00000000000000000000000000000000) [PhysX] Initialized MultithreadedTaskDispatcher with 20 workers.
 -> (artifact id: '7df337cee4b22b6d5cddbf20774d9e98') in 0.004430 seconds
Start importing Packages/com.unity.2d.animation/Editor/Assets/ComponentIcons/Animation.SpriteSkin On@32.png using Guid(c48d0173f2d2c40679bc236de8551a69) Importer(-1,00000000000000000000000000000000) [PhysX] Initialized MultithreadedTaskDispatcher with 20 workers.
 -> (artifact id: '69f5c74221c99125214bfdff91541226') in 0.004035 seconds
Start importing Packages/com.unity.2d.animation/Editor/Assets/EditorIcons/Dark/d_character_Mode@2x.png using Guid(d4a1388a0d4ee9c44bcaa86e463a7b39) Importer(-1,00000000000000000000000000000000) [PhysX] Initialized MultithreadedTaskDispatcher with 20 workers.
 -> (artifact id: '64d30642027d0fe4372c18b552d78a4d') in 0.003389 seconds
Start importing Packages/com.unity.render-pipelines.universal/Textures/BlueNoise16/L/LDR_LLL1_19.png using Guid(d4044ea2490d63b43aa1765f8efbf8a9) Importer(-1,00000000000000000000000000000000) [PhysX] Initialized MultithreadedTaskDispatcher with 20 workers.
 -> (artifact id: '54aef99db2b6275456916e5d0998339a') in 0.002160 seconds
Start importing Packages/com.unity.2d.animation/Editor/Assets/EditorIcons/Light/character_Mode.png using Guid(d4d64a6cd9624c34a815dd79fb2a20a4) Importer(-1,00000000000000000000000000000000) [PhysX] Initialized MultithreadedTaskDispatcher with 20 workers.
 -> (artifact id: 'a149fc6fd1a936c4bedd2a017310b9f1') in 0.003614 seconds
Start importing Packages/com.unity.collab-proxy/Editor/Assets/Images/stepok.png using Guid(d4780dc1205c7c7478c970d8c61d24e8) Importer(-1,00000000000000000000000000000000) [PhysX] Initialized MultithreadedTaskDispatcher with 20 workers.
 -> (artifact id: 'a5795578ed6ba64b672cff883a56af90') in 0.004723 seconds
Start importing Packages/com.unity.render-pipelines.core/Runtime/Debugging/Prefabs/Textures/UIElement8px.png using Guid(d49e78756811bfa4aafb8b6535417991) Importer(-1,00000000000000000000000000000000) [PhysX] Initialized MultithreadedTaskDispatcher with 20 workers.
 -> (artifact id: 'fccf00b3748032caf5fa52df109973ce') in 0.003005 seconds
Start importing Packages/com.unity.timeline/Editor/StyleSheets/Images/Icons/TimelineClipBG.png using Guid(d44fc8b11425e0043aa7c20a301ce707) Importer(-1,00000000000000000000000000000000) [PhysX] Initialized MultithreadedTaskDispatcher with 20 workers.
 -> (artifact id: '4ca094724accde4473d1b1c9437ad5b0') in 0.003355 seconds
Start importing Packages/com.unity.collab-proxy/Editor/Assets/Images/d_iconbrex.png using Guid(d44f9c7a4044e1845b5b3627ba32fb10) Importer(-1,00000000000000000000000000000000) [PhysX] Initialized MultithreadedTaskDispatcher with 20 workers.
 -> (artifact id: '9658fbd2a2995d373f15fa729963899a') in 0.003007 seconds
Start importing Packages/com.unity.render-pipelines.core/Editor/Lighting/Icons/LightUnitIcons/IntenseAreaLight.png using Guid(d4df75c76c1661847b6902f889b44bcb) Importer(-1,00000000000000000000000000000000) [PhysX] Initialized MultithreadedTaskDispatcher with 20 workers.
 -> (artifact id: '1dc02f52586dea41af47ed1527ee2b55') in 0.004193 seconds
Start importing Packages/com.unity.collab-proxy/Editor/Assets/Images/iconbranches@2x.png using Guid(e45389a8a97044d4caf408f252370632) Importer(-1,00000000000000000000000000000000) [PhysX] Initialized MultithreadedTaskDispatcher with 20 workers.
 -> (artifact id: '0a54ecbe3908a31d0bcf665fc38c20b0') in 0.003506 seconds
Start importing Packages/com.unity.render-pipelines.core/Editor/Lighting/Icons/LightUnitIcons/d_VeryBrightSun@2x.png using Guid(e4e685bec200b3c45a29e88e2eeb8ddb) Importer(-1,00000000000000000000000000000000) [PhysX] Initialized MultithreadedTaskDispatcher with 20 workers.
 -> (artifact id: '32283ddd99f127f7d521bb86289b8635') in 0.004126 seconds
Start importing Packages/com.unity.2d.animation/Editor/Assets/EditorIcons/Dark/d_Weight_Brush.png using Guid(e41886f7c5271c74f9adbf719cbd3e67) Importer(-1,00000000000000000000000000000000) [PhysX] Initialized MultithreadedTaskDispatcher with 20 workers.
 -> (artifact id: '59fa3ee6f6bcdc14bfe9b4fec5f3fa5e') in 0.003691 seconds
Start importing Packages/com.unity.2d.tilemap/Editor/Icons/d_Grid.RotateCW@2x.png using Guid(e41a6ab3ac7354642a9006c03183e95e) Importer(-1,00000000000000000000000000000000) [PhysX] Initialized MultithreadedTaskDispatcher with 20 workers.
 -> (artifact id: 'dc9af60beafd7f1d8a4d704cea7c5f76') in 0.004645 seconds
Start importing Packages/com.unity.2d.psdimporter/Editor/Assets/Icons/Selected/Layers Collapsed@8x.png using Guid(f47213af7e996497b96c4b5df3e6b613) Importer(-1,00000000000000000000000000000000) [PhysX] Initialized MultithreadedTaskDispatcher with 20 workers.
 -> (artifact id: '103659ca26a47510f9153fb1ecab2bf9') in 0.004815 seconds
Start importing Packages/com.unity.render-pipelines.universal/Editor/2D/Resources/LightCapTopLeft.png using Guid(f4f779c88fa8c514d970afbd68ff6b3f) Importer(-1,00000000000000000000000000000000) [PhysX] Initialized MultithreadedTaskDispatcher with 20 workers.
 -> (artifact id: '6d3209ac884f6a16f0f6bfcecc9f0107') in 0.002273 seconds
Start importing Packages/com.unity.2d.animation/Editor/Assets/EditorIcons/Light/Visibility_Hidded@4x.png using Guid(f469f8253737d534ca7809ae6f0d2422) Importer(-1,00000000000000000000000000000000) [PhysX] Initialized MultithreadedTaskDispatcher with 20 workers.
 -> (artifact id: '0d68285be14fa44e5b52aa0cca7d346f') in 0.004317 seconds
Start importing Packages/com.unity.2d.animation/Editor/Assets/EditorIcons/Dark/d_Mesh.png using Guid(f4e90b0a1e5a5bc46897cdcf5a142111) Importer(-1,00000000000000000000000000000000) [PhysX] Initialized MultithreadedTaskDispatcher with 20 workers.
 -> (artifact id: 'a49e93c68a62b015f4c0ca13f7cdc929') in 0.003881 seconds
Start importing Packages/com.unity.render-pipelines.core/Editor/Lighting/Icons/DownSnatch.png using Guid(f4efccbcc00042141b8f7f63392439b5) Importer(-1,00000000000000000000000000000000) [PhysX] Initialized MultithreadedTaskDispatcher with 20 workers.
 -> (artifact id: 'e448e6574dd096cdcc25a316044d8f2a') in 0.002803 seconds
Start importing Packages/com.unity.2d.animation/Editor/Assets/EditorIcons/Dark/d_Split_Edge.png using Guid(0530bfa18fbf4a140b3a604c988a9a4b) Importer(-1,00000000000000000000000000000000) [PhysX] Initialized MultithreadedTaskDispatcher with 20 workers.
 -> (artifact id: '00f841c4ec281ebc036ddbc478c3d38a') in 0.004002 seconds
Start importing Packages/com.unity.2d.animation/Editor/Assets/ComponentIcons/Animation.IKManager@64.png using Guid(0502e3e0c944a4f71948552166af7b48) Importer(-1,00000000000000000000000000000000) [PhysX] Initialized MultithreadedTaskDispatcher with 20 workers.
 -> (artifact id: '9797b2f0282ecbbf04e2ff706ca8ee6f') in 0.004144 seconds
Start importing Packages/com.unity.2d.tilemap/Editor/Icons/d_GridSelection.png using Guid(0594f3299f18e6f41908492f9b359f6c) Importer(-1,00000000000000000000000000000000) [PhysX] Initialized MultithreadedTaskDispatcher with 20 workers.
 -> (artifact id: 'e4e53714cd290348aff65da8e2c9a306') in 0.001801 seconds
Start importing Packages/com.unity.collab-proxy/Editor/Assets/Images/d_iconclosebutton@2x.png using Guid(0525793900d728a42936791a8a6de63b) Importer(-1,00000000000000000000000000000000) [PhysX] Initialized MultithreadedTaskDispatcher with 20 workers.
 -> (artifact id: '3f854ccc71d814c1527394f7270d4083') in 0.002619 seconds
Start importing Packages/com.unity.2d.animation/Editor/Assets/EditorIcons/Dark/d_Generate_Weights.png using Guid(05c5f13370d29414b9489151a4f5c666) Importer(-1,00000000000000000000000000000000) [PhysX] Initialized MultithreadedTaskDispatcher with 20 workers.
 -> (artifact id: '4500c07fb7f01b66a42c43ac4436799d') in 0.003753 seconds
Start importing Packages/com.unity.collab-proxy/Editor/Assets/Images/d_iconconflictresolvedoverlay.png using Guid(056ee72c467a4e24d87541d42839ca72) Importer(-1,00000000000000000000000000000000) [PhysX] Initialized MultithreadedTaskDispatcher with 20 workers.
 -> (artifact id: 'd2036c3793152f48a5a2bb062135d64c') in 0.004915 seconds
Start importing Packages/com.unity.collab-proxy/Editor/Assets/Images/d_iconprivateoverlay.png using Guid(059fb5367594a3343814dc25ace454b3) Importer(-1,00000000000000000000000000000000) [PhysX] Initialized MultithreadedTaskDispatcher with 20 workers.
 -> (artifact id: '348bbaac713de657d98ff55e99237090') in 0.002705 seconds
Start importing Packages/com.unity.2d.psdimporter/Editor/Assets/Icons/Selected/Layers Separated@8x.png using Guid(15b1d39ac42ce4674bd63f86f9a0c5df) Importer(-1,00000000000000000000000000000000) [PhysX] Initialized MultithreadedTaskDispatcher with 20 workers.
 -> (artifact id: '477bd497de0cf6ab3b6d2916c7668d89') in 0.004326 seconds
Start importing Packages/com.unity.2d.animation/Editor/Assets/EditorIcons/Dark/d_Edit_Joints@4x.png using Guid(15d3c315af8faf2498573371308b9d3e) Importer(-1,00000000000000000000000000000000) [PhysX] Initialized MultithreadedTaskDispatcher with 20 workers.
 -> (artifact id: '5547dedbaa4778f697fd451966b2f4aa') in 0.003891 seconds
Start importing Packages/com.unity.timeline/Editor/StyleSheets/Images/Icons/TimelineSignal.png using Guid(15845fb26c2846947b4dedb9fb348cc1) Importer(-1,00000000000000000000000000000000) [PhysX] Initialized MultithreadedTaskDispatcher with 20 workers.
 -> (artifact id: '5149b27123d96c7a7f55dd019d1997dd') in 0.002115 seconds
Start importing Packages/com.unity.2d.animation/Editor/Assets/EditorIcons/Dark/d_True@2x.png using Guid(259317a3fa77b4619b4356af5648368f) Importer(-1,00000000000000000000000000000000) [PhysX] Initialized MultithreadedTaskDispatcher with 20 workers.
 -> (artifact id: '13303a9e73875c5320cb7022b9278348') in 0.003329 seconds
Start importing Packages/com.unity.2d.common/Path/Editor/Handles/TangentContinuousPro.png using Guid(25c4e987877a046bd994284ffeabc78b) Importer(-1,00000000000000000000000000000000) [PhysX] Initialized MultithreadedTaskDispatcher with 20 workers.
 -> (artifact id: '4c05891a035934c0b564d7ae00caec56') in 0.002936 seconds
Start importing Packages/com.unity.2d.animation/Editor/Assets/EditorIcons/Light/character_Mode@2x.png using Guid(25096ce515c063c48a2bd6b108c95912) Importer(-1,00000000000000000000000000000000) [PhysX] Initialized MultithreadedTaskDispatcher with 20 workers.
 -> (artifact id: 'cde96921ccdcd399219752f0ccfc600f') in 0.004580 seconds
Start importing Packages/com.unity.visualscripting/Graphics/Icons_32x_72dpi.psd using Guid(35a21b8c004950548af9fc81919e1aa9) Importer(-1,00000000000000000000000000000000) [PhysX] Initialized MultithreadedTaskDispatcher with 20 workers.
 -> (artifact id: '6e3c8dc43fc68c19515da34b1e4b32fc') in 0.004841 seconds
Start importing Packages/com.unity.2d.animation/Editor/Assets/EditorIcons/Dark/d_Paste@4x.png using Guid(35a3340b835c797478eb139353421953) Importer(-1,00000000000000000000000000000000) [PhysX] Initialized MultithreadedTaskDispatcher with 20 workers.
 -> (artifact id: '630b861666d9b890243dd38d6eb811bc') in 0.002996 seconds
Start importing Packages/com.unity.render-pipelines.universal/Editor/2D/ShapeEditor/Resources/ShapeTool.png using Guid(357468e90e97b1f48af3e576fd164ceb) Importer(-1,00000000000000000000000000000000) [PhysX] Initialized MultithreadedTaskDispatcher with 20 workers.
 -> (artifact id: '6e4b52b2775079b0056e28b44be1f219') in 0.003658 seconds
Start importing Packages/com.unity.2d.animation/Editor/Assets/ComponentIcons/Animation.SpriteSkin@32.png using Guid(35f90efdb1e6d4fb29c4108de82bf1b2) Importer(-1,00000000000000000000000000000000) [PhysX] Initialized MultithreadedTaskDispatcher with 20 workers.
 -> (artifact id: '6dbede6e71125de63898bc238d7b6f78') in 0.003980 seconds
Start importing Packages/com.unity.render-pipelines.core/Editor/LookDev/Icons/Layout2@2x.png using Guid(356caeb1305bf794e94ecd5161f8e6e3) Importer(-1,00000000000000000000000000000000) [PhysX] Initialized MultithreadedTaskDispatcher with 20 workers.
 -> (artifact id: 'b95e6a4eecb73daed84ccb189cd5fa31') in 0.003808 seconds
Start importing Packages/com.unity.timeline/Editor/StyleSheets/Images/DarkSkin/TimelineActivation.png using Guid(359cf58d5969d1a4aad29b095c7fc338) Importer(-1,00000000000000000000000000000000) [PhysX] Initialized MultithreadedTaskDispatcher with 20 workers.
 -> (artifact id: '88f2d5ce333b9452fbae8ed5e83a7e80') in 0.001968 seconds
Start importing Packages/com.unity.render-pipelines.core/Editor/LookDev/Icons/Duplicate.png using Guid(352dd7fc77ee28c479bf6504efe94f16) Importer(-1,00000000000000000000000000000000) [PhysX] Initialized MultithreadedTaskDispatcher with 20 workers.
 -> (artifact id: 'd4e4686a220e1e838e6bac44fde676ce') in 0.002944 seconds
Start importing Packages/com.unity.textmeshpro/Editor Resources/Textures/btn_AlignCenterGeo_Light.psd using Guid(35ff0937876540d3bd4b6a941df62a92) Importer(-1,00000000000000000000000000000000) [PhysX] Initialized MultithreadedTaskDispatcher with 20 workers.
 -> (artifact id: 'e3833abd760852c3eaaf4e523b9bad21') in 0.002016 seconds
Start importing Packages/com.unity.2d.animation/Editor/Assets/EditorIcons/Dark/d_True.png using Guid(4573e6fe13e8f4b68a6e290c779078cd) Importer(-1,00000000000000000000000000000000) [PhysX] Initialized MultithreadedTaskDispatcher with 20 workers.
 -> (artifact id: '1ba2e3651fa015f8ebec7488bd8ea71c') in 0.003546 seconds
Start importing Packages/com.unity.render-pipelines.core/Editor/LookDev/Icons/Link.png using Guid(45751a4124f67c443bf96ed1df7c550b) Importer(-1,00000000000000000000000000000000) [PhysX] Initialized MultithreadedTaskDispatcher with 20 workers.
 -> (artifact id: '37df9faeda13af620cf19e717f9d4a91') in 0.003371 seconds
Start importing Packages/com.unity.2d.tilemap/Editor/Icons/d_Tilemap.ShowGrid@2x.png using Guid(4576408ff459c3a48a69ad3c7d941581) Importer(-1,00000000000000000000000000000000) [PhysX] Initialized MultithreadedTaskDispatcher with 20 workers.
 -> (artifact id: '3d5053dd0a259e3735b6906863d6c5ae') in 0.003783 seconds
Start importing Packages/com.unity.2d.animation/Editor/Assets/ComponentIcons/Animation.IKLimb@32.png using Guid(4567ce7a1cf16433196f2688091df4ca) Importer(-1,00000000000000000000000000000000) [PhysX] Initialized MultithreadedTaskDispatcher with 20 workers.
 -> (artifact id: '35b2ca925bb2a12759709c7dd1db6ffd') in 0.003843 seconds
Start importing Packages/com.unity.2d.animation/Editor/Assets/EditorIcons/Light/Visibility_Tool@2x.png using Guid(45c995b76b893fd4b9e8d3e0f9f6463b) Importer(-1,00000000000000000000000000000000) [PhysX] Initialized MultithreadedTaskDispatcher with 20 workers.
 -> (artifact id: '158d3b0b65175a26acb771507d093183') in 0.003788 seconds
Start importing Packages/com.unity.collab-proxy/Editor/Assets/Images/d_iconlock@2x.png using Guid(55747841a2e3b47dab36dc8d5e0dc4df) Importer(-1,00000000000000000000000000000000) [PhysX] Initialized MultithreadedTaskDispatcher with 20 workers.
 -> (artifact id: 'd5b6df28782f804063f91feca3e88619') in 0.004762 seconds
Start importing Packages/com.unity.2d.animation/Editor/Assets/EditorIcons/Selected/Edit_Pose@3x.png using Guid(558997ec9158c584a9ba9ee3eddbe8b0) Importer(-1,00000000000000000000000000000000) [PhysX] Initialized MultithreadedTaskDispatcher with 20 workers.
 -> (artifact id: '1c3b5333ba35999e25665215c2ac9e0f') in 0.003834 seconds
Start importing Packages/com.unity.2d.animation/Editor/Assets/EditorIcons/Light/Sprite_Mode@4x.png using Guid(554a30a45860f494ca38586c54b7e5d9) Importer(-1,00000000000000000000000000000000) [PhysX] Initialized MultithreadedTaskDispatcher with 20 workers.
 -> (artifact id: '08fffc29e9a371d5dc0fc6127188597a') in 0.003181 seconds
Start importing Packages/com.unity.collab-proxy/Editor/Assets/Images/xlink.png using Guid(556a2f3b046024d4c9621c1b4be5f0c1) Importer(-1,00000000000000000000000000000000) [PhysX] Initialized MultithreadedTaskDispatcher with 20 workers.
 -> (artifact id: '61b9235545a08c901e7e58a74d1b36d0') in 0.002778 seconds
Start importing Packages/com.unity.2d.animation/Editor/Assets/EditorIcons/Light/Copy@3x.png using Guid(55ad4b6109677be42b239f450ce98c29) Importer(-1,00000000000000000000000000000000) [PhysX] Initialized MultithreadedTaskDispatcher with 20 workers.
 -> (artifact id: 'ed30c1b0b3eeea008c0cdd3bc1891869') in 0.003335 seconds
Start importing Packages/com.unity.collab-proxy/Editor/Assets/Images/d_iconconflicted@2x.png using Guid(65f0e363b74cf5845ab8c3fbc14f39ac) Importer(-1,00000000000000000000000000000000) [PhysX] Initialized MultithreadedTaskDispatcher with 20 workers.
 -> (artifact id: 'f0ae6313014a1a0c3229cc6e4acc6a44') in 0.003355 seconds
Start importing Packages/com.unity.render-pipelines.universal/Textures/FilmGrain/Thin01.png using Guid(654c582f7f8a5a14dbd7d119cbde215d) Importer(-1,00000000000000000000000000000000) [PhysX] Initialized MultithreadedTaskDispatcher with 20 workers.
 -> (artifact id: 'eb1fc29d6331826263b6e76825c092c4') in 0.005912 seconds
Start importing Packages/com.unity.2d.animation/Editor/Assets/EditorIcons/Selected/Split Bones@2x.png using Guid(652f381007a2d2247a40aa63c91c2565) Importer(-1,00000000000000000000000000000000) [PhysX] Initialized MultithreadedTaskDispatcher with 20 workers.
 -> (artifact id: 'e2ff2f896ef63a48617adb74ce68dfa3') in 0.005525 seconds
Start importing Packages/com.unity.2d.animation/Editor/Assets/ComponentIcons/d_Animation.SpriteLibrary@32.png using Guid(75f06dda60070420793cf5b254fcf8f7) Importer(-1,00000000000000000000000000000000) [PhysX] Initialized MultithreadedTaskDispatcher with 20 workers.
 -> (artifact id: '3faf50d981a9c2ac69042c6619344c15') in 0.004866 seconds
Start importing Packages/com.unity.timeline/Editor/StyleSheets/Images/Shared/Timeline-Marker-Multi-Overlay.png using Guid(75f26f1c549568c4e9950a368bd08cb8) Importer(-1,00000000000000000000000000000000) [PhysX] Initialized MultithreadedTaskDispatcher with 20 workers.
 -> (artifact id: 'edbef946563af8724ce4ef061c9fbce1') in 0.002130 seconds
Start importing Packages/com.unity.2d.sprite/Editor/ObjectMenuCreation/DefaultAssets/Textures/v2/Triangle.png using Guid(75f5f34dc1b5347e0b8351032682f224) Importer(-1,00000000000000000000000000000000) [PhysX] Initialized MultithreadedTaskDispatcher with 20 workers.
 -> (artifact id: 'f48e88df908fe33568c7a66b21b3c539') in 0.004170 seconds
Start importing Packages/com.unity.2d.tilemap/Editor/Icons/d_EditorUI.TargetHover@2x.png using Guid(857187d2d610c234587c8a50803e4307) Importer(-1,00000000000000000000000000000000) [PhysX] Initialized MultithreadedTaskDispatcher with 20 workers.
 -> (artifact id: 'abe4cae4af31ab364394ee0c3cf62804') in 0.003867 seconds
Start importing Packages/com.unity.render-pipelines.core/Editor/LookDev/Icons/LookDev.png using Guid(85099cb723efe4444a23b08281d721c2) Importer(-1,00000000000000000000000000000000) [PhysX] Initialized MultithreadedTaskDispatcher with 20 workers.
 -> (artifact id: 'bdf74f5b5aa89c0a8f447259449cee85') in 0.003912 seconds
Start importing Packages/com.unity.2d.animation/Editor/Assets/EditorIcons/Dark/d_Warning.png using Guid(85be10d80c20c4181b8d53e425fb92a4) Importer(-1,00000000000000000000000000000000) [PhysX] Initialized MultithreadedTaskDispatcher with 20 workers.
 -> (artifact id: '0dc02c01cd2f584e956b79ee34998b0e') in 0.003085 seconds
Start importing Packages/com.unity.2d.tilemap/Editor/Icons/d_Tilemap.ShowTilePalette.png using Guid(95b2d1ff151dd2f479bf1f6321b44179) Importer(-1,00000000000000000000000000000000) [PhysX] Initialized MultithreadedTaskDispatcher with 20 workers.
 -> (artifact id: '4f65bc4b34f006689d4e7f9657879295') in 0.003007 seconds
Start importing Packages/com.unity.2d.animation/Editor/Assets/ComponentIcons/Animation.IKFabrik On@128.png using Guid(950832395ec754ba48ab1cffa214cec0) Importer(-1,00000000000000000000000000000000) [PhysX] Initialized MultithreadedTaskDispatcher with 20 workers.
 -> (artifact id: 'c77a7897cceb09a78be00f59e1ce4671') in 0.005505 seconds
Start importing Packages/com.unity.shadergraph/Editor/Resources/GraphView/Nodes/NodeChevronRight.png using Guid(951848ba8b6205940a9bd1b8fdd4d796) Importer(-1,00000000000000000000000000000000) [PhysX] Initialized MultithreadedTaskDispatcher with 20 workers.
 -> (artifact id: '96aad9068950b27897c7203571e075a0') in 0.003518 seconds
Start importing Packages/com.unity.timeline/Editor/StyleSheets/Images/Icons/TrackCurvesButtonEnabled.png using Guid(9589d5d9eb09dec43b2ad51af4e78b1e) Importer(-1,00000000000000000000000000000000) [PhysX] Initialized MultithreadedTaskDispatcher with 20 workers.
 -> (artifact id: 'fa76f9763433e47b57d7d8bf27bb2fa7') in 0.002253 seconds
Start importing Packages/com.unity.2d.animation/Editor/Assets/EditorIcons/Light/Mesh@4x.png using Guid(953b8abb3b6548c4294b547c2f473be0) Importer(-1,00000000000000000000000000000000) [PhysX] Initialized MultithreadedTaskDispatcher with 20 workers.
 -> (artifact id: '3656a9792c03f4ee422db297f8fa5183') in 0.004499 seconds
Start importing Packages/com.unity.2d.animation/Editor/Assets/EditorIcons/Selected/Generate_Geometry@3x.png using Guid(a581ff3810b2e0a4690cddcf7634ed22) Importer(-1,00000000000000000000000000000000) [PhysX] Initialized MultithreadedTaskDispatcher with 20 workers.
 -> (artifact id: 'de817e72a2787fea6b479b5b70070217') in 0.004182 seconds
Start importing Packages/com.unity.timeline/Editor/StyleSheets/Images/DarkSkin/TimelineSignalSelected.png using Guid(a5e21f4e466690645980dd0cf0b664bc) Importer(-1,00000000000000000000000000000000) [PhysX] Initialized MultithreadedTaskDispatcher with 20 workers.
 -> (artifact id: 'a02a3fc6f57d5e21b913de03cfebaac6') in 0.002045 seconds
Start importing Packages/com.unity.render-pipelines.core/Editor/Lighting/Icons/LightUnitIcons/d_BrightSky.png using Guid(a543c2d2147884347a1846e862efa72f) Importer(-1,00000000000000000000000000000000) [PhysX] Initialized MultithreadedTaskDispatcher with 20 workers.
 -> (artifact id: 'c48c6a83177c0cb47ab318ccc6cbb43b') in 0.003513 seconds
Start importing Packages/com.unity.render-pipelines.core/Editor/LookDev/Icons/Remove.png using Guid(a5c48bfebeb031a4b8d66da4be0e27b9) Importer(-1,00000000000000000000000000000000) [PhysX] Initialized MultithreadedTaskDispatcher with 20 workers.
 -> (artifact id: '6a88de857fbec98962dec590d77c0574') in 0.002679 seconds
Start importing Packages/com.unity.2d.animation/Editor/Assets/EditorIcons/Light/Generate_Weights@4x.png using Guid(a56b84f780e8aef439e9a83d60ca7420) Importer(-1,00000000000000000000000000000000) [PhysX] Initialized MultithreadedTaskDispatcher with 20 workers.
 -> (artifact id: '396229f7bf7397bccecc0896f8948b8b') in 0.004545 seconds
Start importing Packages/com.unity.render-pipelines.universal/Editor/2D/Resources/LightCapUp.png using Guid(a58fea03b14b2be4295b11f21a57a6f7) Importer(-1,00000000000000000000000000000000) [PhysX] Initialized MultithreadedTaskDispatcher with 20 workers.
 -> (artifact id: '0963642160c20cea2b0317fa199305e6') in 0.002104 seconds
Start importing Packages/com.unity.render-pipelines.core/Editor/Lighting/Icons/LightUnitIcons/d_InteriorLight.png using Guid(b5a2e773c2799aa42a4e99429158896e) Importer(-1,00000000000000000000000000000000) [PhysX] Initialized MultithreadedTaskDispatcher with 20 workers.
 -> (artifact id: '8d1741cf7555de2e57588105348d733b') in 0.003419 seconds
Start importing Packages/com.unity.2d.animation/Editor/Assets/ComponentIcons/Animation.IKFabrik On@256.png using Guid(b533c652136df4744a089524507a44c6) Importer(-1,00000000000000000000000000000000) [PhysX] Initialized MultithreadedTaskDispatcher with 20 workers.
 -> (artifact id: '31136e1adddc2a1c7f9a3c90d188e7f5') in 0.008236 seconds
Start importing Packages/com.unity.collab-proxy/Editor/Assets/Images/iconlockedlocaloverlay@2x.png using Guid(b528c1b33a65cf94ea74f830b54c9acb) Importer(-1,00000000000000000000000000000000) [PhysX] Initialized MultithreadedTaskDispatcher with 20 workers.
 -> (artifact id: 'aaa827d1676649b067bdb6138b5cf05c') in 0.003200 seconds
Start importing Packages/com.unity.2d.animation/Editor/Assets/EditorIcons/Light/SetPivot256.png using Guid(b51dea53643c34332b1c8cfc0865d0c4) Importer(-1,00000000000000000000000000000000) [PhysX] Initialized MultithreadedTaskDispatcher with 20 workers.
 -> (artifact id: 'b81b880166d9689c61295e00624d01d7') in 0.007192 seconds
Start importing Packages/com.unity.timeline/Editor/StyleSheets/Images/Icons/TimelineEditModeRippleON.png using Guid(c5c1f094d9a9b3f4c9cc6c3a87af871c) Importer(-1,00000000000000000000000000000000) [PhysX] Initialized MultithreadedTaskDispatcher with 20 workers.
 -> (artifact id: '446fad7e4483f41cd576ce53f7448cb6') in 0.002024 seconds
Start importing Packages/com.unity.searcher/Editor/Resources/FlatSkin/SearchSmallDownOn@2x.png using Guid(c5b36095078d8694ba9e3ae3fd867b2e) Importer(-1,00000000000000000000000000000000) [PhysX] Initialized MultithreadedTaskDispatcher with 20 workers.
 -> (artifact id: '0af3a505b23780ba6019f3070d201246') in 0.002595 seconds
Start importing Packages/com.unity.2d.tilemap/Editor/Icons/Tilemap.GridPaint@4x.png using Guid(c54623997d885f6499655af6031a3bf9) Importer(-1,00000000000000000000000000000000) [PhysX] Initialized MultithreadedTaskDispatcher with 20 workers.
 -> (artifact id: '5b70778d980b3890f701d9935782dacc') in 0.004603 seconds
Start importing Packages/com.unity.visualscripting/Editor/VisualScripting.Core/IconMap/GlobalMessageListener@32x.png using Guid(c588f7acb736b6940bac7b559c8f59dd) Importer(-1,00000000000000000000000000000000) [PhysX] Initialized MultithreadedTaskDispatcher with 20 workers.
 -> (artifact id: 'ad7cb2ea24615b7e92c6f74037e31bea') in 0.005150 seconds
Start importing Packages/com.unity.collab-proxy/Editor/Assets/Images/d_iconplasticnotifyincoming@2x.png using Guid(c5fc116b3271b5947808130b2212cd60) Importer(-1,00000000000000000000000000000000) [PhysX] Initialized MultithreadedTaskDispatcher with 20 workers.
 -> (artifact id: '25f4967e4a3128f323e1b79f67f7034d') in 0.003475 seconds
Start importing Packages/com.unity.render-pipelines.core/Editor/Lighting/Icons/HorizontalGradient.png using Guid(c56daa0c35d8542449aea902efda87ce) Importer(-1,00000000000000000000000000000000) [PhysX] Initialized MultithreadedTaskDispatcher with 20 workers.
 -> (artifact id: 'b2a25210c1bc02dbfb7e5c47068c8238') in 0.002960 seconds
Start importing Packages/com.unity.render-pipelines.universal/Textures/BlueNoise16/L/LDR_LLL1_13.png using Guid(d512512f4af60a442ab3458489412954) Importer(-1,00000000000000000000000000000000) [PhysX] Initialized MultithreadedTaskDispatcher with 20 workers.
 -> (artifact id: 'fd1cd390059c0fa2878dfcef578a86ba') in 0.001756 seconds
Start importing Packages/com.unity.collab-proxy/Editor/Assets/Images/icondeletedremoteoverlay@2x.png using Guid(d5c3277b1dbad9448b46c2ec87a2cef8) Importer(-1,00000000000000000000000000000000) [PhysX] Initialized MultithreadedTaskDispatcher with 20 workers.
 -> (artifact id: '05b76fabc8d985327f945f911b4313b0') in 0.003421 seconds
Start importing Packages/com.unity.render-pipelines.universal/Textures/BlueNoise16/L/LDR_LLL1_21.png using Guid(d5c9b274310e5524ebe32a4e4da3df1f) Importer(-1,00000000000000000000000000000000) [PhysX] Initialized MultithreadedTaskDispatcher with 20 workers.
 -> (artifact id: '0d52a7035ce771fa3f85eaa4d745d114') in 0.001737 seconds
Start importing Packages/com.unity.timeline/Editor/StyleSheets/Images/Icons/d_TrackCurvesButtonDisabled.png using Guid(d55a54a15106e3f418a43134888f2211) Importer(-1,00000000000000000000000000000000) [PhysX] Initialized MultithreadedTaskDispatcher with 20 workers.
 -> (artifact id: '3754a76a8053f7b838693dbed3baf19f') in 0.002243 seconds
Start importing Packages/com.unity.render-pipelines.core/Editor/Lighting/Icons/LightUnitIcons/d_MoonlessNight@2x.png using Guid(d56ac7ee03f65c7408f8f3d5aeecdb86) Importer(-1,00000000000000000000000000000000) [PhysX] Initialized MultithreadedTaskDispatcher with 20 workers.
 -> (artifact id: '815bc543bbbbb85005fa37c00598eb3a') in 0.004131 seconds
Start importing Packages/com.unity.render-pipelines.universal/Textures/BlueNoise16/L/LDR_LLL1_1.png using Guid(d50c5e07c9911a74982bddf7f3075e7b) Importer(-1,00000000000000000000000000000000) [PhysX] Initialized MultithreadedTaskDispatcher with 20 workers.
 -> (artifact id: 'a5708e0c2fe0effd522563fda15b0f79') in 0.001812 seconds
Start importing Packages/com.unity.collab-proxy/Editor/Assets/Images/d_loading.png using Guid(d58e94bfb1bac774dbb8ca9c2597ef2e) Importer(-1,00000000000000000000000000000000) [PhysX] Initialized MultithreadedTaskDispatcher with 20 workers.
 -> (artifact id: '18b41914a60d77e1fb389a68a953d4ec') in 0.003014 seconds
Start importing Packages/com.unity.timeline/Editor/StyleSheets/Images/Shared/TimelineSwatch.png using Guid(e50018fd67fc156459e4014bdad3f5f6) Importer(-1,00000000000000000000000000000000) [PhysX] Initialized MultithreadedTaskDispatcher with 20 workers.
 -> (artifact id: '152ac1bcf01b935ce3470a77b3bcfd43') in 0.002390 seconds
Start importing Packages/com.unity.2d.animation/Editor/Assets/EditorIcons/Light/Split Bones@4x.png using Guid(e530623cd53f3ea46ac09b786f0c49ef) Importer(-1,00000000000000000000000000000000) [PhysX] Initialized MultithreadedTaskDispatcher with 20 workers.
 -> (artifact id: 'c23eccaa5ebfd6642ac382e6d913c5a5') in 0.004366 seconds
Start importing Packages/com.unity.2d.animation/Editor/Assets/EditorIcons/Selected/Create_Edge@2x.png using Guid(e5da66fa63839274dbffb877e43e888b) Importer(-1,00000000000000000000000000000000) [PhysX] Initialized MultithreadedTaskDispatcher with 20 workers.
 -> (artifact id: '315caf6d23bbda2299b9e7495ce13f2d') in 0.003478 seconds
Start importing Packages/com.unity.timeline/Editor/StyleSheets/Images/Icons/d_TrackMuteButtonEnabled@2x.png using Guid(e54e20c7a9730fe4c822d63228527ae4) Importer(-1,00000000000000000000000000000000) [PhysX] Initialized MultithreadedTaskDispatcher with 20 workers.
 -> (artifact id: 'f0509d6a3c49b82d28a6521335dc4cd5') in 0.001875 seconds
Start importing Packages/com.unity.render-pipelines.core/Editor/Lighting/Icons/LightUnitIcons/d_Moonlight@2x.png using Guid(f520337c0c5dde34fa2d4207d953a31f) Importer(-1,00000000000000000000000000000000) [PhysX] Initialized MultithreadedTaskDispatcher with 20 workers.
 -> (artifact id: 'c989fcedf361099e10fb02906dc4f9a6') in 0.003593 seconds
Start importing Packages/com.unity.2d.animation/Editor/Assets/ComponentIcons/Animation.IKFabrik On@32.png using Guid(f59542040dc5448459691fb41515f463) Importer(-1,00000000000000000000000000000000) [PhysX] Initialized MultithreadedTaskDispatcher with 20 workers.
 -> (artifact id: '8f0ceb477f7eed661e31a8451acd5107') in 0.003998 seconds
Start importing Packages/com.unity.render-pipelines.core/Editor/Lighting/Icons/LightUnitIcons/MoonlessNight.png using Guid(f50a266376427a041b4e1b629d07611d) Importer(-1,00000000000000000000000000000000) [PhysX] Initialized MultithreadedTaskDispatcher with 20 workers.
 -> (artifact id: '75c51562af2f77bb35ad14a3b545d83a') in 0.003842 seconds
Start importing Packages/com.unity.2d.animation/Editor/Assets/EditorIcons/Light/Paste@4x.png using Guid(f53eca637c0194e4ab6729cf60753757) Importer(-1,00000000000000000000000000000000) [PhysX] Initialized MultithreadedTaskDispatcher with 20 workers.
 -> (artifact id: 'fde282d5b1cf2f52f38874a9a094bc53') in 0.003200 seconds
Start importing Packages/com.unity.render-pipelines.core/Editor/LookDev/Icons/d_LookDev.png using Guid(0615fe8910911be4299d5604a54db99a) Importer(-1,00000000000000000000000000000000) [PhysX] Initialized MultithreadedTaskDispatcher with 20 workers.
 -> (artifact id: 'e292e93b8372981d4a1fc07139afd978') in 0.003409 seconds
Start importing Packages/com.unity.textmeshpro/Editor Resources/Textures/btn_AlignMiddle_Light.psd using Guid(066619c9c9c84f89acb1b48c11a7efe2) Importer(-1,00000000000000000000000000000000) [PhysX] Initialized MultithreadedTaskDispatcher with 20 workers.
 -> (artifact id: 'ef8d4040aba9054a1d44f0d6279644b3') in 0.002234 seconds
Start importing Packages/com.unity.timeline/Editor/StyleSheets/Images/Icons/d_TimelineSelector.png using Guid(06bf6150656339941aa98e175a995445) Importer(-1,00000000000000000000000000000000) [PhysX] Initialized MultithreadedTaskDispatcher with 20 workers.
 -> (artifact id: '2608827310212836b2c1d2432998991c') in 0.002066 seconds
Start importing Packages/com.unity.2d.sprite/Editor/ObjectMenuCreation/DefaultAssets/Textures/HexagonFlat-Top.png using Guid(16037dbd798344f57a526d53d48f5ead) Importer(-1,00000000000000000000000000000000) [PhysX] Initialized MultithreadedTaskDispatcher with 20 workers.
 -> (artifact id: '6b71ec44e397f79ce7cf27a9105f5c98') in 0.005302 seconds
Start importing Packages/com.unity.render-pipelines.core/Editor/LookDev/Icons/d_Add.png using Guid(160b197aba549514286b94426ceae589) Importer(-1,00000000000000000000000000000000) [PhysX] Initialized MultithreadedTaskDispatcher with 20 workers.
 -> (artifact id: 'ab6a5e588fbf6d63a542253da9389b95') in 0.003147 seconds
Start importing Packages/com.unity.2d.tilemap/Editor/Icons/d_Tilemap.GridPaint.png using Guid(26f3d342b8e95b24da7ec4638d7f2322) Importer(-1,00000000000000000000000000000000) [PhysX] Initialized MultithreadedTaskDispatcher with 20 workers.
 -> (artifact id: '26f5fc7f75e4255001398a28f0fd2190') in 0.003222 seconds
Start importing Packages/com.unity.2d.psdimporter/Editor/Assets/Icons/Light/Layers Separated@8x.png using Guid(2634b0c913a9a4431a8702825a79ca31) Importer(-1,00000000000000000000000000000000) [PhysX] Initialized MultithreadedTaskDispatcher with 20 workers.
 -> (artifact id: '9052d895f38caf6148315ff5261b1241') in 0.004845 seconds
Start importing Packages/com.unity.collab-proxy/Editor/Assets/Images/d_iconbranch@2x.png using Guid(267a89f787a621e4290fbff7a5442750) Importer(-1,00000000000000000000000000000000) [PhysX] Initialized MultithreadedTaskDispatcher with 20 workers.
 -> (artifact id: '637ed067766a6b87aba0e73b5b46a847') in 0.003603 seconds
Start importing Packages/com.unity.2d.animation/Editor/Assets/EditorIcons/Dark/d_Sprite_Mode@2x.png using Guid(269eee5bd0392044cb38fd13171b84f6) Importer(-1,00000000000000000000000000000000) [PhysX] Initialized MultithreadedTaskDispatcher with 20 workers.
 -> (artifact id: '6299500e9c248c4ccb4565fa595d22a2') in 0.003430 seconds
Start importing Packages/com.unity.2d.animation/Editor/Assets/EditorIcons/Dark/d_Visibility_Hidded@4x.png using Guid(36502ae6ddbac9e4dbf8fcd5889d661d) Importer(-1,00000000000000000000000000000000) [PhysX] Initialized MultithreadedTaskDispatcher with 20 workers.
 -> (artifact id: 'c419b0e92d13c00e88f0f40717ecbb21') in 0.004086 seconds
Start importing Packages/com.unity.render-pipelines.universal/Textures/BlueNoise256/LDR_LLL1_0.png using Guid(36f118343fc974119bee3d09e2111500) Importer(-1,00000000000000000000000000000000) [PhysX] Initialized MultithreadedTaskDispatcher with 20 workers.
 -> (artifact id: 'f166f4e9f64af48d8d2f093fb72194bd') in 0.003314 seconds
Start importing Packages/com.unity.collab-proxy/Editor/Assets/Images/step3@2x.png using Guid(36e6970b84831434a9eac79abd03700b) Importer(-1,00000000000000000000000000000000) [PhysX] Initialized MultithreadedTaskDispatcher with 20 workers.
 -> (artifact id: 'a3d74bee13bcad57307722b4b0edee22') in 0.003534 seconds
Start importing Packages/com.unity.2d.animation/Editor/Assets/EditorIcons/Light/SetPivot64.png using Guid(36872ff13cf1043888addd7fc4279cf9) Importer(-1,00000000000000000000000000000000) [PhysX] Initialized MultithreadedTaskDispatcher with 20 workers.
 -> (artifact id: '70e6b109593a07d848b283e8a9e53021') in 0.003593 seconds
Start importing Packages/com.unity.2d.tilemap/Editor/Icons/Grid.FlipX@2x.png using Guid(367a9e3649215be42869f99bdeecbab6) Importer(-1,00000000000000000000000000000000) [PhysX] Initialized MultithreadedTaskDispatcher with 20 workers.
 -> (artifact id: 'cb502448788e89e01caea79cee7a725e') in 0.003108 seconds
Start importing Packages/com.unity.2d.psdimporter/Editor/Assets/Icons/Dark/Layers Collapsed@2x.png using Guid(360cfd7debcd44adfbb69d1911de502d) Importer(-1,00000000000000000000000000000000) [PhysX] Initialized MultithreadedTaskDispatcher with 20 workers.
 -> (artifact id: '06e87465dbaeb247093fb989eb17f0e7') in 0.003927 seconds
Start importing Packages/com.unity.timeline/Editor/StyleSheets/Images/DarkSkin/TimelineLoop.png using Guid(360dded8761e81d4d98c10f469d55492) Importer(-1,00000000000000000000000000000000) [PhysX] Initialized MultithreadedTaskDispatcher with 20 workers.
 -> (artifact id: '12e90930d2179435f46b5f5e84461696') in 0.002856 seconds
Start importing Packages/com.unity.collab-proxy/Editor/Assets/Images/d_step3.png using Guid(46930b20180b59e46b73494adf53abbb) Importer(-1,00000000000000000000000000000000) [PhysX] Initialized MultithreadedTaskDispatcher with 20 workers.
 -> (artifact id: 'c074071cc4403807f752d734546ffa35') in 0.002918 seconds
Start importing Packages/com.unity.2d.animation/Editor/Assets/EditorIcons/Selected/d_Visibility_Tool@3x.png using Guid(46d5b7ee1aaae3c4d9fd3a54774428d5) Importer(-1,00000000000000000000000000000000) [PhysX] Initialized MultithreadedTaskDispatcher with 20 workers.
 -> (artifact id: 'c15a542cf4f5033b61880d8b2e878558') in 0.003724 seconds
Start importing Packages/com.unity.2d.animation/Editor/Assets/ComponentIcons/Animation.SpriteLibrary On@128.png using Guid(46e8f61d13f8b49c7b2ac6beb5788f2c) Importer(-1,00000000000000000000000000000000) [PhysX] Initialized MultithreadedTaskDispatcher with 20 workers.
 -> (artifact id: '76fe634e658f3471ce0fbd879d8804b1') in 0.004325 seconds
Start importing Packages/com.unity.shadergraph/Editor/Resources/GraphView/Nodes/BlackboardFieldPillBackground.png using Guid(56603bbe7a2b54640bbd90104bea4981) Importer(-1,00000000000000000000000000000000) [PhysX] Initialized MultithreadedTaskDispatcher with 20 workers.
 -> (artifact id: 'd0b554dbd528fafc1a3b95873616c2b3') in 0.002037 seconds
Start importing Packages/com.unity.2d.animation/Editor/Assets/EditorIcons/Dark/d_Bone_Influence@3x.png using Guid(56431fa7b1b21794baaf8d8e47c78bdb) Importer(-1,00000000000000000000000000000000) [PhysX] Initialized MultithreadedTaskDispatcher with 20 workers.
 -> (artifact id: '0934a24a831422b3d57b7fa72bb4e377') in 0.004356 seconds
Start importing Packages/com.unity.render-pipelines.core/Editor/LookDev/Icons/d_Camera1.png using Guid(56c35c86bb44b0e4e84a22db56968157) Importer(-1,00000000000000000000000000000000) [PhysX] Initialized MultithreadedTaskDispatcher with 20 workers.
 -> (artifact id: '258d7c7c6f615f5b5c502d2e94ebce19') in 0.003655 seconds
Start importing Packages/com.unity.2d.animation/Editor/Assets/ComponentIcons/Animation.SpriteSkin.png using Guid(5624c7cbaca684b9faada94188a2e7a1) Importer(-1,00000000000000000000000000000000) [PhysX] Initialized MultithreadedTaskDispatcher with 20 workers.
 -> (artifact id: 'c0f2923d8328d1290fb0a65a23ece066') in 0.003363 seconds
Start importing Packages/com.unity.render-pipelines.universal/Textures/BlueNoise256/LDR_LLL1_6.png using Guid(56a77a3e8d64f47b6afe9e3c95cb57d5) Importer(-1,00000000000000000000000000000000) [PhysX] Initialized MultithreadedTaskDispatcher with 20 workers.
 -> (artifact id: '162624829218a02d15764b78b5fd92a0') in 0.002898 seconds
Start importing Packages/com.unity.collab-proxy/Editor/Assets/Images/iconconflictedoverlay@2x.png using Guid(5679a74364f6b4440ab7e7aed55cd95e) Importer(-1,00000000000000000000000000000000) [PhysX] Initialized MultithreadedTaskDispatcher with 20 workers.
 -> (artifact id: 'b633b099ee1c4bb4ce2abf744914aa3a') in 0.003132 seconds
Start importing Packages/com.unity.2d.animation/Editor/Assets/ComponentIcons/d_Animation.IKFabrik.png using Guid(56fdc1dd1bbc04a65a5c2ac1d9eacb5d) Importer(-1,00000000000000000000000000000000) [PhysX] Initialized MultithreadedTaskDispatcher with 20 workers.
 -> (artifact id: 'bac14758bdb516c646fc29334d95905a') in 0.003820 seconds
Start importing Packages/com.unity.2d.animation/Editor/Assets/EditorIcons/Light/Sprite_Influence@3x.png using Guid(563e4d2d28c2241fbbb33e85f9b27efb) Importer(-1,00000000000000000000000000000000) [PhysX] Initialized MultithreadedTaskDispatcher with 20 workers.
 -> (artifact id: '1188a918545874c404d498efb45af413') in 0.004007 seconds
Start importing Packages/com.unity.visualscripting/Editor/VisualScripting.Core/IconMap/VariablesAsset@32.png using Guid(562f2dd7647d95e499d958215476bbde) Importer(-1,00000000000000000000000000000000) [PhysX] Initialized MultithreadedTaskDispatcher with 20 workers.
 -> (artifact id: '1fbf4f63705dc3b1fa16343829cafbd2') in 0.004337 seconds
Start importing Packages/com.unity.shadergraph/Editor/Resources/Icons/SettingsIcons@2x.png using Guid(66e0f20149bec7a4eaee2f2d8aec158a) Importer(-1,00000000000000000000000000000000) [PhysX] Initialized MultithreadedTaskDispatcher with 20 workers.
 -> (artifact id: '3972e94c8eb601b6eaab91b6715834f1') in 0.004459 seconds
Start importing Packages/com.unity.2d.animation/Editor/Assets/EditorIcons/Light/Create_Vertex@3x.png using Guid(66fa19194577350438c952106f661c2f) Importer(-1,00000000000000000000000000000000) [PhysX] Initialized MultithreadedTaskDispatcher with 20 workers.
 -> (artifact id: '6fc6ed0a543889e87c6d311ac724b7a3') in 0.003908 seconds
Start importing Packages/com.unity.2d.tilemap/Editor/Icons/d_Grid.RotateCW.png using Guid(66bb00887f3170c4a95b989d392049ec) Importer(-1,00000000000000000000000000000000) [PhysX] Initialized MultithreadedTaskDispatcher with 20 workers.
 -> (artifact id: '64bf3a8e1d42c3d74ec91567bfd0fa45') in 0.003371 seconds
Start importing Packages/com.unity.render-pipelines.core/Editor/Lighting/Icons/LightUnitIcons/d_ClearSky.png using Guid(76c10465276fcb9498b1fd312e3f74ed) Importer(-1,00000000000000000000000000000000) [PhysX] Initialized MultithreadedTaskDispatcher with 20 workers.
 -> (artifact id: '1c8d91986f5c863d2d0e35ba3d3f95f6') in 0.003606 seconds
Start importing Packages/com.unity.2d.animation/Editor/Assets/EditorIcons/Light/Sprite_Influence.png using Guid(768531f76566d4b18bfe4ed7b21e5ce1) Importer(-1,00000000000000000000000000000000) [PhysX] Initialized MultithreadedTaskDispatcher with 20 workers.
 -> (artifact id: 'b0b5bb4ff5ada966171eb3bd54d9ff8b') in 0.003609 seconds
Start importing Packages/com.unity.2d.common/Path/Editor/Handles/ShapeToolPro.png using Guid(766cfa1430bc448ed93c5817e7682f3b) Importer(-1,00000000000000000000000000000000) [PhysX] Initialized MultithreadedTaskDispatcher with 20 workers.
 -> (artifact id: 'e0e7edb84d94e7f9f65f6ee4b22030b7') in 0.003642 seconds
Start importing Packages/com.unity.2d.animation/Editor/Assets/EditorIcons/Light/Bone@3x.png using Guid(76beef9fdae7b48468ddf07d0400a374) Importer(-1,00000000000000000000000000000000) [PhysX] Initialized MultithreadedTaskDispatcher with 20 workers.
 -> (artifact id: 'f04242a7447c6f87b099b0538b22c942') in 0.003511 seconds
Start importing Packages/com.unity.render-pipelines.core/Editor/Lighting/Icons/LightUnitIcons/d_DirectSunlight.png using Guid(76bf11a78c4428b4eb6b567a160a0c83) Importer(-1,00000000000000000000000000000000) [PhysX] Initialized MultithreadedTaskDispatcher with 20 workers.
 -> (artifact id: 'd5a006d33d679c3128b35d1b29928814') in 0.003291 seconds
Start importing Packages/com.unity.2d.tilemap/Editor/Icons/d_Tilemap.TilePalette@4x.png using Guid(86408806ba4819c4494d51cb88d34da4) Importer(-1,00000000000000000000000000000000) [PhysX] Initialized MultithreadedTaskDispatcher with 20 workers.
 -> (artifact id: '47442b0c6237ebe393f9e4a3537c1a28') in 0.004336 seconds
Start importing Packages/com.unity.2d.tilemap/Editor/Icons/EditorUI.Target@4x.png using Guid(86f74056ad052aa4b83fe485546f0521) Importer(-1,00000000000000000000000000000000) [PhysX] Initialized MultithreadedTaskDispatcher with 20 workers.
 -> (artifact id: 'd99cb55704d673493b582a6444abf8c3') in 0.004160 seconds
Start importing Packages/com.unity.2d.psdimporter/Editor/Assets/Icons/Dark/Layers Collapsed@8x.png using Guid(8649c1c76eb014a4d9e24547717f1619) Importer(-1,00000000000000000000000000000000) [PhysX] Initialized MultithreadedTaskDispatcher with 20 workers.
 -> (artifact id: 'd10fa1aa02e47a6df3be4f9e48ce775f') in 0.004571 seconds
Start importing Packages/com.unity.render-pipelines.core/Editor/Lighting/Icons/LightUnitIcons/DirectSunlight.png using Guid(863ef838c25e51b4790fd6ac881ba895) Importer(-1,00000000000000000000000000000000) [PhysX] Initialized MultithreadedTaskDispatcher with 20 workers.
 -> (artifact id: '287ef77fe17096145aa76062998baf69') in 0.002995 seconds
Start importing Packages/com.unity.2d.animation/Editor/Assets/EditorIcons/Selected/Weight_Slider.png using Guid(96b029a4248c85a4e8de2aa81fc0b60a) Importer(-1,00000000000000000000000000000000) [PhysX] Initialized MultithreadedTaskDispatcher with 20 workers.
 -> (artifact id: 'bc58f6ce6d2c9cb039f92d31442a7b82') in 0.002982 seconds
Start importing Packages/com.unity.render-pipelines.universal/Textures/BlueNoise16/L/LDR_LLL1_10.png using Guid(96aaab9cc247d0b4c98132159688c1af) Importer(-1,00000000000000000000000000000000) [PhysX] Initialized MultithreadedTaskDispatcher with 20 workers.
 -> (artifact id: 'cb28ca2432acdca79adbc7a9fec18128') in 0.002110 seconds
Start importing Packages/com.unity.collab-proxy/Editor/Assets/Images/iconbranches.png using Guid(a6219d44b6fc910449f7c3fee45db5c5) Importer(-1,00000000000000000000000000000000) [PhysX] Initialized MultithreadedTaskDispatcher with 20 workers.
 -> (artifact id: 'a39fb57eee40df551ff4adad436b7de2') in 0.002782 seconds
Start importing Packages/com.unity.render-pipelines.core/Runtime/Debugging/Prefabs/Textures/UIFoldoutOpened.png using Guid(a674720496c1ed248a5b7ea3e22a11fd) Importer(-1,00000000000000000000000000000000) [PhysX] Initialized MultithreadedTaskDispatcher with 20 workers.
 -> (artifact id: '5e4506a76f541cf5948c910512068da3') in 0.002654 seconds
Start importing Packages/com.unity.2d.tilemap/Editor/Icons/Tilemap.TilePalette.png using Guid(a605ef4315d43d6438e211f589d2df38) Importer(-1,00000000000000000000000000000000) [PhysX] Initialized MultithreadedTaskDispatcher with 20 workers.
 -> (artifact id: 'd5ccd920067533dceab3f543d0948514') in 0.003591 seconds
Start importing Packages/com.unity.collab-proxy/Editor/Assets/Images/iconaddedlocal@2x.png using Guid(a67b58d6cddcd4345b1e001340de5a76) Importer(-1,00000000000000000000000000000000) [PhysX] Initialized MultithreadedTaskDispatcher with 20 workers.
 -> (artifact id: '66adc1eecbcb6998520f80509a89975f') in 0.003058 seconds
Start importing Packages/com.unity.shadergraph/Editor/Resources/Icons/Settings_Flyout_9slice@2x.png using Guid(a6abafca3e442ca4d970a1f8a2c70b0a) Importer(-1,00000000000000000000000000000000) [PhysX] Initialized MultithreadedTaskDispatcher with 20 workers.
 -> (artifact id: '9a288052a8a6c615c597eb753711199e') in 0.004245 seconds
Start importing Packages/com.unity.collab-proxy/Editor/Assets/Images/d_iconaddedoverlay@2x.png using Guid(a6fbd5a181bc51e42a61a73fe8d727c8) Importer(-1,00000000000000000000000000000000) [PhysX] Initialized MultithreadedTaskDispatcher with 20 workers.
 -> (artifact id: 'bc99857ca70653eed59ccd0ead7586e2') in 0.003488 seconds
Start importing Packages/com.unity.2d.tilemap/Editor/Icons/GridSelection.png using Guid(a60e09d7c2452be4c824d4eb480c91c7) Importer(-1,00000000000000000000000000000000) [PhysX] Initialized MultithreadedTaskDispatcher with 20 workers.
 -> (artifact id: 'b0878e7fc22d1f47affe1387a759e420') in 0.001841 seconds
Start importing Packages/com.unity.2d.sprite/Editor/ObjectMenuCreation/DefaultAssets/Textures/v2/HexagonFlatTop.png using Guid(b670ab75dde984907b8570040daa08c5) Importer(-1,00000000000000000000000000000000) [PhysX] Initialized MultithreadedTaskDispatcher with 20 workers.
 -> (artifact id: 'b81c149869a8dff8617d69b0f89e9374') in 0.004489 seconds
Start importing Packages/com.unity.2d.animation/Editor/Assets/ComponentIcons/Animation.SpriteLibrary@256.png using Guid(b6c49e41a57e648e9a16f44ce4b8d9b9) Importer(-1,00000000000000000000000000000000) [PhysX] Initialized MultithreadedTaskDispatcher with 20 workers.
 -> (artifact id: '12c9f320d594ab257b740d5af34495b3') in 0.007816 seconds
Start importing Packages/com.unity.2d.animation/Editor/Assets/EditorIcons/Selected/Edit_Geometry.png using Guid(b668cd73b0ac4ba4db9f21a167c80e6b) Importer(-1,00000000000000000000000000000000) [PhysX] Initialized MultithreadedTaskDispatcher with 20 workers.
 -> (artifact id: '18a70f6f3ee76bcefc559f22984035b8') in 0.003326 seconds
Start importing Packages/com.unity.2d.animation/Editor/Assets/EditorIcons/Selected/Copy@4x.png using Guid(b6a96c7c65795c94abf54a62adbf5c38) Importer(-1,00000000000000000000000000000000) [PhysX] Initialized MultithreadedTaskDispatcher with 20 workers.
 -> (artifact id: 'de0382e88b9cd4f255591f006a13f8a9') in 0.002942 seconds
Start importing Packages/com.unity.timeline/Editor/StyleSheets/Images/LightSkin/TimelineMarkerItemSelected.png using Guid(b6e9dc9aad5843748a0124b8925c3743) Importer(-1,00000000000000000000000000000000) [PhysX] Initialized MultithreadedTaskDispatcher with 20 workers.
 -> (artifact id: '0d00d2a6e2d70fc050d38c9909cd7652') in 0.001947 seconds
Start importing Packages/com.unity.2d.animation/Editor/Assets/EditorIcons/Dark/d_Parent_Bone@4x.png using Guid(c6601234a3b63ef4a9386f8182db5849) Importer(-1,00000000000000000000000000000000) [PhysX] Initialized MultithreadedTaskDispatcher with 20 workers.
 -> (artifact id: '1a5b4ed6e4db63abdc878d4b531eccf4') in 0.003859 seconds
Start importing Packages/com.unity.timeline/Editor/StyleSheets/Images/Icons/TrackRecordButtonEnabled.png using Guid(c6a0c6226c05f954fa6cd03aebb4d255) Importer(-1,00000000000000000000000000000000) [PhysX] Initialized MultithreadedTaskDispatcher with 20 workers.
 -> (artifact id: 'f6af17d30e5431581d00e584e732a0f9') in 0.001912 seconds
Start importing Packages/com.unity.collab-proxy/Editor/Assets/Images/loading.png using Guid(c6b1bcaa3f4767141acd747384dbb276) Importer(-1,00000000000000000000000000000000) [PhysX] Initialized MultithreadedTaskDispatcher with 20 workers.
 -> (artifact id: 'e93b2183d624b7d894ea3ed3019f88cb') in 0.003333 seconds
Start importing Packages/com.unity.2d.animation/Editor/Assets/EditorIcons/Light/Bone@2x.png using Guid(d6a44ab95b0def041a7929981a2c23a1) Importer(-1,00000000000000000000000000000000) [PhysX] Initialized MultithreadedTaskDispatcher with 20 workers.
 -> (artifact id: '91ca36a5bb97e9fe3a4fcaddc7fa868b') in 0.004183 seconds
Start importing Packages/com.unity.2d.animation/Editor/Assets/EditorIcons/Light/Create_Vertex@4x.png using Guid(e6a6624ab013b8e44beddfa2668afb65) Importer(-1,00000000000000000000000000000000) [PhysX] Initialized MultithreadedTaskDispatcher with 20 workers.
 -> (artifact id: 'f1358d57f7790d2b3edc63627de1f912') in 0.003767 seconds
Start importing Packages/com.unity.2d.animation/Editor/Assets/EditorIcons/Selected/character_Mode.png using Guid(e60718119cec31e4190849292fcde068) Importer(-1,00000000000000000000000000000000) [PhysX] Initialized MultithreadedTaskDispatcher with 20 workers.
 -> (artifact id: '7a61783636872d2d4219610dc0f38398') in 0.003302 seconds
Start importing Packages/com.unity.render-pipelines.universal/Textures/BlueNoise16/L/LDR_LLL1_5.png using Guid(e63eef8f54aa9dc4da9a5ac094b503b5) Importer(-1,00000000000000000000000000000000) [PhysX] Initialized MultithreadedTaskDispatcher with 20 workers.
 -> (artifact id: '0f3160aa8622fb32e6589f5e18a779e8') in 0.001954 seconds
Start importing Packages/com.unity.2d.animation/Editor/Assets/EditorIcons/Selected/Paste@3x.png using Guid(e6fe7bda78bd09a46bb7f4a684a91927) Importer(-1,00000000000000000000000000000000) [PhysX] Initialized MultithreadedTaskDispatcher with 20 workers.
 -> (artifact id: '5fd81ce103e6b0465e4335a45d338270') in 0.004016 seconds
Start importing Packages/com.unity.timeline/Editor/StyleSheets/Images/LightSkin/TimelineAutokey_active@2x.png using Guid(f6717d61970edba4686c297677881a77) Importer(-1,00000000000000000000000000000000) [PhysX] Initialized MultithreadedTaskDispatcher with 20 workers.
 -> (artifact id: '4eb0ae300cfe439b2b863889e03677c1') in 0.001872 seconds
Start importing Packages/com.unity.render-pipelines.core/Editor/Lighting/Icons/LightUnitIcons/d_Moonlight.png using Guid(f64528e1d51f6d74c9f7a1738deaa602) Importer(-1,00000000000000000000000000000000) [PhysX] Initialized MultithreadedTaskDispatcher with 20 workers.
 -> (artifact id: 'e77c1af9de6495c9a1f5269a1c70ef93') in 0.003300 seconds
Start importing Packages/com.unity.render-pipelines.universal/Textures/BlueNoise16/L/LDR_LLL1_22.png using Guid(f69770e54f2823f43badf77916acad83) Importer(-1,00000000000000000000000000000000) [PhysX] Initialized MultithreadedTaskDispatcher with 20 workers.
 -> (artifact id: '50dc136fe208165f7b9ac3f64b60fa45') in 0.001862 seconds
Start importing Packages/com.unity.2d.animation/Editor/Assets/EditorIcons/Light/Create Bones@4x.png using Guid(f618c5fe13b18994aa5aee8b97d8dca1) Importer(-1,00000000000000000000000000000000) [PhysX] Initialized MultithreadedTaskDispatcher with 20 workers.
 -> (artifact id: 'cfcb0edcb350f43133492fc814397ebd') in 0.004324 seconds
Start importing Packages/com.unity.render-pipelines.core/Editor/Lighting/Icons/DownSnatchFocused.png using Guid(f6ca176a623705248878abeaf560002a) Importer(-1,00000000000000000000000000000000) [PhysX] Initialized MultithreadedTaskDispatcher with 20 workers.
 -> (artifact id: '802fb4c21bc7e4051c46044d6dfe3fa2') in 0.002704 seconds
Start importing Packages/com.unity.2d.animation/Editor/Assets/ComponentIcons/Animation.SpriteResolver@32.png using Guid(f6dd722ee2cfe46a6bddf89ead1edade) Importer(-1,00000000000000000000000000000000) [PhysX] Initialized MultithreadedTaskDispatcher with 20 workers.
 -> (artifact id: 'e1b1f88a949ee9a556bc7104811c8d5f') in 0.004003 seconds
Start importing Packages/com.unity.render-pipelines.universal/Editor/2D/ShapeEditor/Resources/Path/pointNormal.png using Guid(f66f743b1d8e82f44a027852526a2b93) Importer(-1,00000000000000000000000000000000) [PhysX] Initialized MultithreadedTaskDispatcher with 20 workers.
 -> (artifact id: '13d5132272f9014ed14c9de47923df26') in 0.003930 seconds
Start importing Packages/com.unity.2d.animation/Editor/Assets/EditorIcons/Dark/d_Weight_Brush@4x.png using Guid(f68f6cf24545d2f41b27323ca2b06a52) Importer(-1,00000000000000000000000000000000) [PhysX] Initialized MultithreadedTaskDispatcher with 20 workers.
 -> (artifact id: '26e6aaafaab97d7893a8ab30cd8635a4') in 0.004571 seconds
Start importing Packages/com.unity.2d.animation/Editor/Assets/EditorIcons/Selected/Bone_Influence@2x.png using Guid(0779ad3feec52124e97114bcbb12ef13) Importer(-1,00000000000000000000000000000000) [PhysX] Initialized MultithreadedTaskDispatcher with 20 workers.
 -> (artifact id: 'e58598a644f6b23120f1028e6d9a890a') in 0.004597 seconds
Start importing Packages/com.unity.2d.tilemap/Editor/Icons/Tilemap.FocusNone@4x.png using Guid(070c631c5a8d05e41baf0a64b742067d) Importer(-1,00000000000000000000000000000000) [PhysX] Initialized MultithreadedTaskDispatcher with 20 workers.
 -> (artifact id: '6bd45b307dcb31549e9adcf1a9713eed') in 0.003430 seconds
Start importing Packages/com.unity.render-pipelines.universal/Editor/2D/ShapeEditor/Resources/TangentContinuousPro.png using Guid(071cd56d8f85dc247838300862f43e2f) Importer(-1,00000000000000000000000000000000) [PhysX] Initialized MultithreadedTaskDispatcher with 20 workers.
 -> (artifact id: 'c8940c0a998bcb5f3ecf5ae691b33fcf') in 0.003811 seconds
Start importing Packages/com.unity.render-pipelines.universal/Textures/BlueNoise16/L/LDR_LLL1_9.png using Guid(071e954febf155243a6c81e48f452644) Importer(-1,00000000000000000000000000000000) [PhysX] Initialized MultithreadedTaskDispatcher with 20 workers.
 -> (artifact id: 'f754c8526d153b044a8e45350eba0a29') in 0.002397 seconds
Start importing Packages/com.unity.timeline/Editor/StyleSheets/Images/Shared/TimelineWarning.png using Guid(1732e542f535d374bbfa7565fc78414e) Importer(-1,00000000000000000000000000000000) [PhysX] Initialized MultithreadedTaskDispatcher with 20 workers.
 -> (artifact id: 'ea2fb4302cd8c5fac7a0e409513182f4') in 0.002420 seconds
Start importing Packages/com.unity.2d.animation/Editor/Assets/EditorIcons/Light/Weight_Brush@2x.png using Guid(17d3bf7425a0748489ce3633e38652db) Importer(-1,00000000000000000000000000000000) [PhysX] Initialized MultithreadedTaskDispatcher with 20 workers.
 -> (artifact id: '7b0171aa6d68043bb13223cea31d8a3e') in 0.003914 seconds
Start importing Packages/com.unity.2d.animation/Editor/Assets/EditorIcons/Dark/d_Visibility_Tool@4x 1.png using Guid(1748e795fc2216743b74f9f19e87888e) Importer(-1,00000000000000000000000000000000) [PhysX] Initialized MultithreadedTaskDispatcher with 20 workers.
 -> (artifact id: 'f429c4cfa181fa4b50da43f6bab9fad6') in 0.003656 seconds
Start importing Packages/com.unity.2d.animation/Editor/Assets/EditorIcons/Dark/d_Bone@2x.png using Guid(17d971605cfbaea47b0d10b0b5dbc406) Importer(-1,00000000000000000000000000000000) [PhysX] Initialized MultithreadedTaskDispatcher with 20 workers.
 -> (artifact id: '155ceaa9e52ee40af9dacce250d044ea') in 0.003776 seconds
Start importing Packages/com.unity.shadergraph/Editor/Resources/Icons/sg_graph_icon.png using Guid(170afdc32bbba284e8d0740a464b9fbd) Importer(-1,00000000000000000000000000000000) [PhysX] Initialized MultithreadedTaskDispatcher with 20 workers.
 -> (artifact id: '9a01dc862b4e65742b628dbdcc49a939') in 0.004882 seconds
Start importing Packages/com.unity.2d.animation/Editor/Assets/SkinningModule/dotYellow.png using Guid(173a5eb1d13d68d4ea39f3e5d2c6e2c0) Importer(-1,00000000000000000000000000000000) [PhysX] Initialized MultithreadedTaskDispatcher with 20 workers.
 -> (artifact id: '7d6fafa745c190d4c55695d742fcd72d') in 0.002144 seconds
Start importing Packages/com.unity.2d.animation/Editor/Assets/EditorIcons/Light/character_Mode@3x.png using Guid(17fa84703485d314b8d6b5216987d4b1) Importer(-1,00000000000000000000000000000000) [PhysX] Initialized MultithreadedTaskDispatcher with 20 workers.
 -> (artifact id: 'fe3ae8169cedc917248fcc3fe253bf3d') in 0.003328 seconds
Start importing Packages/com.unity.2d.animation/Editor/Assets/EditorIcons/Dark/d_Sprite_Mode@4x.png using Guid(177f0e0a4941a464f935c21b367d57c7) Importer(-1,00000000000000000000000000000000) [PhysX] Initialized MultithreadedTaskDispatcher with 20 workers.
 -> (artifact id: '4e6b739755f0547fd3236d3fed90b981') in 0.003389 seconds
Start importing Packages/com.unity.render-pipelines.universal/Textures/BlueNoise16/L/LDR_LLL1_31.png using Guid(179f794063d2a66478e6e726f84a65bc) Importer(-1,00000000000000000000000000000000) [PhysX] Initialized MultithreadedTaskDispatcher with 20 workers.
 -> (artifact id: 'a811a9e387379493c5042dc66c9bb7f6') in 0.001849 seconds
Start importing Packages/com.unity.2d.common/Path/Editor/Handles/Path/pointNormal.png using Guid(2792173d76a5f4d2ebe800b6b4b096cf) Importer(-1,00000000000000000000000000000000) [PhysX] Initialized MultithreadedTaskDispatcher with 20 workers.
 -> (artifact id: '492cc3932d276c0d44be2b627537c90d') in 0.004119 seconds
Start importing Packages/com.unity.2d.animation/Editor/Assets/ComponentIcons/d_GreenCheck.png using Guid(3706f0af0fd964c949932a2664734f23) Importer(-1,00000000000000000000000000000000) [PhysX] Initialized MultithreadedTaskDispatcher with 20 workers.
 -> (artifact id: '365bd23915727e085b81c505582dcbb2') in 0.003402 seconds
Start importing Packages/com.unity.2d.animation/Editor/Assets/EditorIcons/Selected/Create_Edge@3x.png using Guid(374643871a39dd44880f1c0eff14f46c) Importer(-1,00000000000000000000000000000000) [PhysX] Initialized MultithreadedTaskDispatcher with 20 workers.
 -> (artifact id: 'e02e020498a7b3c3f95091d54eea39be') in 0.003533 seconds
Start importing Packages/com.unity.collab-proxy/Editor/Assets/Images/iconoutofsyncoverlay@2x.png using Guid(3728580c149181a44b359e89f6edacae) Importer(-1,00000000000000000000000000000000) [PhysX] Initialized MultithreadedTaskDispatcher with 20 workers.
 -> (artifact id: 'fd8f242c9b4a7b4f48d5de994443c830') in 0.003152 seconds
Start importing Packages/com.unity.render-pipelines.core/Editor/PostProcessing/LensFlareResource/CircleFlareThumbnail@2x.png using Guid(37e93113453ac0d46863acd4090899c8) Importer(-1,00000000000000000000000000000000) [PhysX] Initialized MultithreadedTaskDispatcher with 20 workers.
 -> (artifact id: '5dc4c6f560d433d154b1eaa39d1ebfec') in 0.008819 seconds
Start importing Packages/com.unity.render-pipelines.core/Editor/Lighting/Icons/LightUnitIcons/VeryBrightSun@2x.png using Guid(37ca6c7ad753f1648a24db2b740ba2ca) Importer(-1,00000000000000000000000000000000) [PhysX] Initialized MultithreadedTaskDispatcher with 20 workers.
 -> (artifact id: 'c34ad1100c61bf8a0ead03d6bb072b4c') in 0.003956 seconds
Start importing Packages/com.unity.2d.tilemap/Editor/Icons/Tilemap.BrushSettings@2x.png using Guid(47500a6fba22d6849a3f9335aa198ba5) Importer(-1,00000000000000000000000000000000) [PhysX] Initialized MultithreadedTaskDispatcher with 20 workers.
 -> (artifact id: 'a907e2da7e20faf667d478136a5dbc7d') in 0.003625 seconds
Start importing Packages/com.unity.2d.animation/Editor/Assets/EditorIcons/Dark/d_Warning@2x.png using Guid(4701020ad5a254186b3082d1f2f37ba0) Importer(-1,00000000000000000000000000000000) [PhysX] Initialized MultithreadedTaskDispatcher with 20 workers.
 -> (artifact id: '90bcb2f03b449c2f3fe8a704ed814cb0') in 0.003658 seconds
Start importing Packages/com.unity.2d.sprite/Editor/Assets/SpriteEditorOn.png using Guid(476369828d55a4032beead7444495b69) Importer(-1,00000000000000000000000000000000) [PhysX] Initialized MultithreadedTaskDispatcher with 20 workers.
 -> (artifact id: '0ffbb8141ce733cf296d84e448f22a30') in 0.003135 seconds
Start importing Packages/com.unity.render-pipelines.universal/Textures/BlueNoise16/L/LDR_LLL1_14.png using Guid(47a45908f6db0cb44a0d5e961143afec) Importer(-1,00000000000000000000000000000000) [PhysX] Initialized MultithreadedTaskDispatcher with 20 workers.
 -> (artifact id: 'fbbcb2c10cf70bb53d2268e44f871bc8') in 0.001872 seconds
Start importing Packages/com.unity.2d.tilemap/Editor/Icons/d_Tilemap.FocusNone@2x.png using Guid(479801e1f49ea2d4baf2b4c12f674bcb) Importer(-1,00000000000000000000000000000000) [PhysX] Initialized MultithreadedTaskDispatcher with 20 workers.
 -> (artifact id: '53737263c2d4c27ba4cb454cad464324') in 0.003048 seconds
Start importing Packages/com.unity.render-pipelines.core/Editor/LookDev/Icons/d_LayoutVertical@2x.png using Guid(472b4042959bbd844b8fd760bddd7a47) Importer(-1,00000000000000000000000000000000) [PhysX] Initialized MultithreadedTaskDispatcher with 20 workers.
 -> (artifact id: '9307e927643a3b77e511e7d5b70a1d44') in 0.002952 seconds
Start importing Packages/com.unity.2d.animation/Editor/Assets/EditorIcons/Selected/Create_Vertex@3x.png using Guid(47fe565904dc6b1419e9acc62b99812e) Importer(-1,00000000000000000000000000000000) [PhysX] Initialized MultithreadedTaskDispatcher with 20 workers.
 -> (artifact id: '5c0d81e35c7243e6f898ec8de66b4552') in 0.003315 seconds
Start importing Packages/com.unity.shadergraph/Editor/Resources/Icons/Settings_Flyout_9slice.png using Guid(57517c89a809f44458493cef0310e46f) Importer(-1,00000000000000000000000000000000) [PhysX] Initialized MultithreadedTaskDispatcher with 20 workers.
 -> (artifact id: '591af8107bf9545bd3fd66a3d8276a7b') in 0.003634 seconds
Start importing Packages/com.unity.2d.animation/Editor/Assets/ComponentIcons/Animation.SpriteLibraryManager On@128.png using Guid(57f8befb92b364ca1bcae0f34c27e2d3) Importer(-1,00000000000000000000000000000000) [PhysX] Initialized MultithreadedTaskDispatcher with 20 workers.
 -> (artifact id: '5ebd2e346b10cc0d8e87ca08bfb3f1f3') in 0.004781 seconds
Start importing Packages/com.unity.2d.animation/Editor/Assets/EditorIcons/Dark/d_Visibility_Tool@4x.png using Guid(575e67e67fc4b3349bef2112e32f0be3) Importer(-1,00000000000000000000000000000000) [PhysX] Initialized MultithreadedTaskDispatcher with 20 workers.
 -> (artifact id: '5f76c81b9c488020dec71ec56ad70212') in 0.004109 seconds
Start importing Packages/com.unity.2d.animation/Editor/Assets/EditorIcons/Selected/Copy.png using Guid(678095381d851334fb550c5032ba1a81) Importer(-1,00000000000000000000000000000000) [PhysX] Initialized MultithreadedTaskDispatcher with 20 workers.
 -> (artifact id: 'e0798b107bbf6bb7379cc3f5a4f96e25') in 0.003094 seconds
Start importing Packages/com.unity.timeline/Editor/StyleSheets/Images/Icons/d_TimelineEditModeRippleON.png using Guid(67a774c4384aa6c488128e2851b18ced) Importer(-1,00000000000000000000000000000000) [PhysX] Initialized MultithreadedTaskDispatcher with 20 workers.
 -> (artifact id: 'cd0a66e577e8422120562219f3e3f0fa') in 0.002001 seconds
Start importing Packages/com.unity.2d.animation/Editor/Assets/ComponentIcons/Animation.SpriteSkin On@256.png using Guid(678e07380549544ef9884c1817c65ae8) Importer(-1,00000000000000000000000000000000) [PhysX] Initialized MultithreadedTaskDispatcher with 20 workers.
 -> (artifact id: 'aabdf986a9ba85cca007049ae8e6531e') in 0.006788 seconds
Start importing Packages/com.unity.collab-proxy/Editor/Assets/Images/icondeleted.png using Guid(77a39e873655d3c4b93d0b7696397b83) Importer(-1,00000000000000000000000000000000) [PhysX] Initialized MultithreadedTaskDispatcher with 20 workers.
 -> (artifact id: '769d312971b38da38d8f2c15e51bae58') in 0.002868 seconds
Start importing Packages/com.unity.2d.animation/Editor/Assets/EditorIcons/Selected/Split_Edge@3x.png using Guid(7764b2bf79a49894e8ea10f3d661a4ed) Importer(-1,00000000000000000000000000000000) [PhysX] Initialized MultithreadedTaskDispatcher with 20 workers.
 -> (artifact id: '3255efdfa54590bc8f9c9b35d81229dc') in 0.003956 seconds
Start importing Packages/com.unity.timeline/Editor/StyleSheets/Images/Icons/d_TrackMarkerButtonDisabled@2x.png using Guid(77d926c9a4ddcc940b8c000b45cbfb35) Importer(-1,00000000000000000000000000000000) [PhysX] Initialized MultithreadedTaskDispatcher with 20 workers.
 -> (artifact id: '09e77930a34e8a9e2c57e7aacaa13d82') in 0.002424 seconds
Start importing Packages/com.unity.2d.tilemap/Editor/Icons/d_Tilemap.DefaultBrush@4x.png using Guid(77be2b195bdd3a849b554d6dd09badb0) Importer(-1,00000000000000000000000000000000) [PhysX] Initialized MultithreadedTaskDispatcher with 20 workers.
 -> (artifact id: '3f4b435f0d04dccfe97007a2eed8b48c') in 0.004174 seconds
Start importing Packages/com.unity.collab-proxy/Editor/Assets/Images/iconbrex.png using Guid(87480bc179519ff4da25283c61c2573b) Importer(-1,00000000000000000000000000000000) [PhysX] Initialized MultithreadedTaskDispatcher with 20 workers.
 -> (artifact id: 'a5c6e9274fffcb3bc046f2cee67f213d') in 0.002975 seconds
Start importing Packages/com.unity.2d.sprite/Editor/ObjectMenuCreation/DefaultAssets/Textures/CircleMask.png using Guid(87aaca0a643d54397ba969dab4fc8875) Importer(-1,00000000000000000000000000000000) [PhysX] Initialized MultithreadedTaskDispatcher with 20 workers.
 -> (artifact id: 'e3a5193526a92673722af0d12ccd80b6') in 0.005816 seconds
Start importing Packages/com.unity.collab-proxy/Editor/Assets/Images/d_iconbranches@2x.png using Guid(874d8401331ede14087e8d8d486ddda6) Importer(-1,00000000000000000000000000000000) [PhysX] Initialized MultithreadedTaskDispatcher with 20 workers.
 -> (artifact id: '721dfc02b09d83d6276c309772120aec') in 0.003721 seconds
Start importing Packages/com.unity.collab-proxy/Editor/Assets/Images/iconplasticview@2x.png using Guid(97a4e2b6ae08b1140a5ba9e22953e029) Importer(-1,00000000000000000000000000000000) [PhysX] Initialized MultithreadedTaskDispatcher with 20 workers.
 -> (artifact id: 'e73852a7494a40044d4903dd99806e68') in 0.003491 seconds
Start importing Packages/com.unity.2d.animation/Editor/Assets/ComponentIcons/Animation.IKLimb On@128.png using Guid(a7509656986904778b9b80babc278b98) Importer(-1,00000000000000000000000000000000) [PhysX] Initialized MultithreadedTaskDispatcher with 20 workers.
 -> (artifact id: 'b616d3b9f73383ec163f6bfc5322f4c0') in 0.004455 seconds
Start importing Packages/com.unity.timeline/Editor/StyleSheets/Images/LightSkin/TimelineIconClipOut.png using Guid(a7a968b204ed77c4ba90be3ef3ee8551) Importer(-1,00000000000000000000000000000000) [PhysX] Initialized MultithreadedTaskDispatcher with 20 workers.
 -> (artifact id: 'e20ff7f6b365e30383f277cf7b08d3c0') in 0.002014 seconds
Start importing Packages/com.unity.textmeshpro/Editor Resources/Gizmos/TMP - Dropdown Icon.psd using Guid(a7ec9e7ad8b847b7ae4510af83c5d868) Importer(-1,00000000000000000000000000000000) [PhysX] Initialized MultithreadedTaskDispatcher with 20 workers.
 -> (artifact id: 'c23cf820aedbb287e44a4b02a3a638a3') in 0.002708 seconds
Start importing Packages/com.unity.render-pipelines.core/Editor/LookDev/Icons/d_LayoutCustom@2x.png using Guid(b753c88a6aeb2674fa1d4f0a4c0a285a) Importer(-1,00000000000000000000000000000000) [PhysX] Initialized MultithreadedTaskDispatcher with 20 workers.
 -> (artifact id: '7cedf8d31d49b4843018a3b827a6427a') in 0.003966 seconds
Start importing Packages/com.unity.2d.sprite/Editor/Assets/d_SpriteEditor.png using Guid(b7784190913354d4fb9b7f77888f915f) Importer(-1,00000000000000000000000000000000) [PhysX] Initialized MultithreadedTaskDispatcher with 20 workers.
 -> (artifact id: 'b2784a5ed933a5a4f102a09d40ea6763') in 0.003275 seconds
Start importing Packages/com.unity.2d.tilemap/Editor/Icons/d_EditorUI.Target@4x.png using Guid(c7d31ce121f6d6841b01dbcf3d909854) Importer(-1,00000000000000000000000000000000) [PhysX] Initialized MultithreadedTaskDispatcher with 20 workers.
 -> (artifact id: '216a3b984f80b1a0af03235a3cf116f7') in 0.004048 seconds
Start importing Packages/com.unity.2d.animation/Editor/Assets/EditorIcons/Selected/Edit_Geometry@2x.png using Guid(c706f86f6fd02084f9a14727d08b844d) Importer(-1,00000000000000000000000000000000) [PhysX] Initialized MultithreadedTaskDispatcher with 20 workers.
 -> (artifact id: '1fc31b7e859335b75640a60faa91044f') in 0.004211 seconds
Start importing Packages/com.unity.textmeshpro/Editor Resources/Textures/btn_AlignCenterGeo.psd using Guid(c76700ea0062413d9f69409b4e9e151b) Importer(-1,00000000000000000000000000000000) [PhysX] Initialized MultithreadedTaskDispatcher with 20 workers.
 -> (artifact id: '2eb8496eb1239cb83b33be7b4d25d3bb') in 0.002484 seconds
Start importing Packages/com.unity.2d.animation/Editor/Assets/EditorIcons/Light/Bone_Influence@4x.png using Guid(c7aa62ae78ffca0498c89e5f45f94c0e) Importer(-1,00000000000000000000000000000000) [PhysX] Initialized MultithreadedTaskDispatcher with 20 workers.
 -> (artifact id: 'e83a18dab662b0f89698e8117815ec0d') in 0.005560 seconds
Start importing Packages/com.unity.timeline/Editor/StyleSheets/Images/LightSkin/TimelineLoop.png using Guid(c7df1e797b21c774f9b859d17f674737) Importer(-1,00000000000000000000000000000000) [PhysX] Initialized MultithreadedTaskDispatcher with 20 workers.
 -> (artifact id: '7e9c77a32652175433c8c3fdde11c234') in 0.002128 seconds
Start importing Packages/com.unity.2d.animation/Editor/Assets/EditorIcons/Selected/Edit_Joints@4x.png using Guid(d7b47eae8bab6b94798f1c25eabe65c2) Importer(-1,00000000000000000000000000000000) [PhysX] Initialized MultithreadedTaskDispatcher with 20 workers.
 -> (artifact id: '02f3b07628f8b893bb83f98aebbacfcc') in 0.004028 seconds
Start importing Packages/com.unity.2d.psdimporter/Editor/Assets/Icons/Selected/Layers Mixed@2x.png using Guid(d7b52ee143e0c4bf09d482ec22428db2) Importer(-1,00000000000000000000000000000000) [PhysX] Initialized MultithreadedTaskDispatcher with 20 workers.
 -> (artifact id: 'e21ce74d6252c51668c21bbd814572fa') in 0.005343 seconds
Start importing Packages/com.unity.collab-proxy/Editor/Assets/Images/iconoutofsync@2x.png using Guid(d7094718bdac022428dd29244922d06b) Importer(-1,00000000000000000000000000000000) [PhysX] Initialized MultithreadedTaskDispatcher with 20 workers.
 -> (artifact id: '66aaba8d7305e7032fadde6456b9d880') in 0.003128 seconds
Start importing Packages/com.unity.render-pipelines.core/Editor/PostProcessing/LensFlareResource/Flare128.png using Guid(d7b90718ad2a7af4aab8546a0897d5db) Importer(-1,00000000000000000000000000000000) [PhysX] Initialized MultithreadedTaskDispatcher with 20 workers.
 -> (artifact id: '8c6431175e3c512606b328652013037a') in 0.008361 seconds
Start importing Packages/com.unity.2d.animation/Editor/Assets/EditorIcons/Light/Edit_Joints.png using Guid(e7b30dca77466b8478690c280b0010ea) Importer(-1,00000000000000000000000000000000) [PhysX] Initialized MultithreadedTaskDispatcher with 20 workers.
 -> (artifact id: 'b2707313381d71f7883481933da20984') in 0.004012 seconds
Start importing Packages/com.unity.render-pipelines.core/Editor/Lighting/Icons/LightUnitIcons/d_SunriseSunset@2x.png using Guid(e737fd1dd31046c4da43e8ba94fdaf63) Importer(-1,00000000000000000000000000000000) [PhysX] Initialized MultithreadedTaskDispatcher with 20 workers.
 -> (artifact id: 'c2d804f34599b4acaa7fa81be587264d') in 0.004113 seconds
Start importing Packages/com.unity.2d.animation/Editor/Assets/EditorIcons/Selected/d_Mesh@3x.png using Guid(e79a9e9d6396eba438900afb0357e808) Importer(-1,00000000000000000000000000000000) [PhysX] Initialized MultithreadedTaskDispatcher with 20 workers.
 -> (artifact id: 'bc1f15788331a0f08da7305bad79c021') in 0.003949 seconds
Start importing Packages/com.unity.2d.animation/Editor/Assets/EditorIcons/Dark/d_Edit_Joints@3x.png using Guid(e76bc39dceb8b72439432f8679056c92) Importer(-1,00000000000000000000000000000000) [PhysX] Initialized MultithreadedTaskDispatcher with 20 workers.
 -> (artifact id: '01a69a2b0a7be9f542517b7ee0cfceae') in 0.004583 seconds
Start importing Packages/com.unity.2d.animation/Editor/Assets/EditorIcons/Selected/Create_Vertex.png using Guid(e7ddb9213511d984f8b951a7c913d83a) Importer(-1,00000000000000000000000000000000) [PhysX] Initialized MultithreadedTaskDispatcher with 20 workers.
 -> (artifact id: 'c30e07b5f55312de7a6d3e5139d1599a') in 0.003810 seconds
Start importing Packages/com.unity.2d.animation/Editor/Assets/EditorIcons/Light/SetPivot16.png using Guid(e7ae402e1190249f4a2be52eb7ec09c5) Importer(-1,00000000000000000000000000000000) [PhysX] Initialized MultithreadedTaskDispatcher with 20 workers.
 -> (artifact id: 'fecad56eee9b56f6f82981bfdfc70865') in 0.003082 seconds
Start importing Packages/com.unity.2d.animation/Editor/Assets/EditorIcons/Selected/Split Bones.png using Guid(f723a6284838af1429bbb544ecf4015d) Importer(-1,00000000000000000000000000000000) [PhysX] Initialized MultithreadedTaskDispatcher with 20 workers.
 -> (artifact id: 'a19369cdfe5b2220f5fb2e3d733907c7') in 0.003293 seconds
Start importing Packages/com.unity.visualscripting/Editor/VisualScripting.Core/IconMap/FlowMachine@32x.png using Guid(f723b77167d184d4a8ab528db8b55744) Importer(-1,00000000000000000000000000000000) [PhysX] Initialized MultithreadedTaskDispatcher with 20 workers.
 -> (artifact id: '2408cffae5b96911ee9d4a364273dec2') in 0.005662 seconds
Start importing Packages/com.unity.2d.animation/Editor/Assets/EditorIcons/Dark/d_Generate_Weights@2x.png using Guid(f7e651b449fe96f42badf0e18b738c78) Importer(-1,00000000000000000000000000000000) [PhysX] Initialized MultithreadedTaskDispatcher with 20 workers.
 -> (artifact id: 'b34969b8c17b41440fc54faba35f7e6d') in 0.004991 seconds
Start importing Packages/com.unity.timeline/Editor/StyleSheets/Images/DarkSkin/TimelineContinue.png using Guid(f747f9cdf03f2ff418fe728a77e8cbef) Importer(-1,00000000000000000000000000000000) [PhysX] Initialized MultithreadedTaskDispatcher with 20 workers.
 -> (artifact id: 'd61bf2734bfa2327f3759dcd0c58fe11') in 0.002153 seconds
Start importing Packages/com.unity.2d.tilemap/Editor/Icons/Tilemap.ActiveTargetLayers@2x.png using Guid(f708c0da8a2b5fc4381f7f8d4a322a0a) Importer(-1,00000000000000000000000000000000) [PhysX] Initialized MultithreadedTaskDispatcher with 20 workers.
 -> (artifact id: 'a851b5ad2ff460d9579c41c5550afd74') in 0.004330 seconds
Start importing Packages/com.unity.collab-proxy/Editor/Assets/Images/iconlockedremoteoverlay@2x.png using Guid(f73a7d8758d7be04588b15637d94b5a8) Importer(-1,00000000000000000000000000000000) [PhysX] Initialized MultithreadedTaskDispatcher with 20 workers.
 -> (artifact id: 'bf22f10d9d9f86628f1614780c0ec3bc') in 0.003201 seconds
Start importing Packages/com.unity.collab-proxy/Editor/Assets/Images/d_iconlock.png using Guid(f7adc828ed70a485db62c459bdf09525) Importer(-1,00000000000000000000000000000000) [PhysX] Initialized MultithreadedTaskDispatcher with 20 workers.
 -> (artifact id: '5d425d4edde58cb22b46591c5eb2b716') in 0.003757 seconds
Start importing Packages/com.unity.2d.pixel-perfect/Editor/Icons/PixelPerfectCamera.png using Guid(08a04b12dd0d5ec4da08f074806d5bf7) Importer(-1,00000000000000000000000000000000) [PhysX] Initialized MultithreadedTaskDispatcher with 20 workers.
 -> (artifact id: 'f10c6d9e550e62ab76cc831d21a89a9d') in 0.002658 seconds
Start importing Packages/com.unity.render-pipelines.core/Editor/Lighting/Icons/LightUnitIcons/d_CloudySky@2x.png using Guid(088373792f5db604fa5b045cb5dff9c9) Importer(-1,00000000000000000000000000000000) [PhysX] Initialized MultithreadedTaskDispatcher with 20 workers.
 -> (artifact id: '9f2605440f33f12a2977dcb36ae090f7') in 0.003704 seconds
Start importing Packages/com.unity.render-pipelines.core/Editor/Lighting/Icons/LightUnitIcons/d_VeryBrightSun.png using Guid(083778a134a402a4f82b55a98ac21530) Importer(-1,00000000000000000000000000000000) [PhysX] Initialized MultithreadedTaskDispatcher with 20 workers.
 -> (artifact id: '8538dcd4714b531b4c77d19c7a39baea') in 0.003293 seconds
Start importing Packages/com.unity.2d.tilemap/Editor/Icons/Tilemap.FocusGrid.png using Guid(0838dba95105e7148a96012c2778a2d5) Importer(-1,00000000000000000000000000000000) [PhysX] Initialized MultithreadedTaskDispatcher with 20 workers.
 -> (artifact id: '7a4b3cbf1a0df461eea6a59e2f5f20bf') in 0.003633 seconds
Start importing Packages/com.unity.2d.animation/Editor/Assets/EditorIcons/Light/Edit_Geometry@4x.png using Guid(088ce4ab56060504083daeb4556a09c1) Importer(-1,00000000000000000000000000000000) [PhysX] Initialized MultithreadedTaskDispatcher with 20 workers.
 -> (artifact id: 'c603e0973df03ccdef39436cf5fb486f') in 0.005033 seconds
Start importing Packages/com.unity.2d.animation/Editor/Assets/ComponentIcons/Animation.SpriteLibraryVar On.png using Guid(18115dbbb843441ac95e0b3a372d9807) Importer(-1,00000000000000000000000000000000) [PhysX] Initialized MultithreadedTaskDispatcher with 20 workers.
 -> (artifact id: '7fee2d1ac69060b05036fd980bf52cd4') in 0.003467 seconds
Start importing Packages/com.unity.shadergraph/Editor/Resources/Icons/sg_subgraph_icon_gray_dark.png using Guid(18c6490536702e840b89a326d93a92a1) Importer(-1,00000000000000000000000000000000) [PhysX] Initialized MultithreadedTaskDispatcher with 20 workers.
 -> (artifact id: '7098cf5d804774439cf4ae660c8ae539') in 0.002832 seconds
Start importing Packages/com.unity.textmeshpro/Editor Resources/Textures/btn_AlignBaseLine_Light.psd using Guid(18775b51e3bd42299fd30bd036ea982f) Importer(-1,00000000000000000000000000000000) [PhysX] Initialized MultithreadedTaskDispatcher with 20 workers.
 -> (artifact id: 'a4d84c544eb710ecbd51d840ad501b68') in 0.002609 seconds
Start importing Packages/com.unity.render-pipelines.core/Editor/Volume/Icons/Volume.png using Guid(188dfe7e559f13248ba2c41eb5a59328) Importer(-1,00000000000000000000000000000000) [PhysX] Initialized MultithreadedTaskDispatcher with 20 workers.
 -> (artifact id: '33d1b52ffd2e2acf91e7b4960f8c1297') in 0.004607 seconds
Start importing Packages/com.unity.2d.animation/Editor/Assets/EditorIcons/Light/Split Bones@2x.png using Guid(180eeff5b9e615349907ea53344202fa) Importer(-1,00000000000000000000000000000000) [PhysX] Initialized MultithreadedTaskDispatcher with 20 workers.
 -> (artifact id: 'a163687a158add51805a966ce15e9f4f') in 0.004021 seconds
Start importing Packages/com.unity.timeline/Editor/StyleSheets/Images/DarkSkin/TimelineAutokey_active@2x.png using Guid(183f7b7549219ab47becb461a16df882) Importer(-1,00000000000000000000000000000000) [PhysX] Initialized MultithreadedTaskDispatcher with 20 workers.
 -> (artifact id: '14b73e385a0b2a69e6095949edc8c7a4') in 0.001911 seconds
Start importing Packages/com.unity.2d.psdimporter/Editor/Assets/Icons/Selected/Layers Collapsed@1x.png using Guid(2870bda067c0e4d58911767e41709dd2) Importer(-1,00000000000000000000000000000000) [PhysX] Initialized MultithreadedTaskDispatcher with 20 workers.
 -> (artifact id: 'c8ca2afb22e0e062d3fdfe93a6740b9d') in 0.002993 seconds
Start importing Packages/com.unity.render-pipelines.core/Editor/LookDev/Icons/d_Camera2.png using Guid(281160d54742cbb44a88a61bf8ccfb16) Importer(-1,00000000000000000000000000000000) [PhysX] Initialized MultithreadedTaskDispatcher with 20 workers.
 -> (artifact id: 'a7a6832eee212636920cd55b01490ec0') in 0.003841 seconds
Start importing Packages/com.unity.2d.animation/Editor/Assets/EditorIcons/Selected/Generate_Weights.png using Guid(2892d6ec6ca2a1f45adbd52fdb96fcfe) Importer(-1,00000000000000000000000000000000) [PhysX] Initialized MultithreadedTaskDispatcher with 20 workers.
 -> (artifact id: '158d7a5a0f85c4d4eb4b6f5a60a88486') in 0.003865 seconds
Start importing Packages/com.unity.render-pipelines.core/Editor/LookDev/Icons/Camera2@2x.png using Guid(28f2917353630ce4fa307eeceadcd26d) Importer(-1,00000000000000000000000000000000) [PhysX] Initialized MultithreadedTaskDispatcher with 20 workers.
 -> (artifact id: '79d8500d04c7eb54397ede6de920268d') in 0.003237 seconds
Start importing Packages/com.unity.render-pipelines.core/Editor/LookDev/Icons/d_RightArrow@2x.png using Guid(28d47cbaafc98254f8d4f6184dff22cd) Importer(-1,00000000000000000000000000000000) [PhysX] Initialized MultithreadedTaskDispatcher with 20 workers.
 -> (artifact id: '69954c0f35c4c152b676d4f5760005d3') in 0.002927 seconds
Start importing Packages/com.unity.timeline/Editor/StyleSheets/Images/LightSkin/TimelineActivation.png using Guid(2887294cc7f1fe840bff6e349409648d) Importer(-1,00000000000000000000000000000000) [PhysX] Initialized MultithreadedTaskDispatcher with 20 workers.
 -> (artifact id: '78ff8dbcdee3011f870535bcd5cd9346') in 0.002106 seconds
Start importing Packages/com.unity.2d.tilemap/Editor/Icons/Grid.RotateACW.png using Guid(28df830b98d0a3f44b58e73d78060ab0) Importer(-1,00000000000000000000000000000000) [PhysX] Initialized MultithreadedTaskDispatcher with 20 workers.
 -> (artifact id: 'fd41122a61d702307884ffc0bd644bb8') in 0.003547 seconds
Start importing Packages/com.unity.collab-proxy/Editor/Assets/Images/d_step1.png using Guid(38236a82ff44aaa4b972248479d5f970) Importer(-1,00000000000000000000000000000000) [PhysX] Initialized MultithreadedTaskDispatcher with 20 workers.
 -> (artifact id: 'f6c9dd0979379fd3e2fb4b213058ac6b') in 0.002784 seconds
Start importing Packages/com.unity.textmeshpro/Editor Resources/Textures/btn_AlignTop.psd using Guid(48d034c499ee4697af9dd6e327110249) Importer(-1,00000000000000000000000000000000) [PhysX] Initialized MultithreadedTaskDispatcher with 20 workers.
 -> (artifact id: 'cd5d2360c5d49aca146130389bcf2116') in 0.002259 seconds
Start importing Packages/com.unity.2d.animation/Editor/Assets/EditorIcons/Selected/Weight_Brush@4x.png using Guid(48464cd53bb3c604f999e7d3f15e8d09) Importer(-1,00000000000000000000000000000000) [PhysX] Initialized MultithreadedTaskDispatcher with 20 workers.
 -> (artifact id: 'fa2d3ac6ed5c2acb438526b8f614b2d6') in 0.003860 seconds
Start importing Packages/com.unity.render-pipelines.universal/Editor/2D/ShapeEditor/Resources/TangentLinear.png using Guid(4867cb38cc0872c45b205c593c4ce5c0) Importer(-1,00000000000000000000000000000000) [PhysX] Initialized MultithreadedTaskDispatcher with 20 workers.
 -> (artifact id: '9a018c34062fd32d07510ca25468db68') in 0.003809 seconds
Start importing Packages/com.unity.2d.tilemap/Editor/Icons/Tilemap.EditPalette.png using Guid(4858e04232af5e340922812cd3697086) Importer(-1,00000000000000000000000000000000) [PhysX] Initialized MultithreadedTaskDispatcher with 20 workers.
 -> (artifact id: '01713aa5fd8ae7ca1b8bb8fc14db4077') in 0.003502 seconds
Start importing Packages/com.unity.2d.animation/Editor/Assets/ComponentIcons/Animation.IKManager On@32.png using Guid(48e86ca3e41834f60b0eae5fb521cfc4) Importer(-1,00000000000000000000000000000000) [PhysX] Initialized MultithreadedTaskDispatcher with 20 workers.
 -> (artifact id: '7923db8a01856ddfba386d6b2637cb2c') in 0.003717 seconds
Start importing Packages/com.unity.2d.sprite/Editor/ObjectMenuCreation/DefaultAssets/Textures/Square.png using Guid(48e93eef0688c4a259cb0eddcd8661f7) Importer(-1,00000000000000000000000000000000) [PhysX] Initialized MultithreadedTaskDispatcher with 20 workers.
 -> (artifact id: '9a43a13455a83ea73acbd2e6a64db204') in 0.004819 seconds
Start importing Packages/com.unity.2d.animation/Editor/Assets/EditorIcons/Dark/d_Sprite_Influence@4x.png using Guid(58702b682724446469909705bca1de62) Importer(-1,00000000000000000000000000000000) [PhysX] Initialized MultithreadedTaskDispatcher with 20 workers.
 -> (artifact id: 'c0c7702e665de96c0632671c27f75bea') in 0.004822 seconds
Start importing Packages/com.unity.textmeshpro/Editor Resources/Textures/btn_AlignBottom_Light.psd using Guid(585b70cb75dd43efbfead809c30a1731) Importer(-1,00000000000000000000000000000000) [PhysX] Initialized MultithreadedTaskDispatcher with 20 workers.
 -> (artifact id: 'aaacda9596884f93eda14f6a175fe0c4') in 0.002409 seconds
Start importing Packages/com.unity.2d.psdimporter/Editor/Assets/Icons/Dark/Layers Mixed@4x.png using Guid(68f1f3aed86c64050b0c1e343c604868) Importer(-1,00000000000000000000000000000000) [PhysX] Initialized MultithreadedTaskDispatcher with 20 workers.
 -> (artifact id: '4940a4d2b3130a26b0aa41adf667748a') in 0.004283 seconds
Start importing Packages/com.unity.2d.animation/Editor/Assets/EditorIcons/Selected/Bone_Influence@3x.png using Guid(68e5a78013e33f247822a837e55b0ab4) Importer(-1,00000000000000000000000000000000) [PhysX] Initialized MultithreadedTaskDispatcher with 20 workers.
 -> (artifact id: '4988b917d76e5257928901f5308452a8') in 0.003678 seconds
Start importing Packages/com.unity.render-pipelines.universal/Editor/2D/Resources/InspectorIcons/FreeformLight.png using Guid(68e5bb6e60bebc046b26d3c3100a523b) Importer(-1,00000000000000000000000000000000) [PhysX] Initialized MultithreadedTaskDispatcher with 20 workers.
 -> (artifact id: '6b8ef009e227e04e8dfac393951e735d') in 0.002959 seconds
Start importing Packages/com.unity.2d.animation/Editor/Assets/EditorIcons/Dark/d_Weight_Slider@4x.png using Guid(6816bbef55b2e9847b5e4f06c5475d8b) Importer(-1,00000000000000000000000000000000) [PhysX] Initialized MultithreadedTaskDispatcher with 20 workers.
 -> (artifact id: 'ab5ec359c973820f65df3ef850a76e7d') in 0.004757 seconds
Start importing Packages/com.unity.2d.psdimporter/Editor/Assets/Icons/Selected/Layers Collapsed@2x.png using Guid(68f9e990182e8491b9c0f3dc88cd0158) Importer(-1,00000000000000000000000000000000) [PhysX] Initialized MultithreadedTaskDispatcher with 20 workers.
 -> (artifact id: '06c39dce9c51dea47a4da6f68cbf23d2') in 0.003882 seconds
Start importing Packages/com.unity.collab-proxy/Editor/Assets/Images/d_ignoredoverlay@2x.png using Guid(68fafd0a2acc3774988418f657bf7b68) Importer(-1,00000000000000000000000000000000) [PhysX] Initialized MultithreadedTaskDispatcher with 20 workers.
 -> (artifact id: '49075259db87d9512ede2e868d469db0') in 0.002700 seconds
Start importing Packages/com.unity.2d.animation/Editor/Assets/ComponentIcons/d_Animation.IKLimb@256.png using Guid(687d960e2731e4f379851b2bb0b12167) Importer(-1,00000000000000000000000000000000) [PhysX] Initialized MultithreadedTaskDispatcher with 20 workers.
 -> (artifact id: '784df43147ae817531ea9b3e5a1a8783') in 0.007591 seconds
Start importing Packages/com.unity.2d.animation/Editor/Assets/EditorIcons/Selected/Create Bones@3x.png using Guid(7835bec40f86c2c4fb3f91a6eb3b7034) Importer(-1,00000000000000000000000000000000) [PhysX] Initialized MultithreadedTaskDispatcher with 20 workers.
 -> (artifact id: '28cc412de9ca600c59786f8f302e230a') in 0.004145 seconds
Start importing Packages/com.unity.2d.animation/Editor/Assets/EditorIcons/Selected/Split_Edge.png using Guid(8800032f7e7cdd544b74849c80ce05d4) Importer(-1,00000000000000000000000000000000) [PhysX] Initialized MultithreadedTaskDispatcher with 20 workers.
 -> (artifact id: '78838c12f445f2dfb2f29976905c0022') in 0.003319 seconds
Start importing Packages/com.unity.2d.psdimporter/Editor/Assets/Icons/Selected/Layers Collapsed@4x.png using Guid(88a01be2082444885aa54d39afb85dd8) Importer(-1,00000000000000000000000000000000) [PhysX] Initialized MultithreadedTaskDispatcher with 20 workers.
 -> (artifact id: '74422762f9c547947ebf4e0fc1629f4a') in 0.003547 seconds
Start importing Packages/com.unity.2d.sprite/Editor/ObjectMenuCreation/DefaultAssets/Textures/v2/9Sliced.png using Guid(8884154dfe85442a3a3578be807dbcdf) Importer(-1,00000000000000000000000000000000) [PhysX] Initialized MultithreadedTaskDispatcher with 20 workers.
 -> (artifact id: '8e26e80d4712612f6246e2169b70582e') in 0.004460 seconds
Start importing Packages/com.unity.timeline/Editor/StyleSheets/Images/LightSkin/TimelinePingPong.png using Guid(88d697f38121de443ba144702e5122d9) Importer(-1,00000000000000000000000000000000) [PhysX] Initialized MultithreadedTaskDispatcher with 20 workers.
 -> (artifact id: 'a1e332de4ecd9c58efa8b713d50fa03b') in 0.002112 seconds
Start importing Packages/com.unity.collab-proxy/Editor/Assets/Images/d_iconconflicted.png using Guid(881798b77426a8f47b533dcc4767e9e5) Importer(-1,00000000000000000000000000000000) [PhysX] Initialized MultithreadedTaskDispatcher with 20 workers.
 -> (artifact id: 'bc9d8f6ac409f758ec2038e01506f1ed') in 0.003199 seconds
Start importing Packages/com.unity.render-pipelines.universal/Editor/2D/Resources/InspectorIcons/SpriteLight.png using Guid(8839c54710da3374f994e12f39b6d65f) Importer(-1,00000000000000000000000000000000) [PhysX] Initialized MultithreadedTaskDispatcher with 20 workers.
 -> (artifact id: 'b705363de9cd92a2cd0bc8d268418b56') in 0.003114 seconds
Start importing Packages/com.unity.shadergraph/Editor/Resources/GraphView/Nodes/PreviewExpand@2x.png using Guid(88995b00867befb41adaada22f8abc21) Importer(-1,00000000000000000000000000000000) [PhysX] Initialized MultithreadedTaskDispatcher with 20 workers.
 -> (artifact id: '6ddb55cac15e5b3ba0f4385bbe773b64') in 0.003101 seconds
Start importing Packages/com.unity.2d.psdimporter/Editor/Assets/Icons/Light/Layers Separated@2x.png using Guid(9804e134a7b174b679f94a53e992ea60) Importer(-1,00000000000000000000000000000000) [PhysX] Initialized MultithreadedTaskDispatcher with 20 workers.
 -> (artifact id: '3811f0d6adcf31ae5429faaba76c4389') in 0.003695 seconds
Start importing Packages/com.unity.2d.animation/Editor/Assets/EditorIcons/Selected/Edit_Pose.png using Guid(9844a6aa871b23547892e819f4dd55c3) Importer(-1,00000000000000000000000000000000) [PhysX] Initialized MultithreadedTaskDispatcher with 20 workers.
 -> (artifact id: '4f86e81274fc9de19db95fa597d0c936') in 0.003934 seconds
Start importing Packages/com.unity.render-pipelines.core/Editor/LookDev/Icons/d_Layout2.png using Guid(98b5b3e7c51d32547b9b09232034b5d5) Importer(-1,00000000000000000000000000000000) [PhysX] Initialized MultithreadedTaskDispatcher with 20 workers.
 -> (artifact id: 'e8b479081359fc4e02f83e64d1018e50') in 0.003513 seconds
Start importing Packages/com.unity.collab-proxy/Editor/Assets/Images/iconundo.png using Guid(98773313eabe35543bfdbf542ccea271) Importer(-1,00000000000000000000000000000000) [PhysX] Initialized MultithreadedTaskDispatcher with 20 workers.
 -> (artifact id: '6093b72681f766b0d85459d679754664') in 0.002686 seconds
Start importing Packages/com.unity.collab-proxy/Editor/Assets/Images/iconbranch.png using Guid(981b1c6358520f245a69c070270eca96) Importer(-1,00000000000000000000000000000000) [PhysX] Initialized MultithreadedTaskDispatcher with 20 workers.
 -> (artifact id: '4e3a2d4119dd5699d97b68acbf70443b') in 0.002645 seconds
Start importing Packages/com.unity.render-pipelines.core/Editor/LookDev/Icons/d_Environment.png using Guid(98cefb354c00bc44cb31fffd52dc4650) Importer(-1,00000000000000000000000000000000) [PhysX] Initialized MultithreadedTaskDispatcher with 20 workers.
 -> (artifact id: '3840f585791c1a02af1fd1db51addd64') in 0.003470 seconds
Start importing Packages/com.unity.collab-proxy/Editor/Assets/Images/d_iconconflictedoverlay.png using Guid(a892bcc7ae1871447926b3c44d158763) Importer(-1,00000000000000000000000000000000) [PhysX] Initialized MultithreadedTaskDispatcher with 20 workers.
 -> (artifact id: '3eaec4975f4d3f1325279901baddc216') in 0.003489 seconds
Start importing Packages/com.unity.2d.sprite/Editor/ObjectMenuCreation/DefaultAssets/Textures/v2/Circle.png using Guid(a86470a33a6bf42c4b3595704624658b) Importer(-1,00000000000000000000000000000000) [PhysX] Initialized MultithreadedTaskDispatcher with 20 workers.
 -> (artifact id: 'dbea21dc835cd828592f3164e2eb94bf') in 0.004837 seconds
Start importing Packages/com.unity.2d.animation/Editor/Assets/EditorIcons/Dark/d_Edit_Geometry.png using Guid(a855026b258150c418b14e56540f642a) Importer(-1,00000000000000000000000000000000) [PhysX] Initialized MultithreadedTaskDispatcher with 20 workers.
 -> (artifact id: '017a1ee3add0f3956f4e4baf20b57df8') in 0.003447 seconds
Start importing Packages/com.unity.timeline/Editor/StyleSheets/Images/Icons/TimelineEditModeMixON.png using Guid(a82846d41464fcf4b962ebdc815963f5) Importer(-1,00000000000000000000000000000000) [PhysX] Initialized MultithreadedTaskDispatcher with 20 workers.
 -> (artifact id: 'e5f979e516f6a74ca1ec16a6db959481') in 0.001935 seconds
Start importing Packages/com.unity.2d.animation/Editor/Assets/ComponentIcons/Animation.SpriteLibrary On.png using Guid(a86c61e5bed184ddc884003f0c947bb4) Importer(-1,00000000000000000000000000000000) [PhysX] Initialized MultithreadedTaskDispatcher with 20 workers.
 -> (artifact id: '880de8a5ad7e8753491de9e98b7cef5f') in 0.003639 seconds
Start importing Packages/com.unity.timeline/Editor/StyleSheets/Images/LightSkin/TimelineSignalCollapsed.png using Guid(a88fa20ed164bbe4da6bf533f94a3113) Importer(-1,00000000000000000000000000000000) [PhysX] Initialized MultithreadedTaskDispatcher with 20 workers.
 -> (artifact id: 'df37327818e80217a8164b09d2339958') in 0.002477 seconds
Start importing Packages/com.unity.timeline/Editor/StyleSheets/Images/Icons/TrackLockButtonEnabled@2x.png using Guid(b8c531b4e51e4994a81837c4e9b0d649) Importer(-1,00000000000000000000000000000000) [PhysX] Initialized MultithreadedTaskDispatcher with 20 workers.
 -> (artifact id: '4756df3b8758026e812f9450fb629c07') in 0.002087 seconds
Start importing Packages/com.unity.collab-proxy/Editor/Assets/Images/icondeletedremote.png using Guid(b85a4b2ec6433d04895612d791edc260) Importer(-1,00000000000000000000000000000000) [PhysX] Initialized MultithreadedTaskDispatcher with 20 workers.
 -> (artifact id: 'cefb3031ea001b2a8f13b457103d815b') in 0.003329 seconds
Start importing Packages/com.unity.2d.animation/Editor/Assets/ComponentIcons/Animation.IKLimb On@64.png using Guid(b88a78d35a73e4a33bf6788d22e3cb67) Importer(-1,00000000000000000000000000000000) [PhysX] Initialized MultithreadedTaskDispatcher with 20 workers.
 -> (artifact id: 'e60f05de54a5035566d050ff1950c44c') in 0.004071 seconds
Start importing Packages/com.unity.timeline/Editor/StyleSheets/Images/Icons/TimelineCollapseMarkerButtonDisabled.png using Guid(b80d5b6acdfbc114b9efab6295fd96c1) Importer(-1,00000000000000000000000000000000) [PhysX] Initialized MultithreadedTaskDispatcher with 20 workers.
 -> (artifact id: '12443ddc8093981ea516cd8b83b425c1') in 0.002383 seconds
Start importing Packages/com.unity.2d.animation/Editor/Assets/ComponentIcons/Animation.IKFabrik@128.png using Guid(b86d0db9457f24011888218122cc164a) Importer(-1,00000000000000000000000000000000) [PhysX] Initialized MultithreadedTaskDispatcher with 20 workers.
 -> (artifact id: 'b54d629b60f0d9d3b48f7d213a108e81') in 0.005668 seconds
Start importing Packages/com.unity.shadergraph/Editor/Resources/Icons/settingsbutton.png using Guid(c881a10bb6578f04ba6d52f6c3f0c9d6) Importer(-1,00000000000000000000000000000000) [PhysX] Initialized MultithreadedTaskDispatcher with 20 workers.
 -> (artifact id: 'd08472a20307dcd4190afca5f7c913ec') in 0.002855 seconds
Start importing Packages/com.unity.render-pipelines.universal/Editor/2D/Resources/SceneViewIcons/FreeformLight.png using Guid(c89564426827c76479d8772adb43e6e4) Importer(-1,00000000000000000000000000000000) [PhysX] Initialized MultithreadedTaskDispatcher with 20 workers.
 -> (artifact id: 'd317a3d3e75bcfb585685d4281562933') in 0.014226 seconds
Start importing Packages/com.unity.collab-proxy/Editor/Assets/Images/d_step1@2x.png using Guid(c8a69ecdf54ac8e4b873466605de27ff) Importer(-1,00000000000000000000000000000000) [PhysX] Initialized MultithreadedTaskDispatcher with 20 workers.
 -> (artifact id: '49bebd622030a3a7ca99f997678801dc') in 0.002755 seconds
Start importing Packages/com.unity.2d.animation/Editor/Assets/EditorIcons/Dark/d_Sprite_Mode.png using Guid(c8294bd479889de41be97f5b6da01437) Importer(-1,00000000000000000000000000000000) [PhysX] Initialized MultithreadedTaskDispatcher with 20 workers.
 -> (artifact id: '58e37a315cf2f30f706044f11282476d') in 0.003294 seconds
Start importing Packages/com.unity.render-pipelines.core/Editor/Lighting/Icons/LightUnitIcons/Moonlight@2x.png using Guid(d8bb1a60805d8d241acc12f74cd3b2d5) Importer(-1,00000000000000000000000000000000) [PhysX] Initialized MultithreadedTaskDispatcher with 20 workers.
 -> (artifact id: '3894b5fe0f9df94ca1811f1c29072541') in 0.003830 seconds
Start importing Packages/com.unity.2d.tilemap/Editor/Icons/Tilemap.ShowTilePalette@2x.png using Guid(d88e25b75a7927f4683afb6c74b05a08) Importer(-1,00000000000000000000000000000000) [PhysX] Initialized MultithreadedTaskDispatcher with 20 workers.
 -> (artifact id: '8a2ada316e366e1f6183919cca35e3ec') in 0.003560 seconds
Start importing Packages/com.unity.render-pipelines.core/Editor/Lighting/Icons/LightUnitIcons/SunriseSunset.png using Guid(d8ee4aa2fab810242a1ff465e662bc09) Importer(-1,00000000000000000000000000000000) [PhysX] Initialized MultithreadedTaskDispatcher with 20 workers.
 -> (artifact id: '93edaee8c12c941aad6c2d22fff5ebf9') in 0.003424 seconds
Start importing Packages/com.unity.2d.tilemap/Editor/Icons/Grid.FlipX.png using Guid(e883969672bd261498f38ec9e9fc393f) Importer(-1,00000000000000000000000000000000) [PhysX] Initialized MultithreadedTaskDispatcher with 20 workers.
 -> (artifact id: '979d5135248e148364e9c8dce781bb98') in 0.002710 seconds
Start importing Packages/com.unity.render-pipelines.core/Editor/LookDev/Icons/Camera2.png using Guid(e89a31db98e403b40af1a8f0ef9ae1ef) Importer(-1,00000000000000000000000000000000) [PhysX] Initialized MultithreadedTaskDispatcher with 20 workers.
 -> (artifact id: '27c2aaac3a6be6dae3e80de95b2f0f59') in 0.003084 seconds
Start importing Packages/com.unity.timeline/Editor/StyleSheets/Images/Icons/d_TrackLockButtonEnabled.png using Guid(e8aa120f1b4731e43a2dd31eb70bbbe2) Importer(-1,00000000000000000000000000000000) [PhysX] Initialized MultithreadedTaskDispatcher with 20 workers.
 -> (artifact id: 'd74e802d1011602aa8521a9df60c6cb3') in 0.002139 seconds
Start importing Packages/com.unity.2d.tilemap/Editor/Icons/d_Tilemap.TilePalette@2x.png using Guid(f8e23945cefaa614da36fe203225170a) Importer(-1,00000000000000000000000000000000) [PhysX] Initialized MultithreadedTaskDispatcher with 20 workers.
 -> (artifact id: '53a07b04c5fd11e0ae681a994842b471') in 0.004571 seconds
Start importing Packages/com.unity.2d.tilemap/Editor/Icons/Tilemap.FocusNone@2x.png using Guid(f8e27d22a910edd4e9b6791a887aa9e1) Importer(-1,00000000000000000000000000000000) [PhysX] Initialized MultithreadedTaskDispatcher with 20 workers.
 -> (artifact id: '908f98bdc1f28c2b681f04d0948bd504') in 0.003351 seconds
Start importing Packages/com.unity.collab-proxy/Editor/Assets/Images/d_iconoutofsync@2x.png using Guid(f82dfc5fc3c5a8f4080a3550427019c8) Importer(-1,00000000000000000000000000000000) [PhysX] Initialized MultithreadedTaskDispatcher with 20 workers.
 -> (artifact id: '66f8cfdf9b20f895d00caa82024888b4') in 0.002889 seconds
Start importing Packages/com.unity.2d.tilemap/Editor/Icons/EditorUI.Target@2x.png using Guid(f8eef1ebd82d467428620ec2c02bc50a) Importer(-1,00000000000000000000000000000000) [PhysX] Initialized MultithreadedTaskDispatcher with 20 workers.
 -> (artifact id: '5a7a32230f3761e7fc806771bedbcaaf') in 0.003558 seconds
Start importing Packages/com.unity.2d.animation/Editor/Assets/EditorIcons/Light/Edit_Pose@4x.png using Guid(095744d2710d19e4ab3dd9f6852cbd15) Importer(-1,00000000000000000000000000000000) [PhysX] Initialized MultithreadedTaskDispatcher with 20 workers.
 -> (artifact id: '7ffe874cd1e9bae0ace84265e4ef03b2') in 0.005347 seconds
Start importing Packages/com.unity.2d.animation/Editor/Assets/ComponentIcons/Animation.SpriteLibraryManager On@256.png using Guid(093d252d1d41041c8b4df35c330dcc59) Importer(-1,00000000000000000000000000000000) [PhysX] Initialized MultithreadedTaskDispatcher with 20 workers.
 -> (artifact id: '0ea1b251193c7297f6a3118e91fce97b') in 0.007011 seconds
Start importing Packages/com.unity.timeline/Editor/StyleSheets/Images/Icons/TimelineEditModeReplaceOFF.png using Guid(09ae14686a02d484ab41e76fd1efba14) Importer(-1,00000000000000000000000000000000) [PhysX] Initialized MultithreadedTaskDispatcher with 20 workers.
 -> (artifact id: '0f93f1f5a5c8a58b5340bddca2c7118c') in 0.001893 seconds
Start importing Packages/com.unity.2d.tilemap/Editor/Icons/Tilemap.GridPaint.png using Guid(1915f55bbb9484044b7829d1df0b4abf) Importer(-1,00000000000000000000000000000000) [PhysX] Initialized MultithreadedTaskDispatcher with 20 workers.
 -> (artifact id: 'be95b4bc0e79210ca7f00c3416f622a4') in 0.003292 seconds
Start importing Packages/com.unity.2d.animation/Editor/Assets/ComponentIcons/Animation.SpriteLibrary On@64.png using Guid(19370790a791d4fc99ee3830251366f8) Importer(-1,00000000000000000000000000000000) [PhysX] Initialized MultithreadedTaskDispatcher with 20 workers.
 -> (artifact id: '6f3fe23b7b297940600c7a6d052e6daa') in 0.004365 seconds
Start importing Packages/com.unity.2d.sprite/Editor/ObjectMenuCreation/DefaultAssets/Textures/v2/IsometricDiamond.png using Guid(19fb86013d8c24d6cb8410c0aadf30fa) Importer(-1,00000000000000000000000000000000) [PhysX] Initialized MultithreadedTaskDispatcher with 20 workers.
 -> (artifact id: '500e57c781b32eed703eb9054cdad3a4') in 0.004330 seconds
Start importing Packages/com.unity.2d.animation/Editor/Assets/ComponentIcons/Animation.IKLimb On@256.png using Guid(190c43ac8c7af48e2ae7663a44f1c7ec) Importer(-1,00000000000000000000000000000000) [PhysX] Initialized MultithreadedTaskDispatcher with 20 workers.
 -> (artifact id: '5a8c090adb35b9e454468e4d86bb0273') in 0.006958 seconds
Start importing Packages/com.unity.timeline/Editor/StyleSheets/Images/Icons/TrackMarkerButtonDisabled@2x.png using Guid(193dae938a3136440b693b45a2494737) Importer(-1,00000000000000000000000000000000) [PhysX] Initialized MultithreadedTaskDispatcher with 20 workers.
 -> (artifact id: '0d69ca2b5eea3fcc23c4bf2129095914') in 0.002200 seconds
Start importing Packages/com.unity.2d.animation/Editor/Assets/EditorIcons/Light/Parent_Bone.png using Guid(2972f301b2bf3dd46989677197b9a34d) Importer(-1,00000000000000000000000000000000) [PhysX] Initialized MultithreadedTaskDispatcher with 20 workers.
 -> (artifact id: '43558f7d68b2b9f27726fb3ab7e5a757') in 0.003663 seconds
Start importing Packages/com.unity.2d.animation/Editor/Assets/EditorIcons/Selected/Split Bones@3x.png using Guid(29f90cd6202745c448e74a1398b1c731) Importer(-1,00000000000000000000000000000000) [PhysX] Initialized MultithreadedTaskDispatcher with 20 workers.
 -> (artifact id: '8004580e866eb0b6db8c8390dacb56bc') in 0.003520 seconds
Start importing Packages/com.unity.collab-proxy/Editor/Assets/Images/d_iconshelve.png using Guid(292bae633fda01e41b8847fad37495c2) Importer(-1,00000000000000000000000000000000) [PhysX] Initialized MultithreadedTaskDispatcher with 20 workers.
 -> (artifact id: '649af6abc02a82ab21ef8f99bdd70958') in 0.002950 seconds
Start importing Packages/com.unity.render-pipelines.core/Editor/Lighting/Icons/LightUnitIcons/d_DirectSunlight@2x.png using Guid(392581b798d70d0408e104d352ffb20b) Importer(-1,00000000000000000000000000000000) [PhysX] Initialized MultithreadedTaskDispatcher with 20 workers.
 -> (artifact id: '4a5b07b4888ac67160297e06191972dd') in 0.004354 seconds
Start importing Packages/com.unity.render-pipelines.universal/Textures/BlueNoise16/L/LDR_LLL1_6.png using Guid(39451254daebd6d40b52899c1f1c0c1b) Importer(-1,00000000000000000000000000000000) [PhysX] Initialized MultithreadedTaskDispatcher with 20 workers.
 -> (artifact id: '94bfd94edee8197f07f7cf425e903471') in 0.002233 seconds
Start importing Packages/com.unity.2d.animation/Editor/Assets/EditorIcons/Dark/d_Mesh@4x.png using Guid(39b89ea328c2cad4abef27aedb17a4a3) Importer(-1,00000000000000000000000000000000) [PhysX] Initialized MultithreadedTaskDispatcher with 20 workers.
 -> (artifact id: '54d8e57ef7fc94a2a754010d05ec18f9') in 0.004942 seconds
Start importing Packages/com.unity.collab-proxy/Editor/Assets/Images/iconcheckedoutlocaloverlay@2x.png using Guid(3999034958d54364da380a8839a11050) Importer(-1,00000000000000000000000000000000) [PhysX] Initialized MultithreadedTaskDispatcher with 20 workers.
 -> (artifact id: 'adfa8d1df440c06f23e1af10f0df99c9') in 0.003259 seconds
Start importing Packages/com.unity.timeline/Editor/StyleSheets/Images/Icons/d_TimelineEditModeMixOFF.png using Guid(39d9575ed0465354cb02b69ea18526de) Importer(-1,00000000000000000000000000000000) [PhysX] Initialized MultithreadedTaskDispatcher with 20 workers.
 -> (artifact id: '041a0c74942539b4082e65176ac25ef7') in 0.002017 seconds
Start importing Packages/com.unity.2d.animation/Editor/Assets/EditorIcons/Dark/d_character_Mode@4x.png using Guid(395f6b9556f14704790df6035be6ee3a) Importer(-1,00000000000000000000000000000000) [PhysX] Initialized MultithreadedTaskDispatcher with 20 workers.
 -> (artifact id: 'cd220fa18a4d95ae3c6b841a3509987a') in 0.004028 seconds
Start importing Packages/com.unity.render-pipelines.core/Editor/Lighting/Icons/LightUnitIcons/d_Shade@2x.png using Guid(49e4a0929afd1ae4283e4657bc636f9e) Importer(-1,00000000000000000000000000000000) [PhysX] Initialized MultithreadedTaskDispatcher with 20 workers.
 -> (artifact id: 'ad12b14b104de71dfe14273555cd4acc') in 0.004203 seconds
Start importing Packages/com.unity.2d.animation/Editor/Assets/ComponentIcons/d_Animation.SpriteSkin@32.png using Guid(49e6e07d70170412982a1e51c6c6d4de) Importer(-1,00000000000000000000000000000000) [PhysX] Initialized MultithreadedTaskDispatcher with 20 workers.
 -> (artifact id: '198b74dbaa6e75855e7faec5238e8655') in 0.003809 seconds
Start importing Packages/com.unity.textmeshpro/Editor Resources/Textures/btn_AlignCapLine_Light.psd using Guid(49679f302ac6408697f6b9314a38985c) Importer(-1,00000000000000000000000000000000) [PhysX] Initialized MultithreadedTaskDispatcher with 20 workers.
 -> (artifact id: '48d9f720c3c09a9c769211429a04148f') in 0.002007 seconds
Start importing Packages/com.unity.2d.animation/Editor/Assets/EditorIcons/Dark/d_False.png using Guid(4958637110c2244a691af18863ead786) Importer(-1,00000000000000000000000000000000) [PhysX] Initialized MultithreadedTaskDispatcher with 20 workers.
 -> (artifact id: '36ef4083b0280079ad7675ffd8678431') in 0.003331 seconds
Start importing Packages/com.unity.timeline/Editor/StyleSheets/Images/Icons/TrackRecordButtonDisabled.png using Guid(495998c718a094540bbe57ae5ab07647) Importer(-1,00000000000000000000000000000000) [PhysX] Initialized MultithreadedTaskDispatcher with 20 workers.
 -> (artifact id: 'b9065e34bdfa418836b03e334ac3cfba') in 0.002074 seconds
Start importing Packages/com.unity.render-pipelines.core/Editor/Lighting/Icons/LightUnitIcons/d_ClearSky@2x.png using Guid(490d69b278eff784b85feca736d57389) Importer(-1,00000000000000000000000000000000) [PhysX] Initialized MultithreadedTaskDispatcher with 20 workers.
 -> (artifact id: 'f2d28a9a3dca09c4acb92797d8a256b2') in 0.004497 seconds
Start importing Packages/com.unity.collab-proxy/Editor/Assets/Images/refresh@2x.png using Guid(59571f82a0dc1a14da606dc0df6f8ea7) Importer(-1,00000000000000000000000000000000) [PhysX] Initialized MultithreadedTaskDispatcher with 20 workers.
 -> (artifact id: '42a4825a6babce1ee2d9ace12579f008') in 0.002923 seconds
Start importing Packages/com.unity.shadergraph/Editor/Resources/GraphView/Nodes/NodeChevronUp.png using Guid(59e85404e1156534e84e3f06ad9d3bff) Importer(-1,00000000000000000000000000000000) [PhysX] Initialized MultithreadedTaskDispatcher with 20 workers.
 -> (artifact id: '8e31e17d00507c37ff570683d52155ea') in 0.002083 seconds
Start importing Packages/com.unity.collab-proxy/Editor/Assets/Images/ignored.png using Guid(595bc97bc8e1e0b46bd4c2148ba3723a) Importer(-1,00000000000000000000000000000000) [PhysX] Initialized MultithreadedTaskDispatcher with 20 workers.
 -> (artifact id: 'f7454e2057ee2f3f843535a8d4f290e2') in 0.003801 seconds
Start importing Packages/com.unity.2d.tilemap/Editor/Icons/Tilemap.FocusNone.png using Guid(592cc37b962a5604599e514ecc35f4b2) Importer(-1,00000000000000000000000000000000) [PhysX] Initialized MultithreadedTaskDispatcher with 20 workers.
 -> (artifact id: 'bc27d007bb9b059ad6011d8a32cb9bd7') in 0.003579 seconds
Start importing Packages/com.unity.2d.animation/Editor/Assets/EditorIcons/Light/Split Bones.png using Guid(59bc7a7ca0683ac439e255a533670885) Importer(-1,00000000000000000000000000000000) [PhysX] Initialized MultithreadedTaskDispatcher with 20 workers.
 -> (artifact id: 'a624e63112f55f7b31c9670ef23da6c4') in 0.004323 seconds
Start importing Packages/com.unity.timeline/Editor/StyleSheets/Images/LightSkin/TimelineEndPlayback.png using Guid(6952cd3b0f88917449a8fa4d19fc5009) Importer(-1,00000000000000000000000000000000) [PhysX] Initialized MultithreadedTaskDispatcher with 20 workers.
 -> (artifact id: '89b85f74a861540cc521837f9eaf6ccd') in 0.002025 seconds
Start importing Packages/com.unity.textmeshpro/Editor Resources/Textures/btn_AlignFlush.psd using Guid(691475c57a824010be0c6f474caeb7e1) Importer(-1,00000000000000000000000000000000) [PhysX] Initialized MultithreadedTaskDispatcher with 20 workers.
 -> (artifact id: '59eb9ebe6b99a2200e282e4011365ce2') in 0.001952 seconds
Start importing Packages/com.unity.collab-proxy/Editor/Assets/Images/d_secondarytabclose.png using Guid(6975ee4c1f40caf4da8dd733ee2cfeaf) Importer(-1,00000000000000000000000000000000) [PhysX] Initialized MultithreadedTaskDispatcher with 20 workers.
 -> (artifact id: 'ff150b98f3fda6aaa649c50b4441ddfb') in 0.002673 seconds
Start importing Packages/com.unity.2d.animation/Editor/Assets/EditorIcons/Selected/Parent_Bone@2x.png using Guid(698621c9178225f4b8fbaffd383d579e) Importer(-1,00000000000000000000000000000000) [PhysX] Initialized MultithreadedTaskDispatcher with 20 workers.
 -> (artifact id: '889ba46f54f21c1a68601e120437b991') in 0.003958 seconds
Start importing Packages/com.unity.collab-proxy/Editor/Assets/Images/step3.png using Guid(69899ed144c8eea4baea48b858b37746) Importer(-1,00000000000000000000000000000000) [PhysX] Initialized MultithreadedTaskDispatcher with 20 workers.
 -> (artifact id: '7c914467a17849044cf408f3a7eebadd') in 0.004039 seconds
Start importing Packages/com.unity.collab-proxy/Editor/Assets/Images/d_iconundo.png using Guid(691dc543ff5b9ca44bf846657ba04161) Importer(-1,00000000000000000000000000000000) [PhysX] Initialized MultithreadedTaskDispatcher with 20 workers.
 -> (artifact id: '17b0f4f9a3df6863bd94018498093257') in 0.002490 seconds
Start importing Packages/com.unity.2d.animation/Editor/Assets/EditorIcons/Dark/d_Copy.png using Guid(69fdfe6d8e206134a83223383472ff48) Importer(-1,00000000000000000000000000000000) [PhysX] Initialized MultithreadedTaskDispatcher with 20 workers.
 -> (artifact id: '86c435830489d45c2ea9ac7ce8f09f80') in 0.002691 seconds
Start importing Packages/com.unity.collab-proxy/Editor/Assets/Images/iconshelve@2x.png using Guid(695fbddd7238dc94c8f102d9191c2886) Importer(-1,00000000000000000000000000000000) [PhysX] Initialized MultithreadedTaskDispatcher with 20 workers.
 -> (artifact id: '4e1e843eb8bd827afae46a3229ce377b') in 0.003828 seconds
Start importing Packages/com.unity.timeline/Editor/StyleSheets/Images/LightSkin/TimelineInfiniteTrackNoShadow.png using Guid(69ff79f863a32ad44a9497d4896d9d1c) Importer(-1,00000000000000000000000000000000) [PhysX] Initialized MultithreadedTaskDispatcher with 20 workers.
 -> (artifact id: '5e977b3bd73993a97d2f7e54d4c36ff1') in 0.001998 seconds
Start importing Packages/com.unity.render-pipelines.core/Editor/Lighting/Icons/LightUnitIcons/d_MediumAreaLight@2x.png using Guid(79474406bb16ef9439655eb4b419b6a8) Importer(-1,00000000000000000000000000000000) [PhysX] Initialized MultithreadedTaskDispatcher with 20 workers.
 -> (artifact id: '6bdb783e120960276956a96b3c20cee2') in 0.003763 seconds
Start importing Packages/com.unity.render-pipelines.core/Editor/LookDev/Icons/Add@2x.png using Guid(79aba0b290c471c4ba3d3f818d4e9b15) Importer(-1,00000000000000000000000000000000) [PhysX] Initialized MultithreadedTaskDispatcher with 20 workers.
 -> (artifact id: '7acc30bbef5af8a9e67f8b7809042a87') in 0.003189 seconds
Start importing Packages/com.unity.render-pipelines.core/Editor/LookDev/Icons/RenderDoc@2x.png using Guid(89608b060fc7279479398a62e245a409) Importer(-1,00000000000000000000000000000000) [PhysX] Initialized MultithreadedTaskDispatcher with 20 workers.
 -> (artifact id: '51ad18d5bc3c27bd3463e58e57ccb465') in 0.003455 seconds
Start importing Packages/com.unity.render-pipelines.core/Editor/Lighting/Icons/LightUnitIcons/d_BlueSky.png using Guid(8991eaef2ed56cc45b9a80b50fbca5e2) Importer(-1,00000000000000000000000000000000) [PhysX] Initialized MultithreadedTaskDispatcher with 20 workers.
 -> (artifact id: '9348faf7eba8c23600c86d21139943fa') in 0.003184 seconds
Start importing Packages/com.unity.2d.animation/Editor/Assets/EditorIcons/Light/Visibility_Hidded@3x.png using Guid(89930da27dfbbc64ba1f3baf0ae416bb) Importer(-1,00000000000000000000000000000000) [PhysX] Initialized MultithreadedTaskDispatcher with 20 workers.
 -> (artifact id: '2e95aed90d6ff94e46c5e581808d62c9') in 0.005331 seconds
Start importing Packages/com.unity.collab-proxy/Editor/Assets/Images/d_step2.png using Guid(897c3a3f5c4038345a7143573bbb4a40) Importer(-1,00000000000000000000000000000000) [PhysX] Initialized MultithreadedTaskDispatcher with 20 workers.
 -> (artifact id: '4524c3c6ec0a72eee6a03a71188a16b6') in 0.003124 seconds
Start importing Packages/com.unity.render-pipelines.universal/Textures/BlueNoise16/L/LDR_LLL1_30.png using Guid(896d9004736809c4fb5973b7c12eb8b9) Importer(-1,00000000000000000000000000000000) [PhysX] Initialized MultithreadedTaskDispatcher with 20 workers.
 -> (artifact id: '23d88a912e921c338d8b9be87ffc0752') in 0.001889 seconds
Start importing Packages/com.unity.render-pipelines.universal/Textures/FilmGrain/Medium03.png using Guid(9930fb4528622b34687b00bbe6883de7) Importer(-1,00000000000000000000000000000000) [PhysX] Initialized MultithreadedTaskDispatcher with 20 workers.
 -> (artifact id: 'd0f1745b64028a1b931e5187e8ade4ae') in 0.006266 seconds
Start importing Packages/com.unity.2d.animation/Editor/Assets/ComponentIcons/Animation.SpriteLibraryManager.png using Guid(99a16529bede740b6816c895741a9fb7) Importer(-1,00000000000000000000000000000000) [PhysX] Initialized MultithreadedTaskDispatcher with 20 workers.
 -> (artifact id: '6bb82631da3b6d0a787b7c0cac2c9118') in 0.003715 seconds
Start importing Packages/com.unity.render-pipelines.universal/Editor/Gizmos/Camera_Offscreen.png using Guid(99c1f1ec31ff9924e9a75aff82e6b986) Importer(-1,00000000000000000000000000000000) [PhysX] Initialized MultithreadedTaskDispatcher with 20 workers.
 -> (artifact id: 'ad595f525d40203c30d921ca2e07aade') in 0.007690 seconds
Start importing Packages/com.unity.2d.animation/Editor/Assets/ComponentIcons/Animation.IKCCD@32.png using Guid(99e2d423491be485bafdee152310057a) Importer(-1,00000000000000000000000000000000) [PhysX] Initialized MultithreadedTaskDispatcher with 20 workers.
 -> (artifact id: '16963665810aaa28b60e8d11abc138df') in 0.003612 seconds
Start importing Packages/com.unity.2d.tilemap/Editor/Icons/d_Tilemap.ActiveTargetLayers.png using Guid(99c3717808acc0f43b394ab3e10da8bb) Importer(-1,00000000000000000000000000000000) [PhysX] Initialized MultithreadedTaskDispatcher with 20 workers.
 -> (artifact id: '9af6e58ae8c55183b7c651a4215a21a1') in 0.003970 seconds
Start importing Packages/com.unity.render-pipelines.core/Editor/LookDev/Icons/d_RightArrow.png using Guid(99e5d180080c96940a65c6d906ff9131) Importer(-1,00000000000000000000000000000000) [PhysX] Initialized MultithreadedTaskDispatcher with 20 workers.
 -> (artifact id: '7a9dacfa5ab5daa94da04262ef7b97c2') in 0.002920 seconds
Start importing Packages/com.unity.render-pipelines.core/Editor/LookDev/Icons/d_Camera2@2x.png using Guid(99d7e777338ab8f4ba890cc738794dba) Importer(-1,00000000000000000000000000000000) [PhysX] Initialized MultithreadedTaskDispatcher with 20 workers.
 -> (artifact id: '053779437baba534ba954b2cd7617f15') in 0.003474 seconds
Start importing Packages/com.unity.collab-proxy/Editor/Assets/Images/ignoredoverlay@2x.png using Guid(999d04c0ea94ccc41b3d80788160695b) Importer(-1,00000000000000000000000000000000) [PhysX] Initialized MultithreadedTaskDispatcher with 20 workers.
 -> (artifact id: 'ecd0257c0193b525b023fd38c42079a6') in 0.003230 seconds
Start importing Packages/com.unity.2d.sprite/Editor/ObjectMenuCreation/DefaultAssets/Textures/HexagonFlat-TopWithBorder.png using Guid(a9716c16a44a94eed9b5c90fbf4d9bdd) Importer(-1,00000000000000000000000000000000) [PhysX] Initialized MultithreadedTaskDispatcher with 20 workers.
 -> (artifact id: '0efb37b0281de72d679db8a96087a443') in 0.005906 seconds
Start importing Packages/com.unity.2d.animation/Editor/Assets/ComponentIcons/Animation.IKCCD On@32.png using Guid(a9354548f1d8e4015830a88081482039) Importer(-1,00000000000000000000000000000000) [PhysX] Initialized MultithreadedTaskDispatcher with 20 workers.
 -> (artifact id: 'a83b0260f11e7e64d37823175847873e') in 0.003343 seconds
Start importing Packages/com.unity.2d.tilemap/Editor/Icons/d_Tilemap.FocusTilemap.png using Guid(a9a5b304877d58a47859e53d2b2d9fe3) Importer(-1,00000000000000000000000000000000) [PhysX] Initialized MultithreadedTaskDispatcher with 20 workers.
 -> (artifact id: '9e50212116224393b23fbcb1912164a4') in 0.003214 seconds
Start importing Packages/com.unity.collab-proxy/Editor/Assets/Images/iconplasticnotifyconflict.png using Guid(a916ed6819efd014588f58e3cfc48196) Importer(-1,00000000000000000000000000000000) [PhysX] Initialized MultithreadedTaskDispatcher with 20 workers.
 -> (artifact id: '30a34ae14f48e709e0e190c47b2f052e') in 0.003404 seconds
Start importing Packages/com.unity.2d.animation/Editor/Assets/EditorIcons/Selected/d_Visibility_Tool@2x.png using Guid(a9e89ee3f041fa5459a4e78b37d1e58e) Importer(-1,00000000000000000000000000000000) [PhysX] Initialized MultithreadedTaskDispatcher with 20 workers.
 -> (artifact id: '993740d3f702ee73f159d12c10af9dfb') in 0.003407 seconds
Start importing Packages/com.unity.render-pipelines.core/Editor/Lighting/Icons/LightUnitIcons/d_Fluorescent.png using Guid(b95665ddb99de4945b528a188a1c41c7) Importer(-1,00000000000000000000000000000000) [PhysX] Initialized MultithreadedTaskDispatcher with 20 workers.
 -> (artifact id: 'bb33423cfca7fda0c88fba3b92920a40') in 0.003703 seconds
Start importing Packages/com.unity.render-pipelines.core/Editor/Lighting/Icons/LightUnitIcons/BrightSky.png using Guid(b93b6450b9bd1f44da176ac4a821c3e8) Importer(-1,00000000000000000000000000000000) [PhysX] Initialized MultithreadedTaskDispatcher with 20 workers.
 -> (artifact id: '905a4560d5796cb7b6d5cf47c635b13f') in 0.003478 seconds
Start importing Packages/com.unity.shadergraph/Editor/Resources/GraphView/Nodes/NodeChevronDown@2x.png using Guid(c951fed1cf039c7439a755e2ca108e4a) Importer(-1,00000000000000000000000000000000) [PhysX] Initialized MultithreadedTaskDispatcher with 20 workers.
 -> (artifact id: '66c3c84c8a2dc3cb3ed376e1907be2db') in 0.002941 seconds
Start importing Packages/com.unity.render-pipelines.universal/Textures/BlueNoise16/L/LDR_LLL1_27.png using Guid(c989e1ed85cf7154caa922fec53e6af6) Importer(-1,00000000000000000000000000000000) [PhysX] Initialized MultithreadedTaskDispatcher with 20 workers.
 -> (artifact id: '5ad71032d46a39bc8f54dc49ae28159d') in 0.002359 seconds
Start importing Packages/com.unity.render-pipelines.universal/Textures/BlueNoise16/L/LDR_LLL1_7.png using Guid(c94ad916058dff743b0f1c969ddbe660) Importer(-1,00000000000000000000000000000000) [PhysX] Initialized MultithreadedTaskDispatcher with 20 workers.
 -> (artifact id: 'ba429e290732dc32a14c793be771bf33') in 0.001922 seconds
Start importing Packages/com.unity.render-pipelines.universal/Textures/BlueNoise16/L/LDR_LLL1_20.png using Guid(c9bd74624d8070f429e3f46d161f9204) Importer(-1,00000000000000000000000000000000) [PhysX] Initialized MultithreadedTaskDispatcher with 20 workers.
 -> (artifact id: 'e287b98f684bd04a59fdb2f7cc3ea2a0') in 0.002150 seconds
Start importing Packages/com.unity.collab-proxy/Editor/Assets/Images/d_step3@2x.png using Guid(c9ed6d6ea2f9657409bfa068d4846139) Importer(-1,00000000000000000000000000000000) [PhysX] Initialized MultithreadedTaskDispatcher with 20 workers.
 -> (artifact id: '87978c8c4daa6f37d9b7b641c7b5c8b3') in 0.003607 seconds
Start importing Packages/com.unity.2d.tilemap/Editor/Icons/d_Tilemap.BrushSettings@4x.png using Guid(d9f2d0aff557fba4cb316f849b0ccdd1) Importer(-1,00000000000000000000000000000000) [PhysX] Initialized MultithreadedTaskDispatcher with 20 workers.
 -> (artifact id: 'ae93adc29176a915234bf3ff0b797f9b') in 0.003770 seconds
Start importing Packages/com.unity.2d.animation/Editor/Assets/ComponentIcons/d_Animation.SpriteLibraryVar@32.png using Guid(d9e47beaa8a6e432393f34671440f777) Importer(-1,00000000000000000000000000000000) [PhysX] Initialized MultithreadedTaskDispatcher with 20 workers.
 -> (artifact id: '20737b7231ce6bc043c453581b1e0d37') in 0.004086 seconds
Start importing Packages/com.unity.render-pipelines.core/Editor/LookDev/Icons/Layout2.png using Guid(d9658be087f390f46bfefa8cb32bbaa6) Importer(-1,00000000000000000000000000000000) [PhysX] Initialized MultithreadedTaskDispatcher with 20 workers.
 -> (artifact id: 'f8c1b11eb436704363d9f77421687610') in 0.003438 seconds
Start importing Packages/com.unity.timeline/Editor/StyleSheets/Images/DarkSkin/TimelineSignalCollapsed.png using Guid(d91793cd853a258448e4d5545bb38e45) Importer(-1,00000000000000000000000000000000) [PhysX] Initialized MultithreadedTaskDispatcher with 20 workers.
 -> (artifact id: '01f06cb385b202b46ade027ee3d6061e') in 0.002194 seconds
Start importing Packages/com.unity.render-pipelines.universal/Editor/2D/Resources/InspectorIcons/ParametricLight.png using Guid(e957854850ccb7140a538f7a93f8761b) Importer(-1,00000000000000000000000000000000) [PhysX] Initialized MultithreadedTaskDispatcher with 20 workers.
 -> (artifact id: 'da3595a391b2335fae9bd0bf2b6ee13e') in 0.002952 seconds
Start importing Packages/com.unity.2d.animation/Editor/Assets/EditorIcons/Selected/Sprite_Influence@4x.png using Guid(e959cb82696cd4dbf9e6b448af425c88) Importer(-1,00000000000000000000000000000000) [PhysX] Initialized MultithreadedTaskDispatcher with 20 workers.
 -> (artifact id: '10dc291b032cdf1c51b6a24c2b0af7b6') in 0.004041 seconds
Start importing Packages/com.unity.2d.animation/Editor/Assets/EditorIcons/Light/Bone_Influence.png using Guid(e92fc44f12c21dd44a49e390f39f7ffd) Importer(-1,00000000000000000000000000000000) [PhysX] Initialized MultithreadedTaskDispatcher with 20 workers.
 -> (artifact id: 'fe3ad65db75e4e89a9edb7d8600602f2') in 0.003869 seconds
Start importing Packages/com.unity.render-pipelines.core/Editor/LookDev/Icons/Rotation@2x.png using Guid(e9af78578671a3345b8cbf82f1f030b5) Importer(-1,00000000000000000000000000000000) [PhysX] Initialized MultithreadedTaskDispatcher with 20 workers.
 -> (artifact id: '0c28c0f0287715b5b0b0d8349d257bd1') in 0.003085 seconds
Start importing Packages/com.unity.collab-proxy/Editor/Assets/Images/buttonssosigninunity.png using Guid(f9161c6c9e06dc445ada3ee16d991f90) Importer(-1,00000000000000000000000000000000) [PhysX] Initialized MultithreadedTaskDispatcher with 20 workers.
 -> (artifact id: '77dca577863ed4daa1f19908768d679d') in 0.003240 seconds
Start importing Packages/com.unity.timeline/Editor/StyleSheets/Images/LightSkin/TimelineKeyframe.png using Guid(f9fd2f335364cda41937eab39bf20049) Importer(-1,00000000000000000000000000000000) [PhysX] Initialized MultithreadedTaskDispatcher with 20 workers.
 -> (artifact id: '2169af41cec780b9f0bfdee0c05748b8') in 0.002019 seconds
Start importing Packages/com.unity.render-pipelines.universal/Textures/BayerMatrix.png using Guid(f9ee4ed84c1d10c49aabb9b210b0fc44) Importer(-1,00000000000000000000000000000000) [PhysX] Initialized MultithreadedTaskDispatcher with 20 workers.
 -> (artifact id: '8b6d476eec1cb7ed01a79ac26e14958d') in 0.001940 seconds
Start importing Packages/com.unity.collab-proxy/Editor/Assets/Images/iconconflicted@2x.png using Guid(f95f697d66d238446b1ab717def09945) Importer(-1,00000000000000000000000000000000) [PhysX] Initialized MultithreadedTaskDispatcher with 20 workers.
 -> (artifact id: 'dc66e33aee158ba0f58fa1347fb1dfa7') in 0.002928 seconds
Start importing Packages/com.unity.2d.animation/Editor/Assets/ComponentIcons/Animation.IKLimb@64.png using Guid(0aa01ed159728414b863dd9c7aa7f596) Importer(-1,00000000000000000000000000000000) [PhysX] Initialized MultithreadedTaskDispatcher with 20 workers.
 -> (artifact id: '492875f5191a8634bcaa7aea1d200192') in 0.004870 seconds
Start importing Packages/com.unity.2d.spriteshape/Editor/ObjectMenuCreation/DefaultAssets/Sprite Shapes/SpriteShapeEdge.png using Guid(0ae2b74b1edd14bb18dd7b65ae916a54) Importer(-1,00000000000000000000000000000000) [PhysX] Initialized MultithreadedTaskDispatcher with 20 workers.
 -> (artifact id: '0a2e86637f364497b1c7652cc6268214') in 0.003378 seconds
Start importing Packages/com.unity.collab-proxy/Editor/Assets/Images/d_iconemptygravatar@2x.png using Guid(0ac55f9f886d827408c102bdf33c5ff7) Importer(-1,00000000000000000000000000000000) [PhysX] Initialized MultithreadedTaskDispatcher with 20 workers.
 -> (artifact id: 'd842d52ebdf51cf0188f699b194b2a15') in 0.003458 seconds
Start importing Packages/com.unity.2d.spriteshape/Editor/Icons/SpriteShape@64.png using Guid(0a9a0f36a52ce7f4d813fbf5d8f76a1c) Importer(-1,00000000000000000000000000000000) [PhysX] Initialized MultithreadedTaskDispatcher with 20 workers.
 -> (artifact id: '9a670b056579cf1f1560f40701ef050e') in 0.002202 seconds
Start importing Packages/com.unity.timeline/Editor/StyleSheets/Images/LightSkin/TimelineAutokey_active.png using Guid(0a5e3e063c4e1ab45999cf6e40c13c07) Importer(-1,00000000000000000000000000000000) [PhysX] Initialized MultithreadedTaskDispatcher with 20 workers.
 -> (artifact id: '7b152138dfab394362d1e51dee75a00e') in 0.002302 seconds
Start importing Packages/com.unity.2d.animation/Editor/Assets/EditorIcons/Selected/d_Visibility_Hidded@2x.png using Guid(1a2673cb12e2ed1459bc6ab5dad05aae) Importer(-1,00000000000000000000000000000000) [PhysX] Initialized MultithreadedTaskDispatcher with 20 workers.
 -> (artifact id: 'd045ff3f281a376f266f55e67eec117f') in 0.003784 seconds
Start importing Packages/com.unity.2d.animation/Editor/Assets/EditorIcons/Selected/Edit_Geometry@4x.png using Guid(1a96ab5f501a8e84c9016458682e1ccb) Importer(-1,00000000000000000000000000000000) [PhysX] Initialized MultithreadedTaskDispatcher with 20 workers.
 -> (artifact id: '8e4f3450bcee117e6b585f21cf14a980') in 0.005128 seconds
Start importing Packages/com.unity.timeline/Editor/StyleSheets/Images/LightSkin/TimelineSignalSelected.png using Guid(1a7852b1b33b816498b6af1e739f5995) Importer(-1,00000000000000000000000000000000) [PhysX] Initialized MultithreadedTaskDispatcher with 20 workers.
 -> (artifact id: '222f8c21d1e22ab92b9a5b8761b313f2') in 0.002081 seconds
Start importing Packages/com.unity.2d.animation/Editor/Assets/EditorIcons/Light/Create_Edge.png using Guid(1af9d2e44ecf3a2468601c9071df581f) Importer(-1,00000000000000000000000000000000) [PhysX] Initialized MultithreadedTaskDispatcher with 20 workers.
 -> (artifact id: 'def533bee132b55494cd9740b33012ef') in 0.003226 seconds
Start importing Packages/com.unity.render-pipelines.core/Editor/Lighting/Icons/LightUnitIcons/SunriseSunset@2x.png using Guid(1ade1fa63a0a72f46be69e4ae5e83314) Importer(-1,00000000000000000000000000000000) [PhysX] Initialized MultithreadedTaskDispatcher with 20 workers.
 -> (artifact id: '2c0f0c638c48f9e5372d88f7820fad6f') in 0.005334 seconds
Start importing Packages/com.unity.2d.tilemap/Editor/Icons/Grid.FlipY.png using Guid(2a807ac042c28e546b9d90048ebbc33f) Importer(-1,00000000000000000000000000000000) [PhysX] Initialized MultithreadedTaskDispatcher with 20 workers.
 -> (artifact id: '7b1094178c1d6ccf6b703a6fea63a313') in 0.003348 seconds
Start importing Packages/com.unity.render-pipelines.core/Editor/Lighting/Icons/LightUnitIcons/d_Candlelight@2x.png using Guid(2ae1ad1a228a66a479d96cae55499c4a) Importer(-1,00000000000000000000000000000000) [PhysX] Initialized MultithreadedTaskDispatcher with 20 workers.
 -> (artifact id: 'ebcfdf38bad8f773aa132899cf13a9e6') in 0.003256 seconds
Start importing Packages/com.unity.2d.animation/Editor/Assets/ComponentIcons/Animation.SpriteLibraryVar On@256.png using Guid(2af1a7323d104499d992be9a2d8dc933) Importer(-1,00000000000000000000000000000000) [PhysX] Initialized MultithreadedTaskDispatcher with 20 workers.
 -> (artifact id: 'eac0f60e2817d74701bf825f84f7995c') in 0.007196 seconds
Start importing Packages/com.unity.2d.animation/Editor/Assets/EditorIcons/Light/SetPivot32.png using Guid(2a637fd14bfd64d0e965e4c9e4a7d8b6) Importer(-1,00000000000000000000000000000000) [PhysX] Initialized MultithreadedTaskDispatcher with 20 workers.
 -> (artifact id: 'd7fc306fca5911072c49180de0dafe09') in 0.003957 seconds
Start importing Packages/com.unity.2d.animation/Editor/Assets/EditorIcons/Light/Sprite_Mode.png using Guid(2ad84ec7182471b4d8c44de568e22df4) Importer(-1,00000000000000000000000000000000) [PhysX] Initialized MultithreadedTaskDispatcher with 20 workers.
 -> (artifact id: 'c19dc3c09dea4b3287e8dda345b6bf6b') in 0.003460 seconds
Start importing Packages/com.unity.2d.animation/Editor/Assets/ComponentIcons/Animation.SpriteLibraryVar On@32.png using Guid(2a8bf227319d4421f91d9375e3ae59bf) Importer(-1,00000000000000000000000000000000) [PhysX] Initialized MultithreadedTaskDispatcher with 20 workers.
 -> (artifact id: '0f322cc8a9ac54327adb0f997f800179') in 0.003881 seconds
Start importing Packages/com.unity.collab-proxy/Editor/Assets/Images/d_iconconflictresolvedoverlay@2x.png using Guid(4a231ba0e81e63849a8f985c228e8acd) Importer(-1,00000000000000000000000000000000) [PhysX] Initialized MultithreadedTaskDispatcher with 20 workers.
 -> (artifact id: '9fb0ba1361064684a0f59f51bf0abf37') in 0.003365 seconds
Start importing Packages/com.unity.render-pipelines.universal/Editor/2D/Resources/Sparkle.png using Guid(4a0aca3a5f2effb41b43cc0a1661d845) Importer(-1,00000000000000000000000000000000) [PhysX] Initialized MultithreadedTaskDispatcher with 20 workers.
 -> (artifact id: 'fb4a5f9cf25d377f1ef3bcfebad19208') in 0.005757 seconds
Start importing Packages/com.unity.2d.animation/Editor/Assets/ComponentIcons/Animation.SpriteLibraryManager On@32.png using Guid(4a3c64ec8ad964011aa28fb633e9b153) Importer(-1,00000000000000000000000000000000) [PhysX] Initialized MultithreadedTaskDispatcher with 20 workers.
 -> (artifact id: '4f5e4c781e91fe7ce9eb40ca7dd08d07') in 0.003299 seconds
Start importing Packages/com.unity.2d.animation/Editor/Assets/ComponentIcons/Animation.IKLimb@256.png using Guid(4a3eebea80ac54fd3818f6a36c36168d) Importer(-1,00000000000000000000000000000000) [PhysX] Initialized MultithreadedTaskDispatcher with 20 workers.
 -> (artifact id: '95ff60df1ec0df8cc3d514e2c27c60e1') in 0.007508 seconds
Start importing Packages/com.unity.2d.sprite/Editor/ObjectMenuCreation/DefaultAssets/Textures/CircleWithBorder.png using Guid(4adeaf2d2b1c7417e89f026626d8264f) Importer(-1,00000000000000000000000000000000) [PhysX] Initialized MultithreadedTaskDispatcher with 20 workers.
 -> (artifact id: '5ec1c61f202eb2618db2a1849ef66fd1') in 0.006779 seconds
Start importing Packages/com.unity.2d.animation/Editor/Assets/ComponentIcons/d_Animation.IKManager@64.png using Guid(5ab572b9a7b33426c83f5ed08ca8c798) Importer(-1,00000000000000000000000000000000) [PhysX] Initialized MultithreadedTaskDispatcher with 20 workers.
 -> (artifact id: 'f7ab4088fb489ed85c4879d1bdc38708') in 0.004672 seconds
Start importing Packages/com.unity.2d.sprite/Editor/ObjectMenuCreation/DefaultAssets/Textures/v2/HexagonPointedTop.png using Guid(5aa8b770bc43046bc8d993d0d5b7f4a5) Importer(-1,00000000000000000000000000000000) [PhysX] Initialized MultithreadedTaskDispatcher with 20 workers.
 -> (artifact id: '8953310b3d938cd49d54df311f87ae54') in 0.004735 seconds
Start importing Packages/com.unity.timeline/Editor/StyleSheets/Images/Icons/d_TrackMuteButtonDisabled.png using Guid(6ab002208ec290544b44bc263dc58a95) Importer(-1,00000000000000000000000000000000) [PhysX] Initialized MultithreadedTaskDispatcher with 20 workers.
 -> (artifact id: '73463831b73e8a49912421340b2fb322') in 0.002009 seconds
Start importing Packages/com.unity.render-pipelines.core/Editor/Lighting/Icons/LightUnitIcons/d_SunriseSunset.png using Guid(6ac733bfd834f4b4bab06306c63496f2) Importer(-1,00000000000000000000000000000000) [PhysX] Initialized MultithreadedTaskDispatcher with 20 workers.
 -> (artifact id: 'f55a582260d2c47351b6ec545af30f1e') in 0.003465 seconds
Start importing Packages/com.unity.2d.animation/Editor/Assets/EditorIcons/Selected/Create_Vertex@4x.png using Guid(6a7ac9e8c26b12440bf2b1da2ca97794) Importer(-1,00000000000000000000000000000000) [PhysX] Initialized MultithreadedTaskDispatcher with 20 workers.
 -> (artifact id: '05bbcb2bba6f6b4d305c5134245c0ada') in 0.003833 seconds
Start importing Packages/com.unity.collab-proxy/Editor/Assets/Images/d_secondarytabclosehover.png using Guid(6a9d211bea1bc4a429d86cbb2d0b0a3e) Importer(-1,00000000000000000000000000000000) [PhysX] Initialized MultithreadedTaskDispatcher with 20 workers.
 -> (artifact id: 'efe78795c556722c899c58568574ff92') in 0.002508 seconds
Start importing Packages/com.unity.render-pipelines.core/Editor/LookDev/Icons/LayoutVertical.png using Guid(6a9d49ac254f03c48bf5b6590f4d2a24) Importer(-1,00000000000000000000000000000000) [PhysX] Initialized MultithreadedTaskDispatcher with 20 workers.
 -> (artifact id: '0adb7f72b744baf379ddae9c6fd7bdf4') in 0.003047 seconds
Start importing Packages/com.unity.render-pipelines.core/Editor/Lighting/Icons/LightUnitIcons/IntenseAreaLight@2x.png using Guid(6abd010e1fd246f4585f513da25bcede) Importer(-1,00000000000000000000000000000000) [PhysX] Initialized MultithreadedTaskDispatcher with 20 workers.
 -> (artifact id: '385dcabbe4067be93cc4bc23f8f0a0d0') in 0.004641 seconds
Start importing Packages/com.unity.textmeshpro/Editor Resources/Textures/btn_AlignCenter_Light.psd using Guid(6ace62d30f494c948b71d5594afce11d) Importer(-1,00000000000000000000000000000000) [PhysX] Initialized MultithreadedTaskDispatcher with 20 workers.
 -> (artifact id: 'c8d1e0ac8c101e174438188ab6d11155') in 0.002128 seconds
Start importing Packages/com.unity.render-pipelines.core/Runtime/Debugging/Prefabs/Textures/UIFoldoutClosed.png using Guid(7a0568d5e3330b84687e307992be3030) Importer(-1,00000000000000000000000000000000) [PhysX] Initialized MultithreadedTaskDispatcher with 20 workers.
 -> (artifact id: 'a455f897181b7d849be0912d2f9db9df') in 0.002302 seconds
Start importing Packages/com.unity.2d.animation/Editor/Assets/EditorIcons/Dark/d_Edit_Geometry@4x.png using Guid(7af5f1b9cb7fc7645a9f27f070fbe2fd) Importer(-1,00000000000000000000000000000000) [PhysX] Initialized MultithreadedTaskDispatcher with 20 workers.
 -> (artifact id: 'ba9fe415459e9f0befaa401945130406') in 0.004605 seconds
Start importing Packages/com.unity.2d.animation/Editor/Assets/EditorIcons/Dark/d_Mesh@3x.png using Guid(7a1683154a74c9d4e9f993bd6c54f947) Importer(-1,00000000000000000000000000000000) [PhysX] Initialized MultithreadedTaskDispatcher with 20 workers.
 -> (artifact id: '2c852c47aa21f7c10ad90f8972f66853') in 0.004776 seconds
Start importing Packages/com.unity.2d.tilemap/Editor/Icons/Tilemap.BrushSettings.png using Guid(7a17912541de348408b722a40b972ea3) Importer(-1,00000000000000000000000000000000) [PhysX] Initialized MultithreadedTaskDispatcher with 20 workers.
 -> (artifact id: 'a478cea497c7cbc757f039c592ad47cf') in 0.003491 seconds
Start importing Packages/com.unity.2d.animation/Editor/Assets/EditorIcons/Dark/d_Create_Edge.png using Guid(7a5bb676bcccfea429f2138b6fbd005e) Importer(-1,00000000000000000000000000000000) [PhysX] Initialized MultithreadedTaskDispatcher with 20 workers.
 -> (artifact id: 'af26cc4047db12e190ea3429db6114f0') in 0.003182 seconds
Start importing Packages/com.unity.2d.animation/Editor/Assets/EditorIcons/Dark/d_Edit_Pose.png using Guid(7a6cafa65c507e240b7293250b094e10) Importer(-1,00000000000000000000000000000000) [PhysX] Initialized MultithreadedTaskDispatcher with 20 workers.
 -> (artifact id: '91952620e5790cfc8b39d39843ee98ad') in 0.003366 seconds
Start importing Packages/com.unity.2d.animation/Editor/Assets/ComponentIcons/Animation.SpriteSkin@256.png using Guid(7a1e809ce41f84f10bfe590179cd59b5) Importer(-1,00000000000000000000000000000000) [PhysX] Initialized MultithreadedTaskDispatcher with 20 workers.
 -> (artifact id: 'cf5fd05fc39a66ec75998ff33408f9ec') in 0.008099 seconds
Start importing Packages/com.unity.render-pipelines.core/Editor/Lighting/Icons/UpSnatchFocused.png using Guid(8a35aa5922ce5b746a734edf7de25ab4) Importer(-1,00000000000000000000000000000000) [PhysX] Initialized MultithreadedTaskDispatcher with 20 workers.
 -> (artifact id: '4c62597570eda8d98ff073b92936deb1') in 0.002483 seconds
Start importing Packages/com.unity.2d.animation/Editor/Assets/EditorIcons/Selected/Create_Vertex@2x.png using Guid(8afb57fea8c4eea4a8085e91c810380b) Importer(-1,00000000000000000000000000000000) [PhysX] Initialized MultithreadedTaskDispatcher with 20 workers.
 -> (artifact id: '0d8cdf6bec833f88fe8d9f6abcd351b1') in 0.026613 seconds
Start importing Packages/com.unity.collab-proxy/Editor/Assets/Images/iconmoved.png using Guid(8a6cca56e2b63344eb4769cd92d93ffb) Importer(-1,00000000000000000000000000000000) [PhysX] Initialized MultithreadedTaskDispatcher with 20 workers.
 -> (artifact id: 'd46ac013b42367ca3df1df2869f85a13') in 0.003381 seconds
Start importing Packages/com.unity.render-pipelines.core/Editor/LookDev/Icons/Environment.png using Guid(8accc003516bedf4b94c9c8a86b2b6a1) Importer(-1,00000000000000000000000000000000) [PhysX] Initialized MultithreadedTaskDispatcher with 20 workers.
 -> (artifact id: 'd77872ac44071fa5e653ceeabc64f509') in 0.003542 seconds
Start importing Packages/com.unity.render-pipelines.core/Editor/LookDev/Icons/Layout1.png using Guid(9a3173335e5741d438e81064b518bd80) Importer(-1,00000000000000000000000000000000) [PhysX] Initialized MultithreadedTaskDispatcher with 20 workers.
 -> (artifact id: 'c7db8e9b22250830d50392b74c502899') in 0.003368 seconds
Start importing Packages/com.unity.render-pipelines.core/Editor/LookDev/Icons/Link@2x.png using Guid(9a235474413e1f349b010b461c76efac) Importer(-1,00000000000000000000000000000000) [PhysX] Initialized MultithreadedTaskDispatcher with 20 workers.
 -> (artifact id: '9fc59962431e076f7644c502ca8f0653') in 0.003882 seconds
Start importing Packages/com.unity.collab-proxy/Editor/Assets/Images/d_secondarytabclosehover@2x.png using Guid(9aa4348290784b2468144a97eb15d8d7) Importer(-1,00000000000000000000000000000000) [PhysX] Initialized MultithreadedTaskDispatcher with 20 workers.
 -> (artifact id: 'c55ef988ee62cc4a21f7aad07712d4d7') in 0.002733 seconds
Start importing Packages/com.unity.render-pipelines.core/Editor/Lighting/Icons/LightUnitIcons/d_BrightSky@2x.png using Guid(9a278b70c427e8e4caa47a45a5d59de8) Importer(-1,00000000000000000000000000000000) [PhysX] Initialized MultithreadedTaskDispatcher with 20 workers.
 -> (artifact id: '02180ee898466668411558237d8cedad') in 0.004116 seconds
Start importing Packages/com.unity.collab-proxy/Editor/Assets/Images/iconaddedlocal.png using Guid(9a1ab8af8c446204e989a90f18305caf) Importer(-1,00000000000000000000000000000000) [PhysX] Initialized MultithreadedTaskDispatcher with 20 workers.
 -> (artifact id: '223d5bc79c729489b91c03bc705131b9') in 0.003240 seconds
Start importing Packages/com.unity.visualscripting/Graphics/GraphGroup.psd using Guid(9aebf5eaf632b8a4898b295d2cb20c0d) Importer(-1,00000000000000000000000000000000) [PhysX] Initialized MultithreadedTaskDispatcher with 20 workers.
 -> (artifact id: '16c6e7ca445b1739e12cf61fa95ecf9c') in 0.005713 seconds
Start importing Packages/com.unity.collab-proxy/Editor/Assets/Images/d_iconemptygravatar.png using Guid(9aebd705574f9e642aef1e5f59b3e4d8) Importer(-1,00000000000000000000000000000000) [PhysX] Initialized MultithreadedTaskDispatcher with 20 workers.
 -> (artifact id: 'c62b728a7917b4a8a27eafd0682a4c13') in 0.003871 seconds
Start importing Packages/com.unity.2d.animation/Editor/Assets/EditorIcons/Light/Weight_Slider.png using Guid(aa91af43c72989f44bf937fd28243bc7) Importer(-1,00000000000000000000000000000000) [PhysX] Initialized MultithreadedTaskDispatcher with 20 workers.
 -> (artifact id: '02fe9c8e0efb30ad34789d50ddf13472') in 0.003149 seconds
Start importing Packages/com.unity.render-pipelines.core/Editor/LookDev/Icons/SunPosition.png using Guid(aa1dfcb67e8bf664d8d8a1821c118281) Importer(-1,00000000000000000000000000000000) [PhysX] Initialized MultithreadedTaskDispatcher with 20 workers.
 -> (artifact id: 'e7b8ffb0990d056f7df66d8e8a216eb9') in 0.003373 seconds
Start importing Packages/com.unity.render-pipelines.core/Editor/Lighting/Icons/LightUnitIcons/ExteriorLight.png using Guid(baa2eadff75899140ac64277e3f60453) Importer(-1,00000000000000000000000000000000) [PhysX] Initialized MultithreadedTaskDispatcher with 20 workers.
 -> (artifact id: 'df87a5f1a60a2ed4e2a44c86c0008000') in 0.002912 seconds
Start importing Packages/com.unity.visualscripting/Editor/VisualScripting.Core/IconMap/Variables@32x.png using Guid(ba736aa67df8cee43b1b679c961d74f4) Importer(-1,00000000000000000000000000000000) [PhysX] Initialized MultithreadedTaskDispatcher with 20 workers.
 -> (artifact id: '29417e4a9c2e8bc388a3bddd0c648b7f') in 0.004820 seconds
Start importing Packages/com.unity.2d.animation/Editor/Assets/ComponentIcons/Animation.IKCCD On@256.png using Guid(ba345f2f643d842459447c374943401d) Importer(-1,00000000000000000000000000000000) [PhysX] Initialized MultithreadedTaskDispatcher with 20 workers.
 -> (artifact id: '911398074ee1e0e6e00c46d7e1474989') in 0.007635 seconds
Start importing Packages/com.unity.2d.animation/Editor/Assets/EditorIcons/Selected/Generate_Weights@2x.png using Guid(ba75d79a1a0723e488112808560789b7) Importer(-1,00000000000000000000000000000000) [PhysX] Initialized MultithreadedTaskDispatcher with 20 workers.
 -> (artifact id: '895d811d47118f124dc7584d095af12e') in 0.004049 seconds
Start importing Packages/com.unity.collab-proxy/Editor/Assets/Images/iconlock@2x.png using Guid(ba96945b6a1b743579931a87e98041fe) Importer(-1,00000000000000000000000000000000) [PhysX] Initialized MultithreadedTaskDispatcher with 20 workers.
 -> (artifact id: '8b9189c8f25b55207b77898c9fa1390c') in 0.003965 seconds
Start importing Packages/com.unity.2d.animation/Editor/Assets/EditorIcons/Dark/d_Weight_Brush@3x.png using Guid(ba394dd6c02ba3b448659c8a346bf685) Importer(-1,00000000000000000000000000000000) [PhysX] Initialized MultithreadedTaskDispatcher with 20 workers.
 -> (artifact id: '4e54716b1f542d2da4bc5b2226d8810d') in 0.004208 seconds
Start importing Packages/com.unity.2d.tilemap/Editor/Icons/Grid.FlipY@2x.png using Guid(baab1bab0820d0942bb79c6da94b1688) Importer(-1,00000000000000000000000000000000) [PhysX] Initialized MultithreadedTaskDispatcher with 20 workers.
 -> (artifact id: '5af449a72b9344231b059282d9eafa26') in 0.003130 seconds
Start importing Packages/com.unity.render-pipelines.core/Editor/LookDev/Icons/d_SunPosition@2x.png using Guid(ba2d3d7d05fd3e046b6d413365e9b11e) Importer(-1,00000000000000000000000000000000) [PhysX] Initialized MultithreadedTaskDispatcher with 20 workers.
 -> (artifact id: '2735c5cc76ab811881383ac4a0102813') in 0.003990 seconds
Start importing Packages/com.unity.textmeshpro/Editor Resources/Textures/btn_AlignBottom.psd using Guid(ca51b19024094d1b87f3e07edb0a75fb) Importer(-1,00000000000000000000000000000000) [PhysX] Initialized MultithreadedTaskDispatcher with 20 workers.
 -> (artifact id: '1f1dce7459e482a08b7113393462a2b6') in 0.002514 seconds
Start importing Packages/com.unity.2d.psdimporter/Editor/Assets/Icons/Light/Layers Collapsed@1x.png using Guid(ca434c866082043f589e32d65b0d1369) Importer(-1,00000000000000000000000000000000) [PhysX] Initialized MultithreadedTaskDispatcher with 20 workers.
 -> (artifact id: '11653ec694e1d75787bd11e088300cf1') in 0.003524 seconds
Start importing Packages/com.unity.collab-proxy/Editor/Assets/Images/iconinfobellnotification.png using Guid(ca9343b72095cb846be99d76d069dfc0) Importer(-1,00000000000000000000000000000000) [PhysX] Initialized MultithreadedTaskDispatcher with 20 workers.
 -> (artifact id: 'e666eda42d7aaf6bf6b5e47d3a619db3') in 0.003732 seconds
Start importing Packages/com.unity.2d.animation/Editor/Assets/EditorIcons/Selected/Sprite_Mode.png using Guid(ca778bc7303b24948abf3e907abbf2a0) Importer(-1,00000000000000000000000000000000) [PhysX] Initialized MultithreadedTaskDispatcher with 20 workers.
 -> (artifact id: '854bc932cbb4ffe7e721364edb8117f2') in 0.003007 seconds
Start importing Packages/com.unity.2d.animation/Editor/Assets/EditorIcons/Selected/Bone_Influence@4x.png using Guid(daf2ab606d4db0d4f9ecf4c02137d2a8) Importer(-1,00000000000000000000000000000000) [PhysX] Initialized MultithreadedTaskDispatcher with 20 workers.
 -> (artifact id: 'a3e12a5afe6279e0052de0db1de99a3d') in 0.004568 seconds
Start importing Packages/com.unity.collab-proxy/Editor/Assets/Images/iconemptygravatar@2x.png using Guid(da545229eea36164d8b8cba2f75a1143) Importer(-1,00000000000000000000000000000000) [PhysX] Initialized MultithreadedTaskDispatcher with 20 workers.
 -> (artifact id: '233b241d69ce7bbf80d3183139432258') in 0.004680 seconds
Start importing Packages/com.unity.render-pipelines.core/Editor/LookDev/Icons/d_Add@2x.png using Guid(daa49a1f06460a04b9827dd6f0bace08) Importer(-1,00000000000000000000000000000000) [PhysX] Initialized MultithreadedTaskDispatcher with 20 workers.
 -> (artifact id: '39b3a86ce52cb7ebbe076a9b8e51df63') in 0.003862 seconds
Start importing Packages/com.unity.render-pipelines.core/Editor/LookDev/Icons/d_Layout1.png using Guid(da974c4d40533154a83d57ca90e34bb8) Importer(-1,00000000000000000000000000000000) [PhysX] Initialized MultithreadedTaskDispatcher with 20 workers.
 -> (artifact id: '75a208891313e299fbe61dcc7dbf4142') in 0.003318 seconds
Start importing Packages/com.unity.2d.animation/Editor/Assets/ComponentIcons/d_Animation.IKCCD@64.png using Guid(dac7ed727b01c440b9eeee0e2641a333) Importer(-1,00000000000000000000000000000000) [PhysX] Initialized MultithreadedTaskDispatcher with 20 workers.
 -> (artifact id: '7daf2590c1d5a6b618004e37733e26e6') in 0.004220 seconds
Start importing Packages/com.unity.2d.animation/Editor/Assets/EditorIcons/Light/Edit_Joints@3x.png using Guid(da6b55611e420f443a65d0be7a8f8719) Importer(-1,00000000000000000000000000000000) [PhysX] Initialized MultithreadedTaskDispatcher with 20 workers.
 -> (artifact id: '44f5ee6a9022a9efc5dbc639263ae8b0') in 0.004549 seconds
Start importing Packages/com.unity.2d.animation/Editor/Assets/EditorIcons/Selected/Sprite_Mode@3x.png using Guid(ea833d779996e3244b3b567764be9cf0) Importer(-1,00000000000000000000000000000000) [PhysX] Initialized MultithreadedTaskDispatcher with 20 workers.
 -> (artifact id: '854b1bed6c44dd21279c2ad6897d85f9') in 0.003693 seconds
Start importing Packages/com.unity.2d.psdimporter/Editor/Assets/Icons/Dark/Layers Collapsed@4x.png using Guid(ea5547bcdee4e4a8cb4705499aabe76d) Importer(-1,00000000000000000000000000000000) [PhysX] Initialized MultithreadedTaskDispatcher with 20 workers.
 -> (artifact id: '4518a88e2040cf5ff21db96afb31a5a7') in 0.003891 seconds
Start importing Packages/com.unity.timeline/Editor/StyleSheets/Images/DarkSkin/TimelineInfiniteTrackNoShadow.png using Guid(eae63adb172f1164db61a7f4bdfc3637) Importer(-1,00000000000000000000000000000000) [PhysX] Initialized MultithreadedTaskDispatcher with 20 workers.
 -> (artifact id: '04d2c73dfac68c394f72f6440e88ecba') in 0.001998 seconds
Start importing Packages/com.unity.2d.animation/Editor/Assets/EditorIcons/Selected/Generate_Weights@4x.png using Guid(ea292d445b1c4cb48897511cd9453f1c) Importer(-1,00000000000000000000000000000000) [PhysX] Initialized MultithreadedTaskDispatcher with 20 workers.
 -> (artifact id: '5ac9a9dae77232831f777439b43281c4') in 0.004706 seconds
Start importing Packages/com.unity.render-pipelines.universal/Textures/BlueNoise16/L/LDR_LLL1_29.png using Guid(fa042edbfc40fbd4bad0ab9d505b1223) Importer(-1,00000000000000000000000000000000) [PhysX] Initialized MultithreadedTaskDispatcher with 20 workers.
 -> (artifact id: '6c4ccb6641b1731f89b4411767c4fa07') in 0.002416 seconds
Start importing Packages/com.unity.2d.animation/Editor/Assets/ComponentIcons/Animation.SpriteResolver On@256.png using Guid(fa557b89ecf3d44f2b6cae783ce09806) Importer(-1,00000000000000000000000000000000) [PhysX] Initialized MultithreadedTaskDispatcher with 20 workers.
 -> (artifact id: '9d2a5dea0f2472d03047e139f3a964f3') in 0.005872 seconds
Start importing Packages/com.unity.2d.animation/Editor/Assets/ComponentIcons/Animation.SpriteLibrary On@32.png using Guid(fad537f7b1df74e869915bbab4356a0f) Importer(-1,00000000000000000000000000000000) [PhysX] Initialized MultithreadedTaskDispatcher with 20 workers.
 -> (artifact id: '44584bae7ae8a060f8be84dcc37d7156') in 0.003850 seconds
Start importing Packages/com.unity.textmeshpro/Editor Resources/Textures/btn_AlignJustified_Light.psd using Guid(fa6bd40a216346b783a4cce741d277a5) Importer(-1,00000000000000000000000000000000) [PhysX] Initialized MultithreadedTaskDispatcher with 20 workers.
 -> (artifact id: '461f3c835d8ec92ecb2ce3b3cb6cc219') in 0.002395 seconds
Start importing Packages/com.unity.2d.animation/Editor/Assets/EditorIcons/Dark/d_Split Bones@4x.png using Guid(0bf67b4360dc1cd4caa0338c55219e9e) Importer(-1,00000000000000000000000000000000) [PhysX] Initialized MultithreadedTaskDispatcher with 20 workers.
 -> (artifact id: '7bed738fa9cf1574881363135e93e3b2') in 0.004105 seconds
Start importing Packages/com.unity.render-pipelines.core/Editor/Lighting/Icons/LightUnitIcons/d_BlueSky@2x.png using Guid(0b39f97ea330aac459e3fbb440f4b0d0) Importer(-1,00000000000000000000000000000000) [PhysX] Initialized MultithreadedTaskDispatcher with 20 workers.
 -> (artifact id: '0dca66f7a0f26a6b27486241b3236316') in 0.004005 seconds
Start importing Packages/com.unity.2d.animation/Editor/Assets/EditorIcons/Selected/Edit_Joints@3x.png using Guid(0b0f60aa75b9d024480f9aaad450723b) Importer(-1,00000000000000000000000000000000) [PhysX] Initialized MultithreadedTaskDispatcher with 20 workers.
 -> (artifact id: 'd9685a71e5b25ba8f128b939f9b9d590') in 0.003910 seconds
Start importing Packages/com.unity.render-pipelines.core/Editor/Lighting/Icons/LightUnitIcons/InteriorLight@2x.png using Guid(1bb3da4ea375c37498c93327420e6a01) Importer(-1,00000000000000000000000000000000) [PhysX] Initialized MultithreadedTaskDispatcher with 20 workers.
 -> (artifact id: 'd50437d71a2bdc481554c67f1c84d78a') in 0.004236 seconds
Start importing Packages/com.unity.2d.animation/Editor/Assets/EditorIcons/Selected/d_Bone@4x.png using Guid(1bb69cd91685d9248a58b144052746f3) Importer(-1,00000000000000000000000000000000) [PhysX] Initialized MultithreadedTaskDispatcher with 20 workers.
 -> (artifact id: '14487c336af015114d148e90050d7f3e') in 0.004023 seconds
Start importing Packages/com.unity.2d.animation/Editor/Assets/EditorIcons/Selected/Parent_Bone.png using Guid(1b8ac2bef8a060f4ca19b22a3720cb0e) Importer(-1,00000000000000000000000000000000) [PhysX] Initialized MultithreadedTaskDispatcher with 20 workers.
 -> (artifact id: 'b7936e57b1054e2e50db5849df772a7e') in 0.003074 seconds
Start importing Packages/com.unity.collab-proxy/Editor/Assets/Images/d_iconlockedremoteoverlay@2x.png using Guid(2bb4e96f5d0b02c468932d665a015c54) Importer(-1,00000000000000000000000000000000) [PhysX] Initialized MultithreadedTaskDispatcher with 20 workers.
 -> (artifact id: '9c851caa22e0915f0afc58cfdb7a64c7') in 0.002699 seconds
Start importing Packages/com.unity.render-pipelines.core/Editor/LookDev/Icons/d_Link@2x.png using Guid(2b06c35710693f640babb3dcf747d06a) Importer(-1,00000000000000000000000000000000) [PhysX] Initialized MultithreadedTaskDispatcher with 20 workers.
 -> (artifact id: '90fee1c99be311e86c788de9043eef8b') in 0.003651 seconds
Start importing Packages/com.unity.2d.animation/Editor/Assets/EditorIcons/Light/Paste@3x.png using Guid(2b072f285a732f747b9be104aae155b2) Importer(-1,00000000000000000000000000000000) [PhysX] Initialized MultithreadedTaskDispatcher with 20 workers.
 -> (artifact id: 'b324671e269c8ce741889996d1a79335') in 0.004159 seconds
Start importing Packages/com.unity.2d.animation/Editor/Assets/EditorIcons/Selected/d_Mesh@4x.png using Guid(2b4752bce841cc74bb73820ce5212d34) Importer(-1,00000000000000000000000000000000) [PhysX] Initialized MultithreadedTaskDispatcher with 20 workers.
 -> (artifact id: '91448abc008f48d274a526c1f87939b9') in 0.003999 seconds
Start importing Packages/com.unity.collab-proxy/Editor/Assets/Images/d_iconinviteusers@2x.png using Guid(2b9bf8ec5d54fe249ac9e20979ccd42c) Importer(-1,00000000000000000000000000000000) [PhysX] Initialized MultithreadedTaskDispatcher with 20 workers.
 -> (artifact id: 'd02c12e908a7f70102241d0222052b46') in 0.004095 seconds
Start importing Packages/com.unity.2d.animation/Editor/Assets/EditorIcons/Dark/d_Copy@3x.png using Guid(3b5ad4dfc78124a489bb5c48a4b57195) Importer(-1,00000000000000000000000000000000) [PhysX] Initialized MultithreadedTaskDispatcher with 20 workers.
 -> (artifact id: 'dcba8c7e00d5c95187f89d3c083b30de') in 0.003306 seconds
Start importing Packages/com.unity.2d.animation/Editor/Assets/ComponentIcons/Animation.SpriteLibraryManager@32.png using Guid(3b9a6aa9cd66c475ea8cba88e186779f) Importer(-1,00000000000000000000000000000000) [PhysX] Initialized MultithreadedTaskDispatcher with 20 workers.
 -> (artifact id: '7e68749375cf57899dd1fe46ecaa5ecf') in 0.004311 seconds
Start importing Packages/com.unity.2d.animation/Editor/Assets/EditorIcons/Light/Create_Edge@2x.png using Guid(3b4e88f5705085042a95960cdcef2561) Importer(-1,00000000000000000000000000000000) [PhysX] Initialized MultithreadedTaskDispatcher with 20 workers.
 -> (artifact id: 'fb2c1f12e8f4344ed30f021c182bcf64') in 0.003867 seconds
Start importing Packages/com.unity.timeline/Editor/StyleSheets/Images/DarkSkin/TimelineTimeCursor.png using Guid(3b9e9b3d9ade166499e7a17109ca73bf) Importer(-1,00000000000000000000000000000000) [PhysX] Initialized MultithreadedTaskDispatcher with 20 workers.
 -> (artifact id: '86c559fcb6638042866c4852ee0df96e') in 0.002109 seconds
Start importing Packages/com.unity.timeline/Editor/StyleSheets/Images/Icons/TrackAvatarButtonEnabled.png using Guid(4bf6507f1346b2746a35384f6a5fd5f9) Importer(-1,00000000000000000000000000000000) [PhysX] Initialized MultithreadedTaskDispatcher with 20 workers.
 -> (artifact id: '27ffb76594d7eb3f7a50d7ee3d6f6d62') in 0.001805 seconds
Start importing Packages/com.unity.2d.sprite/Editor/ObjectMenuCreation/DefaultAssets/Textures/HexagonPointed-TopWithBorder.png using Guid(4b2a04fdbe0ef4d8da8f90eaca817cd1) Importer(-1,00000000000000000000000000000000) [PhysX] Initialized MultithreadedTaskDispatcher with 20 workers.
 -> (artifact id: '743ad5e40eae0e8e172f8ca3118190d8') in 0.005841 seconds
Start importing Packages/com.unity.2d.tilemap/Editor/Icons/Tilemap.ShowTilePalette.png using Guid(4b6b0d10629b2ea40846b0eed5b74f43) Importer(-1,00000000000000000000000000000000) [PhysX] Initialized MultithreadedTaskDispatcher with 20 workers.
 -> (artifact id: '39769dbb977ea232d202ac1bbf52417b') in 0.003585 seconds
Start importing Packages/com.unity.render-pipelines.universal/Textures/BlueNoise256/LDR_LLL1_1.png using Guid(4b7b083e6b6734e8bb2838b0b50a0bc8) Importer(-1,00000000000000000000000000000000) [PhysX] Initialized MultithreadedTaskDispatcher with 20 workers.
 -> (artifact id: '5e8b190fd609309c5fa1c96bf8125e4c') in 0.002993 seconds
Start importing Packages/com.unity.2d.animation/Editor/Assets/EditorIcons/Light/Edit_Geometry@2x.png using Guid(4bcd27377338b8440bda5ecf26ea2fb5) Importer(-1,00000000000000000000000000000000) [PhysX] Initialized MultithreadedTaskDispatcher with 20 workers.
 -> (artifact id: '68d9f52f61592e44fa2fd39161ec567f') in 0.004615 seconds
Start importing Packages/com.unity.2d.psdimporter/Editor/Assets/Icons/Light/Layers Mixed@4x.png using Guid(4b3e1d5f95a1a455c917ca9403d9283d) Importer(-1,00000000000000000000000000000000) [PhysX] Initialized MultithreadedTaskDispatcher with 20 workers.
 -> (artifact id: 'd8eda60a93f83ce043d6d6f9dc03aaa9') in 0.004042 seconds
Start importing Packages/com.unity.2d.animation/Editor/Assets/SkinningModule/dotCyan.png using Guid(5b56cb1a6bd97f348b3a3b6f875aafd6) Importer(-1,00000000000000000000000000000000) [PhysX] Initialized MultithreadedTaskDispatcher with 20 workers.
 -> (artifact id: '3a18fdc8dad0074eb4530ec4ca411cfa') in 0.002642 seconds
Start importing Packages/com.unity.2d.animation/Editor/Assets/EditorIcons/Selected/Create Bones@2x.png using Guid(5b7f664b515582d458717c354f6be292) Importer(-1,00000000000000000000000000000000) [PhysX] Initialized MultithreadedTaskDispatcher with 20 workers.
 -> (artifact id: '051f6f01519071876c36c85ed27de3de') in 0.003672 seconds
Start importing Packages/com.unity.render-pipelines.core/Editor/LookDev/Icons/LayoutVertical@2x.png using Guid(6b8067336fda8f040bb1f6d336ac08c5) Importer(-1,00000000000000000000000000000000) [PhysX] Initialized MultithreadedTaskDispatcher with 20 workers.
 -> (artifact id: '206c89628764f6d38202f5b3bbd8790f') in 0.002920 seconds
Start importing Packages/com.unity.2d.tilemap/Editor/Icons/Tilemap.FocusTilemap@2x.png using Guid(6b80cdd1d5ce20c4189553f129f4d175) Importer(-1,00000000000000000000000000000000) [PhysX] Initialized MultithreadedTaskDispatcher with 20 workers.
 -> (artifact id: '7cd762c87e8fcb6f0e79ec6e107c6c57') in 0.004162 seconds
Start importing Packages/com.unity.2d.animation/Editor/Assets/EditorIcons/Light/Split Bones@3x.png using Guid(6b35476d10ed5614a949de8f7c45b534) Importer(-1,00000000000000000000000000000000) [PhysX] Initialized MultithreadedTaskDispatcher with 20 workers.
 -> (artifact id: '464648f1958f52b1d2df9291f23808f6') in 0.004540 seconds
Start importing Packages/com.unity.shadergraph/Editor/Resources/Icons/SettingsIcons_hover.png using Guid(6bfd5f3c15e1ee7498657be747544985) Importer(-1,00000000000000000000000000000000) [PhysX] Initialized MultithreadedTaskDispatcher with 20 workers.
 -> (artifact id: 'd6c59155d8f215c692732d358f75c418') in 0.002744 seconds
Start importing Packages/com.unity.2d.animation/Editor/Assets/EditorIcons/Selected/Create Bones.png using Guid(7b86a539750e1a44ca7ec5b7f690babd) Importer(-1,00000000000000000000000000000000) [PhysX] Initialized MultithreadedTaskDispatcher with 20 workers.
 -> (artifact id: 'f3a67c975aff6ee6e2761cc364c89d4c') in 0.003099 seconds
Start importing Packages/com.unity.2d.animation/Editor/Assets/EditorIcons/Selected/Generate_Geometry@4x.png using Guid(7b0bba6a9b6960a4fb500a75d4a4caa0) Importer(-1,00000000000000000000000000000000) [PhysX] Initialized MultithreadedTaskDispatcher with 20 workers.
 -> (artifact id: '542bc387bfbd33a5950a7971638e4ac9') in 0.004261 seconds
Start importing Packages/com.unity.timeline/Editor/StyleSheets/Images/Icons/d_TimelineEditModeReplaceON.png using Guid(7b4b3cedf598c954cb2f38d6e2e34c0d) Importer(-1,00000000000000000000000000000000) [PhysX] Initialized MultithreadedTaskDispatcher with 20 workers.
 -> (artifact id: 'd5acc57bc3c823fb9b10cebdaa6224d2') in 0.002384 seconds
Start importing Packages/com.unity.textmeshpro/Editor Resources/Textures/btn_AlignBaseLine.psd using Guid(8bc445bb79654bf496c92d0407840a92) Importer(-1,00000000000000000000000000000000) [PhysX] Initialized MultithreadedTaskDispatcher with 20 workers.
 -> (artifact id: 'ca4c088331ba7f8eed110028f9138f7c') in 0.002067 seconds
Start importing Packages/com.unity.2d.animation/Editor/Assets/ComponentIcons/Animation.IKFabrik@256.png using Guid(8be64ad32582748f1965311ca0665f30) Importer(-1,00000000000000000000000000000000) [PhysX] Initialized MultithreadedTaskDispatcher with 20 workers.
 -> (artifact id: 'a1c1896e4eb076b629171ee3c5847315') in 0.008917 seconds
Start importing Packages/com.unity.2d.common/Path/Editor/Handles/TangentBrokenPro.png using Guid(8bdd64764208642f9adc3509ebbe41a3) Importer(-1,00000000000000000000000000000000) [PhysX] Initialized MultithreadedTaskDispatcher with 20 workers.
 -> (artifact id: '660345fb9befd1be8a14cc42987f7f62') in 0.002943 seconds
Start importing Packages/com.unity.2d.animation/Editor/Assets/EditorIcons/Dark/d_Parent_Bone.png using Guid(8b8fa969cc0cac04b97330905b3dd95b) Importer(-1,00000000000000000000000000000000) [PhysX] Initialized MultithreadedTaskDispatcher with 20 workers.
 -> (artifact id: 'ea8d9313498d4424c60bdb27dfd47534') in 0.003340 seconds
Start importing Packages/com.unity.2d.sprite/Editor/Assets/SpriteEditor.png using Guid(9b243bd8491a24b2cbe5231468a93813) Importer(-1,00000000000000000000000000000000) [PhysX] Initialized MultithreadedTaskDispatcher with 20 workers.
 -> (artifact id: '0383df8923b779cb7bb237674c2b400d') in 0.003444 seconds
Start importing Packages/com.unity.collab-proxy/Editor/Assets/Images/d_iconbrex@2x.png using Guid(9b76c79563c3a274aa48b0dbdf009693) Importer(-1,00000000000000000000000000000000) [PhysX] Initialized MultithreadedTaskDispatcher with 20 workers.
 -> (artifact id: '146ce3766b3c89292b9f316aad587756') in 0.003815 seconds
Start importing Packages/com.unity.render-pipelines.universal/Editor/Decal/Resources/DecalGizmo.png using Guid(9ba98ca4f0fc0754caca09e38af0cc0a) Importer(-1,00000000000000000000000000000000) [PhysX] Initialized MultithreadedTaskDispatcher with 20 workers.
 -> (artifact id: '908579a6a0e604aa98d3d36837f9f9ec') in 0.007685 seconds
Start importing Packages/com.unity.2d.animation/Editor/Assets/ComponentIcons/d_Animation.IKLimb.png using Guid(aba5d07cce7d34a7587f27f48d05dd9b) Importer(-1,00000000000000000000000000000000) [PhysX] Initialized MultithreadedTaskDispatcher with 20 workers.
 -> (artifact id: '50056e18fff1ff6ddcab97591e8c3836') in 0.004405 seconds
Start importing Packages/com.unity.render-pipelines.core/Editor/LookDev/Icons/d_Rotation.png using Guid(abc6ce87642c5c1478a4b107d1c5688a) Importer(-1,00000000000000000000000000000000) [PhysX] Initialized MultithreadedTaskDispatcher with 20 workers.
 -> (artifact id: '515894de5eb20bbdc88bf37e87d20eb5') in 0.002436 seconds
Start importing Packages/com.unity.collab-proxy/Editor/Assets/Images/iconbrex@2x.png using Guid(ab97695f01bc84c4b93e8440531417e7) Importer(-1,00000000000000000000000000000000) [PhysX] Initialized MultithreadedTaskDispatcher with 20 workers.
 -> (artifact id: '2333055dcf5530fdea9c7efda7293f5f') in 0.003216 seconds
Start importing Packages/com.unity.render-pipelines.core/Editor/LookDev/Icons/LeftArrow.png using Guid(aba72f93e9005054dba8cb368c0bf724) Importer(-1,00000000000000000000000000000000) [PhysX] Initialized MultithreadedTaskDispatcher with 20 workers.
 -> (artifact id: '0b5c326797a534e22d26cac1b4c3d3fe') in 0.003093 seconds
Start importing Packages/com.unity.2d.tilemap/Editor/Icons/Tilemap.ActiveTargetLayers.png using Guid(abbc28ff73b72b1438f893d41ca52fb0) Importer(-1,00000000000000000000000000000000) [PhysX] Initialized MultithreadedTaskDispatcher with 20 workers.
 -> (artifact id: '10a2efe13cf44ec05fd29e9a549bcbc0') in 0.003877 seconds
Start importing Packages/com.unity.timeline/Editor/StyleSheets/Images/DarkSkin/TimelineIconClipIn.png using Guid(ab1e2f0dfb0df5e40bb95359b3d8ed3a) Importer(-1,00000000000000000000000000000000) [PhysX] Initialized MultithreadedTaskDispatcher with 20 workers.
 -> (artifact id: 'b89cf5c41a28d2c1c0d1fd5e34790af2') in 0.002513 seconds
Start importing Packages/com.unity.2d.animation/Editor/Assets/EditorIcons/Selected/Copy@3x.png using Guid(bb51334c6930f864abac38001f7bdf6e) Importer(-1,00000000000000000000000000000000) [PhysX] Initialized MultithreadedTaskDispatcher with 20 workers.
 -> (artifact id: 'a2bda93db6f9584ac8d5450163c90f2e') in 0.003262 seconds
Start importing Packages/com.unity.textmeshpro/Editor Resources/Textures/btn_AlignMidline_Light.psd using Guid(bb42b2d967d6427983c901a4ffc8ecd9) Importer(-1,00000000000000000000000000000000) [PhysX] Initialized MultithreadedTaskDispatcher with 20 workers.
 -> (artifact id: '1b3dbd59b4c8c63a42c4131e3ffd40d5') in 0.002191 seconds
Start importing Packages/com.unity.2d.animation/Editor/Assets/EditorIcons/Dark/d_Generate_Geometry.png using Guid(bba3ad14ed4c2d64fbd090a846ffaaea) Importer(-1,00000000000000000000000000000000) [PhysX] Initialized MultithreadedTaskDispatcher with 20 workers.
 -> (artifact id: 'b6ff106845bdc5ef35aebaf068f48e00') in 0.003420 seconds
Start importing Packages/com.unity.2d.animation/Editor/Assets/EditorIcons/Selected/Weight_Brush@2x.png using Guid(bb668641abe10a64891e26613cf530ee) Importer(-1,00000000000000000000000000000000) [PhysX] Initialized MultithreadedTaskDispatcher with 20 workers.
 -> (artifact id: '2a3e73756bb7933b20b49f3b98d42e70') in 0.004200 seconds
Start importing Packages/com.unity.collab-proxy/Editor/Assets/Images/d_iconcheckedoutlocaloverlay.png using Guid(bb1928aff4fd4cf44af1f629dc14ef9b) Importer(-1,00000000000000000000000000000000) [PhysX] Initialized MultithreadedTaskDispatcher with 20 workers.
 -> (artifact id: '96f3056acbe635169b312e0fd3f7ffed') in 0.003209 seconds
Start importing Packages/com.unity.render-pipelines.core/Editor/Lighting/Icons/LightUnitIcons/CloudySky.png using Guid(bb2cc982d8ff1aa4a9ce5ee5fdb29023) Importer(-1,00000000000000000000000000000000) [PhysX] Initialized MultithreadedTaskDispatcher with 20 workers.
 -> (artifact id: 'a7b92d7340ae7c91025fd019bd190e29') in 0.002811 seconds
Start importing Packages/com.unity.render-pipelines.universal/Textures/BlueNoise256/LDR_LLL1_3.png using Guid(cb76dd40fa7654f9587f6a344f125c9a) Importer(-1,00000000000000000000000000000000) [PhysX] Initialized MultithreadedTaskDispatcher with 20 workers.
 -> (artifact id: '8fdace44ac420a872f084a9f5352e418') in 0.003078 seconds
Start importing Packages/com.unity.render-pipelines.core/Editor/LookDev/Icons/d_renderdoc.png using Guid(cbe929948d88af7409a05054bc8187c7) Importer(-1,00000000000000000000000000000000) [PhysX] Initialized MultithreadedTaskDispatcher with 20 workers.
 -> (artifact id: '93e4ff06bfd8918e48d93d0a54561e80') in 0.003234 seconds
Start importing Packages/com.unity.render-pipelines.core/Editor/LookDev/Icons/Add.png using Guid(cbaeed03e5416aa4bae23110b63a0c7d) Importer(-1,00000000000000000000000000000000) [PhysX] Initialized MultithreadedTaskDispatcher with 20 workers.
 -> (artifact id: '4e95452b127cc414a96c0c7df07382ed') in 0.003195 seconds
Start importing Packages/com.unity.2d.animation/Editor/Assets/EditorIcons/Light/Generate_Geometry.png using Guid(cbef2434b36ff174a98995b13ef80390) Importer(-1,00000000000000000000000000000000) [PhysX] Initialized MultithreadedTaskDispatcher with 20 workers.
 -> (artifact id: '126b8d0737edf6db6bfba8c0a0c760ce') in 0.003800 seconds
Start importing Packages/com.unity.timeline/Editor/StyleSheets/Images/Icons/TrackMuteButtonDisabled@2x.png using Guid(db31466324572e740a431e4e0e03a016) Importer(-1,00000000000000000000000000000000) [PhysX] Initialized MultithreadedTaskDispatcher with 20 workers.
 -> (artifact id: '9b180058d2a0f241d2ebadce8cb7b61f') in 0.002017 seconds
Start importing Packages/com.unity.render-pipelines.core/Editor/Lighting/Icons/LightUnitIcons/ClearSky.png using Guid(db0321d865208c648ae843f39ab69004) Importer(-1,00000000000000000000000000000000) [PhysX] Initialized MultithreadedTaskDispatcher with 20 workers.
 -> (artifact id: '4c7db5e9bc29b623f20d1d828b3d2133') in 0.003667 seconds
Start importing Packages/com.unity.timeline/Editor/StyleSheets/Images/Icons/d_TrackRecordButtonDisabled@2x.png using Guid(db15c78579dee4a4db85f392634c8ecc) Importer(-1,00000000000000000000000000000000) [PhysX] Initialized MultithreadedTaskDispatcher with 20 workers.
 -> (artifact id: 'fa0a06f712ddbd0b3a53d96aa1c1c410') in 0.001967 seconds
Start importing Packages/com.unity.2d.sprite/Editor/ObjectMenuCreation/DefaultAssets/Textures/SquareWithBorder.png using Guid(db750325989564987a34393247d883b4) Importer(-1,00000000000000000000000000000000) [PhysX] Initialized MultithreadedTaskDispatcher with 20 workers.
 -> (artifact id: '471138839e06f67df07ff9214bf502ca') in 0.005367 seconds
Start importing Packages/com.unity.timeline/Editor/StyleSheets/Images/Shared/TimelineBottomShadow.png using Guid(db66ea47c76423f4a881937d34495801) Importer(-1,00000000000000000000000000000000) [PhysX] Initialized MultithreadedTaskDispatcher with 20 workers.
 -> (artifact id: '5e88b9bdad0f2d21c5c2842dcb5d76f8') in 0.002384 seconds
Start importing Packages/com.unity.2d.animation/Editor/Assets/EditorIcons/Dark/d_Generate_Geometry@4x.png using Guid(db49e13fa9e16dc44b5ffb6bc43d4235) Importer(-1,00000000000000000000000000000000) [PhysX] Initialized MultithreadedTaskDispatcher with 20 workers.
 -> (artifact id: '0fe4b8e9e085c5874489391a25f4cc60') in 0.005035 seconds
Start importing Packages/com.unity.render-pipelines.core/Editor/LookDev/Icons/d_Rotation@2x.png using Guid(db7aaa162a1a5a54b826d15b5b20fb06) Importer(-1,00000000000000000000000000000000) [PhysX] Initialized MultithreadedTaskDispatcher with 20 workers.
 -> (artifact id: 'e992566953acb639e212f5adbce9c92e') in 0.004017 seconds
Start importing Packages/com.unity.2d.animation/Editor/Assets/ComponentIcons/Animation.SpriteResolver On.png using Guid(db2b3974aac164565bda03b3e0d93046) Importer(-1,00000000000000000000000000000000) [PhysX] Initialized MultithreadedTaskDispatcher with 20 workers.
 -> (artifact id: 'a02f4f4765ec08246aa7be9abde518a4') in 0.003470 seconds
Start importing Packages/com.unity.2d.tilemap/Editor/Icons/Tilemap.ShowGrid@2x.png using Guid(db1e8fc8f15be484bb9f866640b84c04) Importer(-1,00000000000000000000000000000000) [PhysX] Initialized MultithreadedTaskDispatcher with 20 workers.
 -> (artifact id: 'b084c24f48825563efd8c0aa85a2b791') in 0.004001 seconds
Start importing Packages/com.unity.2d.animation/Editor/Assets/EditorIcons/Selected/Edit_Pose@4x.png using Guid(eb81c5f176e01b746be35f0aa3603593) Importer(-1,00000000000000000000000000000000) [PhysX] Initialized MultithreadedTaskDispatcher with 20 workers.
 -> (artifact id: '1e2641e96d1aa1b8be43c1e082872414') in 0.004592 seconds
Start importing Packages/com.unity.2d.sprite/Editor/ObjectMenuCreation/DefaultAssets/Textures/Circle.png using Guid(ebe73ca9363db456bacf42c025bb4847) Importer(-1,00000000000000000000000000000000) [PhysX] Initialized MultithreadedTaskDispatcher with 20 workers.
 -> (artifact id: '8a5ace16fa8272763861621f569a33ca') in 0.005924 seconds
Start importing Packages/com.unity.2d.animation/Editor/Assets/EditorIcons/Dark/d_Parent_Bone@3x.png using Guid(ebda3a880d7c2f14999e6ef07ebbd37d) Importer(-1,00000000000000000000000000000000) [PhysX] Initialized MultithreadedTaskDispatcher with 20 workers.
 -> (artifact id: '0f018e69c91de9ea8397e81fe09deceb') in 0.004191 seconds
Start importing Packages/com.unity.2d.animation/Editor/Assets/EditorIcons/Dark/d_Create_Edge@2x.png using Guid(ebaf5b914f751a142b6851d985adf69d) Importer(-1,00000000000000000000000000000000) [PhysX] Initialized MultithreadedTaskDispatcher with 20 workers.
 -> (artifact id: 'a7dc45669fad43f6ba05a6f3744e7dbd') in 0.003825 seconds
Start importing Packages/com.unity.render-pipelines.core/Editor/Lighting/Icons/LightUnitIcons/d_Shade.png using Guid(fbe2a78a665b37a4c9ec6623f42feb59) Importer(-1,00000000000000000000000000000000) [PhysX] Initialized MultithreadedTaskDispatcher with 20 workers.
 -> (artifact id: 'ae8308aed38bb4215869a8aa9973446d') in 0.003676 seconds
Start importing Packages/com.unity.textmeshpro/Editor Resources/Textures/SectionHeader_Dark.psd using Guid(fb5730e24283d0c489e5c7d0bee023d9) Importer(-1,00000000000000000000000000000000) [PhysX] Initialized MultithreadedTaskDispatcher with 20 workers.
 -> (artifact id: '72145e3ec8135003c7d29b25b000eacd') in 0.002311 seconds
Start importing Packages/com.unity.visualscripting/Graphics/FlowPorts_24x.psd using Guid(fb8aec2313da2234687b591ff0c0e622) Importer(-1,00000000000000000000000000000000) [PhysX] Initialized MultithreadedTaskDispatcher with 20 workers.
 -> (artifact id: '3163519c80a4ee096df97878b3c771aa') in 0.002704 seconds
Start importing Packages/com.unity.timeline/Editor/StyleSheets/Images/Icons/d_TrackCurvesButtonEnabled.png using Guid(fbcdeb07ee516a64daa01ce462874280) Importer(-1,00000000000000000000000000000000) [PhysX] Initialized MultithreadedTaskDispatcher with 20 workers.
 -> (artifact id: '80e4a63192e787ba4ec345e186fedf58') in 0.002076 seconds
Start importing Packages/com.unity.shadergraph/Editor/Resources/GraphView/Nodes/NodeChevronLeft.png using Guid(fb2ebd29216e958449e2ce6f37fde61d) Importer(-1,00000000000000000000000000000000) [PhysX] Initialized MultithreadedTaskDispatcher with 20 workers.
 -> (artifact id: 'ac62ca8a73c86cbb85535a57cf698873') in 0.002733 seconds
Start importing Packages/com.unity.render-pipelines.universal/Editor/2D/Resources/LightCapBottomLeft.png using Guid(fb7e2c1cde476854fb7067dcca74511a) Importer(-1,00000000000000000000000000000000) [PhysX] Initialized MultithreadedTaskDispatcher with 20 workers.
 -> (artifact id: '85abccb8188b4cbb01c8d12d98d0fc25') in 0.001806 seconds
Start importing Packages/com.unity.2d.psdimporter/Editor/Assets/Icons/Light/Layers Separated@16x.png using Guid(0c6027d31d0b44acbb45af1bcf05e0db) Importer(-1,00000000000000000000000000000000) [PhysX] Initialized MultithreadedTaskDispatcher with 20 workers.
 -> (artifact id: 'be9caef8a9982d0b83a0526a649a722d') in 0.006028 seconds
Start importing Packages/com.unity.render-pipelines.core/Editor/Lighting/Icons/LightUnitIcons/d_CloudySky.png using Guid(0c24a3ead3381ee4cb4574c5be266d87) Importer(-1,00000000000000000000000000000000) [PhysX] Initialized MultithreadedTaskDispatcher with 20 workers.
 -> (artifact id: '6252a78be1ab7d9a086ac0896278d5e4') in 0.003329 seconds
Start importing Packages/com.unity.render-pipelines.core/Editor/Lighting/Icons/LightUnitIcons/d_ExteriorLight@2x.png using Guid(0cd6ad04e58c5e1478f2925fa64f5b57) Importer(-1,00000000000000000000000000000000) [PhysX] Initialized MultithreadedTaskDispatcher with 20 workers.
 -> (artifact id: '59bbc2787e8205e0b84105dc83c2c377') in 0.003848 seconds
Start importing Packages/com.unity.searcher/Editor/Resources/FlatSkin/SearchSmallDownOff@2x.png using Guid(0c2aa48d028b3134dbbb5ceb57bff5ac) Importer(-1,00000000000000000000000000000000) [PhysX] Initialized MultithreadedTaskDispatcher with 20 workers.
 -> (artifact id: '4028dc430faef7d7206a66e8e3e139bf') in 0.002069 seconds
Start importing Packages/com.unity.collab-proxy/Editor/Assets/Images/d_iconaddedlocal.png using Guid(0c6a2a64ca9f9c946a7dbbd1674cf5bd) Importer(-1,00000000000000000000000000000000) [PhysX] Initialized MultithreadedTaskDispatcher with 20 workers.
 -> (artifact id: '32f6192370de39270c0569ba16d85cf5') in 0.002725 seconds
Start importing Packages/com.unity.visualscripting/Editor/VisualScripting.Core/IconMap/FlowGraph@32x.png using Guid(0ccb256674ae837499e788d1cca73948) Importer(-1,00000000000000000000000000000000) [PhysX] Initialized MultithreadedTaskDispatcher with 20 workers.
 -> (artifact id: 'ff1b0016b2bc12c0dced0b1e90b89f42') in 0.005874 seconds
Start importing Packages/com.unity.2d.animation/Editor/Assets/EditorIcons/Selected/character_Mode@4x.png using Guid(0ccc508108fa6ed4fa11b4a467d7f609) Importer(-1,00000000000000000000000000000000) [PhysX] Initialized MultithreadedTaskDispatcher with 20 workers.
 -> (artifact id: '7d616152cb4592ef116d0b724e7a919c') in 0.003967 seconds
Start importing Packages/com.unity.render-pipelines.core/Editor/LookDev/Icons/LayoutCustom.png using Guid(1cc4a70085896c04bbfbf60669963fc8) Importer(-1,00000000000000000000000000000000) [PhysX] Initialized MultithreadedTaskDispatcher with 20 workers.
 -> (artifact id: 'f8620a79930cb2c3951c54b0ba68dc88') in 0.003135 seconds
Start importing Packages/com.unity.2d.tilemap/Editor/Icons/d_Tilemap.BrushSettings.png using Guid(1cea3c0d30c40344881603d28240cfd3) Importer(-1,00000000000000000000000000000000) [PhysX] Initialized MultithreadedTaskDispatcher with 20 workers.
 -> (artifact id: 'ab779722ec71d6652fa52315b99aaca7') in 0.003091 seconds
Start importing Packages/com.unity.render-pipelines.universal/Textures/BlueNoise16/L/LDR_LLL1_25.png using Guid(1c3c6d69a645b804fa232004b96b7ad3) Importer(-1,00000000000000000000000000000000) [PhysX] Initialized MultithreadedTaskDispatcher with 20 workers.
 -> (artifact id: 'e220895f2cfe68134114a2a3ba92455e') in 0.001765 seconds
Start importing Packages/com.unity.2d.animation/Editor/Assets/EditorIcons/Dark/d_Visibility_Tool@2x 1.png using Guid(1c5db39ecfdc3764c9b3874920a80999) Importer(-1,00000000000000000000000000000000) [PhysX] Initialized MultithreadedTaskDispatcher with 20 workers.
 -> (artifact id: '40fa8065a4beebff25d204abe7439e75') in 0.003592 seconds
Start importing Packages/com.unity.timeline/Editor/StyleSheets/Images/Icons/d_TrackLockButtonEnabled@2x.png using Guid(2c85066ea99cfbe4f90294bf295ce543) Importer(-1,00000000000000000000000000000000) [PhysX] Initialized MultithreadedTaskDispatcher with 20 workers.
 -> (artifact id: '300fcb6463360740b2b09d3be623222c') in 0.002397 seconds
Start importing Packages/com.unity.render-pipelines.universal/Editor/2D/ShapeEditor/Resources/TangentLinearPro.png using Guid(2ce62e9a7e0a56844bf0b342840bbdf7) Importer(-1,00000000000000000000000000000000) [PhysX] Initialized MultithreadedTaskDispatcher with 20 workers.
 -> (artifact id: '1489517bffffefa2b0d1c4843f4aedf5') in 0.004176 seconds
Start importing Packages/com.unity.render-pipelines.universal/Textures/BlueNoise16/L/LDR_LLL1_4.png using Guid(2ca97df9d1801e84a8a8f2c53cb744f0) Importer(-1,00000000000000000000000000000000) [PhysX] Initialized MultithreadedTaskDispatcher with 20 workers.
 -> (artifact id: '4b3ddf09815d5c7302205d71c3dac64f') in 0.002114 seconds
Start importing Packages/com.unity.collab-proxy/Editor/Assets/Images/d_icondeletedremoteoverlay@2x.png using Guid(2cfbf6619eb047545a425e8a31732c83) Importer(-1,00000000000000000000000000000000) [PhysX] Initialized MultithreadedTaskDispatcher with 20 workers.
 -> (artifact id: '734265e2f1c2c96131091884297077d9') in 0.002959 seconds
Start importing Packages/com.unity.2d.animation/Editor/Assets/EditorIcons/Dark/d_Create_Vertex@4x.png using Guid(2ced226d9df062547882002f633ab6ee) Importer(-1,00000000000000000000000000000000) [PhysX] Initialized MultithreadedTaskDispatcher with 20 workers.
 -> (artifact id: '0e01fdc1b7d52cc0ce342fdf1de43617') in 0.004284 seconds
Start importing Packages/com.unity.2d.animation/Editor/Assets/EditorIcons/Light/Split_Edge@2x.png using Guid(3c84cd9c7ddd51c4b959d02c41aced07) Importer(-1,00000000000000000000000000000000) [PhysX] Initialized MultithreadedTaskDispatcher with 20 workers.
 -> (artifact id: '72743211bd491cb7e6fdbcbba1720a23') in 0.004631 seconds
Start importing Packages/com.unity.collab-proxy/Editor/Assets/Images/d_iconinfobellnotification@2x.png using Guid(3cf8ae89579fd29479f4269d09600e16) Importer(-1,00000000000000000000000000000000) [PhysX] Initialized MultithreadedTaskDispatcher with 20 workers.
 -> (artifact id: 'f52cd1d9a560209b6c52b4c3286649fb') in 0.003965 seconds
Start importing Packages/com.unity.2d.animation/Editor/Assets/ComponentIcons/d_Animation.SpriteResolver@64.png using Guid(4c30b1506cccf4f46952be11e3a98523) Importer(-1,00000000000000000000000000000000) [PhysX] Initialized MultithreadedTaskDispatcher with 20 workers.
 -> (artifact id: '50c905d20b1aeaa7af0dfa0ac2810a16') in 0.004286 seconds
Start importing Packages/com.unity.shadergraph/Editor/Resources/GraphView/Nodes/NodeChevronDown.png using Guid(4c07dcabd0a45844eb0889811a49b9bf) Importer(-1,00000000000000000000000000000000) [PhysX] Initialized MultithreadedTaskDispatcher with 20 workers.
 -> (artifact id: 'ffeaacd863cc01301e28c0ec93efba5a') in 0.002107 seconds
Start importing Packages/com.unity.2d.animation/Editor/Assets/ComponentIcons/d_Animation.SpriteResolver@256.png using Guid(4c78d8667944f4116ba9dd56d2219e77) Importer(-1,00000000000000000000000000000000) [PhysX] Initialized MultithreadedTaskDispatcher with 20 workers.
 -> (artifact id: 'a8b6c0f8e63972c01458d2755eac093e') in 0.006654 seconds
Start importing Packages/com.unity.2d.animation/Editor/Assets/EditorIcons/Light/False.png using Guid(4cbbf7337aa794bf299ec0044983eef2) Importer(-1,00000000000000000000000000000000) [PhysX] Initialized MultithreadedTaskDispatcher with 20 workers.
 -> (artifact id: '3f60fdefffc3ac7b2e5547ea8ba3bd34') in 0.003550 seconds
Start importing Packages/com.unity.2d.animation/Editor/Assets/ComponentIcons/Animation.SpriteLibraryVar@128.png using Guid(5c718c499137a4dc48bbf03037c806f6) Importer(-1,00000000000000000000000000000000) [PhysX] Initialized MultithreadedTaskDispatcher with 20 workers.
 -> (artifact id: '2f22c0c20f95ff54af34a7a802efd2e9') in 0.005767 seconds
Start importing Packages/com.unity.2d.animation/Editor/Assets/ComponentIcons/Animation.IKManager On@128.png using Guid(5c81e841f99f744f997dfa12ce9c2a82) Importer(-1,00000000000000000000000000000000) [PhysX] Initialized MultithreadedTaskDispatcher with 20 workers.
 -> (artifact id: '169d863664fe11d038852158d73f84d3') in 0.004777 seconds
Start importing Packages/com.unity.2d.animation/Editor/Assets/ComponentIcons/Animation.SpriteResolver On@128.png using Guid(5c838469e8ab742f081032f02a904a31) Importer(-1,00000000000000000000000000000000) [PhysX] Initialized MultithreadedTaskDispatcher with 20 workers.
 -> (artifact id: 'e4758f9024e5426e60ad837aedd3d111') in 0.004276 seconds
Start importing Packages/com.unity.2d.psdimporter/Editor/Assets/Icons/Light/Layers Collapsed@8x.png using Guid(5c35aefb0965746fc8ade2cd405f2ac7) Importer(-1,00000000000000000000000000000000) [PhysX] Initialized MultithreadedTaskDispatcher with 20 workers.
 -> (artifact id: '6eb0d05ca34a062f27cf9c02a8e4aeb4') in 0.004419 seconds
Start importing Packages/com.unity.2d.animation/Editor/Assets/ComponentIcons/d_ErrorIcon_Small.png using Guid(5cc9ffa0f39d24f5ebb62d36675dd296) Importer(-1,00000000000000000000000000000000) [PhysX] Initialized MultithreadedTaskDispatcher with 20 workers.
 -> (artifact id: '38fe432c2872990063d75171d689f347') in 0.003812 seconds
Start importing Packages/com.unity.2d.animation/Editor/Assets/ComponentIcons/Animation.SpriteLibrary@32.png using Guid(5c6d7a5595d5b4713980d6a92eb6fced) Importer(-1,00000000000000000000000000000000) [PhysX] Initialized MultithreadedTaskDispatcher with 20 workers.
 -> (artifact id: '7dd2fdd3d89c01f7a89d16dd18b82fc1') in 0.004206 seconds
Start importing Packages/com.unity.2d.animation/Editor/Assets/ComponentIcons/Animation.SpriteSkin@128.png using Guid(5caee0ba7342b4b2cacdbe0e6030c7b0) Importer(-1,00000000000000000000000000000000) [PhysX] Initialized MultithreadedTaskDispatcher with 20 workers.
 -> (artifact id: '5427bae80621af59bb21d2e9cfcdb225') in 0.004432 seconds
Start importing Packages/com.unity.render-pipelines.universal/Textures/FilmGrain/Large02.png using Guid(5cdee82a77d13994f83b8fdabed7c301) Importer(-1,00000000000000000000000000000000) [PhysX] Initialized MultithreadedTaskDispatcher with 20 workers.
 -> (artifact id: '3723c6edf3b28058d16519618bbf1394') in 0.006117 seconds
Start importing Packages/com.unity.2d.tilemap/Editor/Icons/d_Tilemap.FocusGrid@2x.png using Guid(6c05763976bcac64ebefb1f097e6ef84) Importer(-1,00000000000000000000000000000000) [PhysX] Initialized MultithreadedTaskDispatcher with 20 workers.
 -> (artifact id: '7e41252ac2571d74eba66dbeb6b1db4b') in 0.003948 seconds
Start importing Packages/com.unity.timeline/Editor/StyleSheets/Images/Shared/TimelineGroupBackground.png using Guid(6ca5daa3415451940921fa7e2c3db9e8) Importer(-1,00000000000000000000000000000000) [PhysX] Initialized MultithreadedTaskDispatcher with 20 workers.
 -> (artifact id: '0cb87f4e3c4ed3ff4b78f23fce0a05ef') in 0.002310 seconds
Start importing Packages/com.unity.2d.animation/Editor/Assets/EditorIcons/Selected/Copy@2x.png using Guid(6cc5103edc9f0dd4f80e8274c73dfeac) Importer(-1,00000000000000000000000000000000) [PhysX] Initialized MultithreadedTaskDispatcher with 20 workers.
 -> (artifact id: '05c21de47381b8c251823eca9c3f5273') in 0.003357 seconds
Start importing Packages/com.unity.2d.tilemap/Editor/Icons/Tilemap.DefaultBrush@4x.png using Guid(6ccf4234805f2d049a6869c33213ff65) Importer(-1,00000000000000000000000000000000) [PhysX] Initialized MultithreadedTaskDispatcher with 20 workers.
 -> (artifact id: '6ca1cd19b4ab28da9cf5ec647425a6aa') in 0.004427 seconds
Start importing Packages/com.unity.2d.animation/Editor/Assets/EditorIcons/Selected/Sprite_Influence@3x.png using Guid(7ce16c63ba627427cab935593c090e34) Importer(-1,00000000000000000000000000000000) [PhysX] Initialized MultithreadedTaskDispatcher with 20 workers.
 -> (artifact id: 'aa3b631075046130a30fe22bed4b11f6') in 0.004636 seconds
Start importing Packages/com.unity.render-pipelines.universal/Textures/BlueNoise16/L/LDR_LLL1_3.png using Guid(7ce2118f74614a94aa8a0cdf2e6062c3) Importer(-1,00000000000000000000000000000000) [PhysX] Initialized MultithreadedTaskDispatcher with 20 workers.
 -> (artifact id: '2b0b401c396f224bccd9de6f72e167fb') in 0.001884 seconds
Start importing Packages/com.unity.timeline/Editor/StyleSheets/Images/Icons/TrackAvatarButtonDisabled@2x.png using Guid(7c05578092876a0458b8b480269aef86) Importer(-1,00000000000000000000000000000000) [PhysX] Initialized MultithreadedTaskDispatcher with 20 workers.
 -> (artifact id: 'faa59cf34e2ff08a77284ec74ec9f6c6') in 0.001863 seconds
Start importing Packages/com.unity.timeline/Editor/StyleSheets/Images/Icons/d_TimelineEditModeMixON.png using Guid(7c681ffb5a436684fa3e98a9b66775c0) Importer(-1,00000000000000000000000000000000) [PhysX] Initialized MultithreadedTaskDispatcher with 20 workers.
 -> (artifact id: '6221e07d87c6c7d3f66e3ee06aeae047') in 0.001818 seconds
Start importing Packages/com.unity.render-pipelines.universal/Editor/2D/Resources/PixelPerfectCamera.png using Guid(7cba34d70552e144586a4d3ce4a33de5) Importer(-1,00000000000000000000000000000000) [PhysX] Initialized MultithreadedTaskDispatcher with 20 workers.
 -> (artifact id: '0d46d44b2841500653c353a88de16841') in 0.002481 seconds
Start importing Packages/com.unity.2d.animation/Editor/Assets/ComponentIcons/d_Animation.SpriteLibrary@128.png using Guid(7c1d940f1184e44269a954817b343570) Importer(-1,00000000000000000000000000000000) [PhysX] Initialized MultithreadedTaskDispatcher with 20 workers.
 -> (artifact id: 'b9d1e9e3ebf99b1b1b173c8b3446a405') in 0.005270 seconds
Start importing Packages/com.unity.2d.animation/Editor/Assets/EditorIcons/Dark/d_Edit_Joints.png using Guid(8c3235661573d7b44bd864536f83d0ea) Importer(-1,00000000000000000000000000000000) [PhysX] Initialized MultithreadedTaskDispatcher with 20 workers.
 -> (artifact id: '36ad15469804fca97fc88e4f0a578f4c') in 0.003898 seconds
Start importing Packages/com.unity.2d.animation/Editor/Assets/EditorIcons/Dark/d_Visibility_Tool 1.png using Guid(8ce57331a725cc74d84af900f8f3c641) Importer(-1,00000000000000000000000000000000) [PhysX] Initialized MultithreadedTaskDispatcher with 20 workers.
 -> (artifact id: '6e81c5add4dbe5d3f85c71bb1858c8fd') in 0.003184 seconds
Start importing Packages/com.unity.render-pipelines.core/Editor/LookDev/Icons/d_Duplicate@2x.png using Guid(8ca869dd944d5f54e9ec614b26f10dcb) Importer(-1,00000000000000000000000000000000) [PhysX] Initialized MultithreadedTaskDispatcher with 20 workers.
 -> (artifact id: 'c93f77d08f9c2ab26e5631997cd43b32') in 0.003036 seconds
Start importing Packages/com.unity.render-pipelines.core/Editor/LookDev/Icons/d_LayoutCustom.png using Guid(8c3a606a4a147a34c952b98bf038c662) Importer(-1,00000000000000000000000000000000) [PhysX] Initialized MultithreadedTaskDispatcher with 20 workers.
 -> (artifact id: 'e3032378c3e1d2d17f69c5a1fbfadbbc') in 0.003329 seconds
Start importing Packages/com.unity.2d.tilemap/Editor/Icons/d_Tilemap.EditPalette@2x.png using Guid(8cbab190b527bd44e8bf5afbc79095e8) Importer(-1,00000000000000000000000000000000) [PhysX] Initialized MultithreadedTaskDispatcher with 20 workers.
 -> (artifact id: 'a0af10f4397f4d9912ae971b8ac8918a') in 0.003702 seconds
Start importing Packages/com.unity.2d.animation/Editor/Assets/EditorIcons/Dark/d_Visibility_Tool@3x.png using Guid(8c3b52e1fbc36584d802ee0099c48682) Importer(-1,00000000000000000000000000000000) [PhysX] Initialized MultithreadedTaskDispatcher with 20 workers.
 -> (artifact id: 'f60bd8312bb4faecf3af089dcabd5914') in 0.007846 seconds
Start importing Packages/com.unity.render-pipelines.core/Editor/LookDev/Icons/LayoutHorizontal.png using Guid(8ccec084228b3b74a898f38126eb142f) Importer(-1,00000000000000000000000000000000) [PhysX] Initialized MultithreadedTaskDispatcher with 20 workers.
 -> (artifact id: 'ee9742d85e9f7125df2893bff0b18185') in 0.003243 seconds
Start importing Packages/com.unity.timeline/Editor/StyleSheets/Images/Icons/d_TrackMuteButtonDisabled@2x.png using Guid(9c706019afb28944eb19b500ea0da38c) Importer(-1,00000000000000000000000000000000) [PhysX] Initialized MultithreadedTaskDispatcher with 20 workers.
 -> (artifact id: '6aaa1575d81fe9969919fac733aa9fa7') in 0.002203 seconds
Start importing Packages/com.unity.render-pipelines.core/Editor/LookDev/Icons/d_RenderDoc@2x.png using Guid(9c63b51755ec8c845b857cc73a35d606) Importer(-1,00000000000000000000000000000000) [PhysX] Initialized MultithreadedTaskDispatcher with 20 workers.
 -> (artifact id: '7b10284fb1fdac192e71b41f1951651e') in 0.004359 seconds
Start importing Packages/com.unity.2d.animation/Editor/Assets/ComponentIcons/d_Animation.SpriteLibraryManager.png using Guid(9ca415e19264343fda4eee42c9a3452c) Importer(-1,00000000000000000000000000000000) [PhysX] Initialized MultithreadedTaskDispatcher with 20 workers.
 -> (artifact id: 'e2dc247178ce89ae14aa4453b4fa4ef7') in 0.003104 seconds
Start importing Packages/com.unity.2d.psdimporter/Editor/Assets/Icons/Dark/Layers Separated@1x.png using Guid(9c68e002c59804ee7973df039508cc37) Importer(-1,00000000000000000000000000000000) [PhysX] Initialized MultithreadedTaskDispatcher with 20 workers.
 -> (artifact id: '719de8e292c8841f9a0a33d88597ba2c') in 0.003543 seconds
Start importing Packages/com.unity.collab-proxy/Editor/Assets/Images/step1.png using Guid(9ce84ff0fdeb13d4a83f077d075dd9a5) Importer(-1,00000000000000000000000000000000) [PhysX] Initialized MultithreadedTaskDispatcher with 20 workers.
 -> (artifact id: '58fd5ca50dc32a74f80715006a8431a2') in 0.003671 seconds
Start importing Packages/com.unity.2d.animation/Editor/Assets/ComponentIcons/Animation.SpriteLibrary@64.png using Guid(9c7af1d0200fc4bbc8276e459fa2d906) Importer(-1,00000000000000000000000000000000) [PhysX] Initialized MultithreadedTaskDispatcher with 20 workers.
 -> (artifact id: '4675784bd59d838f4d9b5a935a4b5cc4') in 0.004902 seconds
Start importing Packages/com.unity.2d.tilemap/Editor/Icons/d_Tilemap.EditPalette@4x.png using Guid(9c4b584fdcc16e84391e2a1f5235a9d3) Importer(-1,00000000000000000000000000000000) [PhysX] Initialized MultithreadedTaskDispatcher with 20 workers.
 -> (artifact id: 'd391c85587c8c744ec0b8c4ca670ab94') in 0.003572 seconds
Start importing Packages/com.unity.2d.tilemap/Editor/Icons/EditorUI.TargetHover@4x.png using Guid(9cdb1d83bdac1554287041973d268c1d) Importer(-1,00000000000000000000000000000000) [PhysX] Initialized MultithreadedTaskDispatcher with 20 workers.
 -> (artifact id: 'f0e879587840e54bd96037c409504f47') in 0.003629 seconds
Start importing Packages/com.unity.timeline/Editor/StyleSheets/Images/Icons/d_TrackRecordButtonDisabled.png using Guid(9c6daec86666cbb4b9e558b839a103db) Importer(-1,00000000000000000000000000000000) [PhysX] Initialized MultithreadedTaskDispatcher with 20 workers.
 -> (artifact id: '2552857a305fe625673bb4c726a2dddf') in 0.002049 seconds
Start importing Packages/com.unity.render-pipelines.core/Editor/LookDev/Icons/d_LayoutHorizontal@2x.png using Guid(9cad92999ddfa304495b735a55c78329) Importer(-1,00000000000000000000000000000000) [PhysX] Initialized MultithreadedTaskDispatcher with 20 workers.
 -> (artifact id: 'd4f655fb62c226ca90449c88fa287b66') in 0.002936 seconds
Start importing Packages/com.unity.collab-proxy/Editor/Assets/Images/d_iconclosebutton.png using Guid(9cadde7a0d5f9024ab3f2cd5f6a740d6) Importer(-1,00000000000000000000000000000000) [PhysX] Initialized MultithreadedTaskDispatcher with 20 workers.
 -> (artifact id: 'ec9e6bf70ef41d4bc80924626b4a3fdf') in 0.002593 seconds
Start importing Packages/com.unity.timeline/Editor/StyleSheets/Images/Icons/d_TrackMuteButtonEnabled.png using Guid(ac5017dfbeee42347b3b45ecc572674e) Importer(-1,00000000000000000000000000000000) [PhysX] Initialized MultithreadedTaskDispatcher with 20 workers.
 -> (artifact id: 'cba67ec7fcc2368fc41bbf399d36b95e') in 0.001993 seconds
Start importing Packages/com.unity.2d.animation/Editor/Assets/EditorIcons/Selected/Weight_Slider@4x.png using Guid(ac47ed8ccc79cf04dae198b9cc5b3a6f) Importer(-1,00000000000000000000000000000000) [PhysX] Initialized MultithreadedTaskDispatcher with 20 workers.
 -> (artifact id: 'f8dec39030cf05fea5ea28acc953143d') in 0.003860 seconds
Start importing Packages/com.unity.render-pipelines.core/Editor/Lighting/Icons/LightUnitIcons/d_ExteriorLight.png using Guid(acd8a3fb93bb04b4db467ca2090011ae) Importer(-1,00000000000000000000000000000000) [PhysX] Initialized MultithreadedTaskDispatcher with 20 workers.
 -> (artifact id: '66ace19e2ae941ff40f99192a59f812d') in 0.003062 seconds
Start importing Packages/com.unity.2d.animation/Editor/Assets/EditorIcons/Dark/d_Visibility_Tool.png using Guid(ac4a94776fb2dd74a910bef3649b5c84) Importer(-1,00000000000000000000000000000000) [PhysX] Initialized MultithreadedTaskDispatcher with 20 workers.
 -> (artifact id: 'c28b4662f12f6e9e56141ba681696c3a') in 0.003392 seconds
Start importing Packages/com.unity.render-pipelines.core/Editor/Lighting/Icons/LightUnitIcons/DecorativeLight@2x.png using Guid(ac6bd7230f54da84b8ad3a0e2b14b3d9) Importer(-1,00000000000000000000000000000000) [PhysX] Initialized MultithreadedTaskDispatcher with 20 workers.
 -> (artifact id: 'c50a740724495f7798a045a26cbbe449') in 0.003348 seconds
Start importing Packages/com.unity.2d.animation/Editor/Assets/ComponentIcons/Animation.SpriteLibraryManager On@64.png using Guid(ac5de94053f294b929e8105eced63bbe) Importer(-1,00000000000000000000000000000000) [PhysX] Initialized MultithreadedTaskDispatcher with 20 workers.
 -> (artifact id: '00f6765e42e294a82224adec2c563322') in 0.003559 seconds
Start importing Packages/com.unity.2d.sprite/Editor/ObjectMenuCreation/DefaultAssets/Textures/9-SlicedWithBorder.png using Guid(cc35afd292fc349128b36a291fb3a165) Importer(-1,00000000000000000000000000000000) [PhysX] Initialized MultithreadedTaskDispatcher with 20 workers.
 -> (artifact id: 'dafa714ad8fd25f099df6c3940dae5a1') in 0.005000 seconds
Start importing Packages/com.unity.render-pipelines.core/Editor/LookDev/Icons/d_Remove@2x.png using Guid(cc27e95868ab32345b74b8338c01ebed) Importer(-1,00000000000000000000000000000000) [PhysX] Initialized MultithreadedTaskDispatcher with 20 workers.
 -> (artifact id: '93b01e6098d5a63780e867055fe3f072') in 0.003401 seconds
Start importing Packages/com.unity.2d.psdimporter/Editor/Assets/Icons/Dark/Layers Mixed@16x.png using Guid(cce85e132a43842a09301fd497983f25) Importer(-1,00000000000000000000000000000000) [PhysX] Initialized MultithreadedTaskDispatcher with 20 workers.
 -> (artifact id: '14bf9169e40be8d55ed97ac2dbda7987') in 0.005545 seconds
Start importing Packages/com.unity.render-pipelines.core/Editor/LookDev/Icons/d_SunPosition.png using Guid(cc99218b39d91f84e9a26fac406c07e7) Importer(-1,00000000000000000000000000000000) [PhysX] Initialized MultithreadedTaskDispatcher with 20 workers.
 -> (artifact id: 'cc69959c519edac498cf0a458431e53b') in 0.003346 seconds
Start importing Packages/com.unity.2d.animation/Editor/Assets/EditorIcons/Selected/d_Visibility_Tool.png using Guid(cc4d24c10deda874e9f3470976b7d396) Importer(-1,00000000000000000000000000000000) [PhysX] Initialized MultithreadedTaskDispatcher with 20 workers.
 -> (artifact id: 'f76173e0b7798df7c47d6d19a7239eec') in 0.002979 seconds
Start importing Packages/com.unity.2d.animation/Editor/Assets/ComponentIcons/d_Animation.SpriteLibraryVar@256.png using Guid(cc7d2cf7748504544a90f45ddac4dc80) Importer(-1,00000000000000000000000000000000) [PhysX] Initialized MultithreadedTaskDispatcher with 20 workers.
 -> (artifact id: '50f43044c7f0f0011e6cc385c1c89de6') in 0.008302 seconds
Start importing Packages/com.unity.2d.animation/Editor/Assets/ComponentIcons/Animation.IKCCD On@64.png using Guid(cc7e65fd16d39483aa18d865a68e9451) Importer(-1,00000000000000000000000000000000) [PhysX] Initialized MultithreadedTaskDispatcher with 20 workers.
 -> (artifact id: '37eba900ef07b913cc57ccff411684bb') in 0.004509 seconds
Start importing Packages/com.unity.2d.animation/Editor/Assets/EditorIcons/Dark/d_Weight_Slider.png using Guid(dce15ef65ee3c394cb6cc78d4d70b6d9) Importer(-1,00000000000000000000000000000000) [PhysX] Initialized MultithreadedTaskDispatcher with 20 workers.
 -> (artifact id: '7888c066c9f60f62970010904142baeb') in 0.002730 seconds
Start importing Packages/com.unity.collab-proxy/Editor/Assets/Images/iconplasticview.png using Guid(dcb2ee37925b97e438ae244996d81a55) Importer(-1,00000000000000000000000000000000) [PhysX] Initialized MultithreadedTaskDispatcher with 20 workers.
 -> (artifact id: '5b28580ab0a26a2ea0e11b670fe1f12b') in 0.002952 seconds
Start importing Packages/com.unity.collab-proxy/Editor/Assets/Images/d_iconoutofsyncoverlay.png using Guid(dc633de6e6e7415448c7568418239a9d) Importer(-1,00000000000000000000000000000000) [PhysX] Initialized MultithreadedTaskDispatcher with 20 workers.
 -> (artifact id: 'f1fba07e80190bd95f86afc31f524886') in 0.003108 seconds
Start importing Packages/com.unity.2d.animation/Editor/Assets/EditorIcons/Selected/character_Mode@3x.png using Guid(dcea51d6065d64246aeec467afeff684) Importer(-1,00000000000000000000000000000000) [PhysX] Initialized MultithreadedTaskDispatcher with 20 workers.
 -> (artifact id: 'f2ba19b01d3d076f233659ba39405514') in 0.003946 seconds
Start importing Packages/com.unity.2d.psdimporter/Editor/Assets/Icons/Light/Layers Collapsed@2x.png using Guid(dc4d4d6503a044f85bf2b8b356dfb738) Importer(-1,00000000000000000000000000000000) [PhysX] Initialized MultithreadedTaskDispatcher with 20 workers.
 -> (artifact id: 'b107039a5ac011f2de8a69631a0cc05f') in 0.003633 seconds
Start importing Packages/com.unity.2d.animation/Editor/Assets/EditorIcons/Selected/d_Visibility_Hidded@3x.png using Guid(dc1f494fe190bd54bb487d11e639d5fc) Importer(-1,00000000000000000000000000000000) [PhysX] Initialized MultithreadedTaskDispatcher with 20 workers.
 -> (artifact id: 'e4b94ad9271fb2f535aa74c510ce40e9') in 0.003935 seconds
Start importing Packages/com.unity.2d.animation/Editor/Assets/EditorIcons/Light/Weight_Slider@3x.png using Guid(ec8214d7d416a8746bb342b71e8e4269) Importer(-1,00000000000000000000000000000000) [PhysX] Initialized MultithreadedTaskDispatcher with 20 workers.
 -> (artifact id: '017ed69959e5bb5258391359123c9ead') in 0.004305 seconds
Start importing Packages/com.unity.2d.animation/Editor/Assets/EditorIcons/Light/Visibility_Tool@3x.png using Guid(ec23e33668eecff4aaec16f735dcc204) Importer(-1,00000000000000000000000000000000) [PhysX] Initialized MultithreadedTaskDispatcher with 20 workers.
 -> (artifact id: '4fc39768601ac821752cd636e031f3ee') in 0.004528 seconds
Start importing Packages/com.unity.2d.animation/Editor/Assets/EditorIcons/Dark/d_Sprite_Influence.png using Guid(eca47b8e551b04a0e8adc931893c60f4) Importer(-1,00000000000000000000000000000000) [PhysX] Initialized MultithreadedTaskDispatcher with 20 workers.
 -> (artifact id: 'a8b5cdbd443df1aa88353887ea181687') in 0.003204 seconds
Start importing Packages/com.unity.textmeshpro/Editor Resources/Gizmos/TMP - Sprite Asset Icon.psd using Guid(ec7c645d93308c04d8840982af12101e) Importer(-1,00000000000000000000000000000000) [PhysX] Initialized MultithreadedTaskDispatcher with 20 workers.
 -> (artifact id: '6851329e1526fe20435c1708bf101c19') in 0.002563 seconds
Start importing Packages/com.unity.render-pipelines.universal/Editor/2D/Resources/Cinemachine.png using Guid(ec2f01df0bb1bfe459b5562a9e71c8d4) Importer(-1,00000000000000000000000000000000) [PhysX] Initialized MultithreadedTaskDispatcher with 20 workers.
 -> (artifact id: '43b3e6881040201619100b046e5e96e3') in 0.007494 seconds
Start importing Packages/com.unity.2d.animation/Editor/Assets/EditorIcons/Light/Warning.png using Guid(ecff197e49b7c4a8c8431746d97f9b2d) Importer(-1,00000000000000000000000000000000) [PhysX] Initialized MultithreadedTaskDispatcher with 20 workers.
 -> (artifact id: 'b1c4b87dfe699a33e164ad5f9b5b7a23') in 0.004023 seconds
Start importing Packages/com.unity.render-pipelines.core/Editor/LookDev/Icons/d_CenterLight.png using Guid(fca3bc21b4600e04faaddb69c5fad81e) Importer(-1,00000000000000000000000000000000) [PhysX] Initialized MultithreadedTaskDispatcher with 20 workers.
 -> (artifact id: 'b0500d7bdd671ecf4897e815e02ffca0') in 0.002311 seconds
Start importing Packages/com.unity.2d.animation/Editor/Assets/ComponentIcons/d_Animation.SpriteLibraryManager@128.png using Guid(fc88c9e07aafe4904bd795a8dfa811f2) Importer(-1,00000000000000000000000000000000) [PhysX] Initialized MultithreadedTaskDispatcher with 20 workers.
 -> (artifact id: 'b4cb6980ffaf94e11c9405f46dd813cd') in 0.004614 seconds
Start importing Packages/com.unity.2d.animation/Editor/Assets/EditorIcons/Dark/d_Mesh@2x.png using Guid(fc8dcc4a15d828e4686470389805489c) Importer(-1,00000000000000000000000000000000) [PhysX] Initialized MultithreadedTaskDispatcher with 20 workers.
 -> (artifact id: '1ea3830f8b2ec6746ae4173d73c2a0b5') in 0.004084 seconds
Start importing Packages/com.unity.2d.animation/Editor/Assets/EditorIcons/Dark/d_Bone.png using Guid(fc2eaf4b0441b7645960252182c27446) Importer(-1,00000000000000000000000000000000) [PhysX] Initialized MultithreadedTaskDispatcher with 20 workers.
 -> (artifact id: '5a9b64fef0e20e94429167e5291341b0') in 0.003481 seconds
Start importing Packages/com.unity.2d.animation/Editor/Assets/EditorIcons/Light/Parent_Bone@2x.png using Guid(fc9e5a25e0610a347b46fd10daa3f0cd) Importer(-1,00000000000000000000000000000000) [PhysX] Initialized MultithreadedTaskDispatcher with 20 workers.
 -> (artifact id: 'cc65ea5d6a8ac1f1719709d82058e8ad') in 0.003780 seconds
Start importing Packages/com.unity.render-pipelines.universal/Textures/BlueNoise16/L/LDR_LLL1_11.png using Guid(fc3fa8f108657e14486697c9a84ccfc5) Importer(-1,00000000000000000000000000000000) [PhysX] Initialized MultithreadedTaskDispatcher with 20 workers.
 -> (artifact id: 'd30f3228d610c2765dd1a0c2bea23bc7') in 0.001861 seconds
Start importing Packages/com.unity.2d.sprite/Editor/ObjectMenuCreation/DefaultAssets/Textures/IsometricDiamondWithBorder.png using Guid(0d267bc78a0864eb48358689b29ed20a) Importer(-1,00000000000000000000000000000000) [PhysX] Initialized MultithreadedTaskDispatcher with 20 workers.
 -> (artifact id: '56deb427597742dd5720b6f1301ae02c') in 0.004726 seconds
Start importing Packages/com.unity.2d.animation/Editor/Assets/EditorIcons/Light/Create_Edge@3x.png using Guid(0da63bf69e254aa4a83c345c3de497c8) Importer(-1,00000000000000000000000000000000) [PhysX] Initialized MultithreadedTaskDispatcher with 20 workers.
 -> (artifact id: '1c30f9b77726ac1e6babfd68ae372577') in 0.004666 seconds
Start importing Packages/com.unity.render-pipelines.core/Editor/LookDev/Icons/d_Duplicate.png using Guid(0d692588b1d40e9429620400bd5efe63) Importer(-1,00000000000000000000000000000000) [PhysX] Initialized MultithreadedTaskDispatcher with 20 workers.
 -> (artifact id: '531b04dab4f0d243c9a485c3fe50d829') in 0.003095 seconds
Start importing Packages/com.unity.textmeshpro/Editor Resources/Textures/btn_AlignCapLine.psd using Guid(0d9a36012a224080966c7b55896aa0f9) Importer(-1,00000000000000000000000000000000) [PhysX] Initialized MultithreadedTaskDispatcher with 20 workers.
 -> (artifact id: '5dd0e7db03a79334e76fc59660c64abf') in 0.002116 seconds
Start importing Packages/com.unity.collab-proxy/Editor/Assets/Images/iconundo@2x.png using Guid(0dfbb2b6ddcdd254da80e3418498b3a6) Importer(-1,00000000000000000000000000000000) [PhysX] Initialized MultithreadedTaskDispatcher with 20 workers.
 -> (artifact id: 'f32683e8b725d61cb33726d25c69b058') in 0.002917 seconds
Start importing Packages/com.unity.2d.animation/Editor/Assets/EditorIcons/Selected/Edit_Pose@2x.png using Guid(1da4b8d35afa8314198e7b69dc383431) Importer(-1,00000000000000000000000000000000) [PhysX] Initialized MultithreadedTaskDispatcher with 20 workers.
 -> (artifact id: '93b335529701a7945dbef004e62e6a99') in 0.003731 seconds
Start importing Packages/com.unity.render-pipelines.core/Editor/Lighting/Icons/LightUnitIcons/MediumAreaLight@2x.png using Guid(1dea3362fb2f72d46b7e3351a7e12ccf) Importer(-1,00000000000000000000000000000000) [PhysX] Initialized MultithreadedTaskDispatcher with 20 workers.
 -> (artifact id: 'bf88f0d255de0711c601644701efcae7') in 0.004138 seconds
Start importing Packages/com.unity.2d.tilemap/Editor/Icons/d_Tilemap.FocusTilemap@2x.png using Guid(1d8efe8a75b351d4d9aa8b28ddf93196) Importer(-1,00000000000000000000000000000000) [PhysX] Initialized MultithreadedTaskDispatcher with 20 workers.
 -> (artifact id: 'd52b7fed9d579244a911bdeba05fb5d5') in 0.003687 seconds
Start importing Packages/com.unity.2d.tilemap/Editor/Icons/d_Tilemap.ShowGrid@4x.png using Guid(2d35623559ffd044682af7e09affdcc8) Importer(-1,00000000000000000000000000000000) [PhysX] Initialized MultithreadedTaskDispatcher with 20 workers.
 -> (artifact id: '119f0d72e1914dcc7bbb4ac70d20f68f') in 0.003641 seconds
Start importing Packages/com.unity.2d.animation/Editor/Assets/EditorIcons/Light/Mesh@3x.png using Guid(2d95cf258837ba44896030e25b9f2dd7) Importer(-1,00000000000000000000000000000000) [PhysX] Initialized MultithreadedTaskDispatcher with 20 workers.
 -> (artifact id: '1138565fd881c9217d4b2810d43d8175') in 0.004163 seconds
Start importing Packages/com.unity.2d.tilemap/Editor/Icons/d_Tilemap.ShowTilePalette@4x.png using Guid(2d8829bed74ac1940856f77a49d02bfb) Importer(-1,00000000000000000000000000000000) [PhysX] Initialized MultithreadedTaskDispatcher with 20 workers.
 -> (artifact id: 'e0ee523858b4d770526be23119cc5e37') in 0.003632 seconds
Start importing Packages/com.unity.2d.animation/Editor/Assets/EditorIcons/Dark/d_Edit_Geometry@2x.png using Guid(2d2e8c77fdf4f364c83224444f65fb4d) Importer(-1,00000000000000000000000000000000) [PhysX] Initialized MultithreadedTaskDispatcher with 20 workers.
 -> (artifact id: 'de1f561ce3ac87ea9672f76dab0c2f06') in 0.004077 seconds
Start importing Packages/com.unity.2d.animation/Editor/Assets/EditorIcons/Light/Weight_Brush@4x.png using Guid(3dd5e5c693a816e4f96b869f6465955b) Importer(-1,00000000000000000000000000000000) [PhysX] Initialized MultithreadedTaskDispatcher with 20 workers.
 -> (artifact id: '1eae5ba60fc5db94d9b4413b59299013') in 0.004411 seconds
Start importing Packages/com.unity.timeline/Editor/StyleSheets/Images/DarkSkin/TimelineMarkerItemSelected.png using Guid(3dd65256ca8837544b3e738c0d3ee0e2) Importer(-1,00000000000000000000000000000000) [PhysX] Initialized MultithreadedTaskDispatcher with 20 workers.
 -> (artifact id: 'b2b9d72f000897c5f4e772bb8ee45a8f') in 0.002095 seconds
Start importing Packages/com.unity.collab-proxy/Editor/Assets/Images/d_icondeletedremoteoverlay.png using Guid(3de8a0634e55df8499c88204001cb0dd) Importer(-1,00000000000000000000000000000000) [PhysX] Initialized MultithreadedTaskDispatcher with 20 workers.
 -> (artifact id: '00ae74a5454cf25b0a1a05e707d26b84') in 0.002725 seconds
Start importing Packages/com.unity.2d.animation/Editor/Assets/ComponentIcons/Animation.SpriteLibraryManager@256.png using Guid(3d9fb59c1fa00406ab971588842aa368) Importer(-1,00000000000000000000000000000000) [PhysX] Initialized MultithreadedTaskDispatcher with 20 workers.
 -> (artifact id: '29c9998007c3c60ff460e5ad0240c17a') in 0.007201 seconds
Start importing Packages/com.unity.collab-proxy/Editor/Assets/Images/d_icondeletedlocaloverlay.png using Guid(4da274d970a82a943ae3979e7833f3dd) Importer(-1,00000000000000000000000000000000) [PhysX] Initialized MultithreadedTaskDispatcher with 20 workers.
 -> (artifact id: '5dfe466408b4b0abb3a4b0ee9405714b') in 0.003028 seconds
Start importing Packages/com.unity.2d.animation/Editor/Assets/ComponentIcons/d_Animation.SpriteLibrary.png using Guid(4d3519975d99540eba1637a8a3e58f11) Importer(-1,00000000000000000000000000000000) [PhysX] Initialized MultithreadedTaskDispatcher with 20 workers.
 -> (artifact id: '919e2c214d3210316b6c96262a46076b') in 0.003414 seconds
Start importing Packages/com.unity.render-pipelines.core/Editor/LookDev/Icons/d_Layout1@2x.png using Guid(4de5e4f3717b2c548bd8b90b6c628b2f) Importer(-1,00000000000000000000000000000000) [PhysX] Initialized MultithreadedTaskDispatcher with 20 workers.
 -> (artifact id: 'a187865ab70c8db1251abd19b241bd41') in 0.003350 seconds
Start importing Packages/com.unity.render-pipelines.universal/Textures/BlueNoise16/L/LDR_LLL1_15.png using Guid(4dcc0502f8586f941b5c4a66717205e8) Importer(-1,00000000000000000000000000000000) [PhysX] Initialized MultithreadedTaskDispatcher with 20 workers.
 -> (artifact id: '1592c8a62b9a3d5d5c4c4f252ce457de') in 0.001977 seconds
Start importing Packages/com.unity.2d.animation/Editor/Assets/EditorIcons/Light/Split_Edge@3x.png using Guid(4d2d8fb4fc2041441980b4ec253532b0) Importer(-1,00000000000000000000000000000000) [PhysX] Initialized MultithreadedTaskDispatcher with 20 workers.
 -> (artifact id: '89234d2b30f811dde213dc2e97ae117f') in 0.004887 seconds
Start importing Packages/com.unity.collab-proxy/Editor/Assets/Images/d_iconoutofsyncoverlay@2x.png using Guid(4d7e6e570e9d65a4c9a994783a0652e2) Importer(-1,00000000000000000000000000000000) [PhysX] Initialized MultithreadedTaskDispatcher with 20 workers.
 -> (artifact id: '4d1ae63bda43725a6895d4831970fce5') in 0.003159 seconds
Start importing Packages/com.unity.2d.animation/Editor/Assets/EditorIcons/Selected/character_Mode@2x.png using Guid(5d52b20f865aff242bfcb08c3b6f61a5) Importer(-1,00000000000000000000000000000000) [PhysX] Initialized MultithreadedTaskDispatcher with 20 workers.
 -> (artifact id: '606283a8195f9e32377990b9cd286f2e') in 0.003512 seconds
Start importing Packages/com.unity.2d.tilemap/Editor/Icons/Tilemap.TilePalette@2x.png using Guid(5d83937eb3ca95047b4e0e43aac5e962) Importer(-1,00000000000000000000000000000000) [PhysX] Initialized MultithreadedTaskDispatcher with 20 workers.
 -> (artifact id: '524cdb02391de99b047501f370edaf8e') in 0.174441 seconds
Start importing Packages/com.unity.2d.animation/Editor/Assets/EditorIcons/Dark/d_Edit_Pose@2x.png using Guid(5df5eccb22181f040836da1ea19743e8) Importer(-1,00000000000000000000000000000000) [PhysX] Initialized MultithreadedTaskDispatcher with 20 workers.
 -> (artifact id: '76fd018f1c57ae96e39ccc5e18d3554a') in 0.140524 seconds
Start importing Packages/com.unity.render-pipelines.core/Editor/Lighting/Icons/LightUnitIcons/Overcast@2x.png using Guid(5db8233d631a83f429153aaeb8f8333a) Importer(-1,00000000000000000000000000000000) [PhysX] Initialized MultithreadedTaskDispatcher with 20 workers.
 -> (artifact id: 'e672eb3f09266b5f8c2f568e4f7780de') in 0.003896 seconds
Start importing Packages/com.unity.2d.tilemap/Editor/Icons/d_Tilemap.FocusNone.png using Guid(5dfb96fd1c7a1bf4f9f606597de935cf) Importer(-1,00000000000000000000000000000000) [PhysX] Initialized MultithreadedTaskDispatcher with 20 workers.
 -> (artifact id: 'e41a4c6faca447d348349bd583a1d02d') in 0.003515 seconds
Start importing Packages/com.unity.collab-proxy/Editor/Assets/Images/loading@2x.png using Guid(5dbc069eb79bd4d43840847264d6d956) Importer(-1,00000000000000000000000000000000) [PhysX] Initialized MultithreadedTaskDispatcher with 20 workers.
 -> (artifact id: '8a4e9f5c7fc0cf24e882806578b230e3') in 0.003175 seconds
Start importing Packages/com.unity.2d.psdimporter/Editor/Assets/Icons/Light/Layers Collapsed@4x.png using Guid(5dbd5be3ef1574c7e97b880d54c1fa76) Importer(-1,00000000000000000000000000000000) [PhysX] Initialized MultithreadedTaskDispatcher with 20 workers.
 -> (artifact id: '19ecf599c680b881a80c397f108dbf2d') in 0.432808 seconds
Start importing Packages/com.unity.timeline/Editor/StyleSheets/Images/Shared/TimelineSeqEnd.png using Guid(5dfe66e61e0d270468ae75349ff3a3eb) Importer(-1,00000000000000000000000000000000) [PhysX] Initialized MultithreadedTaskDispatcher with 20 workers.
 -> (artifact id: '5fe4a606f07371fa9218eed8e9378e36') in 0.001982 seconds
Start importing Packages/com.unity.2d.animation/Editor/Assets/EditorIcons/Selected/Paste@4x.png using Guid(5d4fa2fdecdadcb468baaedc792cc439) Importer(-1,00000000000000000000000000000000) [PhysX] Initialized MultithreadedTaskDispatcher with 20 workers.
 -> (artifact id: '5837dad19965e7759cc69350c0a46348') in 0.003731 seconds
Start importing Packages/com.unity.collab-proxy/Editor/Assets/Images/d_iconundo@2x.png using Guid(6d6088174bb906b49ad8428526ee337b) Importer(-1,00000000000000000000000000000000) [PhysX] Initialized MultithreadedTaskDispatcher with 20 workers.
 -> (artifact id: '14d5c641bcf9c5d8f9e832b155cb963d') in 0.003042 seconds
Start importing Packages/com.unity.timeline/Editor/StyleSheets/Images/Icons/TimelineEditModeReplaceON.png using Guid(6d41c3e8796a4fd4e80840354039e4ac) Importer(-1,00000000000000000000000000000000) [PhysX] Initialized MultithreadedTaskDispatcher with 20 workers.
 -> (artifact id: '40e24aadb950c9e3f36255784fb75dc1') in 0.001793 seconds
Start importing Packages/com.unity.2d.animation/Editor/Assets/EditorIcons/Dark/d_Paste@2x.png using Guid(6de1e8bb25ebf5c44b02b794de99154c) Importer(-1,00000000000000000000000000000000) [PhysX] Initialized MultithreadedTaskDispatcher with 20 workers.
 -> (artifact id: '1ed8e95fc7898bc4adb073b18544f86c') in 0.003196 seconds
Start importing Packages/com.unity.2d.animation/Editor/Assets/EditorIcons/Dark/d_Visibility_Hidded@3x.png using Guid(6d082a477f1715f498c6a28543125ec8) Importer(-1,00000000000000000000000000000000) [PhysX] Initialized MultithreadedTaskDispatcher with 20 workers.
 -> (artifact id: '51e53b50137dd85406a6b1612099c503') in 0.004169 seconds
Start importing Packages/com.unity.2d.animation/Editor/Assets/ComponentIcons/Animation.IKManager@128.png using Guid(6dfa8a4e449dd46479d1788637b70811) Importer(-1,00000000000000000000000000000000) [PhysX] Initialized MultithreadedTaskDispatcher with 20 workers.
 -> (artifact id: '0a48d48705ce8675d105387d7acb8e1a') in 0.004967 seconds
Start importing Packages/com.unity.collab-proxy/Editor/Assets/Images/iconlock.png using Guid(6d3f95684dd634b18aa9ab45b3e06cfd) Importer(-1,00000000000000000000000000000000) [PhysX] Initialized MultithreadedTaskDispatcher with 20 workers.
 -> (artifact id: 'e6dfa9c32bf4b4cc1999987256b2e725') in 0.003446 seconds
Start importing Packages/com.unity.shadergraph/Editor/Resources/Icons/sg_graph_icon_gray_light.png using Guid(7d62654fc399cc349a1ed7e0eab44ff0) Importer(-1,00000000000000000000000000000000) [PhysX] Initialized MultithreadedTaskDispatcher with 20 workers.
 -> (artifact id: 'd5b1c5649d4fef0b78746aa4acd90343') in 0.002767 seconds
Start importing Packages/com.unity.2d.psdimporter/Editor/Assets/Icons/Light/Layers Separated@1x.png using Guid(7d9554fa1b4bb4fe9a5b1248eaa02ad1) Importer(-1,00000000000000000000000000000000) [PhysX] Initialized MultithreadedTaskDispatcher with 20 workers.
 -> (artifact id: '02e2695b7a4d99838b2aef553b68712c') in 0.002904 seconds
Start importing Packages/com.unity.timeline/Editor/StyleSheets/Images/LightSkin/TimelineMarkerItemCollapsed.png using Guid(7d4691eba7565c34ab785c00fbc27ff8) Importer(-1,00000000000000000000000000000000) [PhysX] Initialized MultithreadedTaskDispatcher with 20 workers.
 -> (artifact id: '7d64b269900a1acb8390a248ffc71e2c') in 0.001982 seconds
Start importing Packages/com.unity.2d.animation/Editor/Assets/EditorIcons/Light/False@2x.png using Guid(7d6f3490c59314e8f91123fe30ea8b98) Importer(-1,00000000000000000000000000000000) [PhysX] Initialized MultithreadedTaskDispatcher with 20 workers.
 -> (artifact id: '423bec17c9c7cee4824c5617e34034aa') in 0.004290 seconds
Start importing Packages/com.unity.shadergraph/Editor/Resources/GraphView/Nodes/PreviewExpand.png using Guid(8df757582ef08984bb6c3510e3a9fd1e) Importer(-1,00000000000000000000000000000000) [PhysX] Initialized MultithreadedTaskDispatcher with 20 workers.
 -> (artifact id: 'ceff7b18ef6298e957c550a8e96a58a8') in 0.002936 seconds
Start importing Packages/com.unity.collab-proxy/Editor/Assets/Images/d_iconcheckedoutlocaloverlay@2x.png using Guid(8d98ab6168c3e91439339f1908b8fe97) Importer(-1,00000000000000000000000000000000) [PhysX] Initialized MultithreadedTaskDispatcher with 20 workers.
 -> (artifact id: '6f03e729a283f44c3ac258d912cfe7e7') in 0.003079 seconds
Start importing Packages/com.unity.2d.psdimporter/Editor/Assets/Icons/Dark/Layers Mixed@1x.png using Guid(8dbb9f40df36243efaad92ce7cddfc71) Importer(-1,00000000000000000000000000000000) [PhysX] Initialized MultithreadedTaskDispatcher with 20 workers.
 -> (artifact id: '9b656ecadbf32238b02b1ca739d8802f') in 0.002721 seconds
Start importing Packages/com.unity.2d.animation/Editor/Assets/ComponentIcons/d_Animation.IKFabrik@64.png using Guid(8dfc24821a9794200b8d54e906e4b6da) Importer(-1,00000000000000000000000000000000) [PhysX] Initialized MultithreadedTaskDispatcher with 20 workers.
 -> (artifact id: '21cd2c9d34d81382168baec4436ac3b4') in 0.004032 seconds
Start importing Packages/com.unity.2d.pixel-perfect/Editor/Icons/Cinemachine.png using Guid(8dafc8bde78edde44bf6e6aab96eb100) Importer(-1,00000000000000000000000000000000) [PhysX] Initialized MultithreadedTaskDispatcher with 20 workers.
 -> (artifact id: '6dc71f42a53aa9c1d4acc9339f7e0eff') in 0.007289 seconds
Start importing Packages/com.unity.2d.animation/Editor/Assets/EditorIcons/Light/Weight_Brush.png using Guid(9d026c034cfd40746a436496efe2dd7f) Importer(-1,00000000000000000000000000000000) [PhysX] Initialized MultithreadedTaskDispatcher with 20 workers.
 -> (artifact id: '66a09122424b433d4de0f0743f0caa5d') in 0.003020 seconds
Start importing Packages/com.unity.render-pipelines.universal/Textures/BlueNoise16/L/LDR_LLL1_16.png using Guid(9d92991794bb5864c8085468b97aa067) Importer(-1,00000000000000000000000000000000) [PhysX] Initialized MultithreadedTaskDispatcher with 20 workers.
 -> (artifact id: '732b1cb3cd20aed43def89260c498fd0') in 0.001608 seconds
Start importing Packages/com.unity.2d.animation/Editor/Assets/EditorIcons/Dark/d_Create_Edge@3x.png using Guid(9d68cf945428ac2448d4c657f30b31cc) Importer(-1,00000000000000000000000000000000) [PhysX] Initialized MultithreadedTaskDispatcher with 20 workers.
 -> (artifact id: '4ccc798494d8b43983651798acacfe95') in 0.003407 seconds
Start importing Packages/com.unity.2d.tilemap/Editor/Icons/d_Tilemap.ShowGrid.png using Guid(ad72aefbbd03ec744b3cf61cf766d320) Importer(-1,00000000000000000000000000000000) [PhysX] Initialized MultithreadedTaskDispatcher with 20 workers.
 -> (artifact id: '205252045604c500d4746ddf264428e5') in 0.002643 seconds
Start importing Packages/com.unity.shadergraph/Editor/Resources/GraphView/Nodes/PreviewCollapse@2x.png using Guid(adc5cc7a4034e1b41b9341fa124ef43d) Importer(-1,00000000000000000000000000000000) [PhysX] Initialized MultithreadedTaskDispatcher with 20 workers.
 -> (artifact id: '323ac0bdc6f03f25c1e1c3456f03be60') in 0.002975 seconds
Start importing Packages/com.unity.2d.animation/Editor/Assets/EditorIcons/Selected/Create_Edge.png using Guid(ad7b296d426713b4593ee1a19fcbf9d1) Importer(-1,00000000000000000000000000000000) [PhysX] Initialized MultithreadedTaskDispatcher with 20 workers.
 -> (artifact id: '487a903c87a48ce9818fa14bc32c31fa') in 0.002854 seconds
Start importing Packages/com.unity.timeline/Editor/StyleSheets/Images/Icons/d_TimelineSignal.png using Guid(ad2e3e92b00839c4e991ca602ef19822) Importer(-1,00000000000000000000000000000000) [PhysX] Initialized MultithreadedTaskDispatcher with 20 workers.
 -> (artifact id: 'a4f3749072ff2bb3fc90da9db03c033f') in 0.001841 seconds
Start importing Packages/com.unity.render-pipelines.core/Editor/LookDev/Icons/LookDev@2x.png using Guid(bd76726ffb1eb94429fb8143429bd978) Importer(-1,00000000000000000000000000000000) [PhysX] Initialized MultithreadedTaskDispatcher with 20 workers.
 -> (artifact id: 'a7ff72152d0e533635a74c3b77f807ae') in 0.003191 seconds
Start importing Packages/com.unity.render-pipelines.core/Editor/Lighting/Icons/LightUnitIcons/VeryBrightSun.png using Guid(bdc9b1177bc1ad84e8532eec9f2dcc13) Importer(-1,00000000000000000000000000000000) [PhysX] Initialized MultithreadedTaskDispatcher with 20 workers.
 -> (artifact id: '50be5f3dff260e590e16d89691dc7dbf') in 0.003195 seconds
Start importing Packages/com.unity.timeline/Editor/StyleSheets/Images/Icons/TimelineEditModeRippleOFF.png using Guid(bd7b7cac6eb0c3f469781d9a729a1c94) Importer(-1,00000000000000000000000000000000) [PhysX] Initialized MultithreadedTaskDispatcher with 20 workers.
 -> (artifact id: '2ae8ece7684f5b7d0276cc09d359e886') in 0.001757 seconds
Start importing Packages/com.unity.2d.psdimporter/Editor/Assets/Icons/Light/Layers Mixed@2x.png using Guid(bd2c5ec8522954323aba72f213024f60) Importer(-1,00000000000000000000000000000000) [PhysX] Initialized MultithreadedTaskDispatcher with 20 workers.
 -> (artifact id: 'ffe48a76ba3ede77d79f45b330d39d0d') in 0.003154 seconds
Start importing Packages/com.unity.2d.sprite/Editor/ObjectMenuCreation/DefaultAssets/Textures/Capsule.png using Guid(bd3cb4af8406d4436a2ae8c2aafe1f8d) Importer(-1,00000000000000000000000000000000) [PhysX] Initialized MultithreadedTaskDispatcher with 20 workers.
 -> (artifact id: '51a42b23cba59f2d3d2a2d9b3781cd2f') in 0.005750 seconds
Start importing Packages/com.unity.render-pipelines.universal/Textures/FilmGrain/Medium04.png using Guid(bd9e8c758250ef449a4b4bfaad7a2133) Importer(-1,00000000000000000000000000000000) [PhysX] Initialized MultithreadedTaskDispatcher with 20 workers.
 -> (artifact id: 'e9883858a94c0c8f9eb6ab7de1063517') in 0.005503 seconds
Start importing Packages/com.unity.2d.animation/Editor/Assets/EditorIcons/Selected/Paste@2x.png using Guid(cd0250057a3f07346b60675b355c3e06) Importer(-1,00000000000000000000000000000000) [PhysX] Initialized MultithreadedTaskDispatcher with 20 workers.
 -> (artifact id: 'e33aa346e4811e24454568f02c87d7cb') in 0.003057 seconds
Start importing Packages/com.unity.collab-proxy/Editor/Assets/Images/d_step2@2x.png using Guid(cdb88fdb0cf46b244a667edaff21c7df) Importer(-1,00000000000000000000000000000000) [PhysX] Initialized MultithreadedTaskDispatcher with 20 workers.
 -> (artifact id: 'b0a4ae0f1076f6a5abbb05f7fe65a0f8') in 0.002604 seconds
Start importing Packages/com.unity.render-pipelines.universal/Editor/2D/ShapeEditor/Resources/TangentBroken.png using Guid(cdf84f3eb174395469aa10a6cf7b04a7) Importer(-1,00000000000000000000000000000000) [PhysX] Initialized MultithreadedTaskDispatcher with 20 workers.
 -> (artifact id: '275d1c2c44fb975641c5b3c5422694aa') in 0.003474 seconds
Start importing Packages/com.unity.visualscripting/Graphics/FlowPorts_12x.psd using Guid(cdd996c0455369d40a3c5c465015834f) Importer(-1,00000000000000000000000000000000) [PhysX] Initialized MultithreadedTaskDispatcher with 20 workers.
 -> (artifact id: '8b6faec3252a82935053cd5a6bd2ae4b') in 0.002618 seconds
Start importing Packages/com.unity.collab-proxy/Editor/Assets/Images/step2.png using Guid(cd0b17b71a5c498428ee91dee8a78a88) Importer(-1,00000000000000000000000000000000) [PhysX] Initialized MultithreadedTaskDispatcher with 20 workers.
 -> (artifact id: 'b1b5a7c1cfc37799c420941eedcb6d93') in 0.003408 seconds
Start importing Packages/com.unity.2d.tilemap/Editor/Icons/d_EditorUI.TargetHover@4x.png using Guid(dd81f55787e496249bb4111007562ef5) Importer(-1,00000000000000000000000000000000) [PhysX] Initialized MultithreadedTaskDispatcher with 20 workers.
 -> (artifact id: '4132f9eaa3dfc070bd611a78830bb69c') in 0.003587 seconds
Start importing Packages/com.unity.2d.tilemap/Editor/Icons/d_Tilemap.FocusTilemap@4x.png using Guid(dd62c99bd1ab0984da092d3ea327b733) Importer(-1,00000000000000000000000000000000) [PhysX] Initialized MultithreadedTaskDispatcher with 20 workers.
 -> (artifact id: '39e6075524f226f00d9bdbe154e67420') in 0.003371 seconds
Start importing Packages/com.unity.collab-proxy/Editor/Assets/Images/buttonssosigninemail@2x.png using Guid(ddf2e76e8a1f88f46ae1e42277850b48) Importer(-1,00000000000000000000000000000000) [PhysX] Initialized MultithreadedTaskDispatcher with 20 workers.
 -> (artifact id: 'c9e720f131c17213964304e47d01824d') in 0.002549 seconds
Start importing Packages/com.unity.2d.animation/Editor/Assets/EditorIcons/Selected/Edit_Geometry@3x.png using Guid(dd736f22fa93fe9468b8b8b405413957) Importer(-1,00000000000000000000000000000000) [PhysX] Initialized MultithreadedTaskDispatcher with 20 workers.
 -> (artifact id: 'd992810673393e22a5decf4b4b46cd03') in 0.003926 seconds
Start importing Packages/com.unity.2d.psdimporter/Editor/Assets/Icons/Dark/Layers Collapsed@1x.png using Guid(dd04679f252ec40a8b931fbb52bd3f8b) Importer(-1,00000000000000000000000000000000) [PhysX] Initialized MultithreadedTaskDispatcher with 20 workers.
 -> (artifact id: 'ed070f95cb2662a6b94e4a550d88030e') in 0.002982 seconds
Start importing Packages/com.unity.2d.animation/Editor/Assets/EditorIcons/Dark/d_Sprite_Influence@3x.png using Guid(dd74e4fa4aa2947d6a14ab33d32d7c63) Importer(-1,00000000000000000000000000000000) [PhysX] Initialized MultithreadedTaskDispatcher with 20 workers.
 -> (artifact id: 'a1cac5d53ea40a07a93dbb0013a4f6f6') in 0.003939 seconds
Start importing Packages/com.unity.render-pipelines.universal/Textures/FilmGrain/Thin02.png using Guid(dd77ffd079630404e879388999033049) Importer(-1,00000000000000000000000000000000) [PhysX] Initialized MultithreadedTaskDispatcher with 20 workers.
 -> (artifact id: 'cd879fe154222c6681a9612d34c2ac45') in 0.005056 seconds
Start importing Packages/com.unity.render-pipelines.core/Editor/Lighting/Icons/LightUnitIcons/InteriorLight.png using Guid(ddbb35633e84dde4a93c6662f696ae4c) Importer(-1,00000000000000000000000000000000) [PhysX] Initialized MultithreadedTaskDispatcher with 20 workers.
 -> (artifact id: 'a9b78b7dc9f8aa48474dd1817d228a10') in 0.996122 seconds
Start importing Packages/com.unity.2d.animation/Editor/Assets/ComponentIcons/Animation.SpriteSkin@64.png using Guid(dd3db1e5b4263437aa298781bd55d726) Importer(-1,00000000000000000000000000000000) [PhysX] Initialized MultithreadedTaskDispatcher with 20 workers.
 -> (artifact id: 'c3a561b2f6ec768f517fc79e3c72e5a4') in 0.006523 seconds
Start importing Packages/com.unity.timeline/Editor/StyleSheets/Images/DarkSkin/TimelineHold.png using Guid(ddbd45249a133a846b2f20e39b537565) Importer(-1,00000000000000000000000000000000) [PhysX] Initialized MultithreadedTaskDispatcher with 20 workers.
 -> (artifact id: 'd237baac8b784d18d4e87f3b8310e214') in 0.002176 seconds
Start importing Packages/com.unity.render-pipelines.core/Editor/Lighting/Icons/LightUnitIcons/Candlelight.png using Guid(eda062bf16e02ef44a7bf24336ddac6c) Importer(-1,00000000000000000000000000000000) [PhysX] Initialized MultithreadedTaskDispatcher with 20 workers.
 -> (artifact id: 'c50f28012e4b097776b8033679a4f78a') in 0.003015 seconds
Start importing Packages/com.unity.2d.animation/Editor/Assets/EditorIcons/Dark/d_Split_Edge@4x.png using Guid(ed130aac49764ad4f9d35454c297b75a) Importer(-1,00000000000000000000000000000000) [PhysX] Initialized MultithreadedTaskDispatcher with 20 workers.
 -> (artifact id: '1385dc10e206cc6c4d6703777da901cf') in 0.004138 seconds
Start importing Packages/com.unity.textmeshpro/Editor Resources/Textures/btn_AlignTop_Light.psd using Guid(ed041e68439749a69d0efa0e3d896c2e) Importer(-1,00000000000000000000000000000000) [PhysX] Initialized MultithreadedTaskDispatcher with 20 workers.
 -> (artifact id: 'f33f3dbe3cb78ef8a5a576a6afa360a1') in 0.002027 seconds
Start importing Packages/com.unity.collab-proxy/Editor/Assets/Images/iconrepository.png using Guid(ed64f3a17f2ede646be21ed6edc9161a) Importer(-1,00000000000000000000000000000000) [PhysX] Initialized MultithreadedTaskDispatcher with 20 workers.
 -> (artifact id: '073c2ef15f65f26274dfedf878b4f335') in 0.002567 seconds
Start importing Packages/com.unity.timeline/Editor/StyleSheets/Images/LightSkin/TimelineTimeCursor.png using Guid(ed665472b4fee2043a5c1cc802beaa8e) Importer(-1,00000000000000000000000000000000) [PhysX] Initialized MultithreadedTaskDispatcher with 20 workers.
 -> (artifact id: '8f435e37b50a78f9f9482e92b09f7e98') in 0.002388 seconds
Start importing Packages/com.unity.2d.animation/Editor/Assets/EditorIcons/Light/Generate_Weights@3x.png using Guid(ed5ce024c84dbdb42ac5037d03e7c039) Importer(-1,00000000000000000000000000000000) [PhysX] Initialized MultithreadedTaskDispatcher with 20 workers.
 -> (artifact id: 'dba8cac67222e49ab005eb32a48a0aad') in 0.004585 seconds
Start importing Packages/com.unity.2d.animation/Editor/Assets/ComponentIcons/d_Animation.IKManager@128.png using Guid(eddc3b652f54848828296504ee94ec04) Importer(-1,00000000000000000000000000000000) [PhysX] Initialized MultithreadedTaskDispatcher with 20 workers.
 -> (artifact id: '390991f0298d9d7b66af6e291c75091c') in 0.004959 seconds
Start importing Packages/com.unity.render-pipelines.universal/Textures/BlueNoise16/L/LDR_LLL1_8.png using Guid(ed5ea7ce59ca8ec4f9f14bf470a30f35) Importer(-1,00000000000000000000000000000000) [PhysX] Initialized MultithreadedTaskDispatcher with 20 workers.
 -> (artifact id: '16521518bcec1b285e776fe30a537d74') in 0.001644 seconds
Start importing Packages/com.unity.timeline/Editor/StyleSheets/Images/Icons/d_TrackAvatarButtonEnabled@2x.png using Guid(fd12dbe3b63ae464f824b4a74c0e1766) Importer(-1,00000000000000000000000000000000) [PhysX] Initialized MultithreadedTaskDispatcher with 20 workers.
 -> (artifact id: '2e6426dda4a612f8753d5acbac99a06e') in 0.001791 seconds
Start importing Packages/com.unity.2d.animation/Editor/Assets/EditorIcons/Dark/d_Weight_Brush@2x.png using Guid(fda4344db9f9d794698ed7487ca53957) Importer(-1,00000000000000000000000000000000) [PhysX] Initialized MultithreadedTaskDispatcher with 20 workers.
 -> (artifact id: 'ed11aaea9f6177b7daf2acac320a7bb9') in 0.003742 seconds
Start importing Packages/com.unity.2d.tilemap/Editor/Icons/EditorUI.TargetHover.png using Guid(fdc8bace2b7ef504d91d22cca2a5d905) Importer(-1,00000000000000000000000000000000) [PhysX] Initialized MultithreadedTaskDispatcher with 20 workers.
 -> (artifact id: '85bab0489670ea57dba52ebb72af9554') in 0.002653 seconds
Start importing Packages/com.unity.timeline/Editor/StyleSheets/Images/Icons/d_TrackAvatarButtonDisabled@2x.png using Guid(fd194f75fe3d7ca4488fa775ae832fd8) Importer(-1,00000000000000000000000000000000) [PhysX] Initialized MultithreadedTaskDispatcher with 20 workers.
 -> (artifact id: '685d6d85bc7a3ea20f1a79676e874f50') in 0.001667 seconds
Start importing Packages/com.unity.render-pipelines.universal/Editor/2D/ShapeEditor/Resources/ShapeToolPro.png using Guid(fdee5855bd8fd6841bd4d01b0bbeedc3) Importer(-1,00000000000000000000000000000000) [PhysX] Initialized MultithreadedTaskDispatcher with 20 workers.
 -> (artifact id: '6d35c07134a1673c3a0c98a4b497334d') in 0.003607 seconds
Start importing Packages/com.unity.render-pipelines.universal/Textures/FilmGrain/Large01.png using Guid(fd2fd78b392986e42a12df2177d3b89c) Importer(-1,00000000000000000000000000000000) [PhysX] Initialized MultithreadedTaskDispatcher with 20 workers.
 -> (artifact id: '668b10ac2ef4d7da509cb86f8498f2e8') in 0.005183 seconds
Start importing Packages/com.unity.collab-proxy/Editor/Assets/Images/d_iconoutofsync.png using Guid(0e80bd0b4a8196f46acf73711b9505ec) Importer(-1,00000000000000000000000000000000) [PhysX] Initialized MultithreadedTaskDispatcher with 20 workers.
 -> (artifact id: '6dc86523867a3fc57da369d84293281f') in 0.002520 seconds
Start importing Packages/com.unity.2d.psdimporter/Editor/Assets/Icons/Light/Layers Mixed@8x.png using Guid(0e6407347fc834e6a8b46f9528bcf7b3) Importer(-1,00000000000000000000000000000000) [PhysX] Initialized MultithreadedTaskDispatcher with 20 workers.
 -> (artifact id: '46d3bc196066853f0707d31355472769') in 0.003896 seconds
Start importing Packages/com.unity.2d.animation/Editor/Assets/EditorIcons/Light/Create Bones.png using Guid(0e5ae7fe3a07e88429a3e90897c6ab82) Importer(-1,00000000000000000000000000000000) [PhysX] Initialized MultithreadedTaskDispatcher with 20 workers.
 -> (artifact id: '5ab05f6935f932f32eb6f34c088d6376') in 0.003303 seconds
Start importing Packages/com.unity.timeline/Editor/StyleSheets/Images/Icons/d_TrackRecordButtonEnabled.png using Guid(0e5ba0f04df278944a8f5a62f64f5aa6) Importer(-1,00000000000000000000000000000000) [PhysX] Initialized MultithreadedTaskDispatcher with 20 workers.
 -> (artifact id: '5a85ca22c56bc9317aff274dc7454900') in 0.001666 seconds
Start importing Packages/com.unity.2d.animation/Editor/Assets/EditorIcons/Light/Sprite_Influence@4x.png using Guid(0e0d5e38f19194a978d2f42b0b806775) Importer(-1,00000000000000000000000000000000) [PhysX] Initialized MultithreadedTaskDispatcher with 20 workers.
 -> (artifact id: '280ca88173ff3423b23c14d84b6d1403') in 0.004195 seconds
Start importing Packages/com.unity.render-pipelines.core/Editor/Lighting/Icons/LightUnitIcons/MediumAreaLight.png using Guid(1eb691390c444f14bac0868bd61fd451) Importer(-1,00000000000000000000000000000000) [PhysX] Initialized MultithreadedTaskDispatcher with 20 workers.
 -> (artifact id: 'c1803b5749c7b08eebc09016b7187976') in 0.002943 seconds
Start importing Packages/com.unity.2d.animation/Editor/Assets/ComponentIcons/d_Animation.SpriteSkin@256.png using Guid(1e7881f6af9ad4c0eb01def7f1b8a31b) Importer(-1,00000000000000000000000000000000) [PhysX] Initialized MultithreadedTaskDispatcher with 20 workers.
 -> (artifact id: '46fe0577729f56bab569f54343d7771d') in 0.007327 seconds
Start importing Packages/com.unity.render-pipelines.core/Editor/Lighting/Icons/LightUnitIcons/DecorativeLight.png using Guid(1e2ae1a12a2a1ff498cab6444b9cd394) Importer(-1,00000000000000000000000000000000) [PhysX] Initialized MultithreadedTaskDispatcher with 20 workers.
 -> (artifact id: '0019a7ed547249ac4497806fafd54395') in 0.002674 seconds
Start importing Packages/com.unity.collab-proxy/Editor/Assets/Images/iconplasticnotifyincoming.png using Guid(1e6c9635b80f973488d8335a081c905f) Importer(-1,00000000000000000000000000000000) [PhysX] Initialized MultithreadedTaskDispatcher with 20 workers.
 -> (artifact id: '1f74dd651e0f6f3195ed66ecec0e3e14') in 0.003004 seconds
Start importing Packages/com.unity.2d.animation/Editor/Assets/EditorIcons/Light/Visibility_Tool.png using Guid(1e7c59239d2a59140b34f39ea6d4d44c) Importer(-1,00000000000000000000000000000000) [PhysX] Initialized MultithreadedTaskDispatcher with 20 workers.
 -> (artifact id: 'd32936aab01607faf44e8824c159d0e1') in 0.003165 seconds
Start importing Packages/com.unity.2d.animation/Editor/Assets/EditorIcons/Dark/d_Bone_Influence@4x.png using Guid(1e0f2b45945c8254abd59f40d783c11f) Importer(-1,00000000000000000000000000000000) [PhysX] Initialized MultithreadedTaskDispatcher with 20 workers.
 -> (artifact id: '6a63ae1b21eed35933ad8dd4a029ad09') in 0.004152 seconds
Start importing Packages/com.unity.shadergraph/Editor/Resources/GraphView/Nodes/BlackboardFieldExposed.png using Guid(2e8113252e9a1b245a81dc384ae86446) Importer(-1,00000000000000000000000000000000) [PhysX] Initialized MultithreadedTaskDispatcher with 20 workers.
 -> (artifact id: 'bac2b7d72b33525ffe88b1febbb739be') in 0.002167 seconds
Start importing Packages/com.unity.2d.tilemap/Editor/Icons/EditorUI.TargetHover@2x.png using Guid(2e12ff2cc7983784eab0dfe0bb7ff17e) Importer(-1,00000000000000000000000000000000) [PhysX] Initialized MultithreadedTaskDispatcher with 20 workers.
 -> (artifact id: 'b01b902708a923ab7c88b062c83de532') in 0.003258 seconds
Start importing Packages/com.unity.render-pipelines.core/Editor/LookDev/Icons/Rotation.png using Guid(2ee66e81975377745aaa59fe11ad374d) Importer(-1,00000000000000000000000000000000) [PhysX] Initialized MultithreadedTaskDispatcher with 20 workers.
 -> (artifact id: 'ac101bc668f5578dc6cb1e5bc215b0c1') in 0.002294 seconds
Start importing Packages/com.unity.2d.animation/Editor/Assets/EditorIcons/Light/Copy@2x.png using Guid(2e0cf451cb3d56742aad87ea75993209) Importer(-1,00000000000000000000000000000000) [PhysX] Initialized MultithreadedTaskDispatcher with 20 workers.
 -> (artifact id: '715fb56f4bd1a13601c939c851dab47b') in 0.003205 seconds
Start importing Packages/com.unity.textmeshpro/Editor Resources/Gizmos/TMP - Input Field Icon.psd using Guid(3ee40aa79cd242a5b53b0b0ca4f13f0f) Importer(-1,00000000000000000000000000000000) [PhysX] Initialized MultithreadedTaskDispatcher with 20 workers.
 -> (artifact id: '383fe5f5c5a57073e64892dbce3d0ff4') in 0.002296 seconds
Start importing Packages/com.unity.2d.animation/Editor/Assets/EditorIcons/Dark/d_Split Bones.png using Guid(3e98b5bf8fbc84d4bafe25706ebcde8a) Importer(-1,00000000000000000000000000000000) [PhysX] Initialized MultithreadedTaskDispatcher with 20 workers.
 -> (artifact id: '011a955b35a5abc430063185ae974568') in 1.577545 seconds
Start importing Packages/com.unity.2d.animation/Editor/Assets/ComponentIcons/Animation.SpriteLibraryVar@32.png using Guid(3e3d41c162ad74767b66168d4d94b99c) Importer(-1,00000000000000000000000000000000) [PhysX] Initialized MultithreadedTaskDispatcher with 20 workers.
 -> (artifact id: 'f9057a927de513c89bcf8041986fd3ac') in 0.007602 seconds
Start importing Packages/com.unity.2d.animation/Editor/Assets/EditorIcons/Selected/Weight_Brush@3x.png using Guid(3e6e6fbbd946d0541923f45f4eaa2cf1) Importer(-1,00000000000000000000000000000000) [PhysX] Initialized MultithreadedTaskDispatcher with 20 workers.
 -> (artifact id: '256344a59759d867f62f917e14b7fd46') in 0.004549 seconds
Start importing Packages/com.unity.2d.tilemap/Editor/Icons/d_Tilemap.GridPaint@4x.png using Guid(4e62fa74d1eac074cac268c2997a658c) Importer(-1,00000000000000000000000000000000) [PhysX] Initialized MultithreadedTaskDispatcher with 20 workers.
 -> (artifact id: '1a9c7d7010065eeb139f07b9bca5c0d8') in 0.004010 seconds
Start importing Packages/com.unity.2d.animation/Editor/Assets/EditorIcons/Light/Weight_Slider@4x.png using Guid(4e494ad3b858ecf4fab63aae9075d43d) Importer(-1,00000000000000000000000000000000) [PhysX] Initialized MultithreadedTaskDispatcher with 20 workers.
 -> (artifact id: '81f7c2340ee88ad3084e516933c280bd') in 0.004376 seconds
Start importing Packages/com.unity.2d.psdimporter/Editor/Assets/Icons/Selected/Layers Separated@16x.png using Guid(5e2b00fc2e687454b8c7dcf6cb8226d7) Importer(-1,00000000000000000000000000000000) [PhysX] Initialized MultithreadedTaskDispatcher with 20 workers.
 -> (artifact id: '0cec7caf7ddc4446ad7d36fd81d64809') in 0.005703 seconds
Start importing Packages/com.unity.2d.animation/Editor/Assets/EditorIcons/Light/SetPivot128.png using Guid(6e69868210a834182b29ea52c36a0a52) Importer(-1,00000000000000000000000000000000) [PhysX] Initialized MultithreadedTaskDispatcher with 20 workers.
 -> (artifact id: '77073c5e6cff876f138296c091673e11') in 0.004056 seconds
Start importing Packages/com.unity.collab-proxy/Editor/Assets/Images/iconplasticnotifyconflict@2x.png using Guid(6e0a54826ffc3ee46b0aa3e1c1575a69) Importer(-1,00000000000000000000000000000000) [PhysX] Initialized MultithreadedTaskDispatcher with 20 workers.
 -> (artifact id: 'd4d9071b671ea00ea6bd3180cdf937d5') in 0.002978 seconds
Start importing Packages/com.unity.2d.animation/Editor/Assets/ComponentIcons/Animation.SpriteResolver On@32.png using Guid(6e2a81314a40c43849866fb7490cb521) Importer(-1,00000000000000000000000000000000) [PhysX] Initialized MultithreadedTaskDispatcher with 20 workers.
 -> (artifact id: '0c328a17a9255715182bcd838c6010ef') in 0.003249 seconds
Start importing Packages/com.unity.render-pipelines.core/Editor/Lighting/Icons/LightUnitIcons/MoonlessNight@2x.png using Guid(6e5a98aaa576d99408eeba30eb91eaba) Importer(-1,00000000000000000000000000000000) [PhysX] Initialized MultithreadedTaskDispatcher with 20 workers.
 -> (artifact id: 'a4a4f32c5c315cd0ad3d8585cdd6b307') in 1.597381 seconds
Start importing Packages/com.unity.2d.animation/Editor/Assets/EditorIcons/Dark/d_Create Bones@3x.png using Guid(6e2c347c12b3fe04b94007ad25ace23a) Importer(-1,00000000000000000000000000000000) [PhysX] Initialized MultithreadedTaskDispatcher with 20 workers.
 -> (artifact id: '656d7931a49990b1f5a570f468e0d81b') in 0.007705 seconds
Start importing Packages/com.unity.2d.animation/Editor/Assets/EditorIcons/Dark/d_Paste.png using Guid(7e00d2a7fc6d13b49bacb9663abfa3ae) Importer(-1,00000000000000000000000000000000) [PhysX] Initialized MultithreadedTaskDispatcher with 20 workers.
 -> (artifact id: '0837427ce96e303cfc9bf792c873a882') in 0.002687 seconds
Start importing Packages/com.unity.collab-proxy/Editor/Assets/Images/d_loading@2x.png using Guid(7ee48c5fba4919649a8a6094cbead669) Importer(-1,00000000000000000000000000000000) [PhysX] Initialized MultithreadedTaskDispatcher with 20 workers.
 -> (artifact id: 'cc2f95584f487918f4cd1ee8d157d124') in 0.003133 seconds
Start importing Packages/com.unity.shadergraph/Editor/Resources/GraphView/Nodes/NodeChevronLeft@2x.png using Guid(7e575e166832cb7478f6d674d896b778) Importer(-1,00000000000000000000000000000000) [PhysX] Initialized MultithreadedTaskDispatcher with 20 workers.
 -> (artifact id: 'f49d904a4ba7aeba889e74a6bab66a6d') in 0.002647 seconds
Start importing Packages/com.unity.2d.animation/Editor/Assets/ComponentIcons/d_Animation.SpriteSkin@64.png using Guid(7ed99b178ead940bf9cc24b0b0213517) Importer(-1,00000000000000000000000000000000) [PhysX] Initialized MultithreadedTaskDispatcher with 20 workers.
 -> (artifact id: 'd8ad7c459e56bbfac709ba0d35de6ea6') in 0.003934 seconds
Start importing Packages/com.unity.2d.animation/Editor/Assets/EditorIcons/Dark/d_Create Bones@4x.png using Guid(7e1aff9652c0dac418d9aa42f5f24dc2) Importer(-1,00000000000000000000000000000000) [PhysX] Initialized MultithreadedTaskDispatcher with 20 workers.
 -> (artifact id: '92c523ae060f0905259ddb06c41eebad') in 0.003710 seconds
Start importing Packages/com.unity.visualscripting/Editor/VisualScripting.Core/IconMap/VariablesSaver@32x.png using Guid(8ef7c0fbb1fbcd64e954e5eafe1652ad) Importer(-1,00000000000000000000000000000000) [PhysX] Initialized MultithreadedTaskDispatcher with 20 workers.
 -> (artifact id: 'bb0825e580cf0993cdd95219efae6c53') in 0.005753 seconds
Start importing Packages/com.unity.2d.animation/Editor/Assets/EditorIcons/Dark/d_Generate_Weights@4x.png using Guid(8e88614a5d2aead4998a8c70955662c6) Importer(-1,00000000000000000000000000000000) [PhysX] Initialized MultithreadedTaskDispatcher with 20 workers.
 -> (artifact id: '48d737589c1db3334cb22d40d778c45e') in 0.004216 seconds
Start importing Packages/com.unity.timeline/Editor/StyleSheets/Images/DarkSkin/TimelineKeyframe.png using Guid(8eba099eb091faf419fecdcd5cdabfd7) Importer(-1,00000000000000000000000000000000) [PhysX] Initialized MultithreadedTaskDispatcher with 20 workers.
 -> (artifact id: '63471205f65369257570526af4900fd7') in 0.001871 seconds
Start importing Packages/com.unity.timeline/Editor/StyleSheets/Images/Icons/TrackCurvesButtonEnabled@2x.png using Guid(9e541b6dcfb77d34481f69b3d62d0343) Importer(-1,00000000000000000000000000000000) [PhysX] Initialized MultithreadedTaskDispatcher with 20 workers.
 -> (artifact id: '57dd8cb2442055159e24f4a3e7920f71') in 0.001658 seconds
Start importing Packages/com.unity.render-pipelines.core/Editor/Lighting/Icons/LightUnitIcons/d_Fluorescent@2x.png using Guid(9ed59abbb45e72140ae72a33b30ea19e) Importer(-1,00000000000000000000000000000000) [PhysX] Initialized MultithreadedTaskDispatcher with 20 workers.
 -> (artifact id: 'b54e3f82e5e8bb7225650a384c0f0b47') in 0.004343 seconds
Start importing Packages/com.unity.2d.spriteshape/Editor/Handles/ss_playhead.png using Guid(9ea72647c24be493ba6f15a9cd2a24ae) Importer(-1,00000000000000000000000000000000) [PhysX] Initialized MultithreadedTaskDispatcher with 20 workers.
 -> (artifact id: '3aaf7dd3669eac631cfacb1157fbb2a4') in 0.003602 seconds
Start importing Packages/com.unity.2d.animation/Editor/Assets/ComponentIcons/Animation.IKFabrik On.png using Guid(9efb82d91ad0e4fdfbf6a09635f9d78d) Importer(-1,00000000000000000000000000000000) [PhysX] Initialized MultithreadedTaskDispatcher with 20 workers.
 -> (artifact id: '2c4aa716d32854cbd7ab320b37ede0a0') in 0.003244 seconds
Start importing Packages/com.unity.2d.animation/Editor/Assets/ComponentIcons/d_Animation.IKManager@256.png using Guid(ae40df8c9f7d34e72ac6a5232cb18366) Importer(-1,00000000000000000000000000000000) [PhysX] Initialized MultithreadedTaskDispatcher with 20 workers.
 -> (artifact id: '33ea38b78b55a356b3cba9ea8d7c4e95') in 0.007802 seconds
Start importing Packages/com.unity.collab-proxy/Editor/Assets/Images/d_iconlockedlocaloverlay@2x.png using Guid(ae53a7884da90e94eb5dfeab594b746c) Importer(-1,00000000000000000000000000000000) [PhysX] Initialized MultithreadedTaskDispatcher with 20 workers.
 -> (artifact id: '75fdd64e587160a709ef780d7c84d635') in 0.002916 seconds
Start importing Packages/com.unity.2d.animation/Editor/Assets/ComponentIcons/d_Animation.IKCCD@128.png using Guid(aee4d1ab3c8e8444aaeb344c96f2dc3a) Importer(-1,00000000000000000000000000000000) [PhysX] Initialized MultithreadedTaskDispatcher with 20 workers.
 -> (artifact id: '1631033b00a5847c9bf53129b565b77f') in 0.005644 seconds
Start importing Packages/com.unity.2d.animation/Editor/Assets/ComponentIcons/Animation.SpriteLibraryManager On.png using Guid(aea51f1a175ef466e95835d2787d061f) Importer(-1,00000000000000000000000000000000) [PhysX] Initialized MultithreadedTaskDispatcher with 20 workers.
 -> (artifact id: '245c45906d8c6c751d087d17f3f87cd6') in 0.002825 seconds
Start importing Packages/com.unity.collab-proxy/Editor/Assets/Images/iconplasticnotifyincoming@2x.png using Guid(ae869fe6797f4454cbbf417d87ff637c) Importer(-1,00000000000000000000000000000000) [PhysX] Initialized MultithreadedTaskDispatcher with 20 workers.
 -> (artifact id: 'e09fcb7d985cf36eb601ed92a24642c0') in 0.003562 seconds
Start importing Packages/com.unity.2d.animation/Editor/Assets/EditorIcons/Light/Generate_Geometry@2x.png using Guid(ae5924760c9fbf54d89df9f13435887e) Importer(-1,00000000000000000000000000000000) [PhysX] Initialized MultithreadedTaskDispatcher with 20 workers.
 -> (artifact id: 'b110803c0a09c6828e53b75a1ca56fc3') in 0.003923 seconds
Start importing Packages/com.unity.collab-proxy/Editor/Assets/Images/d_stepok.png using Guid(be423a54b981d38428de82ad12534629) Importer(-1,00000000000000000000000000000000) [PhysX] Initialized MultithreadedTaskDispatcher with 20 workers.
 -> (artifact id: 'cfa3f5b367bfba8a7a4b793acf1767b5') in 0.004255 seconds
Start importing Packages/com.unity.collab-proxy/Editor/Assets/Images/stepok@2x.png using Guid(be340a165cb9c8d4cb50f1deeb51d4ea) Importer(-1,00000000000000000000000000000000) [PhysX] Initialized MultithreadedTaskDispatcher with 20 workers.
 -> (artifact id: '1eb5c0a707061ccea85b0d791829ae1b') in 0.003008 seconds
Start importing Packages/com.unity.2d.animation/Editor/Assets/ComponentIcons/Animation.SpriteResolver@128.png using Guid(ce009ee7a4fb24c1da2f07064894e6c4) Importer(-1,00000000000000000000000000000000) [PhysX] Initialized MultithreadedTaskDispatcher with 20 workers.
 -> (artifact id: 'b71616a1f406977829f6637dff12cfab') in 0.003942 seconds
Start importing Packages/com.unity.2d.tilemap/Editor/Icons/Tilemap.ActiveTargetLayers@4x.png using Guid(ce315ea6e6e86a740b10e02dda0d0e9c) Importer(-1,00000000000000000000000000000000) [PhysX] Initialized MultithreadedTaskDispatcher with 20 workers.
 -> (artifact id: 'be9808717283f20f730ae51e78311ef4') in 0.004299 seconds
Start importing Packages/com.unity.2d.animation/Editor/Assets/EditorIcons/Light/Bone_Influence@3x.png using Guid(cee9dbe90b270c944ae1dabf41c93b10) Importer(-1,00000000000000000000000000000000) [PhysX] Initialized MultithreadedTaskDispatcher with 20 workers.
 -> (artifact id: 'fc125a3dd1544d4696841f712c42f751') in 0.004515 seconds
Start importing Packages/com.unity.render-pipelines.universal/Editor/Gizmos/Camera_Overlay.png using Guid(de8dba0dc20209d4086c0dd93ddf0dd4) Importer(-1,00000000000000000000000000000000) [PhysX] Initialized MultithreadedTaskDispatcher with 20 workers.
 -> (artifact id: '2e7b9d171fde5e40b3501a78c77c6892') in 0.004962 seconds
Start importing Packages/com.unity.2d.animation/Editor/Assets/EditorIcons/Dark/d_Visibility_Tool@2x.png using Guid(debf043892056974eaec3b42dfdda5b3) Importer(-1,00000000000000000000000000000000) [PhysX] Initialized MultithreadedTaskDispatcher with 20 workers.
 -> (artifact id: 'd08dea0b0459b3c1286d3955b0bac64b') in 0.004287 seconds
Start importing Packages/com.unity.textmeshpro/Editor Resources/Gizmos/TMP - Font Asset Icon.psd using Guid(ee148e281f3c41c5b4ff5f8a5afe5a6c) Importer(-1,00000000000000000000000000000000) [PhysX] Initialized MultithreadedTaskDispatcher with 20 workers.
 -> (artifact id: '082f5adb3d4288516a659b579de05153') in 0.002662 seconds
Start importing Packages/com.unity.2d.sprite/Editor/ObjectMenuCreation/DefaultAssets/Textures/HexagonPointed-Top.png using Guid(eed45a33cd08446c8b88325cf82fc52f) Importer(-1,00000000000000000000000000000000) [PhysX] Initialized MultithreadedTaskDispatcher with 20 workers.
 -> (artifact id: 'd413841c341bffbcf4d84598535bf33b') in 0.004858 seconds
Start importing Packages/com.unity.2d.animation/Editor/Assets/EditorIcons/Dark/d_Edit_Joints@2x.png using Guid(eecbc6949fc2aac40bfe64caade7a594) Importer(-1,00000000000000000000000000000000) [PhysX] Initialized MultithreadedTaskDispatcher with 20 workers.
 -> (artifact id: '341f2fce43e2aa048610d52f7ad6e2ed') in 0.003118 seconds
Start importing Packages/com.unity.collab-proxy/Editor/Assets/Images/buttonssosigninunity@2x.png using Guid(ee8ce5cd9c0883f4182b5cfd43cfd7fe) Importer(-1,00000000000000000000000000000000) [PhysX] Initialized MultithreadedTaskDispatcher with 20 workers.
 -> (artifact id: '3548f24ff0532d26610d0288c8d9c6d7') in 0.003442 seconds
Start importing Packages/com.unity.2d.spriteshape/Editor/Handles/ss_rightrange.png using Guid(ee5df01235032491c8b180741ea820fe) Importer(-1,00000000000000000000000000000000) [PhysX] Initialized MultithreadedTaskDispatcher with 20 workers.
 -> (artifact id: 'b7cd3e34c33aafdc2c87078c21daa568') in 0.002971 seconds
Start importing Packages/com.unity.2d.animation/Editor/Assets/EditorIcons/Dark/d_Bone@3x.png using Guid(fe145a004cb46de488885e70d26cade0) Importer(-1,00000000000000000000000000000000) [PhysX] Initialized MultithreadedTaskDispatcher with 20 workers.
 -> (artifact id: '5f00a54efb44cddb7161680f14c4f0f7') in 0.002968 seconds
Start importing Packages/com.unity.2d.common/Path/Editor/Handles/TangentBroken.png using Guid(fe95aee6edcd44a18bb5f5ff8269e300) Importer(-1,00000000000000000000000000000000) [PhysX] Initialized MultithreadedTaskDispatcher with 20 workers.
 -> (artifact id: '7c8343c8c2538926dd79954275d236d3') in 0.003073 seconds
Start importing Packages/com.unity.timeline/Editor/StyleSheets/Images/Icons/TrackLockButtonDisabled.png using Guid(fef7487d8b06bba408f70354e2463ce4) Importer(-1,00000000000000000000000000000000) [PhysX] Initialized MultithreadedTaskDispatcher with 20 workers.
 -> (artifact id: '6711690929d20e40eec6cc4385718621') in 0.001671 seconds
Start importing Packages/com.unity.2d.animation/Editor/Assets/EditorIcons/Selected/SetPivot64.png using Guid(fe3852467ea5e4b488f8c7e0006c970b) Importer(-1,00000000000000000000000000000000) [PhysX] Initialized MultithreadedTaskDispatcher with 20 workers.
 -> (artifact id: 'de55dc65d6869601612f02f0b5b15479') in 0.003674 seconds
Start importing Packages/com.unity.2d.animation/Editor/Assets/EditorIcons/Dark/d_Create Bones@2x.png using Guid(fea84712d555ee04a8147088aad76931) Importer(-1,00000000000000000000000000000000) [PhysX] Initialized MultithreadedTaskDispatcher with 20 workers.
 -> (artifact id: 'ad64ec8f003a04627c5a8391e92e380b') in 0.003876 seconds
Start importing Packages/com.unity.2d.animation/Editor/Assets/ComponentIcons/d_Animation.SpriteLibraryVar.png using Guid(0f23e3a5939b544a695891ff91d452b7) Importer(-1,00000000000000000000000000000000) [PhysX] Initialized MultithreadedTaskDispatcher with 20 workers.
 -> (artifact id: '5dfb44dd6ef33730cdfb4d2648d7d767') in 0.002799 seconds
Start importing Packages/com.unity.collab-proxy/Editor/Assets/Images/d_ignoredoverlay.png using Guid(0f5597de928ba6547895c4cdb9fa4185) Importer(-1,00000000000000000000000000000000) [PhysX] Initialized MultithreadedTaskDispatcher with 20 workers.
 -> (artifact id: 'e1eebe368e0ae34fcef740a8f368b993') in 0.002505 seconds
Start importing Packages/com.unity.2d.animation/Editor/Assets/EditorIcons/Dark/d_Sprite_Influence@2x.png using Guid(0f26b0f71c3344e8b8838eb64eb7d9e9) Importer(-1,00000000000000000000000000000000) [PhysX] Initialized MultithreadedTaskDispatcher with 20 workers.
 -> (artifact id: 'bb12a092507d6aa53154ecbb0c8f0730') in 0.003063 seconds
Start importing Packages/com.unity.2d.animation/Editor/Assets/EditorIcons/Dark/d_Edit_Geometry@3x.png using Guid(0ff8fd73a1ad1284eb30ab319560b4c7) Importer(-1,00000000000000000000000000000000) [PhysX] Initialized MultithreadedTaskDispatcher with 20 workers.
 -> (artifact id: '20fa0b359107b0b8d9b25273521a8117') in 0.004946 seconds
Start importing Packages/com.unity.timeline/Editor/StyleSheets/Images/Icons/d_TrackRecordButtonEnabled@2x.png using Guid(0f1c9a12872a30f45bab34f536332bb3) Importer(-1,00000000000000000000000000000000) [PhysX] Initialized MultithreadedTaskDispatcher with 20 workers.
 -> (artifact id: 'b412efb57f1ee21e5e97bd53feb26b72') in 0.001925 seconds
Start importing Packages/com.unity.render-pipelines.core/Editor/Lighting/Icons/LightUnitIcons/Shade@2x.png using Guid(1f20ae185bcb2254a844ed304955beb3) Importer(-1,00000000000000000000000000000000) [PhysX] Initialized MultithreadedTaskDispatcher with 20 workers.
 -> (artifact id: '3201a538b45c1e7c5e0fc31b36f414cf') in 0.003067 seconds
Start importing Packages/com.unity.2d.sprite/Editor/Assets/SpriteEditorOn@2x.png using Guid(1fb0e05a5ca5a42ba8ffafe439520b8e) Importer(-1,00000000000000000000000000000000) [PhysX] Initialized MultithreadedTaskDispatcher with 20 workers.
 -> (artifact id: '160dd613a22bfed38aab71134780e62e') in 0.002911 seconds
Start importing Packages/com.unity.2d.animation/Editor/Assets/EditorIcons/Light/Create_Edge@4x.png using Guid(1f21190ca9d1e8540b2a3a2e46002685) Importer(-1,00000000000000000000000000000000) [PhysX] Initialized MultithreadedTaskDispatcher with 20 workers.
 -> (artifact id: 'e0c0a378ee2348da480d98cd3f9e0d49') in 0.004035 seconds
Start importing Packages/com.unity.2d.psdimporter/Editor/Assets/Icons/Dark/Layers Separated@16x.png using Guid(1f3420e9f7420411a8aac27743b35e29) Importer(-1,00000000000000000000000000000000) [PhysX] Initialized MultithreadedTaskDispatcher with 20 workers.
 -> (artifact id: 'e577b11eb8eeb614401df8cffb7e4ad9') in 0.005940 seconds
Start importing Packages/com.unity.2d.tilemap/Editor/Icons/d_Grid.FlipX@2x.png using Guid(1f26945e970839e41ba35badd04237ef) Importer(-1,00000000000000000000000000000000) [PhysX] Initialized MultithreadedTaskDispatcher with 20 workers.
 -> (artifact id: '12449ae5bd4b4b8f61a1b168849e4c4d') in 0.003068 seconds
Start importing Packages/com.unity.2d.animation/Editor/Assets/EditorIcons/Dark/d_False@2x.png using Guid(1fa6ee9de92b645ecbf1f64c60b79880) Importer(-1,00000000000000000000000000000000) [PhysX] Initialized MultithreadedTaskDispatcher with 20 workers.
 -> (artifact id: '323e7306207f0a77500964d777db30e1') in 0.003233 seconds
Start importing Packages/com.unity.timeline/Editor/StyleSheets/Images/Icons/d_TrackCurvesButtonDisabled@2x.png using Guid(1f3ea4caa6e0ec74388e4d7d16690e68) Importer(-1,00000000000000000000000000000000) [PhysX] Initialized MultithreadedTaskDispatcher with 20 workers.
 -> (artifact id: '15ebb23c3eb9c85f9f01d88fd6687790') in 0.001960 seconds
Start importing Packages/com.unity.2d.animation/Editor/Assets/EditorIcons/Selected/d_Mesh.png using Guid(1f9ef263156323d4dbaab5a1b41a61e6) Importer(-1,00000000000000000000000000000000) [PhysX] Initialized MultithreadedTaskDispatcher with 20 workers.
 -> (artifact id: '846bc4d25f18e5f5c1c5d8bd8a4a4a3c') in 0.002770 seconds
Start importing Packages/com.unity.2d.animation/Editor/Assets/EditorIcons/Selected/Split_Edge@2x.png using Guid(2f12c9758dad4e34ea8bc886f1fdb0dd) Importer(-1,00000000000000000000000000000000) [PhysX] Initialized MultithreadedTaskDispatcher with 20 workers.
 -> (artifact id: '0d8c7b2a21eaf4436985e24d0ac41f28') in 0.003325 seconds
Start importing Packages/com.unity.2d.common/Path/Editor/Handles/ShapeTool.png using Guid(2fd4f13c38edc483ba5fce64269a434a) Importer(-1,00000000000000000000000000000000) [PhysX] Initialized MultithreadedTaskDispatcher with 20 workers.
 -> (artifact id: '5c7fba9187596640811ac715363d1157') in 0.002813 seconds
Start importing Packages/com.unity.render-pipelines.core/Editor/LookDev/Icons/SunPosition@2x.png using Guid(2f75c34a5bc525545916fb8367422dd0) Importer(-1,00000000000000000000000000000000) [PhysX] Initialized MultithreadedTaskDispatcher with 20 workers.
 -> (artifact id: 'a6a33503f3923c3e34e14fd526a16584') in 0.003437 seconds
Start importing Packages/com.unity.2d.animation/Editor/Assets/EditorIcons/Dark/d_Visibility_Tool@3x 1.png using Guid(2fe54232a3d87784e804d41060f1cd8e) Importer(-1,00000000000000000000000000000000) [PhysX] Initialized MultithreadedTaskDispatcher with 20 workers.
 -> (artifact id: '35d00c2de55fd7b1e539e301843034a1') in 0.003819 seconds
Start importing Packages/com.unity.textmeshpro/Editor Resources/Gizmos/TMP - Text Component Icon.psd using Guid(2fd6421f253b4ef1a19526541f9ffc0c) Importer(-1,00000000000000000000000000000000) [PhysX] Initialized MultithreadedTaskDispatcher with 20 workers.
 -> (artifact id: '8277c3f3f88efb9f7b6d2577a26d43fe') in 0.002316 seconds
Start importing Packages/com.unity.2d.animation/Editor/Assets/EditorIcons/Light/Edit_Joints@2x.png using Guid(2fc7298673dedaa4a9f850a8ca46e299) Importer(-1,00000000000000000000000000000000) [PhysX] Initialized MultithreadedTaskDispatcher with 20 workers.
 -> (artifact id: '66a9746986ca5b929f50c1f38cae4ce5') in 0.003443 seconds
Start importing Packages/com.unity.shadergraph/Editor/Resources/Icons/sg_subgraph_icon.png using Guid(2f2e2190c36a7b54295d734e567b3e44) Importer(-1,00000000000000000000000000000000) [PhysX] Initialized MultithreadedTaskDispatcher with 20 workers.
 -> (artifact id: '3e952301576ebc0e6542fc05247d91e6') in 0.003132 seconds
Start importing Packages/com.unity.render-pipelines.core/Editor/LookDev/Icons/LayoutCustom@2x.png using Guid(2fffe801f98fb314484382ea4affcf94) Importer(-1,00000000000000000000000000000000) [PhysX] Initialized MultithreadedTaskDispatcher with 20 workers.
 -> (artifact id: '6366f8bd2d7948367bd2d85eb7ccfa21') in 0.002931 seconds
Start importing Packages/com.unity.render-pipelines.core/Editor/Lighting/Icons/LightUnitIcons/d_Candlelight.png using Guid(3f9a63faecec9a34c9ffbfedd9ac5c3b) Importer(-1,00000000000000000000000000000000) [PhysX] Initialized MultithreadedTaskDispatcher with 20 workers.
 -> (artifact id: '532195bad1dd37ea8809ed1e0331dd47') in 0.003004 seconds
Start importing Packages/com.unity.2d.animation/Editor/Assets/ComponentIcons/d_WarningIcon_Small@2x.png using Guid(3f2d8e263d8314a48a35859e01318f35) Importer(-1,00000000000000000000000000000000) [PhysX] Initialized MultithreadedTaskDispatcher with 20 workers.
 -> (artifact id: '613c4d9d25ec27933f41239828a6630e') in 0.003129 seconds
Start importing Packages/com.unity.2d.animation/Editor/Assets/ComponentIcons/Animation.IKLimb On.png using Guid(4f5364a9fe7e04741862d2af49136835) Importer(-1,00000000000000000000000000000000) [PhysX] Initialized MultithreadedTaskDispatcher with 20 workers.
 -> (artifact id: '3af20790e674e9631b14f2b1bb922689') in 0.003245 seconds
Start importing Packages/com.unity.render-pipelines.core/Editor/LookDev/Icons/d_Remove.png using Guid(4ff71d806d58fd041be6e55d1d1ca70e) Importer(-1,00000000000000000000000000000000) [PhysX] Initialized MultithreadedTaskDispatcher with 20 workers.
 -> (artifact id: '7081ea00f1dc7888b8f168f47c10bef6') in 0.002417 seconds
Start importing Packages/com.unity.2d.animation/Editor/Assets/EditorIcons/Dark/d_Edit_Pose@4x.png using Guid(4f3a106299767d146975053c7be09b97) Importer(-1,00000000000000000000000000000000) [PhysX] Initialized MultithreadedTaskDispatcher with 20 workers.
 -> (artifact id: '759de90d68166ed1e07e5485ab8901cb') in 0.003905 seconds
Start importing Packages/com.unity.timeline/Editor/StyleSheets/Images/Icons/d_TimelineHeaderMarkerIcon.png using Guid(4f8d98ef7dbbe3d469e14c04722cbeed) Importer(-1,00000000000000000000000000000000) [PhysX] Initialized MultithreadedTaskDispatcher with 20 workers.
 -> (artifact id: '0766893c4f37f45ea37f6547b1ebf03f') in 0.001876 seconds
Start importing Packages/com.unity.2d.animation/Editor/Assets/EditorIcons/Selected/Parent_Bone@3x.png using Guid(6f4409ce938bf9447a36e531f7755ca7) Importer(-1,00000000000000000000000000000000) [PhysX] Initialized MultithreadedTaskDispatcher with 20 workers.
 -> (artifact id: '7e374fd5d3e59e6ac6c3c58e11540eb9') in 2.699714 seconds
Start importing Packages/com.unity.timeline/Editor/StyleSheets/Images/Icons/TrackLockButtonDisabled@2x.png using Guid(6fb5cabb85ba3794682b16eba19440cb) Importer(-1,00000000000000000000000000000000) [PhysX] Initialized MultithreadedTaskDispatcher with 20 workers.
 -> (artifact id: '90f17114ffd2e9e77a61700ddcda889a') in 1.093449 seconds
Start importing Packages/com.unity.2d.animation/Editor/Assets/EditorIcons/Selected/Edit_Joints.png using Guid(6fd5a08a269c8544095b5c02ab57696b) Importer(-1,00000000000000000000000000000000) [PhysX] Initialized MultithreadedTaskDispatcher with 20 workers.
 -> (artifact id: '431c5ae5ed61f535546bdd7744ed90f9') in 0.003457 seconds
Start importing Packages/com.unity.collab-proxy/Editor/Assets/Images/refresh.png using Guid(6f6a4c6bd7cdc654d9d91f7de72afcb6) Importer(-1,00000000000000000000000000000000) [PhysX] Initialized MultithreadedTaskDispatcher with 20 workers.
 -> (artifact id: '1f1add5016e619157c8e82d464fc9f0e') in 0.002852 seconds
Start importing Packages/com.unity.timeline/Editor/StyleSheets/Images/Icons/d_TrackLockButtonDisabled@2x.png using Guid(6f0b77e050cdb12478ed9514b3a0e40e) Importer(-1,00000000000000000000000000000000) [PhysX] Initialized MultithreadedTaskDispatcher with 20 workers.
 -> (artifact id: '3f2ec28adda82fa1cadef97b6617e559') in 0.001858 seconds
Start importing Packages/com.unity.render-pipelines.universal/Editor/2D/Resources/SceneViewIcons/GlobalLight.png using Guid(7f923c32ff8dfab40b5673135ddb6cd4) Importer(-1,00000000000000000000000000000000) [PhysX] Initialized MultithreadedTaskDispatcher with 20 workers.
 -> (artifact id: '23b4a426f46c594471f66b19fe614559') in 0.014130 seconds
Start importing Packages/com.unity.2d.animation/Editor/Assets/EditorIcons/Selected/Weight_Slider@2x.png using Guid(7f64a6e091143c0458506b559165cf72) Importer(-1,00000000000000000000000000000000) [PhysX] Initialized MultithreadedTaskDispatcher with 20 workers.
 -> (artifact id: '3272096d19b5e0af60fcda1900c39626') in 0.003760 seconds
Start importing Packages/com.unity.collab-proxy/Editor/Assets/Images/d_iconprivateoverlay@2x.png using Guid(7f854f490da24e54f9e8383e446b5d81) Importer(-1,00000000000000000000000000000000) [PhysX] Initialized MultithreadedTaskDispatcher with 20 workers.
 -> (artifact id: '549c196fd8c46b3caafa74ca26dd36e5') in 0.002849 seconds
Start importing Packages/com.unity.2d.psdimporter/Editor/Assets/Icons/Selected/Layers Collapsed@16x.png using Guid(7ffc8f310c89c47679285e29d8583529) Importer(-1,00000000000000000000000000000000) [PhysX] Initialized MultithreadedTaskDispatcher with 20 workers.
 -> (artifact id: 'cb29d1657b058579bb9ed73d3e4f0b28') in 0.005815 seconds
Start importing Packages/com.unity.2d.animation/Editor/Assets/ComponentIcons/Animation.SpriteResolver@256.png using Guid(8f526fff3bebe4808b05f8ae127482f0) Importer(-1,00000000000000000000000000000000) [PhysX] Initialized MultithreadedTaskDispatcher with 20 workers.
 -> (artifact id: '1c472acb4073a96268ac4053572f617f') in 0.005993 seconds
Start importing Packages/com.unity.2d.animation/Editor/Assets/ComponentIcons/Animation.IKLimb@128.png using Guid(8f03a52015a57491094416b25e8e9c18) Importer(-1,00000000000000000000000000000000) [PhysX] Initialized MultithreadedTaskDispatcher with 20 workers.
 -> (artifact id: '910d277237f276c8cbb5cd0f7e42f671') in 0.005332 seconds
Start importing Packages/com.unity.timeline/Editor/StyleSheets/Images/Icons/TimelineEditModeMixOFF.png using Guid(8fca5ed160cdc5440a4c7561db4082b2) Importer(-1,00000000000000000000000000000000) [PhysX] Initialized MultithreadedTaskDispatcher with 20 workers.
 -> (artifact id: '7c574893fede807b4e8d3c9ed94ea96c') in 0.001846 seconds
Start importing Packages/com.unity.timeline/Editor/StyleSheets/Images/Icons/TrackRecordButtonEnabled@2x.png using Guid(8fdae4ac756ed6047b01021ff0cc3ebb) Importer(-1,00000000000000000000000000000000) [PhysX] Initialized MultithreadedTaskDispatcher with 20 workers.
 -> (artifact id: '4f8b590fab9798761067245f70595474') in 0.001955 seconds
Start importing Assets/_Game/Art/AppIcon.png using Guid(8f3c1a9e2b4d4f6a9c0e1d2b3a4c5d6e) Importer(-1,00000000000000000000000000000000) [PhysX] Initialized MultithreadedTaskDispatcher with 20 workers.
 -> (artifact id: '460acf170f9856c32953fff9b82b0ea7') in 0.005728 seconds
Start importing Packages/com.unity.collab-proxy/Editor/Assets/Images/secondarytabclosehover.png using Guid(8fac55fff4ce5fa40a7b2efefc0e617a) Importer(-1,00000000000000000000000000000000) [PhysX] Initialized MultithreadedTaskDispatcher with 20 workers.
 -> (artifact id: '161bd5d5757c70bd805a803b91c8b7c2') in 0.002631 seconds
Start importing Packages/com.unity.render-pipelines.universal/Editor/2D/Resources/InspectorIcons/GlobalLight.png using Guid(8f5dd14b314efbe4684329d8a14bbe38) Importer(-1,00000000000000000000000000000000) [PhysX] Initialized MultithreadedTaskDispatcher with 20 workers.
 -> (artifact id: '8ccc9d17286902f801f1b11b245b2787') in 0.003406 seconds
Start importing Packages/com.unity.2d.animation/Editor/Assets/ComponentIcons/d_Animation.IKCCD.png using Guid(9fa9bae87905c44afb14ac13c8e481d1) Importer(-1,00000000000000000000000000000000) [PhysX] Initialized MultithreadedTaskDispatcher with 20 workers.
 -> (artifact id: '72975f9a0ea9fc63a159993370f2e8f1') in 0.003262 seconds
Start importing Packages/com.unity.2d.psdimporter/Editor/Assets/Icons/Selected/Layers Mixed@16x.png using Guid(9f3e8a7a640b640feac66da51cc078c5) Importer(-1,00000000000000000000000000000000) [PhysX] Initialized MultithreadedTaskDispatcher with 20 workers.
 -> (artifact id: '94ae0cdeb7ed1cf9bf100e1850c782c3') in 0.004779 seconds
Start importing Packages/com.unity.2d.animation/Editor/Assets/EditorIcons/Selected/Weight_Slider@3x.png using Guid(af73899d5803d99448134360f184f348) Importer(-1,00000000000000000000000000000000) [PhysX] Initialized MultithreadedTaskDispatcher with 20 workers.
 -> (artifact id: '645b319df502722fab73ffe09bd08b7f') in 0.003689 seconds
Start importing Packages/com.unity.2d.animation/Editor/Assets/ComponentIcons/Animation.SpriteLibraryVar@256.png using Guid(af04f3196abef440b94c03fbe3dab00f) Importer(-1,00000000000000000000000000000000) [PhysX] Initialized MultithreadedTaskDispatcher with 20 workers.
 -> (artifact id: '7a1a191c0cdc6196105bd9267e7aa3b2') in 0.007780 seconds
Start importing Packages/com.unity.timeline/Editor/StyleSheets/Images/DarkSkin/TimelineAutokey@2x.png using Guid(af24c542434a025448222d576f61a956) Importer(-1,00000000000000000000000000000000) [PhysX] Initialized MultithreadedTaskDispatcher with 20 workers.
 -> (artifact id: '1b94243e0b7a577045591dca4b15ef3c') in 0.002319 seconds
Start importing Packages/com.unity.2d.animation/Editor/Assets/ComponentIcons/d_Animation.IKFabrik@128.png using Guid(af77273b34edb4bacbace0efd118bf1a) Importer(-1,00000000000000000000000000000000) [PhysX] Initialized MultithreadedTaskDispatcher with 20 workers.
 -> (artifact id: 'e2e4b533303fcf5041b19d1f811a64aa') in 0.004829 seconds
Start importing Packages/com.unity.2d.animation/Editor/Assets/EditorIcons/Dark/d_Split Bones@2x.png using Guid(afe7d261eb308984e95ffa8d883fc998) Importer(-1,00000000000000000000000000000000) [PhysX] Initialized MultithreadedTaskDispatcher with 20 workers.
 -> (artifact id: '63bc666b948eb6a56bd3af3434272a1f') in 0.004204 seconds
Start importing Packages/com.unity.2d.animation/Editor/Assets/ComponentIcons/Animation.SpriteSkin On@64.png using Guid(af48269279273434687aeac541f87ca8) Importer(-1,00000000000000000000000000000000) [PhysX] Initialized MultithreadedTaskDispatcher with 20 workers.
 -> (artifact id: '47691012267782a6d8e693eb0dc6e022') in 0.003798 seconds
Start importing Packages/com.unity.timeline/Editor/StyleSheets/Images/LightSkin/TimelineAutokey.png using Guid(af3aec622aef40c45813b39e405966a3) Importer(-1,00000000000000000000000000000000) [PhysX] Initialized MultithreadedTaskDispatcher with 20 workers.
 -> (artifact id: '29ba212196ebde862d2201f257db57ff') in 0.001928 seconds
Start importing Packages/com.unity.2d.animation/Editor/Assets/ComponentIcons/Animation.IKCCD.png using Guid(affd7e74f3f7b465ea861fbf1651b73b) Importer(-1,00000000000000000000000000000000) [PhysX] Initialized MultithreadedTaskDispatcher with 20 workers.
 -> (artifact id: '3564f5fdd1c31023be0cb00c6c944678') in 0.003154 seconds
Start importing Packages/com.unity.collab-proxy/Editor/Assets/Images/step1@2x.png using Guid(affeade9874cf2347abb155e8d0db4d8) Importer(-1,00000000000000000000000000000000) [PhysX] Initialized MultithreadedTaskDispatcher with 20 workers.
 -> (artifact id: '29a9feb94b393424e7ffb84ec154d498') in 0.002922 seconds
Start importing Packages/com.unity.2d.animation/Editor/Assets/EditorIcons/Selected/Weight_Brush.png using Guid(bf734b7184825b040837040cb93a8dc7) Importer(-1,00000000000000000000000000000000) [PhysX] Initialized MultithreadedTaskDispatcher with 20 workers.
 -> (artifact id: '33ccedf73fdf5ba160c210e86ef76cb8') in 0.003156 seconds
Start importing Packages/com.unity.render-pipelines.universal/Editor/2D/ShapeEditor/Resources/TangentBrokenPro.png using Guid(bf2498e489f73d547aafc73fd66a36cb) Importer(-1,00000000000000000000000000000000) [PhysX] Initialized MultithreadedTaskDispatcher with 20 workers.
 -> (artifact id: 'b50dc02944f1826f3d6450d4356fc8aa') in 0.003765 seconds
Start importing Packages/com.unity.timeline/Editor/StyleSheets/Images/Icons/TimelineHeaderMarkerIcon.png using Guid(bf1debab21103154b99778ba6e074175) Importer(-1,00000000000000000000000000000000) [PhysX] Initialized MultithreadedTaskDispatcher with 20 workers.
 -> (artifact id: '023c35d6d939d68947d15cf233a72fb0') in 0.001934 seconds
Start importing Packages/com.unity.render-pipelines.universal/Textures/BlueNoise16/L/LDR_LLL1_12.png using Guid(bfed3e498947fcb4890b7f40f54d85b9) Importer(-1,00000000000000000000000000000000) [PhysX] Initialized MultithreadedTaskDispatcher with 20 workers.
 -> (artifact id: '0281633d1103308414f9e2cc11c81e1f') in 0.001669 seconds
Start importing Packages/com.unity.2d.animation/Editor/Assets/ComponentIcons/Animation.IKLimb.png using Guid(cf11b38b95bcf4dac8b48952d4fd11b8) Importer(-1,00000000000000000000000000000000) [PhysX] Initialized MultithreadedTaskDispatcher with 20 workers.
 -> (artifact id: '492a9f08d523c6ddcc32e3182998b159') in 0.002930 seconds
Start importing Packages/com.unity.render-pipelines.core/Editor/LookDev/Icons/renderdoc.png using Guid(cf13fb90f91d2a545a00591d75b43bd8) Importer(-1,00000000000000000000000000000000) [PhysX] Initialized MultithreadedTaskDispatcher with 20 workers.
 -> (artifact id: '6c38335564e61d14b3025e04ac0e875a') in 0.003050 seconds
Start importing Packages/com.unity.2d.tilemap/Editor/Icons/EditorUI.Target.png using Guid(cf94b5ae9bca88f4a97ce96847235ba3) Importer(-1,00000000000000000000000000000000) [PhysX] Initialized MultithreadedTaskDispatcher with 20 workers.
 -> (artifact id: 'a80040c2cba8e5f20f8281ca27fdedb1') in 0.002932 seconds
Start importing Packages/com.unity.2d.animation/Editor/Assets/ComponentIcons/d_Animation.SpriteLibraryManager@256.png using Guid(cf27adadd6b1f42eebc0e8ab8f0d091d) Importer(-1,00000000000000000000000000000000) [PhysX] Initialized MultithreadedTaskDispatcher with 20 workers.
 -> (artifact id: '3dd46a219f2dd596fc644ca702bc23c9') in 0.006744 seconds
Start importing Packages/com.unity.timeline/Editor/StyleSheets/Images/Icons/TrackLockButtonEnabled.png using Guid(cf575301f1e76c4478de0e77db15eba0) Importer(-1,00000000000000000000000000000000) [PhysX] Initialized MultithreadedTaskDispatcher with 20 workers.
 -> (artifact id: 'aa31bfa9f3151e2ea90e839395620546') in 0.001953 seconds
Start importing Packages/com.unity.2d.animation/Editor/Assets/EditorIcons/Selected/SetPivot256.png using Guid(cf571779d45114b29b2641744a545123) Importer(-1,00000000000000000000000000000000) [PhysX] Initialized MultithreadedTaskDispatcher with 20 workers.
 -> (artifact id: '3bc9160d34981eb73e06c031322f7aa8') in 0.006106 seconds
Start importing Packages/com.unity.2d.psdimporter/Editor/Assets/Icons/Light/Layers Collapsed@16x.png using Guid(cf195ec1f698d488fb3fdeebc2b3ad33) Importer(-1,00000000000000000000000000000000) [PhysX] Initialized MultithreadedTaskDispatcher with 20 workers.
 -> (artifact id: 'fdefd4c01b131171729ff5c4932bba3a') in 0.005675 seconds
Start importing Packages/com.unity.2d.animation/Editor/Assets/EditorIcons/Light/Sprite_Mode@2x.png using Guid(cfe99a1afb609b4488d6fc9224a62f74) Importer(-1,00000000000000000000000000000000) [PhysX] Initialized MultithreadedTaskDispatcher with 20 workers.
 -> (artifact id: 'cf78c5a93cef7bc370678dab7e70c258') in 0.003435 seconds
Start importing Packages/com.unity.timeline/Editor/StyleSheets/Images/LightSkin/TimelineAutokey@2x.png using Guid(cf3fbf98d5c3f1941bd9c0256918a4c8) Importer(-1,00000000000000000000000000000000) [PhysX] Initialized MultithreadedTaskDispatcher with 20 workers.
 -> (artifact id: 'd5d84257d837b93d316b873e44ae9bc6') in 0.001844 seconds
Start importing Packages/com.unity.render-pipelines.core/Editor/Lighting/Icons/LightAnchor_Icon.png using Guid(df491817340312f439c32f95902ddee7) Importer(-1,00000000000000000000000000000000) [PhysX] Initialized MultithreadedTaskDispatcher with 20 workers.
 -> (artifact id: '7718df72dba09b4b5d52b3a0692077d3') in 0.007772 seconds
Start importing Packages/com.unity.render-pipelines.core/Editor/LookDev/Icons/RightArrow.png using Guid(df4dc708bd8692446a6d5c3531ac377b) Importer(-1,00000000000000000000000000000000) [PhysX] Initialized MultithreadedTaskDispatcher with 20 workers.
 -> (artifact id: 'b2aa7ceb621095486121ce79b99e1ab1') in 0.002830 seconds
Start importing Assets/TextMesh Pro/Sprites/EmojiOne.png using Guid(dffef66376be4fa480fb02b19edbe903) Importer(-1,00000000000000000000000000000000) [PhysX] Initialized MultithreadedTaskDispatcher with 20 workers.
 -> (artifact id: 'd8527ba376c85f31095c0ff510ce4194') in 0.055150 seconds
Start importing Packages/com.unity.2d.animation/Editor/Assets/ComponentIcons/Animation.SpriteLibrary@128.png using Guid(efb08993e46994800a736d1f88e89019) Importer(-1,00000000000000000000000000000000) [PhysX] Initialized MultithreadedTaskDispatcher with 20 workers.
 -> (artifact id: 'c359436dfdf839d9f7bc4349f4722b6b') in 0.004906 seconds
Start importing Packages/com.unity.2d.animation/Editor/Assets/EditorIcons/Dark/d_Create_Vertex.png using Guid(efe4b927ec825b242bf70d64c4258c1e) Importer(-1,00000000000000000000000000000000) [PhysX] Initialized MultithreadedTaskDispatcher with 20 workers.
 -> (artifact id: '32d200087567c7c6df1ff8d4b3e8f2f6') in 0.003117 seconds
Start importing Packages/com.unity.2d.animation/Editor/Assets/EditorIcons/Light/Generate_Weights@2x.png using Guid(ef3672bed7321e34da872e8c2e205209) Importer(-1,00000000000000000000000000000000) [PhysX] Initialized MultithreadedTaskDispatcher with 20 workers.
 -> (artifact id: '4cc31f6d52b917a6f261104c7bda19a6') in 0.004086 seconds
Start importing Packages/com.unity.2d.animation/Editor/Assets/EditorIcons/Selected/Visibility_Tool@2x.png using Guid(ef9977ed07c438845a52c577f4ffcc3a) Importer(-1,00000000000000000000000000000000) [PhysX] Initialized MultithreadedTaskDispatcher with 20 workers.
 -> (artifact id: '82aefaba2ce228e3e3e00bbe48612be1') in 0.003357 seconds
Start importing Packages/com.unity.2d.tilemap/Editor/Icons/d_EditorUI.Target@2x.png using Guid(efae8c209fe26f541b3d560f2034287d) Importer(-1,00000000000000000000000000000000) [PhysX] Initialized MultithreadedTaskDispatcher with 20 workers.
 -> (artifact id: 'ed5ae78c7e0ca0625665e9b64237e4d1') in 0.003169 seconds
Start importing Packages/com.unity.2d.animation/Editor/Assets/EditorIcons/Selected/Bone_Influence.png using Guid(ff00345da0563d641903c5bd5bb748a4) Importer(-1,00000000000000000000000000000000) [PhysX] Initialized MultithreadedTaskDispatcher with 20 workers.
 -> (artifact id: '12166138d14b8da7a17f359c33c69b47') in 0.002955 seconds
Start importing Packages/com.unity.2d.tilemap/Editor/Icons/Tilemap.BrushSettings@4x.png using Guid(ff827e3a021bd1b4493ddbcd90ed460f) Importer(-1,00000000000000000000000000000000) [PhysX] Initialized MultithreadedTaskDispatcher with 20 workers.
 -> (artifact id: '560a95160ca80ec6cfacd08591af6545') in 0.003626 seconds
Start importing Packages/com.unity.2d.tilemap/Editor/Icons/d_Tilemap.FocusGrid@4x.png using Guid(ffc58b5d1d8a6ed489be30f7a1291b1e) Importer(-1,00000000000000000000000000000000) [PhysX] Initialized MultithreadedTaskDispatcher with 20 workers.
 -> (artifact id: 'c0f635c9cb74de20f4b1c5b7f6bc3122') in 0.004039 seconds
Start importing Packages/com.unity.render-pipelines.universal/Textures/BlueNoise16/L/LDR_LLL1_28.png using Guid(ff47e5a0f105eb34883b973e51f4db62) Importer(-1,00000000000000000000000000000000) [PhysX] Initialized MultithreadedTaskDispatcher with 20 workers.
 -> (artifact id: '2b3cf109a4a12634c03add8d401e8bfa') in 0.001789 seconds
Start importing Packages/com.unity.2d.animation/Editor/Assets/EditorIcons/Selected/Sprite_Mode@2x.png using Guid(ff2aa9ebc8aee604caa5f8459ac4ae43) Importer(-1,00000000000000000000000000000000) [PhysX] Initialized MultithreadedTaskDispatcher with 20 workers.
 -> (artifact id: 'bff3391b7f3048abe6cef725c8b928f4') in 0.003161 seconds
Start importing Packages/com.unity.render-pipelines.core/Editor/LookDev/Icons/d_LookDev@2x.png using Guid(ffdf80dc342e69344b2dccafe04c30ee) Importer(-1,00000000000000000000000000000000) [PhysX] Initialized MultithreadedTaskDispatcher with 20 workers.
 -> (artifact id: '21381bbedc1315dd672858fda8cd66bd') in 0.003604 seconds
Start importing Packages/com.unity.render-pipelines.universal/Shaders/SpatialMappingOcclusion.shader using Guid(60e10855641b4d84da68ec72e6f6eeb8) Importer(-1,00000000000000000000000000000000) [PhysX] Initialized MultithreadedTaskDispatcher with 20 workers.
Launched and connected shader compiler UnityShaderCompiler.exe after 0.03 seconds
 -> (artifact id: '1b6b85e4e580886af6dc7fea9b45d2fd') in 0.055835 seconds
Shader 'Universal Render Pipeline/VR/SpatialMapping/Occlusion': fallback shader 'Hidden/Universal Render Pipeline/FallbackError' not found
Start importing Packages/com.unity.render-pipelines.universal/Runtime/Decal/DBuffer/DBufferClear.shader using Guid(f056d8bd2a1c7e44e9729144b4c70395) Importer(-1,00000000000000000000000000000000) [PhysX] Initialized MultithreadedTaskDispatcher with 20 workers.
 -> (artifact id: 'dfe1a198908b083a18f53e15045070d1') in 0.015784 seconds
Start importing Packages/com.unity.render-pipelines.universal/Shaders/PostProcessing/StopNaN.shader using Guid(1121bb4e615ca3c48b214e79e841e823) Importer(-1,00000000000000000000000000000000) [PhysX] Initialized MultithreadedTaskDispatcher with 20 workers.
 -> (artifact id: 'a85381fe04b374c3b38982adc61ede11') in 0.014741 seconds
Start importing Packages/com.unity.render-pipelines.universal/Shaders/Terrain/TerrainLitBase.shader using Guid(21322c8b137c66e49b86085d3c8161f6) Importer(-1,00000000000000000000000000000000) [PhysX] Initialized MultithreadedTaskDispatcher with 20 workers.
WARNING: Shader Unsupported: 'Hidden/Universal Render Pipeline/Terrain/Lit (Base Pass)' - All subshaders removed
WARNING: Shader Did you use #pragma only_renderers and omit this platform?
WARNING: Shader If subshaders removal was intentional, you may have forgotten turning Fallback off?
WARNING: Shader Unsupported: 'Hidden/Universal Render Pipeline/Terrain/Lit (Base Pass)' - All subshaders removed
WARNING: Shader Did you use #pragma only_renderers and omit this platform?
WARNING: Shader If subshaders removal was intentional, you may have forgotten turning Fallback off?
WARNING: Shader Unsupported: 'Hidden/Universal Render Pipeline/Terrain/Lit (Base Pass)' - All subshaders removed
WARNING: Shader Did you use #pragma only_renderers and omit this platform?
WARNING: Shader If subshaders removal was intentional, you may have forgotten turning Fallback off?
WARNING: Shader Unsupported: 'Hidden/Universal Render Pipeline/Terrain/Lit (Base Pass)' - All subshaders removed
WARNING: Shader Did you use #pragma only_renderers and omit this platform?
WARNING: Shader If subshaders removal was intentional, you may have forgotten turning Fallback off?
 -> (artifact id: 'd0581eb5fbf71faaf0e3972f9b604c45') in 0.056144 seconds
Shader 'Hidden/Universal Render Pipeline/Terrain/Lit (Base Pass)': fallback shader 'Hidden/Universal Render Pipeline/FallbackError' not found
WARNING: Shader Unsupported: 'Hidden/Universal Render Pipeline/Terrain/Lit (Base Pass)' - All subshaders removed
WARNING: Shader Did you use #pragma only_renderers and omit this platform?
WARNING: Shader If subshaders removal was intentional, you may have forgotten turning Fallback off?
WARNING: Shader Unsupported: 'Hidden/Universal Render Pipeline/Terrain/Lit (Base Pass)' - All subshaders removed
WARNING: Shader Did you use #pragma only_renderers and omit this platform?
WARNING: Shader If subshaders removal was intentional, you may have forgotten turning Fallback off?
Start importing Packages/com.unity.render-pipelines.universal/Shaders/PostProcessing/PaniniProjection.shader using Guid(a15b78cf8ca26ca4fb2090293153c62c) Importer(-1,00000000000000000000000000000000) [PhysX] Initialized MultithreadedTaskDispatcher with 20 workers.
 -> (artifact id: '4c0c866575c59f033a34c287d58315f3') in 0.016511 seconds
Start importing Packages/com.unity.render-pipelines.universal/Shaders/Utils/Blit.shader using Guid(c17132b1f77d20942aa75f8429c0f8bc) Importer(-1,00000000000000000000000000000000) [PhysX] Initialized MultithreadedTaskDispatcher with 20 workers.
 -> (artifact id: '5e56906219d2bd79113d350bed5b32e1') in 0.016045 seconds
Start importing Packages/com.unity.render-pipelines.universal/Shaders/Utils/CoreBlitColorAndDepth.shader using Guid(d104b2fc1ca6445babb8e90b0758136b) Importer(-1,00000000000000000000000000000000) [PhysX] Initialized MultithreadedTaskDispatcher with 20 workers.
 -> (artifact id: 'e2a844ae8bfe0fbc9ec5e3135a700736') in 0.013744 seconds
Start importing Packages/com.unity.render-pipelines.universal/Shaders/2D/Sprite-Lit-Default.shader using Guid(e260cfa7296ee7642b167f1eb5be5023) Importer(-1,00000000000000000000000000000000) [PhysX] Initialized MultithreadedTaskDispatcher with 20 workers.
 -> (artifact id: '3c79b1233414d5c8c243646df157e3eb') in 0.018134 seconds
Start importing Packages/com.unity.render-pipelines.universal/Shaders/2D/Sprite-Unlit-Default.shader using Guid(13c02b14c4d048fa9653293d54f6e0e1) Importer(-1,00000000000000000000000000000000) [PhysX] Initialized MultithreadedTaskDispatcher with 20 workers.
 -> (artifact id: 'cc8f06a60719cfe26271b28abb0d478c') in 0.016763 seconds
Start importing Packages/com.unity.render-pipelines.universal/Shaders/PostProcessing/TemporalAA.shader using Guid(131f1b93a4ebd459ba87b6bad055fb33) Importer(-1,00000000000000000000000000000000) [PhysX] Initialized MultithreadedTaskDispatcher with 20 workers.
 -> (artifact id: '50f6b06b3195796c2d52d3c3b19753ac') in 0.021796 seconds
Start importing Packages/com.unity.render-pipelines.universal/Shaders/PostProcessing/SubpixelMorphologicalAntialiasing.shader using Guid(63eaba0ebfb82cc43bde059b4a8c65f6) Importer(-1,00000000000000000000000000000000) [PhysX] Initialized MultithreadedTaskDispatcher with 20 workers.
 -> (artifact id: '8b86a4bebf74cd13f678e6e89c06cea9') in 0.018772 seconds
Start importing Packages/com.unity.render-pipelines.universal/Shaders/Utils/CoreBlit.shader using Guid(93446b5c5339d4f00b85c159e1159b7c) Importer(-1,00000000000000000000000000000000) [PhysX] Initialized MultithreadedTaskDispatcher with 20 workers.
 -> (artifact id: 'd439c9b21210d452bd84a70f46832b61') in 0.045218 seconds
Start importing Packages/com.unity.render-pipelines.universal/Shaders/Lit.shader using Guid(933532a4fcc9baf4fa0491de14d08ed7) Importer(-1,00000000000000000000000000000000) [PhysX] Initialized MultithreadedTaskDispatcher with 20 workers.
 -> (artifact id: '1a6fa9d5c973cfd8c43a1e8d60181bfd') in 0.043053 seconds
Shader 'Universal Render Pipeline/Lit': fallback shader 'Hidden/Universal Render Pipeline/FallbackError' not found
Start importing Packages/com.unity.render-pipelines.universal/Shaders/2D/Light2D-Point.shader using Guid(e35a31e1679aeff489e202f5cc4853d5) Importer(-1,00000000000000000000000000000000) [PhysX] Initialized MultithreadedTaskDispatcher with 20 workers.
 -> (artifact id: 'c74c30f45a7a67ae6b702a940e571974') in 0.014122 seconds
Start importing Packages/com.unity.render-pipelines.universal/Shaders/2D/Sprite-Mask.shader using Guid(e39bd598ce13f44ba8af997d3e42cd18) Importer(-1,00000000000000000000000000000000) [PhysX] Initialized MultithreadedTaskDispatcher with 20 workers.
 -> (artifact id: 'e96e95357c838353e0e601829e46e791') in 0.014393 seconds
Start importing Packages/com.unity.render-pipelines.universal/Shaders/Utils/Sampling.shader using Guid(04c410c9937594faa893a11dceb85f7e) Importer(-1,00000000000000000000000000000000) [PhysX] Initialized MultithreadedTaskDispatcher with 20 workers.
 -> (artifact id: '255af1ebfdf54f60fca5fedb673901b6') in 0.014901 seconds
Start importing Packages/com.unity.render-pipelines.universal/Shaders/Particles/ParticlesUnlit.shader using Guid(0406db5a14f94604a8c57ccfbc9f3b46) Importer(-1,00000000000000000000000000000000) [PhysX] Initialized MultithreadedTaskDispatcher with 20 workers.
 -> (artifact id: '7af74888fe8f0f98b0f7675c63254e2f') in 0.038990 seconds
Shader 'Universal Render Pipeline/Particles/Unlit': fallback shader 'Hidden/Universal Render Pipeline/FallbackError' not found
Start importing Packages/com.unity.render-pipelines.universal/Shaders/XR/XROcclusionMesh.shader using Guid(4431b1f1f743fbf4eb310a967890cbea) Importer(-1,00000000000000000000000000000000) [PhysX] Initialized MultithreadedTaskDispatcher with 20 workers.
 -> (artifact id: 'fb52d695102daf71168730bd6d167018') in 0.014032 seconds
Start importing Packages/com.unity.render-pipelines.universal/Shaders/2D/Shadow2D-Shadow-Sprite.shader using Guid(44fc62292b65ab04eabcf310e799ccf6) Importer(-1,00000000000000000000000000000000) [PhysX] Initialized MultithreadedTaskDispatcher with 20 workers.
 -> (artifact id: 'ab8104a779277e3fe3c57ad1889c6700') in 0.012448 seconds
Start importing Packages/com.unity.render-pipelines.universal/Shaders/BRGPicking.shader using Guid(74b1585886a85614aa34e2c8e303c77a) Importer(-1,00000000000000000000000000000000) [PhysX] Initialized MultithreadedTaskDispatcher with 20 workers.
 -> (artifact id: '4a9ff731c832ed44efbaac8fd2af117c') in 0.015969 seconds
Start importing Packages/com.unity.render-pipelines.universal/Shaders/PostProcessing/FinalPost.shader using Guid(c49e63ed1bbcb334780a3bd19dfed403) Importer(-1,00000000000000000000000000000000) [PhysX] Initialized MultithreadedTaskDispatcher with 20 workers.
 -> (artifact id: 'ef23eb06e1764a6e641ee98d8f3f1e3b') in 0.022905 seconds
Start importing Packages/com.unity.render-pipelines.universal/Shaders/Unlit.shader using Guid(650dd9526735d5b46b79224bc6e94025) Importer(-1,00000000000000000000000000000000) [PhysX] Initialized MultithreadedTaskDispatcher with 20 workers.
 -> (artifact id: 'dde5040fcfd96361cb5a1672f82817a6') in 0.037587 seconds
Shader 'Universal Render Pipeline/Unlit': fallback shader 'Hidden/Universal Render Pipeline/FallbackError' not found
Start importing Packages/com.unity.render-pipelines.universal/Shaders/PostProcessing/LutBuilderLdr.shader using Guid(65df88701913c224d95fc554db28381a) Importer(-1,00000000000000000000000000000000) [PhysX] Initialized MultithreadedTaskDispatcher with 20 workers.
 -> (artifact id: 'eb0c974583c15ef605340da4a7ffc81b') in 0.016662 seconds
Start importing Packages/com.unity.render-pipelines.universal/Shaders/Particles/ParticlesSimpleLit.shader using Guid(8516d7a69675844a7a0b7095af7c46af) Importer(-1,00000000000000000000000000000000) [PhysX] Initialized MultithreadedTaskDispatcher with 20 workers.
 -> (artifact id: 'aadd791ba42ee5f5f5625cb6e33e4c3d') in 0.045924 seconds
Start importing Packages/com.unity.render-pipelines.universal/Shaders/CameraMotionVectors.shader using Guid(c56b7e0d4c7cb484e959caeeedae9bbf) Importer(-1,00000000000000000000000000000000) [PhysX] Initialized MultithreadedTaskDispatcher with 20 workers.
 -> (artifact id: 'd1bf73544499e68bebbc995262f4ec78') in 0.015546 seconds
Start importing Packages/com.unity.render-pipelines.universal/Shaders/XR/XRMirrorView.shader using Guid(d5a307c014552314b9f560906d708772) Importer(-1,00000000000000000000000000000000) [PhysX] Initialized MultithreadedTaskDispatcher with 20 workers.
 -> (artifact id: 'a282e7d958a890e7aea1e76358942b40') in 0.016492 seconds
Start importing Packages/com.unity.render-pipelines.universal/Shaders/Terrain/WavingGrass.shader using Guid(e507fdfead5ca47e8b9a768b51c291a1) Importer(-1,00000000000000000000000000000000) [PhysX] Initialized MultithreadedTaskDispatcher with 20 workers.
 -> (artifact id: 'e40f41b3ea517263b68aa8d29e964b9a') in 0.030940 seconds
Start importing Packages/com.unity.render-pipelines.universal/Shaders/PostProcessing/EdgeAdaptiveSpatialUpsampling.shader using Guid(562b7ae4f629f144aa97780546fce7c6) Importer(-1,00000000000000000000000000000000) [PhysX] Initialized MultithreadedTaskDispatcher with 20 workers.
 -> (artifact id: 'd01ac43eb47e08d30f3b5dd84236e271') in 0.020442 seconds
Start importing Packages/com.unity.render-pipelines.universal/Shaders/Utils/CopyDepth.shader using Guid(d6dae50ee9e1bfa4db75f19f99355220) Importer(-1,00000000000000000000000000000000) [PhysX] Initialized MultithreadedTaskDispatcher with 20 workers.
 -> (artifact id: '84eaa2c1b021075b38bc5535c3780668') in 0.015936 seconds
Start importing Packages/com.unity.render-pipelines.universal/Shaders/Utils/FallbackError.shader using Guid(e6e9a19c3678ded42a3bc431ebef7dbd) Importer(-1,00000000000000000000000000000000) [PhysX] Initialized MultithreadedTaskDispatcher with 20 workers.
 -> (artifact id: '322766811e3498a158d72769b66a3273') in 0.011062 seconds
Start importing Packages/com.unity.render-pipelines.universal/Shaders/Terrain/TerrainDetailLit.shader using Guid(f6783ab646d374f94b199774402a5144) Importer(-1,00000000000000000000000000000000) [PhysX] Initialized MultithreadedTaskDispatcher with 20 workers.
 -> (artifact id: '2cfd06c661e573c65ea7847f1cc5497a') in 0.036792 seconds
Start importing Packages/com.unity.render-pipelines.universal/Shaders/Debug/HDRDebugView.shader using Guid(573620ae32aec764abd4d728906d2587) Importer(-1,00000000000000000000000000000000) [PhysX] Initialized MultithreadedTaskDispatcher with 20 workers.
 -> (artifact id: '4e64c24a8c380bb3a6786c4f62743626') in 0.021123 seconds
Start importing Packages/com.unity.render-pipelines.universal/Shaders/2D/Shadow2D-Unshadow-Geometry.shader using Guid(77774d9009bb81447b048c907d4c6273) Importer(-1,00000000000000000000000000000000) [PhysX] Initialized MultithreadedTaskDispatcher with 20 workers.
 -> (artifact id: '310788ef3ae6cd25ade272b7fc671960') in 0.013477 seconds
Start importing Packages/com.unity.render-pipelines.universal/Shaders/Particles/ParticlesLit.shader using Guid(b7839dad95683814aa64166edc107ae2) Importer(-1,00000000000000000000000000000000) [PhysX] Initialized MultithreadedTaskDispatcher with 20 workers.
 -> (artifact id: 'fb74a16383c4ab6cf2afabdb5d2799cb') in 0.045773 seconds
Start importing Packages/com.unity.render-pipelines.universal/Shaders/2D/Light2D-Point-Volumetric.shader using Guid(c7d04ca57e5449d49ad9cee1c604bc26) Importer(-1,00000000000000000000000000000000) [PhysX] Initialized MultithreadedTaskDispatcher with 20 workers.
 -> (artifact id: 'c17e44cf99d4d9caf291b25be003dd9d') in 0.014147 seconds
Start importing Packages/com.unity.render-pipelines.universal/Shaders/2D/Light2D-Shape.shader using Guid(d79e1c784eaf80c4585c0be7391f757a) Importer(-1,00000000000000000000000000000000) [PhysX] Initialized MultithreadedTaskDispatcher with 20 workers.
 -> (artifact id: '06d9cf4e5c54443c7e99264ed3ecc73e') in 0.012565 seconds
Start importing Packages/com.unity.render-pipelines.universal/Shaders/PostProcessing/UberPost.shader using Guid(e7857e9d0c934dc4f83f270f8447b006) Importer(-1,00000000000000000000000000000000) [PhysX] Initialized MultithreadedTaskDispatcher with 20 workers.
 -> (artifact id: '9f7b152d9b952adebfa421584bff8756') in 0.018927 seconds
Start importing Packages/com.unity.render-pipelines.universal/Shaders/Utils/ScreenSpaceAmbientOcclusion.shader using Guid(0849e84e3d62649e8882e9d6f056a017) Importer(-1,00000000000000000000000000000000) [PhysX] Initialized MultithreadedTaskDispatcher with 20 workers.
 -> (artifact id: 'c9c574297c626437137c0064785ddd0a') in 0.027971 seconds
Start importing Packages/com.unity.render-pipelines.universal/Shaders/Utils/BlitHDROverlay.shader using Guid(a89bee29cffa951418fc1e2da94d1959) Importer(-1,00000000000000000000000000000000) [PhysX] Initialized MultithreadedTaskDispatcher with 20 workers.
 -> (artifact id: 'ee26ee9db66a8eac26cf06ca96d0d076') in 0.018711 seconds
Start importing Packages/com.unity.render-pipelines.core/Editor/Lighting/ProbeVolume/VoxelizeScene.shader using Guid(c8b6a681c7b4e2e4785ffab093907f9e) Importer(-1,00000000000000000000000000000000) [PhysX] Initialized MultithreadedTaskDispatcher with 20 workers.
Shader Hidden/ProbeVolume/VoxelizeScene is not supported: GPU does not support conservative rasterization
Shader Hidden/ProbeVolume/VoxelizeScene is not supported: GPU does not support conservative rasterization
 -> (artifact id: '176fbb810b353bc09192ab1234e92ab5') in 0.012849 seconds
Shader Hidden/ProbeVolume/VoxelizeScene is not supported: GPU does not support conservative rasterization
Start importing Packages/com.unity.render-pipelines.universal/Shaders/SpatialMappingWireframe.shader using Guid(e8b802ac01d87144b91f12f40c1f2659) Importer(-1,00000000000000000000000000000000) [PhysX] Initialized MultithreadedTaskDispatcher with 20 workers.
 -> (artifact id: 'e3e53951f598ac0bad7646ea2e1db8d1') in 0.013905 seconds
Start importing Packages/com.unity.render-pipelines.universal/Shaders/PostProcessing/ScalingSetup.shader using Guid(e8ee25143a34b8c4388709ea947055d1) Importer(-1,00000000000000000000000000000000) [PhysX] Initialized MultithreadedTaskDispatcher with 20 workers.
 -> (artifact id: 'e45837a2abae55193d32f6c28ed8978d') in 0.015988 seconds
Start importing Packages/com.unity.render-pipelines.core/Editor/PostProcessing/LensFlareResource/LensFlareDataDrivenPreview.shader using Guid(19dfbb09098c9584a83c956fbd6c5d79) Importer(-1,00000000000000000000000000000000) [PhysX] Initialized MultithreadedTaskDispatcher with 20 workers.
 -> (artifact id: '8491688830183526bf6adce3c5d842d1') in 0.012447 seconds
Start importing Packages/com.unity.render-pipelines.universal/Shaders/Terrain/WavingGrassBillboard.shader using Guid(29868e73b638e48ca99a19ea58c48d90) Importer(-1,00000000000000000000000000000000) [PhysX] Initialized MultithreadedTaskDispatcher with 20 workers.
 -> (artifact id: 'f490b6037c8216f3231ec663c6270c07') in 0.030170 seconds
Start importing Packages/com.unity.render-pipelines.universal/Shaders/Terrain/TerrainLit.shader using Guid(69c1f799e772cb6438f56c23efccb782) Importer(-1,00000000000000000000000000000000) [PhysX] Initialized MultithreadedTaskDispatcher with 20 workers.
Shader 'Universal Render Pipeline/Terrain/Lit': dependency 'AddPassShader' shader 'Hidden/Universal Render Pipeline/Terrain/Lit (Add Pass)' not found
Shader 'Universal Render Pipeline/Terrain/Lit': dependency 'BaseMapGenShader' shader 'Hidden/Universal Render Pipeline/Terrain/Lit (Basemap Gen)' not found
WARNING: Shader Unsupported: 'Universal Render Pipeline/Terrain/Lit' - All subshaders removed
WARNING: Shader Did you use #pragma only_renderers and omit this platform?
WARNING: Shader If subshaders removal was intentional, you may have forgotten turning Fallback off?
WARNING: Shader Unsupported: 'Universal Render Pipeline/Terrain/Lit' - All subshaders removed
WARNING: Shader Did you use #pragma only_renderers and omit this platform?
WARNING: Shader If subshaders removal was intentional, you may have forgotten turning Fallback off?
Shader 'Universal Render Pipeline/Terrain/Lit': dependency 'AddPassShader' shader 'Hidden/Universal Render Pipeline/Terrain/Lit (Add Pass)' not found
Shader 'Universal Render Pipeline/Terrain/Lit': dependency 'BaseMapGenShader' shader 'Hidden/Universal Render Pipeline/Terrain/Lit (Basemap Gen)' not found
WARNING: Shader Unsupported: 'Universal Render Pipeline/Terrain/Lit' - All subshaders removed
WARNING: Shader Did you use #pragma only_renderers and omit this platform?
WARNING: Shader If subshaders removal was intentional, you may have forgotten turning Fallback off?
WARNING: Shader Unsupported: 'Universal Render Pipeline/Terrain/Lit' - All subshaders removed
WARNING: Shader Did you use #pragma only_renderers and omit this platform?
WARNING: Shader If subshaders removal was intentional, you may have forgotten turning Fallback off?
 -> (artifact id: 'a7c413e595d03878acd7ea60fc0d8d53') in 0.043775 seconds
Shader 'Universal Render Pipeline/Terrain/Lit': dependency 'AddPassShader' shader 'Hidden/Universal Render Pipeline/Terrain/Lit (Add Pass)' not found
Shader 'Universal Render Pipeline/Terrain/Lit': dependency 'BaseMapGenShader' shader 'Hidden/Universal Render Pipeline/Terrain/Lit (Basemap Gen)' not found
Shader 'Universal Render Pipeline/Terrain/Lit': dependency 'AddPassShader' shader 'Hidden/Universal Render Pipeline/Terrain/Lit (Add Pass)' not found
Shader 'Universal Render Pipeline/Terrain/Lit': dependency 'BaseMapGenShader' shader 'Hidden/Universal Render Pipeline/Terrain/Lit (Basemap Gen)' not found
Start importing Packages/com.unity.render-pipelines.universal/Shaders/Nature/SpeedTree8.shader using Guid(99134b1f0c27d54469a840832a28fadf) Importer(-1,00000000000000000000000000000000) [PhysX] Initialized MultithreadedTaskDispatcher with 20 workers.
 -> (artifact id: '1dade78c95e5b2dc8f4a93c8e5056073') in 0.039122 seconds
Start importing Packages/com.unity.render-pipelines.universal/Shaders/Utils/StencilDeferred.shader using Guid(e9155b26e1bc55942a41e518703fe304) Importer(-1,00000000000000000000000000000000) [PhysX] Initialized MultithreadedTaskDispatcher with 20 workers.
 -> (artifact id: '2adaf5f49f7c82c28962ba8a321d851d') in 0.039485 seconds
Start importing Packages/com.unity.render-pipelines.universal/Shaders/Terrain/TerrainLitAdd.shader using Guid(0a7e590f3cf1d4ee8a8fab5b6eff09ef) Importer(-1,00000000000000000000000000000000) [PhysX] Initialized MultithreadedTaskDispatcher with 20 workers.
 -> (artifact id: 'dd2847265482c02394daa23dd7383eba') in 0.029528 seconds
Start importing Packages/com.unity.render-pipelines.universal/Shaders/PostProcessing/BokehDepthOfField.shader using Guid(2aed67ad60045d54ba3a00c91e2d2631) Importer(-1,00000000000000000000000000000000) [PhysX] Initialized MultithreadedTaskDispatcher with 20 workers.
 -> (artifact id: 'bf3c706dcd36f2ee28a239fa6dcbfc3a') in 0.029827 seconds
Start importing Packages/com.unity.render-pipelines.core/Editor/Lighting/ProbeVolume/ProbeVolumeCellDilation.compute using Guid(6bb382f7de370af41b775f54182e491d) Importer(-1,00000000000000000000000000000000) [PhysX] Initialized MultithreadedTaskDispatcher with 20 workers.
 -> (artifact id: 'a4a48fb5120df99fb2aaf36e54046bfb') in 0.009760 seconds
Start importing Packages/com.unity.render-pipelines.universal/Shaders/ObjectMotionVectors.shader using Guid(7b3ede40266cd49a395def176e1bc486) Importer(-1,00000000000000000000000000000000) [PhysX] Initialized MultithreadedTaskDispatcher with 20 workers.
 -> (artifact id: 'e173d0dcbecad212a90129a0dfe39be0') in 0.012898 seconds
Start importing Packages/com.unity.render-pipelines.core/Editor/Lighting/ProbeVolume/ProbeVolumeSubdivide.compute using Guid(bb86f1f0af829fd45b2ebddda1245c22) Importer(-1,00000000000000000000000000000000) [PhysX] Initialized MultithreadedTaskDispatcher with 20 workers.
 -> (artifact id: '98f42acad288f6edc29156e75ea6a84f') in 0.006929 seconds
Start importing Packages/com.unity.render-pipelines.universal/Shaders/BakedLit.shader using Guid(0ca6dca7396eb48e5849247ffd444914) Importer(-1,00000000000000000000000000000000) [PhysX] Initialized MultithreadedTaskDispatcher with 20 workers.
 -> (artifact id: 'dd1aaf5859834d85068b8883a2a7a012') in 0.035026 seconds
Start importing Packages/com.unity.render-pipelines.universal/Shaders/PostProcessing/LensFlareDataDriven.shader using Guid(6cda457ac28612740adb23da5d39ea92) Importer(-1,00000000000000000000000000000000) [PhysX] Initialized MultithreadedTaskDispatcher with 20 workers.
 -> (artifact id: 'e71b85d4052630dfb55bd7420123bcc7') in 0.023894 seconds
Start importing Packages/com.unity.render-pipelines.universal/Shaders/PostProcessing/LutBuilderHdr.shader using Guid(ec9fec698a3456d4fb18cf8bacb7a2bc) Importer(-1,00000000000000000000000000000000) [PhysX] Initialized MultithreadedTaskDispatcher with 20 workers.
 -> (artifact id: '7a44c084d24ef7e71adaf273f1bc4dd7') in 0.016193 seconds
Start importing Packages/com.unity.render-pipelines.universal/Shaders/SimpleLit.shader using Guid(8d2bb70cbf9db8d4da26e15b26e74248) Importer(-1,00000000000000000000000000000000) [PhysX] Initialized MultithreadedTaskDispatcher with 20 workers.
 -> (artifact id: '823679c5e6042afe928d9945e1745356') in 0.039428 seconds
Start importing Packages/com.unity.render-pipelines.universal/Shaders/PostProcessing/CameraMotionBlur.shader using Guid(1edcd131364091c46a17cbff0b1de97a) Importer(-1,00000000000000000000000000000000) [PhysX] Initialized MultithreadedTaskDispatcher with 20 workers.
 -> (artifact id: 'b691740f97d88c4e7b17df84489a214a') in 0.017334 seconds
Start importing Packages/com.unity.render-pipelines.universal/Shaders/PostProcessing/GaussianDepthOfField.shader using Guid(5e7134d6e63e0bc47a1dd2669cedb379) Importer(-1,00000000000000000000000000000000) [PhysX] Initialized MultithreadedTaskDispatcher with 20 workers.
 -> (artifact id: 'ac74f2a956feb2d8ed82855362ebe62f') in 0.020790 seconds
Start importing Packages/com.unity.render-pipelines.universal/Shaders/Nature/SpeedTree7Billboard.shader using Guid(5ec81c81908db34429b4f6ddecadd3bd) Importer(-1,00000000000000000000000000000000) [PhysX] Initialized MultithreadedTaskDispatcher with 20 workers.
 -> (artifact id: '3331f5807945b652206972f461ed31b1') in 0.033590 seconds
Start importing Packages/com.unity.render-pipelines.universal/Shaders/2D/Light2D-Shape-Volumetric.shader using Guid(7e60080c8cd24a2468cb08b4bfee5606) Importer(-1,00000000000000000000000000000000) [PhysX] Initialized MultithreadedTaskDispatcher with 20 workers.
 -> (artifact id: '7d7308fad9f143277d3109e2e78cae40') in 0.014358 seconds
Start importing Packages/com.unity.render-pipelines.universal/Shaders/2D/Shadow2D-Projected.shader using Guid(ce09d4a80b88c5a4eb9768fab4f1ee00) Importer(-1,00000000000000000000000000000000) [PhysX] Initialized MultithreadedTaskDispatcher with 20 workers.
 -> (artifact id: '865dc424b2f1519a0771fb3f798f4660') in 0.013090 seconds
Start importing Packages/com.unity.render-pipelines.universal/Shaders/2D/Shadow2D-Unshadow-Sprite.shader using Guid(de02b375720b5c445afe83cd483bedf3) Importer(-1,00000000000000000000000000000000) [PhysX] Initialized MultithreadedTaskDispatcher with 20 workers.
 -> (artifact id: '51428fd83988963aac198c560d917cff') in 0.011824 seconds
Start importing Packages/com.unity.render-pipelines.universal/Shaders/ComplexLit.shader using Guid(ee7e4c9a5f6364b688a332c67fc32cca) Importer(-1,00000000000000000000000000000000) [PhysX] Initialized MultithreadedTaskDispatcher with 20 workers.
 -> (artifact id: '40d0f962f3b951b5f52c4ed2bb29fbe4') in 0.043594 seconds
Start importing Packages/com.unity.render-pipelines.universal/Shaders/Nature/SpeedTree7.shader using Guid(0f4122b9a743b744abe2fb6a0a88868b) Importer(-1,00000000000000000000000000000000) [PhysX] Initialized MultithreadedTaskDispatcher with 20 workers.
 -> (artifact id: 'e715b9b33096fbee7bf81ecda6b26e68') in 0.041496 seconds
Start importing Packages/com.unity.render-pipelines.universal/Shaders/Utils/ScreenSpaceShadows.shader using Guid(0f854b35a0cf61a429bd5dcfea30eddd) Importer(-1,00000000000000000000000000000000) [PhysX] Initialized MultithreadedTaskDispatcher with 20 workers.
 -> (artifact id: '26a5937c8bad7aeda31916740815f43b') in 0.018628 seconds
Start importing Packages/com.unity.render-pipelines.universal/Shaders/PostProcessing/Bloom.shader using Guid(5f1864addb451f54bae8c86d230f736e) Importer(-1,00000000000000000000000000000000) [PhysX] Initialized MultithreadedTaskDispatcher with 20 workers.
 -> (artifact id: '1a421adbd47da1f9f56d423deeec25aa') in 0.018994 seconds
Start importing Packages/com.unity.render-pipelines.universal/Shaders/Utils/MaterialError.shader using Guid(5fd9a8feb75a4b5894c241777f519d4e) Importer(-1,00000000000000000000000000000000) [PhysX] Initialized MultithreadedTaskDispatcher with 20 workers.
 -> (artifact id: 'dae75cf930ac9ae1c53bdf35b400b27c') in 0.009402 seconds
Start importing Packages/com.unity.render-pipelines.universal/Shaders/Utils/FallbackLoading.shader using Guid(7f888aff2ac86494babad1c2c5daeee2) Importer(-1,00000000000000000000000000000000) [PhysX] Initialized MultithreadedTaskDispatcher with 20 workers.
 -> (artifact id: '93d2dd86235d3da41aac8ed1bbf0e743') in 0.009695 seconds
Start importing Packages/com.unity.render-pipelines.universal/Shaders/Terrain/TerrainLitBasemapGen.shader using Guid(8fbe92a9edfe6074e841d6dd1509bc59) Importer(-1,00000000000000000000000000000000) [PhysX] Initialized MultithreadedTaskDispatcher with 20 workers.
 -> (artifact id: '9e117957644f2fe58bf4d2fbfa80161e') in 0.025761 seconds
Start importing Packages/com.unity.render-pipelines.universal/Shaders/Debug/DebugReplacement.shader using Guid(cf852408f2e174538bcd9b7fda1c5ae7) Importer(-1,00000000000000000000000000000000) [PhysX] Initialized MultithreadedTaskDispatcher with 20 workers.
 -> (artifact id: '2b302040b9fad82c416496de8dbcda28') in 0.021874 seconds
Start importing Packages/com.unity.searcher/Editor/Resources/FlatSkin/Font/Roboto-Black.ttf using Guid(1062c701058745940ae5dca6219c64c8) Importer(-1,00000000000000000000000000000000) [PhysX] Initialized MultithreadedTaskDispatcher with 20 workers.
 -> (artifact id: 'e73eca5574a6e45bc85d25039729eb22') in 0.004269 seconds
Start importing Packages/com.unity.searcher/Editor/Resources/FlatSkin/Font/Roboto-Regular.ttf using Guid(30dc370b164eefc43b95744fc796dad0) Importer(-1,00000000000000000000000000000000) [PhysX] Initialized MultithreadedTaskDispatcher with 20 workers.
 -> (artifact id: 'bc6a9628674d99885be54339ffda5f22') in 0.001982 seconds
Start importing Packages/com.unity.searcher/Editor/Resources/FlatSkin/Font/Roboto-ThinItalic.ttf using Guid(b2ea3b3f1765e544b9eb5bd1a93a91ce) Importer(-1,00000000000000000000000000000000) [PhysX] Initialized MultithreadedTaskDispatcher with 20 workers.
 -> (artifact id: 'e2000d4f9895add3ba59649ed9d019b9') in 0.001886 seconds
Start importing Assets/TextMesh Pro/Fonts/LiberationSans.ttf using Guid(e3265ab4bf004d28a9537516768c1c75) Importer(-1,00000000000000000000000000000000) [PhysX] Initialized MultithreadedTaskDispatcher with 20 workers.
 -> (artifact id: '9db078fc577b588c170c239f44d061b4') in 0.308374 seconds
Start importing Packages/com.unity.render-pipelines.core/Runtime/Debugging/Prefabs/Fonts/PerfectDOSVGA437.ttf using Guid(74a5091d8707f334b9a5c31ef71a64ba) Importer(-1,00000000000000000000000000000000) [PhysX] Initialized MultithreadedTaskDispatcher with 20 workers.
 -> (artifact id: 'c30df34ee4c317fe639443bdfdbc8084') in 0.002165 seconds
Start importing Packages/com.unity.searcher/Editor/Resources/FlatSkin/Font/Roboto-Medium.ttf using Guid(a51a3aebb43ac044989270407476b208) Importer(-1,00000000000000000000000000000000) [PhysX] Initialized MultithreadedTaskDispatcher with 20 workers.
 -> (artifact id: '87eceb3ba7973aabb0434983184f6600') in 0.002148 seconds
Start importing Packages/com.unity.searcher/Editor/Resources/FlatSkin/Font/Roboto-Bold.ttf using Guid(3750c318f40cab44a97d3a81beaefeb3) Importer(-1,00000000000000000000000000000000) [PhysX] Initialized MultithreadedTaskDispatcher with 20 workers.
 -> (artifact id: 'a5ba3b7e67d071533fac08a6b363c0e1') in 0.001947 seconds
Start importing Packages/com.unity.searcher/Editor/Resources/FlatSkin/Font/Roboto-Italic.ttf using Guid(c839255fc8f6b4b4d90bf8c1af9f9bd1) Importer(-1,00000000000000000000000000000000) [PhysX] Initialized MultithreadedTaskDispatcher with 20 workers.
 -> (artifact id: '2cb38159f15c2127074368a0ebc4fe22') in 0.001932 seconds
Start importing Packages/com.unity.searcher/Editor/Resources/FlatSkin/Font/Roboto-Thin.ttf using Guid(19a9abb883540be48b75b951a927ae03) Importer(-1,00000000000000000000000000000000) [PhysX] Initialized MultithreadedTaskDispatcher with 20 workers.
 -> (artifact id: '3565e22ef3de6544bd6c4cff5985211d') in 0.001942 seconds
Start importing Packages/com.unity.searcher/Editor/Resources/FlatSkin/Font/Roboto-MediumItalic.ttf using Guid(d93c1bc57fdf1ac4dad1bf04fac05464) Importer(-1,00000000000000000000000000000000) [PhysX] Initialized MultithreadedTaskDispatcher with 20 workers.
 -> (artifact id: '64df6307f654e6750d53eb630e0f8598') in 0.001856 seconds
Start importing Packages/com.unity.searcher/Editor/Resources/FlatSkin/Font/Roboto-BlackItalic.ttf using Guid(f95147a9bab9fe649b8070170fa7ebd2) Importer(-1,00000000000000000000000000000000) [PhysX] Initialized MultithreadedTaskDispatcher with 20 workers.
 -> (artifact id: '921c62404bce496d425d8f3a8860a3ac') in 0.002190 seconds
Start importing Packages/com.unity.searcher/Editor/Resources/FlatSkin/Font/Roboto-Light.ttf using Guid(2a29e27936eb547458f646f71125b264) Importer(-1,00000000000000000000000000000000) [PhysX] Initialized MultithreadedTaskDispatcher with 20 workers.
 -> (artifact id: '7c5c9379c98b0e13ad72d98ea9b96f0f') in 0.001945 seconds
Start importing Packages/com.unity.searcher/Editor/Resources/FlatSkin/Font/Roboto-LightItalic.ttf using Guid(5e63515167650a541b309ba3bfd4db3d) Importer(-1,00000000000000000000000000000000) [PhysX] Initialized MultithreadedTaskDispatcher with 20 workers.
 -> (artifact id: 'f9db31058a570f77e8026e275d252460') in 0.002321 seconds
Start importing Packages/com.unity.searcher/Editor/Resources/FlatSkin/Font/Roboto-BoldItalic.ttf using Guid(dfb97a9307a577a41bcacba34b9a7e32) Importer(-1,00000000000000000000000000000000) [PhysX] Initialized MultithreadedTaskDispatcher with 20 workers.
 -> (artifact id: '77ee21aa68f6764220ed8b418ade7ab8') in 0.001979 seconds
Start importing Packages/com.unity.render-pipelines.universal/Runtime/Materials/ArnoldStandardSurface/ArnoldStandardSurfaceTransparent.shadergraph using Guid(30fa68ce467463643a86b839ca0eb195) Importer(-1,00000000000000000000000000000000) [PhysX] Initialized MultithreadedTaskDispatcher with 20 workers.
 -> (artifact id: '8dccd801622d9b7fc0390f53c5791a77') in 0.270085 seconds
Start importing Packages/com.unity.render-pipelines.universal/Shaders/AutodeskInteractive/AutodeskInteractiveMasked.shadergraph using Guid(80aa867ac363ac043847b06ad71604cd) Importer(-1,00000000000000000000000000000000) [PhysX] Initialized MultithreadedTaskDispatcher with 20 workers.
 -> (artifact id: '75442379b499ffc00018cf974236465d') in 0.091929 seconds
Start importing Packages/com.unity.render-pipelines.universal/Shaders/2D/VFXSpriteLit.shadergraph using Guid(24a73dccd7b6fad4798be282f96a21f4) Importer(-1,00000000000000000000000000000000) [PhysX] Initialized MultithreadedTaskDispatcher with 20 workers.
 -> (artifact id: '5fbe16b7d534c7e679f0212871e4ed88') in 0.063188 seconds
Start importing Packages/com.unity.render-pipelines.universal/Runtime/Materials/PhysicalMaterial3DsMax/PhysicalMaterial3DsMax.shadergraph using Guid(44245ab89240f51459a5077d7145c452) Importer(-1,00000000000000000000000000000000) [PhysX] Initialized MultithreadedTaskDispatcher with 20 workers.
 -> (artifact id: '0308c5a0b21ff1e111f24d2785b5137e') in 0.089395 seconds
Start importing Packages/com.unity.render-pipelines.universal/Runtime/Materials/ArnoldStandardSurface/ArnoldStandardSurface.shadergraph using Guid(3739e562a03fc0b4982d8aa66cc50865) Importer(-1,00000000000000000000000000000000) [PhysX] Initialized MultithreadedTaskDispatcher with 20 workers.
 -> (artifact id: '6e2926ac3a255cad8cb5aa879cc1d49f') in 0.086507 seconds
Start importing Packages/com.unity.render-pipelines.universal/Shaders/2D/VFXSpriteUnlit.shadergraph using Guid(d7288f66e4fb0634c9afef98c31b722a) Importer(-1,00000000000000000000000000000000) [PhysX] Initialized MultithreadedTaskDispatcher with 20 workers.
 -> (artifact id: 'c5e67ecbc62cb13f5f572d9ed6e53bb6') in 0.050741 seconds
Start importing Packages/com.unity.render-pipelines.universal/Shaders/Nature/SpeedTree8_PBRLit.shadergraph using Guid(9920c1f1781549a46ba081a2a15a16ec) Importer(-1,00000000000000000000000000000000) [PhysX] Initialized MultithreadedTaskDispatcher with 20 workers.
 -> (artifact id: 'f3b8a8dcf2d3184319a7d4b36111c591') in 0.885672 seconds
Start importing Packages/com.unity.render-pipelines.universal/Runtime/Materials/PhysicalMaterial3DsMax/PhysicalMaterial3DsMaxTransparent.shadergraph using Guid(1a207e3bee00db44b940e6f362a8e148) Importer(-1,00000000000000000000000000000000) [PhysX] Initialized MultithreadedTaskDispatcher with 20 workers.
 -> (artifact id: '190dd15b3dd78a3dc7d0a6636688fb97') in 0.087941 seconds
Start importing Packages/com.unity.render-pipelines.universal/Shaders/Decal.shadergraph using Guid(9b4e681081e2b4c469111bb649e2f7ee) Importer(-1,00000000000000000000000000000000) [PhysX] Initialized MultithreadedTaskDispatcher with 20 workers.
 -> (artifact id: '83d29a217227f3cde08c7e2d9a4a6003') in 0.072222 seconds
Start importing Packages/com.unity.render-pipelines.universal/Shaders/FullscreenInvertColors.shadergraph using Guid(fb6390f650ca44a5ba3246d8dda47927) Importer(-1,00000000000000000000000000000000) [PhysX] Initialized MultithreadedTaskDispatcher with 20 workers.
 -> (artifact id: 'e5e8662abd1d762bfc1090d9d8730641') in 0.043561 seconds
Start importing Packages/com.unity.render-pipelines.universal/Shaders/AutodeskInteractive/AutodeskInteractiveTransparent.shadergraph using Guid(5c81372d981403744adbdda4433c9c11) Importer(-1,00000000000000000000000000000000) [PhysX] Initialized MultithreadedTaskDispatcher with 20 workers.
 -> (artifact id: 'a6ca0e1f63bb92e5b6cf7c069fbe493a') in 0.078098 seconds
Start importing Packages/com.unity.render-pipelines.universal/Shaders/AutodeskInteractive/AutodeskInteractive.shadergraph using Guid(0e9d5a909a1f7e84882a534d0d11e49f) Importer(-1,00000000000000000000000000000000) [PhysX] Initialized MultithreadedTaskDispatcher with 20 workers.
 -> (artifact id: 'bddda30593f7c08725f9eb1186b30ba2') in 0.079801 seconds
Shader Hidden/ProbeVolume/VoxelizeScene is not supported: GPU does not support conservative rasterization
Refreshing native plugins compatible for Editor in 4.44 ms, found 4 plugins.
Preloading 0 native plugins for Editor in 0.00 ms.
Asset Pipeline Refresh (id=976b2bfda2458054ba96b4b29631aa1d): Total: 18.603 seconds - Initiated by StopAssetImportingV2(NoUpdateAssetOptions)
	Summary:
		Imports: total=27 (actual=27, local cache=0, cache server=0)
		Asset DB Process Time: managed=542 ms, native=17699 ms
		Asset DB Callback time: managed=103 ms, native=256 ms
		Scripting: domain reloads=0, domain reload time=0 ms, compile time=0 ms, other=0 ms
		Project Asset Count: scripts=6731, non-scripts=2319
		Asset File Changes: new=0, changed=0, moved=0, deleted=0
		Scan Filter Count: 1
	InvokeBeforeRefreshCallbacks: 0.000ms
	ApplyChangesToAssetFolders: 0.052ms
	Scan: 3.552ms
	OnSourceAssetsModified: 0.001ms
	GetAllGuidsForCategorization: 0.714ms
	CategorizeAssets: 77.185ms
	ImportOutOfDateAssets: 18141.632ms (-69.858ms without children)
		ImportManagerImport: 18133.143ms (175.918ms without children)
			ImportInProcess: 17955.503ms
			UpdateCategorizedAssets: 1.722ms
		ReloadNativeAssets: 0.075ms
		UnloadImportedAssets: 3.094ms
		ReloadImportedAssets: 71.172ms
		EnsureUptoDateAssetsAreRegisteredWithGuidPM: 2.587ms
		InitializingProgressBar: 0.018ms
		PostProcessAllAssetNotificationsAddChangedAssets: 0.027ms
		OnDemandSchedulerStart: 1.374ms
	PostProcessAllAssets: 354.117ms
	Hotreload: 6.074ms
	GatherAllCurrentPrimaryArtifactRevisions: 0.301ms
	UnloadStreamsBegin: 0.206ms
	PersistCurrentRevisions: 2.162ms
	UnloadStreamsEnd: 0.069ms
	Untracked: 16.984ms
[Block Puzzle] Project setup finished.
UnityEngine.StackTraceUtility:ExtractStackTrace ()
UnityEngine.DebugLogHandler:LogFormat (UnityEngine.LogType,UnityEngine.Object,string,object[])
UnityEngine.Logger:Log (UnityEngine.LogType,object)
UnityEngine.Debug:Log (object)
BlockPuzzle.EditorTools.BlockPuzzleSceneBuilder:BuildAll () (at Assets/_Game/Editor/BlockPuzzleSceneBuilder.cs:55)
BlockPuzzle.EditorTools.BlockPuzzleSceneBuilder:BuildAndroid () (at Assets/_Game/Editor/BlockPuzzleSceneBuilder.cs:61)

(Filename: Assets/_Game/Editor/BlockPuzzleSceneBuilder.cs Line: 55)

Start importing Assets/Settings/UniversalRP.asset using Guid(681886c5eb7344803b6206f758bf0b1c) Importer(-1,00000000000000000000000000000000) [PhysX] Initialized MultithreadedTaskDispatcher with 20 workers.
 -> (artifact id: '1d9db4ffcf6b368a7917054788ec01c6') in 0.001690 seconds
Refreshing native plugins compatible for Editor in 3.20 ms, found 4 plugins.
Preloading 0 native plugins for Editor in 0.00 ms.
Asset Pipeline Refresh (id=55c687ddcc1194242b82267a6e5dcb3e): Total: 0.020 seconds - Initiated by StopAssetImportingV2(NoUpdateAssetOptions)
Failed to send event androidAssetPacksBuild.
DisplayProgressbar: Checking prerequisites
Android PostProcess task "Checking prerequisites" took 10,113 ms
DisplayProgressbar: Detect Java Development Kit (JDK)
Android PostProcess task "Detect Java Development Kit (JDK)" took 89,9422 ms
DisplayProgressbar: Detecting Android SDK
AndroidSDKTools:

	root          : C:\Program Files\Unity\Hub\Editor\2022.3.62f1\Editor\Data\PlaybackEngines\AndroidPlayer\SDK
	cmdline-tools : C:\Program Files\Unity\Hub\Editor\2022.3.62f1\Editor\Data\PlaybackEngines\AndroidPlayer\SDK\cmdline-tools\6.0
	platform-tools: C:\Program Files\Unity\Hub\Editor\2022.3.62f1\Editor\Data\PlaybackEngines\AndroidPlayer\SDK\platform-tools
	build-tools   : C:\Program Files\Unity\Hub\Editor\2022.3.62f1\Editor\Data\PlaybackEngines\AndroidPlayer\SDK\build-tools\34.0.0

	adb           : C:\Program Files\Unity\Hub\Editor\2022.3.62f1\Editor\Data\PlaybackEngines\AndroidPlayer\SDK\platform-tools\adb.exe

Android PostProcess task "Detecting Android SDK" took 1153,9903 ms
DisplayProgressbar: Detect Android NDK
Android PostProcess task "Detect Android NDK" took 2,2138 ms
Android PostProcess task "Trying to find a suitable Android device" took 0,3312 ms
DisplayProgressbar: Checking Graphics API compatibility
Android PostProcess task "Checking Graphics API compatibility" took 0,5761 ms
DisplayProgressbar: Check resources
Android PostProcess task "Check resources" took 0,4052 ms
DisplayProgressbar: Check Android Player Settings
Android PostProcess task "Check Android Player Settings" took 0,1698 ms
info: Microsoft.AspNetCore.Hosting.Diagnostics[1]
      Request starting HTTP/2 POST http://ilpp/UnityILPP.PostProcessing/Ping application/grpc -
info: Microsoft.AspNetCore.Routing.EndpointMiddleware[0]
      Executing endpoint 'gRPC - /UnityILPP.PostProcessing/Ping'
info: Microsoft.AspNetCore.Routing.EndpointMiddleware[1]
      Executed endpoint 'gRPC - /UnityILPP.PostProcessing/Ping'
info: Microsoft.AspNetCore.Hosting.Diagnostics[2]
      Request finished HTTP/2 POST http://ilpp/UnityILPP.PostProcessing/Ping application/grpc - - 200 - application/grpc 0.1394ms
Starting: C:\Program Files\Unity\Hub\Editor\2022.3.62f1\Editor\Data\bee_backend.exe --ipc --defer-dag-verification --dagfile="Library/Bee/1300b0aESkipCompile.dag" --continue-on-failure --profile="Library/Bee/backend1.traceevents" ScriptAssembliesAndTypeDB
WorkingDir: C:/Users/diman/BlockPuzzlesBatch
ExitCode: 4 Duration: 0s23ms
[             ] Require frontend run.  Library/Bee/1300b0aESkipCompile.dag couldn't be loaded
DisplayProgressbar: Compiling Scripts
Starting: C:\Program Files\Unity\Hub\Editor\2022.3.62f1\Editor\Data\Tools\netcorerun\netcorerun.exe "C:\Program Files\Unity\Hub\Editor\2022.3.62f1\Editor\Data\Tools\BuildPipeline\ScriptCompilationBuildProgram.exe" "Library/Bee/1300b0aESkipCompile.dag.json" "Library/Bee/1300b0aESkipCompile-inputdata.json" "Library\Bee\buildprogram0.traceevents"
WorkingDir: C:/Users/diman/BlockPuzzlesBatch
ExitCode: 0 Duration: 0s138ms
Starting: C:\Program Files\Unity\Hub\Editor\2022.3.62f1\Editor\Data\bee_backend.exe --ipc --defer-dag-verification --dagfile="Library/Bee/1300b0aESkipCompile.dag" --continue-on-failure --dagfilejson="Library\Bee\1300b0aESkipCompile.dag.json" --profile="Library/Bee/backend2.traceevents" ScriptAssembliesAndTypeDB
WorkingDir: C:/Users/diman/BlockPuzzlesBatch
ExitCode: 0 Duration: 0s577ms
Finished compiling graph: 4 nodes, 5 flattened edges (5 ToBuild, 0 ToUse), maximum node priority 3
[2/3        0s] BuildPlayerDataGenerator Library/BuildPlayerData/Editor/TypeDb-All.json
*** Tundra build success (0.56 seconds), 1 items updated, 3 evaluated
Asset Pipeline Refresh (id=6eee8788206174e47bceb7e4a6951907): Total: 0.005 seconds - Initiated by RefreshV2(NoUpdateAssetOptions)
[ScriptCompilation] Requested script compilation because: Recompiling scripts for player build.
BuildPlayer: start building target 13
info: Microsoft.AspNetCore.Hosting.Diagnostics[1]
      Request starting HTTP/2 POST http://ilpp/UnityILPP.PostProcessing/Ping application/grpc -
info: Microsoft.AspNetCore.Routing.EndpointMiddleware[0]
      Executing endpoint 'gRPC - /UnityILPP.PostProcessing/Ping'
info: Microsoft.AspNetCore.Routing.EndpointMiddleware[1]
      Executed endpoint 'gRPC - /UnityILPP.PostProcessing/Ping'
info: Microsoft.AspNetCore.Hosting.Diagnostics[2]
      Request finished HTTP/2 POST http://ilpp/UnityILPP.PostProcessing/Ping application/grpc - - 200 - application/grpc 0.0741ms
Starting: C:\Program Files\Unity\Hub\Editor\2022.3.62f1\Editor\Data\bee_backend.exe --ipc --defer-dag-verification --dagfile="Library/Bee/1300b0aP.dag" --continue-on-failure --profile="Library/Bee/backend1.traceevents" ScriptAssembliesAndTypeDB
WorkingDir: C:/Users/diman/BlockPuzzlesBatch
Total cache size 268390356
Total cache size after purge 268390356
info: Microsoft.AspNetCore.Hosting.Diagnostics[1]
      Request starting HTTP/2 POST http://ilpp/UnityILPP.PostProcessing/ConfigurePostProcessors application/grpc -
info: Microsoft.AspNetCore.Routing.EndpointMiddleware[0]
      Executing endpoint 'gRPC - /UnityILPP.PostProcessing/ConfigurePostProcessors'
info: Unity.ILPP.Runner.PostProcessingAssemblyLoadContext[0]
      ALC ILPP context 1 is unloading
warn: Unity.ILPP.Runner.PostProcessingAssemblyLoadContext[0]
      Assembly system.runtime.interopservices.windowsruntime has duplicate hint path. Ignoring "C:\Program Files\Unity\Hub\Editor\2022.3.62f1\Editor\Data\UnityReferenceAssemblies\unity-4.8-api\Facades\System.Runtime.InteropServices.WindowsRuntime.dll" in favor of "C:\Program Files\Unity\Hub\Editor\2022.3.62f1\Editor\Data\NetStandard\Extensions\2.0.0\System.Runtime.InteropServices.WindowsRuntime.dll"
warn: Unity.ILPP.Runner.PostProcessingAssemblyLoadContext[0]
      Assembly system.componentmodel.composition has duplicate hint path. Ignoring "C:\Program Files\Unity\Hub\Editor\2022.3.62f1\Editor\Data\UnityReferenceAssemblies\unity-4.8-api\System.ComponentModel.Composition.dll" in favor of "C:\Program Files\Unity\Hub\Editor\2022.3.62f1\Editor\Data\NetStandard\compat\2.1.0\shims\netfx\System.ComponentModel.Composition.dll"
info: Unity.ILPP.Runner.PostProcessingAssemblyLoadContext[0]
      Resolved Unity.Burst.Cecil, Version=0.11.4.0, Culture=neutral, PublicKeyToken=50cebf1cceb9d05e with Library\PackageCache\com.unity.burst@1.8.21\Unity.Burst.CodeGen\Unity.Burst.Cecil.dll
info: Microsoft.AspNetCore.Routing.EndpointMiddleware[1]
      Executed endpoint 'gRPC - /UnityILPP.PostProcessing/ConfigurePostProcessors'
info: Microsoft.AspNetCore.Hosting.Diagnostics[2]
      Request finished HTTP/2 POST http://ilpp/UnityILPP.PostProcessing/ConfigurePostProcessors application/grpc - - 200 - application/grpc 9.7624ms
Starting: C:\Program Files\Unity\Hub\Editor\2022.3.62f1\Editor\Data\Tools\netcorerun\netcorerun.exe "C:\Program Files\Unity\Hub\Editor\2022.3.62f1\Editor\Data\Tools\BuildPipeline\ScriptCompilationBuildProgram.exe" "Library/Bee/1300b0aP.dag.json" "Library/Bee/1300b0aP-inputdata.json" "Library\Bee\buildprogram0.traceevents"
WorkingDir: C:/Users/diman/BlockPuzzlesBatch
ExitCode: 4 Duration: 0s120ms
[347/526    0s] WriteResponseFile Library/Bee/artifacts/rsp/4747638433968585886.rsp
[414/526    0s] CopyFiles Library/Bee/PlayerScriptAssemblies/UnityEngine.TestRunner.pdb
[419/526    0s] CopyFiles Library/Bee/PlayerScriptAssemblies/UnityEngine.TestRunner.dll
Rebuilding DAG because FileSignature timestamp changed: Library/Bee/1300b0aP-inputdata.json
[436/526    0s] ILPP-Configuration Library/ilpp-configuration.nevergeneratedoutput
*** Tundra requires additional run (0.10 seconds), 4 items updated, 435 evaluated
ExitCode: 0 Duration: 0s273ms
Starting: C:\Program Files\Unity\Hub\Editor\2022.3.62f1\Editor\Data\bee_backend.exe --ipc --defer-dag-verification --dagfile="Library/Bee/1300b0aP.dag" --continue-on-failure --dagfilejson="Library\Bee\1300b0aP.dag.json" --profile="Library/Bee/backend2.traceevents" ScriptAssembliesAndTypeDB
WorkingDir: C:/Users/diman/BlockPuzzlesBatch
info: Microsoft.AspNetCore.Hosting.Diagnostics[1]
      Request starting HTTP/2 POST http://ilpp/UnityILPP.PostProcessing/ConfigurePostProcessors application/grpc -
info: Microsoft.AspNetCore.Routing.EndpointMiddleware[0]
      Executing endpoint 'gRPC - /UnityILPP.PostProcessing/ConfigurePostProcessors'
info: Unity.ILPP.Runner.PostProcessingAssemblyLoadContext[0]
      ALC ILPP context 2 is unloading
warn: Unity.ILPP.Runner.PostProcessingAssemblyLoadContext[0]
      Assembly system.runtime.interopservices.windowsruntime has duplicate hint path. Ignoring "C:\Program Files\Unity\Hub\Editor\2022.3.62f1\Editor\Data\UnityReferenceAssemblies\unity-4.8-api\Facades\System.Runtime.InteropServices.WindowsRuntime.dll" in favor of "C:\Program Files\Unity\Hub\Editor\2022.3.62f1\Editor\Data\NetStandard\Extensions\2.0.0\System.Runtime.InteropServices.WindowsRuntime.dll"
warn: Unity.ILPP.Runner.PostProcessingAssemblyLoadContext[0]
      Assembly system.componentmodel.composition has duplicate hint path. Ignoring "C:\Program Files\Unity\Hub\Editor\2022.3.62f1\Editor\Data\UnityReferenceAssemblies\unity-4.8-api\System.ComponentModel.Composition.dll" in favor of "C:\Program Files\Unity\Hub\Editor\2022.3.62f1\Editor\Data\NetStandard\compat\2.1.0\shims\netfx\System.ComponentModel.Composition.dll"
info: Unity.ILPP.Runner.PostProcessingAssemblyLoadContext[0]
      Resolved Unity.Burst.Cecil, Version=0.11.4.0, Culture=neutral, PublicKeyToken=50cebf1cceb9d05e with Library\PackageCache\com.unity.burst@1.8.21\Unity.Burst.CodeGen\Unity.Burst.Cecil.dll
info: Microsoft.AspNetCore.Routing.EndpointMiddleware[1]
      Executed endpoint 'gRPC - /UnityILPP.PostProcessing/ConfigurePostProcessors'
info: Microsoft.AspNetCore.Hosting.Diagnostics[2]
      Request finished HTTP/2 POST http://ilpp/UnityILPP.PostProcessing/ConfigurePostProcessors application/grpc - - 200 - application/grpc 116.6050ms
info: Microsoft.AspNetCore.Hosting.Diagnostics[1]
      Request starting HTTP/2 POST http://ilpp/UnityILPP.PostProcessing/PostProcessAssembly application/grpc -
info: Microsoft.AspNetCore.Routing.EndpointMiddleware[0]
      Executing endpoint 'gRPC - /UnityILPP.PostProcessing/PostProcessAssembly'
info: Microsoft.AspNetCore.Hosting.Diagnostics[1]
      Request starting HTTP/2 POST http://ilpp/UnityILPP.PostProcessing/PostProcessAssembly application/grpc -
info: Microsoft.AspNetCore.Routing.EndpointMiddleware[0]
      Executing endpoint 'gRPC - /UnityILPP.PostProcessing/PostProcessAssembly'
info: Unity.ILPP.Runner.PostProcessingPipeline[0]
      Processing assembly Library/Bee/artifacts/1300b0aP.dag/Unity.Mathematics.dll, with 111 defines and 189 references
info: Unity.ILPP.Runner.PostProcessingPipeline[0]
      processors: zzzUnity.Burst.CodeGen.BurstILPostProcessor
info: Microsoft.AspNetCore.Hosting.Diagnostics[1]
      Request starting HTTP/2 POST http://ilpp/UnityILPP.PostProcessing/PostProcessAssembly application/grpc -
info: Microsoft.AspNetCore.Routing.EndpointMiddleware[0]
      Executing endpoint 'gRPC - /UnityILPP.PostProcessing/PostProcessAssembly'
info: Unity.ILPP.Runner.PostProcessingPipeline[0]
      Processing assembly Library/Bee/artifacts/1300b0aP.dag/Unity.TextMeshPro.dll, with 112 defines and 189 references
info: Unity.ILPP.Runner.PostProcessingPipeline[0]
      processors: zzzUnity.Burst.CodeGen.BurstILPostProcessor
info: Microsoft.AspNetCore.Hosting.Diagnostics[1]
      Request starting HTTP/2 POST http://ilpp/UnityILPP.PostProcessing/PostProcessAssembly application/grpc -
info: Microsoft.AspNetCore.Routing.EndpointMiddleware[0]
      Executing endpoint 'gRPC - /UnityILPP.PostProcessing/PostProcessAssembly'
info: Unity.ILPP.Runner.PostProcessingPipeline[0]
      Processing assembly Library/Bee/artifacts/1300b0aP.dag/Unity.2D.SpriteShape.Runtime.dll, with 112 defines and 192 references
info: Unity.ILPP.Runner.PostProcessingPipeline[0]
      processors: zzzUnity.Burst.CodeGen.BurstILPostProcessor
info: Unity.ILPP.Runner.PostProcessingPipeline[0]
      running zzzUnity.Burst.CodeGen.BurstILPostProcessor
info: Microsoft.AspNetCore.Hosting.Diagnostics[1]
      Request starting HTTP/2 POST http://ilpp/UnityILPP.PostProcessing/PostProcessAssembly application/grpc -
info: Microsoft.AspNetCore.Routing.EndpointMiddleware[0]
      Executing endpoint 'gRPC - /UnityILPP.PostProcessing/PostProcessAssembly'
info: Microsoft.AspNetCore.Hosting.Diagnostics[1]
      Request starting HTTP/2 POST http://ilpp/UnityILPP.PostProcessing/PostProcessAssembly application/grpc -
info: Microsoft.AspNetCore.Routing.EndpointMiddleware[0]
      Executing endpoint 'gRPC - /UnityILPP.PostProcessing/PostProcessAssembly'
info: Microsoft.AspNetCore.Hosting.Diagnostics[1]
      Request starting HTTP/2 POST http://ilpp/UnityILPP.PostProcessing/PostProcessAssembly application/grpc -
info: Microsoft.AspNetCore.Routing.EndpointMiddleware[0]
      Executing endpoint 'gRPC - /UnityILPP.PostProcessing/PostProcessAssembly'
info: Microsoft.AspNetCore.Hosting.Diagnostics[1]
      Request starting HTTP/2 POST http://ilpp/UnityILPP.PostProcessing/PostProcessAssembly application/grpc -
info: Microsoft.AspNetCore.Routing.EndpointMiddleware[0]
      Executing endpoint 'gRPC - /UnityILPP.PostProcessing/PostProcessAssembly'
info: Microsoft.AspNetCore.Hosting.Diagnostics[1]
      Request starting HTTP/2 POST http://ilpp/UnityILPP.PostProcessing/PostProcessAssembly application/grpc -
info: Microsoft.AspNetCore.Routing.EndpointMiddleware[0]
      Executing endpoint 'gRPC - /UnityILPP.PostProcessing/PostProcessAssembly'
info: Microsoft.AspNetCore.Hosting.Diagnostics[1]
      Request starting HTTP/2 POST http://ilpp/UnityILPP.PostProcessing/PostProcessAssembly application/grpc -
info: Microsoft.AspNetCore.Routing.EndpointMiddleware[0]
      Executing endpoint 'gRPC - /UnityILPP.PostProcessing/PostProcessAssembly'
info: Unity.ILPP.Runner.PostProcessingPipeline[0]
      Processing assembly Library/Bee/artifacts/1300b0aP.dag/Unity.2D.PixelPerfect.dll, with 112 defines and 189 references
info: Unity.ILPP.Runner.PostProcessingPipeline[0]
      processors: zzzUnity.Burst.CodeGen.BurstILPostProcessor
info: Unity.ILPP.Runner.PostProcessingPipeline[0]
      running zzzUnity.Burst.CodeGen.BurstILPostProcessor
info: Unity.ILPP.Runner.PostProcessingPipeline[0]
      Processing assembly Library/Bee/artifacts/1300b0aP.dag/Unity.RenderPipelines.Universal.Shaders.dll, with 111 defines and 189 references
info: Unity.ILPP.Runner.PostProcessingPipeline[0]
      processors: zzzUnity.Burst.CodeGen.BurstILPostProcessor
info: Unity.ILPP.Runner.PostProcessingPipeline[0]
      Processing assembly Library/Bee/artifacts/1300b0aP.dag/Unity.InternalAPIEngineBridge.001.dll, with 111 defines and 189 references
info: Unity.ILPP.Runner.PostProcessingPipeline[0]
      processors: zzzUnity.Burst.CodeGen.BurstILPostProcessor
info: Unity.ILPP.Runner.PostProcessingPipeline[0]
      Processing assembly Library/Bee/artifacts/1300b0aP.dag/Unity.Burst.dll, with 111 defines and 188 references
info: Unity.ILPP.Runner.PostProcessingPipeline[0]
      processors: zzzUnity.Burst.CodeGen.BurstILPostProcessor
info: Unity.ILPP.Runner.PostProcessingPipeline[0]
      running zzzUnity.Burst.CodeGen.BurstILPostProcessor
info: Unity.ILPP.Runner.PostProcessingPipeline[0]
      Processing assembly Library/Bee/artifacts/1300b0aP.dag/Unity.2D.Tilemap.Extras.dll, with 111 defines and 189 references
info: Unity.ILPP.Runner.PostProcessingPipeline[0]
      processors: zzzUnity.Burst.CodeGen.BurstILPostProcessor
info: Unity.ILPP.Runner.PostProcessingPipeline[0]
      running zzzUnity.Burst.CodeGen.BurstILPostProcessor
info: Unity.ILPP.Runner.PostProcessingPipeline[0]
      running zzzUnity.Burst.CodeGen.BurstILPostProcessor
info: Unity.ILPP.Runner.PostProcessingPipeline[0]
      running zzzUnity.Burst.CodeGen.BurstILPostProcessor
info: Unity.ILPP.Runner.PostProcessingPipeline[0]
      Processing assembly Library/Bee/artifacts/1300b0aP.dag/BlockPuzzle.Managers.dll, with 111 defines and 192 references
info: Unity.ILPP.Runner.PostProcessingPipeline[0]
      processors: zzzUnity.Burst.CodeGen.BurstILPostProcessor
info: Unity.ILPP.Runner.PostProcessingPipeline[0]
      running zzzUnity.Burst.CodeGen.BurstILPostProcessor
info: Unity.ILPP.Runner.PostProcessingPipeline[0]
      running zzzUnity.Burst.CodeGen.BurstILPostProcessor
info: Unity.ILPP.Runner.PostProcessingPipeline[0]
      running zzzUnity.Burst.CodeGen.BurstILPostProcessor
info: Microsoft.AspNetCore.Routing.EndpointMiddleware[1]
      Executed endpoint 'gRPC - /UnityILPP.PostProcessing/PostProcessAssembly'
info: Microsoft.AspNetCore.Hosting.Diagnostics[2]
      Request finished HTTP/2 POST http://ilpp/UnityILPP.PostProcessing/PostProcessAssembly application/grpc - - 200 - application/grpc 4.2673ms
info: Microsoft.AspNetCore.Routing.EndpointMiddleware[1]
      Executed endpoint 'gRPC - /UnityILPP.PostProcessing/PostProcessAssembly'
info: Microsoft.AspNetCore.Routing.EndpointMiddleware[1]
      Executed endpoint 'gRPC - /UnityILPP.PostProcessing/PostProcessAssembly'
info: Microsoft.AspNetCore.Hosting.Diagnostics[2]
      Request finished HTTP/2 POST http://ilpp/UnityILPP.PostProcessing/PostProcessAssembly application/grpc - - 200 - application/grpc 6.7891ms
info: Microsoft.AspNetCore.Hosting.Diagnostics[2]
      Request finished HTTP/2 POST http://ilpp/UnityILPP.PostProcessing/PostProcessAssembly application/grpc - - 200 - application/grpc 10.0793ms
info: Microsoft.AspNetCore.Routing.EndpointMiddleware[1]
      Executed endpoint 'gRPC - /UnityILPP.PostProcessing/PostProcessAssembly'
info: Microsoft.AspNetCore.Routing.EndpointMiddleware[1]
      Executed endpoint 'gRPC - /UnityILPP.PostProcessing/PostProcessAssembly'
info: Microsoft.AspNetCore.Hosting.Diagnostics[2]
      Request finished HTTP/2 POST http://ilpp/UnityILPP.PostProcessing/PostProcessAssembly application/grpc - - 200 - application/grpc 6.1029ms
info: Microsoft.AspNetCore.Hosting.Diagnostics[2]
      Request finished HTTP/2 POST http://ilpp/UnityILPP.PostProcessing/PostProcessAssembly application/grpc - - 200 - application/grpc 6.1691ms
info: Microsoft.AspNetCore.Routing.EndpointMiddleware[1]
      Executed endpoint 'gRPC - /UnityILPP.PostProcessing/PostProcessAssembly'
info: Microsoft.AspNetCore.Routing.EndpointMiddleware[1]
      Executed endpoint 'gRPC - /UnityILPP.PostProcessing/PostProcessAssembly'
info: Microsoft.AspNetCore.Hosting.Diagnostics[2]
      Request finished HTTP/2 POST http://ilpp/UnityILPP.PostProcessing/PostProcessAssembly application/grpc - - 200 - application/grpc 6.8244ms
info: Microsoft.AspNetCore.Hosting.Diagnostics[2]
      Request finished HTTP/2 POST http://ilpp/UnityILPP.PostProcessing/PostProcessAssembly application/grpc - - 200 - application/grpc 6.7910ms
info: Microsoft.AspNetCore.Routing.EndpointMiddleware[1]
      Executed endpoint 'gRPC - /UnityILPP.PostProcessing/PostProcessAssembly'
info: Microsoft.AspNetCore.Hosting.Diagnostics[2]
      Request finished HTTP/2 POST http://ilpp/UnityILPP.PostProcessing/PostProcessAssembly application/grpc - - 200 - application/grpc 7.6436ms
info: Microsoft.AspNetCore.Hosting.Diagnostics[1]
      Request starting HTTP/2 POST http://ilpp/UnityILPP.PostProcessing/PostProcessAssembly application/grpc -
info: Microsoft.AspNetCore.Hosting.Diagnostics[1]
      Request starting HTTP/2 POST http://ilpp/UnityILPP.PostProcessing/PostProcessAssembly application/grpc -
info: Microsoft.AspNetCore.Routing.EndpointMiddleware[0]
      Executing endpoint 'gRPC - /UnityILPP.PostProcessing/PostProcessAssembly'
info: Microsoft.AspNetCore.Routing.EndpointMiddleware[0]
      Executing endpoint 'gRPC - /UnityILPP.PostProcessing/PostProcessAssembly'
info: Unity.ILPP.Runner.PostProcessingPipeline[0]
      Processing assembly Library/Bee/artifacts/1300b0aP.dag/BlockPuzzle.Gameplay.dll, with 111 defines and 191 references
info: Unity.ILPP.Runner.PostProcessingPipeline[0]
      processors: zzzUnity.Burst.CodeGen.BurstILPostProcessor
info: Unity.ILPP.Runner.PostProcessingPipeline[0]
      Processing assembly Library/Bee/artifacts/1300b0aP.dag/Unity.RenderPipelines.Core.ShaderLibrary.dll, with 111 defines and 189 references
info: Unity.ILPP.Runner.PostProcessingPipeline[0]
      processors: zzzUnity.Burst.CodeGen.BurstILPostProcessor
info: Unity.ILPP.Runner.PostProcessingPipeline[0]
      running zzzUnity.Burst.CodeGen.BurstILPostProcessor
info: Unity.ILPP.Runner.PostProcessingPipeline[0]
      running zzzUnity.Burst.CodeGen.BurstILPostProcessor
info: Microsoft.AspNetCore.Routing.EndpointMiddleware[1]
      Executed endpoint 'gRPC - /UnityILPP.PostProcessing/PostProcessAssembly'
info: Microsoft.AspNetCore.Hosting.Diagnostics[2]
      Request finished HTTP/2 POST http://ilpp/UnityILPP.PostProcessing/PostProcessAssembly application/grpc - - 200 - application/grpc 2.8105ms
info: Microsoft.AspNetCore.Routing.EndpointMiddleware[1]
      Executed endpoint 'gRPC - /UnityILPP.PostProcessing/PostProcessAssembly'
info: Microsoft.AspNetCore.Hosting.Diagnostics[2]
      Request finished HTTP/2 POST http://ilpp/UnityILPP.PostProcessing/PostProcessAssembly application/grpc - - 200 - application/grpc 3.2312ms
info: Unity.ILPP.Runner.PostProcessingPipeline[0]
      Processing assembly Library/Bee/artifacts/1300b0aP.dag/Unity.VisualScripting.State.dll, with 111 defines and 191 references
info: Unity.ILPP.Runner.PostProcessingPipeline[0]
      processors: zzzUnity.Burst.CodeGen.BurstILPostProcessor
info: Microsoft.AspNetCore.Hosting.Diagnostics[1]
      Request starting HTTP/2 POST http://ilpp/UnityILPP.PostProcessing/PostProcessAssembly application/grpc -
info: Microsoft.AspNetCore.Routing.EndpointMiddleware[0]
      Executing endpoint 'gRPC - /UnityILPP.PostProcessing/PostProcessAssembly'
info: Microsoft.AspNetCore.Hosting.Diagnostics[1]
      Request starting HTTP/2 POST http://ilpp/UnityILPP.PostProcessing/PostProcessAssembly application/grpc -
info: Microsoft.AspNetCore.Routing.EndpointMiddleware[0]
      Executing endpoint 'gRPC - /UnityILPP.PostProcessing/PostProcessAssembly'
info: Unity.ILPP.Runner.PostProcessingPipeline[0]
      running zzzUnity.Burst.CodeGen.BurstILPostProcessor
info: Microsoft.AspNetCore.Hosting.Diagnostics[1]
      Request starting HTTP/2 POST http://ilpp/UnityILPP.PostProcessing/PostProcessAssembly application/grpc -
info: Microsoft.AspNetCore.Routing.EndpointMiddleware[0]
      Executing endpoint 'gRPC - /UnityILPP.PostProcessing/PostProcessAssembly'
info: Unity.ILPP.Runner.PostProcessingPipeline[0]
      Processing assembly Library/Bee/artifacts/1300b0aP.dag/Unity.2D.Animation.Runtime.dll, with 111 defines and 194 references
info: Unity.ILPP.Runner.PostProcessingPipeline[0]
      processors: zzzUnity.Burst.CodeGen.BurstILPostProcessor
info: Microsoft.AspNetCore.Hosting.Diagnostics[1]
      Request starting HTTP/2 POST http://ilpp/UnityILPP.PostProcessing/PostProcessAssembly application/grpc -
info: Microsoft.AspNetCore.Routing.EndpointMiddleware[0]
      Executing endpoint 'gRPC - /UnityILPP.PostProcessing/PostProcessAssembly'
info: Microsoft.AspNetCore.Hosting.Diagnostics[1]
      Request starting HTTP/2 POST http://ilpp/UnityILPP.PostProcessing/PostProcessAssembly application/grpc -
info: Microsoft.AspNetCore.Routing.EndpointMiddleware[0]
      Executing endpoint 'gRPC - /UnityILPP.PostProcessing/PostProcessAssembly'
info: Microsoft.AspNetCore.Hosting.Diagnostics[1]
      Request starting HTTP/2 POST http://ilpp/UnityILPP.PostProcessing/PostProcessAssembly application/grpc -
info: Microsoft.AspNetCore.Routing.EndpointMiddleware[0]
      Executing endpoint 'gRPC - /UnityILPP.PostProcessing/PostProcessAssembly'
info: Unity.ILPP.Runner.PostProcessingPipeline[0]
      Processing assembly Library/Bee/artifacts/1300b0aP.dag/BlockPuzzle.Core.dll, with 111 defines and 190 references
info: Unity.ILPP.Runner.PostProcessingPipeline[0]
      processors: zzzUnity.Burst.CodeGen.BurstILPostProcessor
info: Unity.ILPP.Runner.PostProcessingPipeline[0]
      Processing assembly Library/Bee/artifacts/1300b0aP.dag/Unity.VisualScripting.Core.dll, with 114 defines and 189 references
info: Unity.ILPP.Runner.PostProcessingPipeline[0]
      processors: zzzUnity.Burst.CodeGen.BurstILPostProcessor
info: Unity.ILPP.Runner.PostProcessingPipeline[0]
      Processing assembly Library/Bee/artifacts/1300b0aP.dag/Unity.VisualScripting.Flow.dll, with 116 defines and 190 references
info: Unity.ILPP.Runner.PostProcessingPipeline[0]
      processors: zzzUnity.Burst.CodeGen.BurstILPostProcessor
info: Unity.ILPP.Runner.PostProcessingPipeline[0]
      running zzzUnity.Burst.CodeGen.BurstILPostProcessor
info: Unity.ILPP.Runner.PostProcessingPipeline[0]
      Processing assembly Library/Bee/artifacts/1300b0aP.dag/Unity.RenderPipelines.Universal.Runtime.dll, with 116 defines and 195 references
info: Unity.ILPP.Runner.PostProcessingPipeline[0]
      processors: zzzUnity.Burst.CodeGen.BurstILPostProcessor
info: Unity.ILPP.Runner.PostProcessingPipeline[0]
      running zzzUnity.Burst.CodeGen.BurstILPostProcessor
info: Microsoft.AspNetCore.Hosting.Diagnostics[1]
      Request starting HTTP/2 POST http://ilpp/UnityILPP.PostProcessing/PostProcessAssembly application/grpc -
info: Microsoft.AspNetCore.Routing.EndpointMiddleware[0]
      Executing endpoint 'gRPC - /UnityILPP.PostProcessing/PostProcessAssembly'
info: Unity.ILPP.Runner.PostProcessingPipeline[0]
      Processing assembly Library/Bee/artifacts/1300b0aP.dag/Unity.2D.IK.Runtime.dll, with 111 defines and 190 references
info: Unity.ILPP.Runner.PostProcessingPipeline[0]
      processors: zzzUnity.Burst.CodeGen.BurstILPostProcessor
info: Unity.ILPP.Runner.PostProcessingPipeline[0]
      running zzzUnity.Burst.CodeGen.BurstILPostProcessor
info: Unity.ILPP.Runner.PostProcessingPipeline[0]
      running zzzUnity.Burst.CodeGen.BurstILPostProcessor
info: Unity.ILPP.Runner.PostProcessingPipeline[0]
      running zzzUnity.Burst.CodeGen.BurstILPostProcessor
info: Unity.ILPP.Runner.PostProcessingPipeline[0]
      Processing assembly Library/Bee/artifacts/1300b0aP.dag/Unity.RenderPipelines.Universal.2D.Internal.dll, with 111 defines and 189 references
info: Unity.ILPP.Runner.PostProcessingPipeline[0]
      processors: zzzUnity.Burst.CodeGen.BurstILPostProcessor
info: Unity.ILPP.Runner.PostProcessingPipeline[0]
      running zzzUnity.Burst.CodeGen.BurstILPostProcessor
info: Unity.ILPP.Runner.PostProcessingPipeline[0]
      running zzzUnity.Burst.CodeGen.BurstILPostProcessor
info: Microsoft.AspNetCore.Hosting.Diagnostics[1]
      Request starting HTTP/2 POST http://ilpp/UnityILPP.PostProcessing/PostProcessAssembly application/grpc -
info: Microsoft.AspNetCore.Routing.EndpointMiddleware[0]
      Executing endpoint 'gRPC - /UnityILPP.PostProcessing/PostProcessAssembly'
info: Unity.ILPP.Runner.PostProcessingPipeline[0]
      Processing assembly Library/Bee/artifacts/1300b0aP.dag/Unity.Collections.dll, with 111 defines and 191 references
info: Unity.ILPP.Runner.PostProcessingPipeline[0]
      processors: zzzUnity.Burst.CodeGen.BurstILPostProcessor
info: Microsoft.AspNetCore.Routing.EndpointMiddleware[1]
      Executed endpoint 'gRPC - /UnityILPP.PostProcessing/PostProcessAssembly'
info: Microsoft.AspNetCore.Hosting.Diagnostics[2]
      Request finished HTTP/2 POST http://ilpp/UnityILPP.PostProcessing/PostProcessAssembly application/grpc - - 200 - application/grpc 4.3400ms
info: Microsoft.AspNetCore.Routing.EndpointMiddleware[1]
      Executed endpoint 'gRPC - /UnityILPP.PostProcessing/PostProcessAssembly'
info: Microsoft.AspNetCore.Hosting.Diagnostics[2]
      Request finished HTTP/2 POST http://ilpp/UnityILPP.PostProcessing/PostProcessAssembly application/grpc - - 200 - application/grpc 5.2129ms
info: Microsoft.AspNetCore.Routing.EndpointMiddleware[1]
      Executed endpoint 'gRPC - /UnityILPP.PostProcessing/PostProcessAssembly'
info: Microsoft.AspNetCore.Routing.EndpointMiddleware[1]
      Executed endpoint 'gRPC - /UnityILPP.PostProcessing/PostProcessAssembly'
info: Microsoft.AspNetCore.Hosting.Diagnostics[2]
      Request finished HTTP/2 POST http://ilpp/UnityILPP.PostProcessing/PostProcessAssembly application/grpc - - 200 - application/grpc 6.4239ms
info: Microsoft.AspNetCore.Hosting.Diagnostics[2]
      Request finished HTTP/2 POST http://ilpp/UnityILPP.PostProcessing/PostProcessAssembly application/grpc - - 200 - application/grpc 5.9759ms
info: Microsoft.AspNetCore.Routing.EndpointMiddleware[1]
      Executed endpoint 'gRPC - /UnityILPP.PostProcessing/PostProcessAssembly'
info: Microsoft.AspNetCore.Hosting.Diagnostics[2]
      Request finished HTTP/2 POST http://ilpp/UnityILPP.PostProcessing/PostProcessAssembly application/grpc - - 200 - application/grpc 87.8325ms
info: Microsoft.AspNetCore.Routing.EndpointMiddleware[1]
      Executed endpoint 'gRPC - /UnityILPP.PostProcessing/PostProcessAssembly'
info: Microsoft.AspNetCore.Hosting.Diagnostics[2]
      Request finished HTTP/2 POST http://ilpp/UnityILPP.PostProcessing/PostProcessAssembly application/grpc - - 200 - application/grpc 38.4753ms
info: Unity.ILPP.Runner.PostProcessingAssemblyLoadContext[0]
      Resolved Unity.Burst.Cecil.Rocks, Version=0.11.4.0, Culture=neutral, PublicKeyToken=50cebf1cceb9d05e with Library\PackageCache\com.unity.burst@1.8.21\Unity.Burst.CodeGen\Unity.Burst.Cecil.Rocks.dll
info: Microsoft.AspNetCore.Hosting.Diagnostics[1]
      Request starting HTTP/2 POST http://ilpp/UnityILPP.PostProcessing/PostProcessAssembly application/grpc -
info: Microsoft.AspNetCore.Routing.EndpointMiddleware[0]
      Executing endpoint 'gRPC - /UnityILPP.PostProcessing/PostProcessAssembly'
info: Unity.ILPP.Runner.PostProcessingPipeline[0]
      running zzzUnity.Burst.CodeGen.BurstILPostProcessor
info: Unity.ILPP.Runner.PostProcessingPipeline[0]
      Processing assembly Library/Bee/artifacts/1300b0aP.dag/Unity.RenderPipelines.Universal.Config.Runtime.dll, with 111 defines and 190 references
info: Unity.ILPP.Runner.PostProcessingPipeline[0]
      processors: zzzUnity.Burst.CodeGen.BurstILPostProcessor
info: Unity.ILPP.Runner.PostProcessingPipeline[0]
      running zzzUnity.Burst.CodeGen.BurstILPostProcessor
info: Microsoft.AspNetCore.Routing.EndpointMiddleware[1]
      Executed endpoint 'gRPC - /UnityILPP.PostProcessing/PostProcessAssembly'
info: Microsoft.AspNetCore.Hosting.Diagnostics[2]
      Request finished HTTP/2 POST http://ilpp/UnityILPP.PostProcessing/PostProcessAssembly application/grpc - - 200 - application/grpc 1.4665ms
info: Microsoft.AspNetCore.Hosting.Diagnostics[1]
      Request starting HTTP/2 POST http://ilpp/UnityILPP.PostProcessing/PostProcessAssembly application/grpc -
info: Microsoft.AspNetCore.Routing.EndpointMiddleware[0]
      Executing endpoint 'gRPC - /UnityILPP.PostProcessing/PostProcessAssembly'
info: Microsoft.AspNetCore.Hosting.Diagnostics[1]
      Request starting HTTP/2 POST http://ilpp/UnityILPP.PostProcessing/PostProcessAssembly application/grpc -
info: Microsoft.AspNetCore.Routing.EndpointMiddleware[0]
      Executing endpoint 'gRPC - /UnityILPP.PostProcessing/PostProcessAssembly'
info: Microsoft.AspNetCore.Hosting.Diagnostics[1]
      Request starting HTTP/2 POST http://ilpp/UnityILPP.PostProcessing/PostProcessAssembly application/grpc -
info: Microsoft.AspNetCore.Routing.EndpointMiddleware[0]
      Executing endpoint 'gRPC - /UnityILPP.PostProcessing/PostProcessAssembly'
info: Microsoft.AspNetCore.Hosting.Diagnostics[1]
      Request starting HTTP/2 POST http://ilpp/UnityILPP.PostProcessing/PostProcessAssembly application/grpc -
info: Microsoft.AspNetCore.Routing.EndpointMiddleware[0]
      Executing endpoint 'gRPC - /UnityILPP.PostProcessing/PostProcessAssembly'
info: Microsoft.AspNetCore.Hosting.Diagnostics[1]
      Request starting HTTP/2 POST http://ilpp/UnityILPP.PostProcessing/PostProcessAssembly application/grpc -
info: Microsoft.AspNetCore.Routing.EndpointMiddleware[0]
      Executing endpoint 'gRPC - /UnityILPP.PostProcessing/PostProcessAssembly'
info: Microsoft.AspNetCore.Hosting.Diagnostics[1]
      Request starting HTTP/2 POST http://ilpp/UnityILPP.PostProcessing/PostProcessAssembly application/grpc -
info: Microsoft.AspNetCore.Routing.EndpointMiddleware[0]
      Executing endpoint 'gRPC - /UnityILPP.PostProcessing/PostProcessAssembly'
info: Microsoft.AspNetCore.Hosting.Diagnostics[1]
      Request starting HTTP/2 POST http://ilpp/UnityILPP.PostProcessing/PostProcessAssembly application/grpc -
info: Microsoft.AspNetCore.Routing.EndpointMiddleware[0]
      Executing endpoint 'gRPC - /UnityILPP.PostProcessing/PostProcessAssembly'
info: Microsoft.AspNetCore.Hosting.Diagnostics[1]
      Request starting HTTP/2 POST http://ilpp/UnityILPP.PostProcessing/PostProcessAssembly application/grpc -
info: Microsoft.AspNetCore.Routing.EndpointMiddleware[0]
      Executing endpoint 'gRPC - /UnityILPP.PostProcessing/PostProcessAssembly'
info: Unity.ILPP.Runner.PostProcessingPipeline[0]
      Processing assembly Library/Bee/artifacts/1300b0aP.dag/UnityEngine.UI.dll, with 116 defines and 188 references
info: Unity.ILPP.Runner.PostProcessingPipeline[0]
      Processing assembly Library/Bee/artifacts/1300b0aP.dag/BlockPuzzle.UI.dll, with 111 defines and 193 references
info: Unity.ILPP.Runner.PostProcessingPipeline[0]
      processors: zzzUnity.Burst.CodeGen.BurstILPostProcessor
info: Unity.ILPP.Runner.PostProcessingPipeline[0]
      processors: zzzUnity.Burst.CodeGen.BurstILPostProcessor
info: Unity.ILPP.Runner.PostProcessingPipeline[0]
      Processing assembly Library/Bee/artifacts/1300b0aP.dag/Unity.RenderPipelines.ShaderGraph.ShaderGraphLibrary.dll, with 111 defines and 189 references
info: Unity.ILPP.Runner.PostProcessingPipeline[0]
      processors: zzzUnity.Burst.CodeGen.BurstILPostProcessor
info: Unity.ILPP.Runner.PostProcessingPipeline[0]
      Processing assembly Library/Bee/artifacts/1300b0aP.dag/BlockPuzzle.Bootstrap.dll, with 111 defines and 194 references
info: Unity.ILPP.Runner.PostProcessingPipeline[0]
      processors: zzzUnity.Burst.CodeGen.BurstILPostProcessor
info: Unity.ILPP.Runner.PostProcessingPipeline[0]
      Processing assembly Library/Bee/artifacts/1300b0aP.dag/Unity.RenderPipeline.Universal.ShaderLibrary.dll, with 111 defines and 190 references
info: Unity.ILPP.Runner.PostProcessingPipeline[0]
      processors: zzzUnity.Burst.CodeGen.BurstILPostProcessor
info: Unity.ILPP.Runner.PostProcessingPipeline[0]
      Processing assembly Library/Bee/artifacts/1300b0aP.dag/Unity.2D.Common.Runtime.dll, with 111 defines and 190 references
info: Unity.ILPP.Runner.PostProcessingPipeline[0]
      processors: zzzUnity.Burst.CodeGen.BurstILPostProcessor
info: Unity.ILPP.Runner.PostProcessingPipeline[0]
      Processing assembly Library/Bee/artifacts/1300b0aP.dag/Unity.RenderPipelines.Core.Runtime.dll, with 113 defines and 189 references
info: Unity.ILPP.Runner.PostProcessingPipeline[0]
      processors: zzzUnity.Burst.CodeGen.BurstILPostProcessor
info: Unity.ILPP.Runner.PostProcessingPipeline[0]
      Processing assembly Library/Bee/artifacts/1300b0aP.dag/Unity.Timeline.dll, with 112 defines and 189 references
info: Unity.ILPP.Runner.PostProcessingPipeline[0]
      processors: zzzUnity.Burst.CodeGen.BurstILPostProcessor
info: Unity.ILPP.Runner.PostProcessingPipeline[0]
      running zzzUnity.Burst.CodeGen.BurstILPostProcessor
info: Unity.ILPP.Runner.PostProcessingPipeline[0]
      running zzzUnity.Burst.CodeGen.BurstILPostProcessor
info: Unity.ILPP.Runner.PostProcessingPipeline[0]
      running zzzUnity.Burst.CodeGen.BurstILPostProcessor
info: Unity.ILPP.Runner.PostProcessingPipeline[0]
      running zzzUnity.Burst.CodeGen.BurstILPostProcessor
info: Unity.ILPP.Runner.PostProcessingPipeline[0]
      running zzzUnity.Burst.CodeGen.BurstILPostProcessor
info: Unity.ILPP.Runner.PostProcessingPipeline[0]
      running zzzUnity.Burst.CodeGen.BurstILPostProcessor
info: Unity.ILPP.Runner.PostProcessingPipeline[0]
      running zzzUnity.Burst.CodeGen.BurstILPostProcessor
info: Unity.ILPP.Runner.PostProcessingPipeline[0]
      running zzzUnity.Burst.CodeGen.BurstILPostProcessor
info: Microsoft.AspNetCore.Routing.EndpointMiddleware[1]
      Executed endpoint 'gRPC - /UnityILPP.PostProcessing/PostProcessAssembly'
info: Microsoft.AspNetCore.Routing.EndpointMiddleware[1]
      Executed endpoint 'gRPC - /UnityILPP.PostProcessing/PostProcessAssembly'
info: Microsoft.AspNetCore.Hosting.Diagnostics[2]
      Request finished HTTP/2 POST http://ilpp/UnityILPP.PostProcessing/PostProcessAssembly application/grpc - - 200 - application/grpc 4.6022ms
info: Microsoft.AspNetCore.Hosting.Diagnostics[2]
      Request finished HTTP/2 POST http://ilpp/UnityILPP.PostProcessing/PostProcessAssembly application/grpc - - 200 - application/grpc 4.6825ms
info: Microsoft.AspNetCore.Routing.EndpointMiddleware[1]
      Executed endpoint 'gRPC - /UnityILPP.PostProcessing/PostProcessAssembly'
info: Microsoft.AspNetCore.Hosting.Diagnostics[2]
      Request finished HTTP/2 POST http://ilpp/UnityILPP.PostProcessing/PostProcessAssembly application/grpc - - 200 - application/grpc 4.7592ms
info: Microsoft.AspNetCore.Routing.EndpointMiddleware[1]
      Executed endpoint 'gRPC - /UnityILPP.PostProcessing/PostProcessAssembly'
info: Microsoft.AspNetCore.Hosting.Diagnostics[2]
      Request finished HTTP/2 POST http://ilpp/UnityILPP.PostProcessing/PostProcessAssembly application/grpc - - 200 - application/grpc 4.9741ms
info: Microsoft.AspNetCore.Routing.EndpointMiddleware[1]
      Executed endpoint 'gRPC - /UnityILPP.PostProcessing/PostProcessAssembly'
info: Microsoft.AspNetCore.Hosting.Diagnostics[2]
      Request finished HTTP/2 POST http://ilpp/UnityILPP.PostProcessing/PostProcessAssembly application/grpc - - 200 - application/grpc 5.1356ms
info: Microsoft.AspNetCore.Routing.EndpointMiddleware[1]
      Executed endpoint 'gRPC - /UnityILPP.PostProcessing/PostProcessAssembly'
info: Microsoft.AspNetCore.Hosting.Diagnostics[2]
      Request finished HTTP/2 POST http://ilpp/UnityILPP.PostProcessing/PostProcessAssembly application/grpc - - 200 - application/grpc 5.4434ms
info: Microsoft.AspNetCore.Routing.EndpointMiddleware[1]
      Executed endpoint 'gRPC - /UnityILPP.PostProcessing/PostProcessAssembly'
info: Microsoft.AspNetCore.Hosting.Diagnostics[2]
      Request finished HTTP/2 POST http://ilpp/UnityILPP.PostProcessing/PostProcessAssembly application/grpc - - 200 - application/grpc 6.0290ms
info: Microsoft.AspNetCore.Routing.EndpointMiddleware[1]
      Executed endpoint 'gRPC - /UnityILPP.PostProcessing/PostProcessAssembly'
info: Microsoft.AspNetCore.Hosting.Diagnostics[2]
      Request finished HTTP/2 POST http://ilpp/UnityILPP.PostProcessing/PostProcessAssembly application/grpc - - 200 - application/grpc 6.3175ms
info: Microsoft.AspNetCore.Routing.EndpointMiddleware[1]
      Executed endpoint 'gRPC - /UnityILPP.PostProcessing/PostProcessAssembly'
info: Microsoft.AspNetCore.Hosting.Diagnostics[2]
      Request finished HTTP/2 POST http://ilpp/UnityILPP.PostProcessing/PostProcessAssembly application/grpc - - 200 - application/grpc 273.7674ms
info: Microsoft.AspNetCore.Routing.EndpointMiddleware[1]
      Executed endpoint 'gRPC - /UnityILPP.PostProcessing/PostProcessAssembly'
info: Microsoft.AspNetCore.Routing.EndpointMiddleware[1]
      Executed endpoint 'gRPC - /UnityILPP.PostProcessing/PostProcessAssembly'
info: Microsoft.AspNetCore.Hosting.Diagnostics[2]
      Request finished HTTP/2 POST http://ilpp/UnityILPP.PostProcessing/PostProcessAssembly application/grpc - - 200 - application/grpc 467.3795ms
info: Microsoft.AspNetCore.Hosting.Diagnostics[2]
      Request finished HTTP/2 POST http://ilpp/UnityILPP.PostProcessing/PostProcessAssembly application/grpc - - 200 - application/grpc 392.3779ms
info: Microsoft.AspNetCore.Routing.EndpointMiddleware[1]
      Executed endpoint 'gRPC - /UnityILPP.PostProcessing/PostProcessAssembly'
info: Microsoft.AspNetCore.Hosting.Diagnostics[2]
      Request finished HTTP/2 POST http://ilpp/UnityILPP.PostProcessing/PostProcessAssembly application/grpc - - 200 - application/grpc 389.4157ms
