[Licensing::Module] Trying to connect to existing licensing client channel...
[Licensing::IpcConnector] Successfully connected to: "LicenseClient-diman" at "2026-07-25T16:05:11.4925657Z"
[Licensing::Client] Error: HandshakeResponse reported an error:
	ResponseCode: 505
	ResponseStatus: Unsupported protocol version '1.16.2'.
[Licensing::Module] Error: Failed to handshake to channel: "LicenseClient-diman"
[Licensing::IpcConnector] LicenseClient-diman channel disconnected successfully.
[Licensing::IpcConnector] Successfully connected to: "LicenseClient-diman-2022.3.62" at "2026-07-25T16:05:12.2424574Z"
[Licensing::Client] Code 10 while verifying Licensing Client signature (process Id: 46816, path: "C:/Program Files/Unity/Hub/Editor/2022.3.62f1/Editor/Data/Resources/Licensing/Client/Unity.Licensing.Client.exe")
[Licensing::Module] LicensingClient has failed validation; ignoring
[Licensing::Client] Handshaking with LicensingClient:
  Version:                 1.16.2+bdef8f5
  Session Id:              13df275894d2480e83a409c5ac11a105
  Correlation Id:          8d15d9147fe64fe60ca2a521e7a73703
  External correlation Id: 8892277657210114466
  Machine Id:              LTDxm2sme8roE6p3QGzsFotmBPA=
[Licensing::Module] Successfully connected to LicensingClient on channel: "LicenseClient-diman-2022.3.62" (connect: 0.01s, validation: 0.01s, handshake: 0.01s)
[Licensing::IpcConnector] Successfully connected to: "LicenseClient-diman-2022.3.62-notifications" at "2026-07-25T16:05:12.2721046Z"
[Licensing::Module] Error: Access token is unavailable; failed to update
[Licensing::Client] Successfully updated license
Built from '2022.3/staging' branch; Version is '2022.3.62f1 (4af31df58517) revision 4911901'; Using compiler version '192829333'; Build Type 'Release'
OS: 'Windows 11  (10.0.26200) 64bit Professional' Language: 'ru' Physical Memory: 32491 MB
[Licensing::Client] Successfully resolved entitlement details
[Licensing::Module] Serial number assigned to: "F4-ZJ4G-KK6V-S89E-42FE-XXXX"
BatchMode: 1, IsHumanControllingUs: 0, StartBugReporterOnCrash: 0, Is64bit: 1, IsPro: 0
[Licensing::Client] Successfully resolved entitlement details

COMMAND LINE ARGUMENTS:
C:\Program Files\Unity\Hub\Editor\2022.3.62f1\Editor\Unity.exe
-batchmode
-nographics
-quit
-projectPath
C:\Users\diman\BlockPuzzlesBatch
-executeMethod
BlockPuzzle.EditorTools.BlockPuzzleSceneBuilder.BuildAndroid
-logFile
C:\Users\diman\BlockPuzzles\Builds\unity_android2.log
Successfully changed project path to: C:\Users\diman\BlockPuzzlesBatch
C:/Users/diman/BlockPuzzlesBatch
[UnityMemory] Configuration Parameters - Can be set up in boot.config
    "memorysetup-bucket-allocator-granularity=16"
    "memorysetup-bucket-allocator-bucket-count=8"
    "memorysetup-bucket-allocator-block-size=33554432"
    "memorysetup-bucket-allocator-block-count=8"
    "memorysetup-main-allocator-block-size=16777216"
    "memorysetup-thread-allocator-block-size=16777216"
    "memorysetup-gfx-main-allocator-block-size=16777216"
    "memorysetup-gfx-thread-allocator-block-size=16777216"
    "memorysetup-cache-allocator-block-size=4194304"
    "memorysetup-typetree-allocator-block-size=2097152"
    "memorysetup-profiler-bucket-allocator-granularity=16"
    "memorysetup-profiler-bucket-allocator-bucket-count=8"
    "memorysetup-profiler-bucket-allocator-block-size=33554432"
    "memorysetup-profiler-bucket-allocator-block-count=8"
    "memorysetup-profiler-allocator-block-size=16777216"
    "memorysetup-profiler-editor-allocator-block-size=1048576"
    "memorysetup-temp-allocator-size-main=16777216"
    "memorysetup-job-temp-allocator-block-size=2097152"
    "memorysetup-job-temp-allocator-block-size-background=1048576"
    "memorysetup-job-temp-allocator-reduction-small-platforms=262144"
    "memorysetup-allocator-temp-initial-block-size-main=262144"
    "memorysetup-allocator-temp-initial-block-size-worker=262144"
    "memorysetup-temp-allocator-size-background-worker=32768"
    "memorysetup-temp-allocator-size-job-worker=262144"
    "memorysetup-temp-allocator-size-preload-manager=33554432"
    "memorysetup-temp-allocator-size-nav-mesh-worker=65536"
    "memorysetup-temp-allocator-size-audio-worker=65536"
    "memorysetup-temp-allocator-size-cloud-worker=32768"
    "memorysetup-temp-allocator-size-gi-baking-worker=262144"
    "memorysetup-temp-allocator-size-gfx=262144"
Player connection [26116]  Target information:

Player connection [26116]  * "[IP] 192.168.0.11 [Port] 55505 [Flags] 2 [Guid] 2655351037 [EditorId] 2655351037 [Version] 1048832 [Id] WindowsEditor(7,andrew) [Debug] 1 [PackageName] WindowsEditor [ProjectName] Editor" 

Player connection [26116]  * "[IP] 26.121.245.174 [Port] 55505 [Flags] 2 [Guid] 2655351037 [EditorId] 2655351037 [Version] 1048832 [Id] WindowsEditor(7,andrew) [Debug] 1 [PackageName] WindowsEditor [ProjectName] Editor" 

Player connection [26116]  * "[IP] 172.19.0.1 [Port] 55505 [Flags] 2 [Guid] 2655351037 [EditorId] 2655351037 [Version] 1048832 [Id] WindowsEditor(7,andrew) [Debug] 1 [PackageName] WindowsEditor [ProjectName] Editor" 

Player connection [26116] Host joined multi-casting on [225.0.0.222:54997]...
Player connection [26116] Host joined alternative multi-casting on [225.0.0.222:34997]...
Input System module state changed to: Initialized.
[PhysX] Initialized MultithreadedTaskDispatcher with 20 workers.
[Package Manager] UpmClient::Connect -- Connected to IPC stream "Upm-22924" after 0.2 seconds.
[Package Manager] Restoring resolved packages state from cache
[Licensing::Client] Successfully resolved entitlement details
[Package Manager] Registered 62 packages:
  Packages from [https://packages.unity.com]:
    com.unity.collab-proxy@2.7.1 (location: C:\Users\diman\BlockPuzzlesBatch\Library\PackageCache\com.unity.collab-proxy@2.7.1)
    com.unity.ide.rider@3.0.36 (location: C:\Users\diman\BlockPuzzlesBatch\Library\PackageCache\com.unity.ide.rider@3.0.36)
    com.unity.ide.visualstudio@2.0.22 (location: C:\Users\diman\BlockPuzzlesBatch\Library\PackageCache\com.unity.ide.visualstudio@2.0.22)
    com.unity.test-framework@1.1.33 (location: C:\Users\diman\BlockPuzzlesBatch\Library\PackageCache\com.unity.test-framework@1.1.33)
    com.unity.textmeshpro@3.0.7 (location: C:\Users\diman\BlockPuzzlesBatch\Library\PackageCache\com.unity.textmeshpro@3.0.7)
    com.unity.timeline@1.7.7 (location: C:\Users\diman\BlockPuzzlesBatch\Library\PackageCache\com.unity.timeline@1.7.7)
    com.unity.toolchain.win-x86_64-linux-x86_64@2.0.11 (location: C:\Users\diman\BlockPuzzlesBatch\Library\PackageCache\com.unity.toolchain.win-x86_64-linux-x86_64@2.0.11)
    com.unity.visualscripting@1.9.4 (location: C:\Users\diman\BlockPuzzlesBatch\Library\PackageCache\com.unity.visualscripting@1.9.4)
    com.unity.sysroot@2.0.10 (location: C:\Users\diman\BlockPuzzlesBatch\Library\PackageCache\com.unity.sysroot@2.0.10)
    com.unity.sysroot.linux-x86_64@2.0.9 (location: C:\Users\diman\BlockPuzzlesBatch\Library\PackageCache\com.unity.sysroot.linux-x86_64@2.0.9)
    com.unity.ext.nunit@1.0.6 (location: C:\Users\diman\BlockPuzzlesBatch\Library\PackageCache\com.unity.ext.nunit@1.0.6)
    com.unity.mathematics@1.2.6 (location: C:\Users\diman\BlockPuzzlesBatch\Library\PackageCache\com.unity.mathematics@1.2.6)
    com.unity.burst@1.8.21 (location: C:\Users\diman\BlockPuzzlesBatch\Library\PackageCache\com.unity.burst@1.8.21)
    com.unity.2d.animation@9.2.0 (location: C:\Users\diman\BlockPuzzlesBatch\Library\PackageCache\com.unity.2d.animation@9.2.0)
    com.unity.2d.pixel-perfect@5.1.0 (location: C:\Users\diman\BlockPuzzlesBatch\Library\PackageCache\com.unity.2d.pixel-perfect@5.1.0)
    com.unity.2d.psdimporter@8.1.0 (location: C:\Users\diman\BlockPuzzlesBatch\Library\PackageCache\com.unity.2d.psdimporter@8.1.0)
    com.unity.2d.spriteshape@9.1.0 (location: C:\Users\diman\BlockPuzzlesBatch\Library\PackageCache\com.unity.2d.spriteshape@9.1.0)
    com.unity.2d.tilemap.extras@3.1.3 (location: C:\Users\diman\BlockPuzzlesBatch\Library\PackageCache\com.unity.2d.tilemap.extras@3.1.3)
    com.unity.2d.aseprite@1.1.9 (location: C:\Users\diman\BlockPuzzlesBatch\Library\PackageCache\com.unity.2d.aseprite@1.1.9)
    com.unity.searcher@4.9.2 (location: C:\Users\diman\BlockPuzzlesBatch\Library\PackageCache\com.unity.searcher@4.9.2)
    com.unity.2d.common@8.1.0 (location: C:\Users\diman\BlockPuzzlesBatch\Library\PackageCache\com.unity.2d.common@8.1.0)
    com.unity.collections@1.2.4 (location: C:\Users\diman\BlockPuzzlesBatch\Library\PackageCache\com.unity.collections@1.2.4)
  Built-in packages:
    com.unity.feature.2d@2.0.1 (location: C:\Users\diman\BlockPuzzlesBatch\Library\PackageCache\com.unity.feature.2d@2.0.1)
    com.unity.render-pipelines.universal@14.0.12 (location: C:\Users\diman\BlockPuzzlesBatch\Library\PackageCache\com.unity.render-pipelines.universal@14.0.12)
    com.unity.ugui@1.0.0 (location: C:\Users\diman\BlockPuzzlesBatch\Library\PackageCache\com.unity.ugui@1.0.0)
    com.unity.modules.ai@1.0.0 (location: C:\Users\diman\BlockPuzzlesBatch\Library\PackageCache\com.unity.modules.ai@1.0.0)
    com.unity.modules.androidjni@1.0.0 (location: C:\Users\diman\BlockPuzzlesBatch\Library\PackageCache\com.unity.modules.androidjni@1.0.0)
    com.unity.modules.animation@1.0.0 (location: C:\Users\diman\BlockPuzzlesBatch\Library\PackageCache\com.unity.modules.animation@1.0.0)
    com.unity.modules.assetbundle@1.0.0 (location: C:\Users\diman\BlockPuzzlesBatch\Library\PackageCache\com.unity.modules.assetbundle@1.0.0)
    com.unity.modules.audio@1.0.0 (location: C:\Users\diman\BlockPuzzlesBatch\Library\PackageCache\com.unity.modules.audio@1.0.0)
    com.unity.modules.cloth@1.0.0 (location: C:\Users\diman\BlockPuzzlesBatch\Library\PackageCache\com.unity.modules.cloth@1.0.0)
    com.unity.modules.director@1.0.0 (location: C:\Users\diman\BlockPuzzlesBatch\Library\PackageCache\com.unity.modules.director@1.0.0)
    com.unity.modules.imageconversion@1.0.0 (location: C:\Users\diman\BlockPuzzlesBatch\Library\PackageCache\com.unity.modules.imageconversion@1.0.0)
    com.unity.modules.imgui@1.0.0 (location: C:\Users\diman\BlockPuzzlesBatch\Library\PackageCache\com.unity.modules.imgui@1.0.0)
    com.unity.modules.jsonserialize@1.0.0 (location: C:\Users\diman\BlockPuzzlesBatch\Library\PackageCache\com.unity.modules.jsonserialize@1.0.0)
    com.unity.modules.particlesystem@1.0.0 (location: C:\Users\diman\BlockPuzzlesBatch\Library\PackageCache\com.unity.modules.particlesystem@1.0.0)
    com.unity.modules.physics@1.0.0 (location: C:\Users\diman\BlockPuzzlesBatch\Library\PackageCache\com.unity.modules.physics@1.0.0)
    com.unity.modules.physics2d@1.0.0 (location: C:\Users\diman\BlockPuzzlesBatch\Library\PackageCache\com.unity.modules.physics2d@1.0.0)
    com.unity.modules.screencapture@1.0.0 (location: C:\Users\diman\BlockPuzzlesBatch\Library\PackageCache\com.unity.modules.screencapture@1.0.0)
    com.unity.modules.terrain@1.0.0 (location: C:\Users\diman\BlockPuzzlesBatch\Library\PackageCache\com.unity.modules.terrain@1.0.0)
    com.unity.modules.terrainphysics@1.0.0 (location: C:\Users\diman\BlockPuzzlesBatch\Library\PackageCache\com.unity.modules.terrainphysics@1.0.0)
    com.unity.modules.tilemap@1.0.0 (location: C:\Users\diman\BlockPuzzlesBatch\Library\PackageCache\com.unity.modules.tilemap@1.0.0)
    com.unity.modules.ui@1.0.0 (location: C:\Users\diman\BlockPuzzlesBatch\Library\PackageCache\com.unity.modules.ui@1.0.0)
    com.unity.modules.uielements@1.0.0 (location: C:\Users\diman\BlockPuzzlesBatch\Library\PackageCache\com.unity.modules.uielements@1.0.0)
    com.unity.modules.umbra@1.0.0 (location: C:\Users\diman\BlockPuzzlesBatch\Library\PackageCache\com.unity.modules.umbra@1.0.0)
    com.unity.modules.unityanalytics@1.0.0 (location: C:\Users\diman\BlockPuzzlesBatch\Library\PackageCache\com.unity.modules.unityanalytics@1.0.0)
    com.unity.modules.unitywebrequest@1.0.0 (location: C:\Users\diman\BlockPuzzlesBatch\Library\PackageCache\com.unity.modules.unitywebrequest@1.0.0)
    com.unity.modules.unitywebrequestassetbundle@1.0.0 (location: C:\Users\diman\BlockPuzzlesBatch\Library\PackageCache\com.unity.modules.unitywebrequestassetbundle@1.0.0)
    com.unity.modules.unitywebrequestaudio@1.0.0 (location: C:\Users\diman\BlockPuzzlesBatch\Library\PackageCache\com.unity.modules.unitywebrequestaudio@1.0.0)
    com.unity.modules.unitywebrequesttexture@1.0.0 (location: C:\Users\diman\BlockPuzzlesBatch\Library\PackageCache\com.unity.modules.unitywebrequesttexture@1.0.0)
    com.unity.modules.unitywebrequestwww@1.0.0 (location: C:\Users\diman\BlockPuzzlesBatch\Library\PackageCache\com.unity.modules.unitywebrequestwww@1.0.0)
    com.unity.modules.vehicles@1.0.0 (location: C:\Users\diman\BlockPuzzlesBatch\Library\PackageCache\com.unity.modules.vehicles@1.0.0)
    com.unity.modules.video@1.0.0 (location: C:\Users\diman\BlockPuzzlesBatch\Library\PackageCache\com.unity.modules.video@1.0.0)
    com.unity.modules.vr@1.0.0 (location: C:\Users\diman\BlockPuzzlesBatch\Library\PackageCache\com.unity.modules.vr@1.0.0)
    com.unity.modules.wind@1.0.0 (location: C:\Users\diman\BlockPuzzlesBatch\Library\PackageCache\com.unity.modules.wind@1.0.0)
    com.unity.modules.xr@1.0.0 (location: C:\Users\diman\BlockPuzzlesBatch\Library\PackageCache\com.unity.modules.xr@1.0.0)
    com.unity.modules.subsystems@1.0.0 (location: C:\Users\diman\BlockPuzzlesBatch\Library\PackageCache\com.unity.modules.subsystems@1.0.0)
    com.unity.render-pipelines.core@14.0.12 (location: C:\Users\diman\BlockPuzzlesBatch\Library\PackageCache\com.unity.render-pipelines.core@14.0.12)
    com.unity.shadergraph@14.0.12 (location: C:\Users\diman\BlockPuzzlesBatch\Library\PackageCache\com.unity.shadergraph@14.0.12)
    com.unity.render-pipelines.universal-config@14.0.10 (location: C:\Users\diman\BlockPuzzlesBatch\Library\PackageCache\com.unity.render-pipelines.universal-config@14.0.10)
    com.unity.2d.sprite@1.0.0 (location: C:\Users\diman\BlockPuzzlesBatch\Library\PackageCache\com.unity.2d.sprite@1.0.0)
    com.unity.2d.tilemap@1.0.0 (location: C:\Users\diman\BlockPuzzlesBatch\Library\PackageCache\com.unity.2d.tilemap@1.0.0)
[Subsystems] No new subsystems found in resolved package list.
Package Manager log level set to [2]
[Package Manager] Done registering packages in 0.07 seconds
[Licensing::Client] Successfully resolved entitlement details
Refreshing native plugins compatible for Editor in 8.57 ms, found 4 plugins.
Preloading 0 native plugins for Editor in 0.00 ms.
Initialize engine version: 2022.3.62f1 (4af31df58517)
[Subsystems] Discovering subsystems at path C:/Program Files/Unity/Hub/Editor/2022.3.62f1/Editor/Data/Resources/UnitySubsystems
[Subsystems] Discovering subsystems at path C:/Users/diman/BlockPuzzlesBatch/Assets
Forcing GfxDevice: Null
GfxDevice: creating device client; threaded=0; jobified=0
NullGfxDevice:
    Version:  NULL 1.0 [1.0]
    Renderer: Null Device
    Vendor:   Unity Technologies
Shader Hidden/ProbeVolume/VoxelizeScene is not supported: GPU does not support conservative rasterization
[Licensing::Client] Successfully resolved entitlement details
Initialize mono
Mono path[0] = 'C:/Program Files/Unity/Hub/Editor/2022.3.62f1/Editor/Data/Managed'
Mono path[1] = 'C:/Program Files/Unity/Hub/Editor/2022.3.62f1/Editor/Data/MonoBleedingEdge/lib/mono/unityjit-win32'
Mono config path = 'C:/Program Files/Unity/Hub/Editor/2022.3.62f1/Editor/Data/MonoBleedingEdge/etc'
Using monoOptions --debugger-agent=transport=dt_socket,embedding=1,server=y,suspend=n,address=127.0.0.1:56924
Using cacheserver namespaces - metadata:defaultmetadata, artifacts:defaultartifacts
Using cacheserver namespaces - metadata:defaultmetadata, artifacts:defaultartifacts
ImportWorker Server TCP listen port: 0
Begin MonoManager ReloadAssembly
Registering precompiled unity dll's ...
Register platform support module: C:/Program Files/Unity/Hub/Editor/2022.3.62f1/Editor/Data/PlaybackEngines/WebGLSupport/UnityEditor.WebGL.Extensions.dll
Register platform support module: C:/Program Files/Unity/Hub/Editor/2022.3.62f1/Editor/Data/PlaybackEngines/AndroidPlayer/UnityEditor.Android.Extensions.dll
Register platform support module: C:/Program Files/Unity/Hub/Editor/2022.3.62f1/Editor/Data/PlaybackEngines/WindowsStandaloneSupport/UnityEditor.WindowsStandalone.Extensions.dll
Register platform support module: C:/Program Files/Unity/Hub/Editor/2022.3.62f1/Editor/Data/PlaybackEngines/LinuxStandaloneSupport/UnityEditor.LinuxStandalone.Extensions.dll
Registered in 0.007798 seconds.
- Loaded All Assemblies, in  0.236 seconds
Native extension for LinuxStandalone target not found
Native extension for WindowsStandalone target not found
Native extension for Android target not found
Android Extension - Scanning For ADB Devices 183 ms
Native extension for WebGL target not found
Mono: successfully reloaded assembly
- Finished resetting the current domain, in  0.378 seconds
Domain Reload Profiling: 613ms
	BeginReloadAssembly (69ms)
		ExecutionOrderSort (0ms)
		DisableScriptedObjects (0ms)
		BackupInstance (0ms)
		ReleaseScriptingObjects (0ms)
		CreateAndSetChildDomain (0ms)
	RebuildCommonClasses (22ms)
	RebuildNativeTypeToScriptingClass (7ms)
	initialDomainReloadingComplete (41ms)
	LoadAllAssembliesAndSetupDomain (96ms)
		LoadAssemblies (68ms)
		RebuildTransferFunctionScriptingTraits (0ms)
		AnalyzeDomain (94ms)
			TypeCache.Refresh (93ms)
				TypeCache.ScanAssembly (85ms)
			ScanForSourceGeneratedMonoScriptInfo (0ms)
			ResolveRequiredComponents (0ms)
	FinalizeReload (378ms)
		ReleaseScriptCaches (0ms)
		RebuildScriptCaches (0ms)
		SetupLoadedEditorAssemblies (348ms)
			LogAssemblyErrors (0ms)
			InitializePlatformSupportModulesInManaged (242ms)
			SetLoadedEditorAssemblies (3ms)
			RefreshPlugins (0ms)
			BeforeProcessingInitializeOnLoad (1ms)
			ProcessInitializeOnLoadAttributes (73ms)
			ProcessInitializeOnLoadMethodAttributes (29ms)
			AfterProcessingInitializeOnLoad (0ms)
			EditorAssembliesLoaded (0ms)
		ExecutionOrderSort2 (0ms)
		AwakeInstancesAfterBackupRestoration (0ms)
[Licensing::Client] Successfully resolved entitlement details
[Licensing::Client] Successfully resolved entitlement details
Application.AssetDatabase Initial Refresh Start
info: Microsoft.Hosting.Lifetime[14]
      Now listening on: http://localhost:80
info: Microsoft.Hosting.Lifetime[0]
      Application started. Press Ctrl+C to shut down.
info: Microsoft.Hosting.Lifetime[0]
      Hosting environment: Production
info: Microsoft.Hosting.Lifetime[0]
      Content root path: C:\Users\diman\BlockPuzzlesBatch\
info: Microsoft.AspNetCore.Hosting.Diagnostics[1]
      Request starting HTTP/2 POST http://ilpp/UnityILPP.PostProcessing/Ping application/grpc -
info: Microsoft.AspNetCore.Routing.EndpointMiddleware[0]
      Executing endpoint 'gRPC - /UnityILPP.PostProcessing/Ping'
info: Microsoft.AspNetCore.Routing.EndpointMiddleware[1]
      Executed endpoint 'gRPC - /UnityILPP.PostProcessing/Ping'
info: Microsoft.AspNetCore.Hosting.Diagnostics[2]
      Request finished HTTP/2 POST http://ilpp/UnityILPP.PostProcessing/Ping application/grpc - - 200 - application/grpc 28.4296ms
Starting: C:\Program Files\Unity\Hub\Editor\2022.3.62f1\Editor\Data\bee_backend.exe --ipc --defer-dag-verification --dagfile="Library/Bee/1300b0aE.dag" --continue-on-failure --profile="Library/Bee/backend1.traceevents" ScriptAssemblies
WorkingDir: C:/Users/diman/BlockPuzzlesBatch
DisplayProgressbar: Compiling Scripts
info: Microsoft.AspNetCore.Hosting.Diagnostics[1]
      Request starting HTTP/2 POST http://ilpp/UnityILPP.PostProcessing/ConfigurePostProcessors application/grpc -
info: Microsoft.AspNetCore.Routing.EndpointMiddleware[0]
      Executing endpoint 'gRPC - /UnityILPP.PostProcessing/ConfigurePostProcessors'
warn: Unity.ILPP.Runner.PostProcessingAssemblyLoadContext[0]
      Assembly system.runtime.interopservices.windowsruntime has duplicate hint path. Ignoring "C:\Program Files\Unity\Hub\Editor\2022.3.62f1\Editor\Data\UnityReferenceAssemblies\unity-4.8-api\Facades\System.Runtime.InteropServices.WindowsRuntime.dll" in favor of "C:\Program Files\Unity\Hub\Editor\2022.3.62f1\Editor\Data\NetStandard\Extensions\2.0.0\System.Runtime.InteropServices.WindowsRuntime.dll"
warn: Unity.ILPP.Runner.PostProcessingAssemblyLoadContext[0]
      Assembly system.componentmodel.composition has duplicate hint path. Ignoring "C:\Program Files\Unity\Hub\Editor\2022.3.62f1\Editor\Data\UnityReferenceAssemblies\unity-4.8-api\System.ComponentModel.Composition.dll" in favor of "C:\Program Files\Unity\Hub\Editor\2022.3.62f1\Editor\Data\NetStandard\compat\2.1.0\shims\netfx\System.ComponentModel.Composition.dll"
info: Unity.ILPP.Runner.PostProcessingAssemblyLoadContext[0]
      Resolved Unity.Burst.Cecil, Version=0.11.4.0, Culture=neutral, PublicKeyToken=50cebf1cceb9d05e with Library\PackageCache\com.unity.burst@1.8.21\Unity.Burst.CodeGen\Unity.Burst.Cecil.dll
info: Microsoft.AspNetCore.Routing.EndpointMiddleware[1]
      Executed endpoint 'gRPC - /UnityILPP.PostProcessing/ConfigurePostProcessors'
info: Microsoft.AspNetCore.Hosting.Diagnostics[2]
      Request finished HTTP/2 POST http://ilpp/UnityILPP.PostProcessing/ConfigurePostProcessors application/grpc - - 200 - application/grpc 35.8944ms
ExitCode: 0 Duration: 0s209ms
[458/863    0s] WriteResponseFile Library/Bee/artifacts/rsp/4747638433968585886.rsp
[661/863    0s] ILPP-Configuration Library/ilpp-configuration.nevergeneratedoutput
*** Tundra build success (0.19 seconds), 2 items updated, 863 evaluated
AssetDatabase: script compilation time: 0.578610s
Begin MonoManager ReloadAssembly
Total cache size 270635588
Total cache size after purge 268170864
- Loaded All Assemblies, in  0.469 seconds
Refreshing native plugins compatible for Editor in 3.28 ms, found 4 plugins.
Preloading 0 native plugins for Editor in 0.00 ms.
Refreshing native plugins compatible for Editor in 3.45 ms, found 4 plugins.
Native extension for LinuxStandalone target not found
Native extension for WindowsStandalone target not found
Native extension for Android target not found
Native extension for WebGL target not found
Mono: successfully reloaded assembly
- Finished resetting the current domain, in  2.016 seconds
Domain Reload Profiling: 2482ms
	BeginReloadAssembly (98ms)
		ExecutionOrderSort (0ms)
		DisableScriptedObjects (3ms)
		BackupInstance (0ms)
		ReleaseScriptingObjects (0ms)
		CreateAndSetChildDomain (17ms)
	RebuildCommonClasses (23ms)
	RebuildNativeTypeToScriptingClass (7ms)
	initialDomainReloadingComplete (22ms)
	LoadAllAssembliesAndSetupDomain (315ms)
		LoadAssemblies (225ms)
		RebuildTransferFunctionScriptingTraits (0ms)
		AnalyzeDomain (147ms)
			TypeCache.Refresh (121ms)
				TypeCache.ScanAssembly (108ms)
			ScanForSourceGeneratedMonoScriptInfo (19ms)
			ResolveRequiredComponents (6ms)
	FinalizeReload (2017ms)
		ReleaseScriptCaches (0ms)
		RebuildScriptCaches (0ms)
		SetupLoadedEditorAssemblies (1889ms)
			LogAssemblyErrors (0ms)
			InitializePlatformSupportModulesInManaged (16ms)
			SetLoadedEditorAssemblies (2ms)
			RefreshPlugins (0ms)
			BeforeProcessingInitializeOnLoad (54ms)
			ProcessInitializeOnLoadAttributes (1722ms)
			ProcessInitializeOnLoadMethodAttributes (91ms)
			AfterProcessingInitializeOnLoad (4ms)
			EditorAssembliesLoaded (0ms)
		ExecutionOrderSort2 (0ms)
		AwakeInstancesAfterBackupRestoration (4ms)
Asset Pipeline Refresh (id=605dc4c2f02fcba49a3d262992dc283e): Total: 4.321 seconds - Initiated by InitialRefreshV2(ForceSynchronousImport)
	Summary:
		Imports: total=0 (actual=0, local cache=0, cache server=0)
		Asset DB Process Time: managed=0 ms, native=1138 ms
		Asset DB Callback time: managed=20 ms, native=0 ms
		Scripting: domain reloads=1, domain reload time=2543 ms, compile time=580 ms, other=37 ms
		Project Asset Count: scripts=6731, non-scripts=2319
		Asset File Changes: new=0, changed=0, moved=0, deleted=0
		Scan Filter Count: 0
	InvokeBeforeRefreshCallbacks: 0.493ms
	ApplyChangesToAssetFolders: 0.041ms
	Scan: 107.244ms
	OnSourceAssetsModified: 0.001ms
	GetAllGuidsForCategorization: 0.670ms
	CategorizeAssets: 130.863ms
	ImportOutOfDateAssets: 2053.405ms (1451.743ms without children)
		CompileScripts: 580.162ms
		ReloadNativeAssets: 0.018ms
		UnloadImportedAssets: 18.445ms
		EnsureUptoDateAssetsAreRegisteredWithGuidPM: 2.089ms
		InitializingProgressBar: 0.001ms
		PostProcessAllAssetNotificationsAddChangedAssets: 0.000ms
		OnDemandSchedulerStart: 0.947ms
	PostProcessAllAssets: 20.481ms
	GatherAllCurrentPrimaryArtifactRevisions: 0.000ms
	UnloadStreamsBegin: 0.689ms
	PersistCurrentRevisions: 0.277ms
	UnloadStreamsEnd: 0.051ms
	GenerateScriptTypeHashes: 1.453ms
	Untracked: 2006.513ms
Application.AssetDatabase Initial Refresh End
Shader Hidden/ProbeVolume/VoxelizeScene is not supported: GPU does not support conservative rasterization
Scanning for USB devices : 3.436ms
Initializing Unity extensions:
[Licensing::Client] Successfully resolved entitlement details
[MODES] ModeService[none].Initialize
[MODES] ModeService[none].LoadModes
[MODES] Loading mode Default (0) for mode-current-id-Block Puzzle
GetVirtualKey: Could not map char: z (122) to any virtual key
GetVirtualKey: Could not map char: y (121) to any virtual key
GetVirtualKey: Could not map char: u (117) to any virtual key
GetVirtualKey: Could not map char: a (97) to any virtual key
GetVirtualKey: Could not map char: d (100) to any virtual key
GetVirtualKey: Could not map char: c (99) to any virtual key
GetVirtualKey: Could not map char: r (114) to any virtual key
GetVirtualKey: Could not map char: i (105) to any virtual key
GetVirtualKey: Could not map char: x (120) to any virtual key
GetVirtualKey: Could not map char: c (99) to any virtual key
GetVirtualKey: Could not map char: v (118) to any virtual key
GetVirtualKey: Could not map char: V (86) to any virtual key
GetVirtualKey: Could not map char: d (100) to any virtual key
GetVirtualKey: Could not map char: f (102) to any virtual key
GetVirtualKey: Could not map char: f (102) to any virtual key
GetVirtualKey: Could not map char: f (102) to any virtual key
GetVirtualKey: Could not map char: k (107) to any virtual key
GetVirtualKey: Could not map char: p (112) to any virtual key
GetVirtualKey: Could not map char: p (112) to any virtual key
GetVirtualKey: Could not map char: p (112) to any virtual key
GetVirtualKey: Could not map char: c (99) to any virtual key
GetVirtualKey: Could not map char: r (114) to any virtual key
GetVirtualKey: Could not map char: l (108) to any virtual key
GetVirtualKey: Could not map char: P (80) to any virtual key
GetVirtualKey: Could not map char: n (110) to any virtual key
GetVirtualKey: Could not map char: n (110) to any virtual key
GetVirtualKey: Could not map char: g (103) to any virtual key
GetVirtualKey: Could not map char: f (102) to any virtual key
GetVirtualKey: Could not map char: f (102) to any virtual key
GetVirtualKey: Could not map char: a (97) to any virtual key
GetVirtualKey: Could not map char: a (97) to any virtual key
GetVirtualKey: Could not map char: n (110) to any virtual key
GetVirtualKey: Could not map char: o (111) to any virtual key
GetVirtualKey: Could not map char: s (115) to any virtual key
GetVirtualKey: Could not map char: s (115) to any virtual key
GetVirtualKey: Could not map char: b (98) to any virtual key
GetVirtualKey: Could not map char: b (98) to any virtual key
GetVirtualKey: Could not map char: c (99) to any virtual key
[PhysX] Initialized MultithreadedTaskDispatcher with 20 workers.
ProgressiveSceneManager::Cancel()
Unloading 34 Unused Serialized files (Serialized files now loaded: 0)
Unloading 129 unused Assets / (1.8 MB). Loaded Objects now: 6165.
Memory consumption went from 159.6 MB to 157.9 MB.
Total: 3.622600 ms (FindLiveObjects: 0.233500 ms CreateObjectMapping: 0.156800 ms MarkObjects: 2.746100 ms  DeleteObjects: 0.485600 ms)

[PhysX] Initialized MultithreadedTaskDispatcher with 20 workers.
Unloading 12 Unused Serialized files (Serialized files now loaded: 0)
Unloading 146 unused Assets / (425.8 KB). Loaded Objects now: 6165.
Memory consumption went from 152.3 MB to 151.9 MB.
Total: 3.065900 ms (FindLiveObjects: 0.168800 ms CreateObjectMapping: 0.111600 ms MarkObjects: 2.640600 ms  DeleteObjects: 0.144500 ms)

Start importing Assets/Scenes/Game.unity using Guid(5417865e1339eb8438ad3508a1404dc5) Importer(-1,00000000000000000000000000000000) [PhysX] Initialized MultithreadedTaskDispatcher with 20 workers.
 -> (artifact id: '0e2575a9785c3812edfbd441f079dd63') in 0.006092 seconds
Refreshing native plugins compatible for Editor in 3.27 ms, found 4 plugins.
Preloading 0 native plugins for Editor in 0.00 ms.
Asset Pipeline Refresh (id=23254ed95874be8448ecdcb077ffdc80): Total: 0.084 seconds - Initiated by StopAssetImportingV2(NoUpdateAssetOptions)
[Block Puzzle] Android player settings applied: com.yourcompany.blockpuzzle, min API 24, target API 33, icon assigned.
UnityEngine.StackTraceUtility:ExtractStackTrace ()
UnityEngine.DebugLogHandler:LogFormat (UnityEngine.LogType,UnityEngine.Object,string,object[])
UnityEngine.Logger:Log (UnityEngine.LogType,object)
UnityEngine.Debug:Log (object)
BlockPuzzle.EditorTools.BlockPuzzleSceneBuilder:ConfigurePlayerSettings () (at Assets/_Game/Editor/BlockPuzzleSceneBuilder.cs:189)
BlockPuzzle.EditorTools.BlockPuzzleSceneBuilder:BuildAll () (at Assets/_Game/Editor/BlockPuzzleSceneBuilder.cs:53)
BlockPuzzle.EditorTools.BlockPuzzleSceneBuilder:BuildAndroid () (at Assets/_Game/Editor/BlockPuzzleSceneBuilder.cs:61)

(Filename: Assets/_Game/Editor/BlockPuzzleSceneBuilder.cs Line: 189)

Start importing ProjectSettings/ProjectSettings.asset using Guid(00000000000000004000000000000000) Importer(-1,00000000000000000000000000000000) [PhysX] Initialized MultithreadedTaskDispatcher with 20 workers.
 -> (artifact id: '99b1a16a5c9138b3ef3fa57ca1a280bc') in 0.002630 seconds
Refreshing native plugins compatible for Editor in 3.61 ms, found 4 plugins.
Preloading 0 native plugins for Editor in 0.00 ms.
Asset Pipeline Refresh (id=575765f9aa9aae44e9c41b5098b4b7e5): Total: 0.029 seconds - Initiated by StopAssetImportingV2(NoUpdateAssetOptions)
[Block Puzzle] Project setup finished.
UnityEngine.StackTraceUtility:ExtractStackTrace ()
UnityEngine.DebugLogHandler:LogFormat (UnityEngine.LogType,UnityEngine.Object,string,object[])
UnityEngine.Logger:Log (UnityEngine.LogType,object)
UnityEngine.Debug:Log (object)
BlockPuzzle.EditorTools.BlockPuzzleSceneBuilder:BuildAll () (at Assets/_Game/Editor/BlockPuzzleSceneBuilder.cs:55)
BlockPuzzle.EditorTools.BlockPuzzleSceneBuilder:BuildAndroid () (at Assets/_Game/Editor/BlockPuzzleSceneBuilder.cs:61)

(Filename: Assets/_Game/Editor/BlockPuzzleSceneBuilder.cs Line: 55)

Start importing Assets/Settings/UniversalRP.asset using Guid(681886c5eb7344803b6206f758bf0b1c) Importer(-1,00000000000000000000000000000000) [PhysX] Initialized MultithreadedTaskDispatcher with 20 workers.
 -> (artifact id: '1d9db4ffcf6b368a7917054788ec01c6') in 0.002454 seconds
Refreshing native plugins compatible for Editor in 4.38 ms, found 4 plugins.
Preloading 0 native plugins for Editor in 0.00 ms.
Asset Pipeline Refresh (id=994699ecb798432458e27662b8c323dd): Total: 0.028 seconds - Initiated by StopAssetImportingV2(NoUpdateAssetOptions)
DisplayProgressbar: Checking prerequisites
Android PostProcess task "Checking prerequisites" took 14,4894 ms
DisplayProgressbar: Detect Java Development Kit (JDK)
Android PostProcess task "Detect Java Development Kit (JDK)" took 112,5452 ms
DisplayProgressbar: Detecting Android SDK
AndroidSDKTools:

	root          : C:\Program Files\Unity\Hub\Editor\2022.3.62f1\Editor\Data\PlaybackEngines\AndroidPlayer\SDK
	cmdline-tools : C:\Program Files\Unity\Hub\Editor\2022.3.62f1\Editor\Data\PlaybackEngines\AndroidPlayer\SDK\cmdline-tools\6.0
	platform-tools: C:\Program Files\Unity\Hub\Editor\2022.3.62f1\Editor\Data\PlaybackEngines\AndroidPlayer\SDK\platform-tools
	build-tools   : C:\Program Files\Unity\Hub\Editor\2022.3.62f1\Editor\Data\PlaybackEngines\AndroidPlayer\SDK\build-tools\34.0.0

	adb           : C:\Program Files\Unity\Hub\Editor\2022.3.62f1\Editor\Data\PlaybackEngines\AndroidPlayer\SDK\platform-tools\adb.exe

Android PostProcess task "Detecting Android SDK" took 1618,6456 ms
DisplayProgressbar: Detect Android NDK
Android PostProcess task "Detect Android NDK" took 2,4939 ms
Android PostProcess task "Trying to find a suitable Android device" took 0,4365 ms
DisplayProgressbar: Checking Graphics API compatibility
Android PostProcess task "Checking Graphics API compatibility" took 0,8165 ms
DisplayProgressbar: Check resources
Android PostProcess task "Check resources" took 0,1786 ms
DisplayProgressbar: Check Android Player Settings
Android PostProcess task "Check Android Player Settings" took 0,1401 ms
Launched and connected shader compiler UnityShaderCompiler.exe after 0.03 seconds
info: Microsoft.AspNetCore.Hosting.Diagnostics[1]
      Request starting HTTP/2 POST http://ilpp/UnityILPP.PostProcessing/Ping application/grpc -
info: Microsoft.AspNetCore.Routing.EndpointMiddleware[0]
      Executing endpoint 'gRPC - /UnityILPP.PostProcessing/Ping'
info: Microsoft.AspNetCore.Routing.EndpointMiddleware[1]
      Executed endpoint 'gRPC - /UnityILPP.PostProcessing/Ping'
info: Microsoft.AspNetCore.Hosting.Diagnostics[2]
      Request finished HTTP/2 POST http://ilpp/UnityILPP.PostProcessing/Ping application/grpc - - 200 - application/grpc 0.3209ms
Starting: C:\Program Files\Unity\Hub\Editor\2022.3.62f1\Editor\Data\bee_backend.exe --ipc --defer-dag-verification --dagfile="Library/Bee/1300b0aESkipCompile.dag" --continue-on-failure --profile="Library/Bee/backend1.traceevents" ScriptAssembliesAndTypeDB
WorkingDir: C:/Users/diman/BlockPuzzlesBatch
DisplayProgressbar: Compiling Scripts
ExitCode: 0 Duration: 0s51ms
*** Tundra build success (0.03 seconds), 0 items updated, 3 evaluated
Asset Pipeline Refresh (id=ceeec03e926e51044b5a08db75e608b4): Total: 0.005 seconds - Initiated by RefreshV2(NoUpdateAssetOptions)
[ScriptCompilation] Requested script compilation because: Recompiling scripts for player build.
BuildPlayer: start building target 13
info: Microsoft.AspNetCore.Hosting.Diagnostics[1]
      Request starting HTTP/2 POST http://ilpp/UnityILPP.PostProcessing/Ping application/grpc -
info: Microsoft.AspNetCore.Routing.EndpointMiddleware[0]
      Executing endpoint 'gRPC - /UnityILPP.PostProcessing/Ping'
info: Microsoft.AspNetCore.Routing.EndpointMiddleware[1]
      Executed endpoint 'gRPC - /UnityILPP.PostProcessing/Ping'
info: Microsoft.AspNetCore.Hosting.Diagnostics[2]
      Request finished HTTP/2 POST http://ilpp/UnityILPP.PostProcessing/Ping application/grpc - - 200 - application/grpc 0.1740ms
Starting: C:\Program Files\Unity\Hub\Editor\2022.3.62f1\Editor\Data\bee_backend.exe --ipc --defer-dag-verification --dagfile="Library/Bee/1300b0aP.dag" --continue-on-failure --profile="Library/Bee/backend1.traceevents" ScriptAssembliesAndTypeDB
WorkingDir: C:/Users/diman/BlockPuzzlesBatch
Total cache size 268170864
Total cache size after purge 268170864
info: Microsoft.AspNetCore.Hosting.Diagnostics[1]
      Request starting HTTP/2 POST http://ilpp/UnityILPP.PostProcessing/ConfigurePostProcessors application/grpc -
info: Microsoft.AspNetCore.Routing.EndpointMiddleware[0]
      Executing endpoint 'gRPC - /UnityILPP.PostProcessing/ConfigurePostProcessors'
info: Unity.ILPP.Runner.PostProcessingAssemblyLoadContext[0]
      ALC ILPP context 1 is unloading
warn: Unity.ILPP.Runner.PostProcessingAssemblyLoadContext[0]
      Assembly system.runtime.interopservices.windowsruntime has duplicate hint path. Ignoring "C:\Program Files\Unity\Hub\Editor\2022.3.62f1\Editor\Data\UnityReferenceAssemblies\unity-4.8-api\Facades\System.Runtime.InteropServices.WindowsRuntime.dll" in favor of "C:\Program Files\Unity\Hub\Editor\2022.3.62f1\Editor\Data\NetStandard\Extensions\2.0.0\System.Runtime.InteropServices.WindowsRuntime.dll"
warn: Unity.ILPP.Runner.PostProcessingAssemblyLoadContext[0]
      Assembly system.componentmodel.composition has duplicate hint path. Ignoring "C:\Program Files\Unity\Hub\Editor\2022.3.62f1\Editor\Data\UnityReferenceAssemblies\unity-4.8-api\System.ComponentModel.Composition.dll" in favor of "C:\Program Files\Unity\Hub\Editor\2022.3.62f1\Editor\Data\NetStandard\compat\2.1.0\shims\netfx\System.ComponentModel.Composition.dll"
info: Unity.ILPP.Runner.PostProcessingAssemblyLoadContext[0]
      Resolved Unity.Burst.Cecil, Version=0.11.4.0, Culture=neutral, PublicKeyToken=50cebf1cceb9d05e with Library\PackageCache\com.unity.burst@1.8.21\Unity.Burst.CodeGen\Unity.Burst.Cecil.dll
info: Microsoft.AspNetCore.Routing.EndpointMiddleware[1]
      Executed endpoint 'gRPC - /UnityILPP.PostProcessing/ConfigurePostProcessors'
info: Microsoft.AspNetCore.Hosting.Diagnostics[2]
      Request finished HTTP/2 POST http://ilpp/UnityILPP.PostProcessing/ConfigurePostProcessors application/grpc - - 200 - application/grpc 10.4341ms
ExitCode: 0 Duration: 0s663ms
[347/526    0s] WriteResponseFile Library/Bee/artifacts/rsp/4747638433968585886.rsp
[403/526    0s] CopyFiles Library/Bee/PlayerScriptAssemblies/UnityEngine.TestRunner.pdb
[411/526    0s] CopyFiles Library/Bee/PlayerScriptAssemblies/UnityEngine.TestRunner.dll
[436/526    0s] ILPP-Configuration Library/ilpp-configuration.nevergeneratedoutput
[464/526    0s] CopyFiles Library/Bee/PlayerScriptAssemblies/Unity.2D.IK.Runtime.dll
[467/526    0s] CopyFiles Library/Bee/PlayerScriptAssemblies/Unity.InternalAPIEngineBridge.001.dll
[468/526    0s] CopyFiles Library/Bee/PlayerScriptAssemblies/Unity.2D.Animation.Runtime.dll
[469/526    0s] CopyFiles Library/Bee/PlayerScriptAssemblies/Unity.VisualScripting.Core.dll
[470/526    0s] CopyFiles Library/Bee/PlayerScriptAssemblies/Unity.RenderPipelines.Universal.Runtime.dll
[471/526    0s] CopyFiles Library/Bee/PlayerScriptAssemblies/Unity.2D.PixelPerfect.dll
[472/526    0s] CopyFiles Library/Bee/PlayerScriptAssemblies/BlockPuzzle.Managers.dll
[473/526    0s] CopyFiles Library/Bee/PlayerScriptAssemblies/Unity.RenderPipelines.Universal.Config.Runtime.dll
[474/526    0s] CopyFiles Library/Bee/PlayerScriptAssemblies/Unity.RenderPipelines.Universal.Shaders.dll
[475/526    0s] CopyFiles Library/Bee/PlayerScriptAssemblies/Unity.2D.SpriteShape.Runtime.dll
[476/526    0s] CopyFiles Library/Bee/PlayerScriptAssemblies/Unity.RenderPipelines.Core.ShaderLibrary.dll
[477/526    0s] CopyFiles Library/Bee/PlayerScriptAssemblies/Unity.VisualScripting.State.dll
[478/526    0s] CopyFiles Library/Bee/PlayerScriptAssemblies/Unity.Mathematics.dll
[479/526    0s] CopyFiles Library/Bee/PlayerScriptAssemblies/Unity.RenderPipelines.ShaderGraph.ShaderGraphLibrary.dll
[480/526    0s] CopyFiles Library/Bee/PlayerScriptAssemblies/Unity.2D.Tilemap.Extras.dll
[481/526    0s] CopyFiles Library/Bee/PlayerScriptAssemblies/Unity.Timeline.dll
[482/526    0s] CopyFiles Library/Bee/PlayerScriptAssemblies/Unity.RenderPipelines.Core.Runtime.dll
[483/526    0s] CopyFiles Library/Bee/PlayerScriptAssemblies/Unity.Collections.dll
[484/526    0s] CopyFiles Library/Bee/PlayerScriptAssemblies/Unity.Burst.dll
[485/526    0s] CopyFiles Library/Bee/PlayerScriptAssemblies/BlockPuzzle.Bootstrap.dll
[486/526    0s] CopyFiles Library/Bee/PlayerScriptAssemblies/Unity.RenderPipeline.Universal.ShaderLibrary.dll
[487/526    0s] CopyFiles Library/Bee/PlayerScriptAssemblies/Unity.RenderPipelines.Universal.2D.Internal.dll
[488/526    0s] CopyFiles Library/Bee/PlayerScriptAssemblies/BlockPuzzle.Core.dll
[489/526    0s] CopyFiles Library/Bee/PlayerScriptAssemblies/Unity.2D.Common.Runtime.dll
[490/526    0s] CopyFiles Library/Bee/PlayerScriptAssemblies/BlockPuzzle.UI.dll
[491/526    0s] CopyFiles Library/Bee/PlayerScriptAssemblies/Unity.TextMeshPro.dll
[492/526    0s] CopyFiles Library/Bee/PlayerScriptAssemblies/UnityEngine.UI.dll
[493/526    0s] CopyFiles Library/Bee/PlayerScriptAssemblies/Unity.VisualScripting.Flow.dll
[494/526    0s] CopyFiles Library/Bee/PlayerScriptAssemblies/BlockPuzzle.Bootstrap.pdb
[495/526    0s] CopyFiles Library/Bee/PlayerScriptAssemblies/BlockPuzzle.Gameplay.dll
[496/526    0s] CopyFiles Library/Bee/PlayerScriptAssemblies/Unity.RenderPipeline.Universal.ShaderLibrary.pdb
[497/526    0s] CopyFiles Library/Bee/PlayerScriptAssemblies/Unity.RenderPipelines.Core.Runtime.pdb
[498/526    0s] CopyFiles Library/Bee/PlayerScriptAssemblies/Unity.Timeline.pdb
[499/526    0s] CopyFiles Library/Bee/PlayerScriptAssemblies/Unity.2D.Common.Runtime.pdb
[500/526    0s] CopyFiles Library/Bee/PlayerScriptAssemblies/BlockPuzzle.UI.pdb
[501/526    0s] CopyFiles Library/Bee/PlayerScriptAssemblies/UnityEngine.UI.pdb
[502/526    0s] CopyFiles Library/Bee/PlayerScriptAssemblies/Unity.VisualScripting.State.pdb
[503/526    0s] CopyFiles Library/Bee/PlayerScriptAssemblies/Unity.2D.SpriteShape.Runtime.pdb
[504/526    0s] CopyFiles Library/Bee/PlayerScriptAssemblies/Unity.RenderPipelines.Core.ShaderLibrary.pdb
[505/526    0s] CopyFiles Library/Bee/PlayerScriptAssemblies/Unity.RenderPipelines.ShaderGraph.ShaderGraphLibrary.pdb
[506/526    0s] CopyFiles Library/Bee/PlayerScriptAssemblies/BlockPuzzle.Managers.pdb
[507/526    0s] CopyFiles Library/Bee/PlayerScriptAssemblies/Unity.RenderPipelines.Universal.Config.Runtime.pdb
[508/526    0s] CopyFiles Library/Bee/PlayerScriptAssemblies/Unity.2D.Animation.Runtime.pdb
[509/526    0s] CopyFiles Library/Bee/PlayerScriptAssemblies/Unity.VisualScripting.Core.pdb
[510/526    0s] CopyFiles Library/Bee/PlayerScriptAssemblies/Unity.RenderPipelines.Universal.2D.Internal.pdb
[511/526    0s] CopyFiles Library/Bee/PlayerScriptAssemblies/Unity.2D.PixelPerfect.pdb
[512/526    0s] CopyFiles Library/Bee/PlayerScriptAssemblies/Unity.RenderPipelines.Universal.Shaders.pdb
[513/526    0s] CopyFiles Library/Bee/PlayerScriptAssemblies/Unity.InternalAPIEngineBridge.001.pdb
[514/526    0s] CopyFiles Library/Bee/PlayerScriptAssemblies/Unity.Mathematics.pdb
[515/526    0s] CopyFiles Library/Bee/PlayerScriptAssemblies/Unity.TextMeshPro.pdb
[516/526    0s] CopyFiles Library/Bee/PlayerScriptAssemblies/BlockPuzzle.Core.pdb
[517/526    0s] CopyFiles Library/Bee/PlayerScriptAssemblies/Unity.Burst.pdb
[518/526    0s] CopyFiles Library/Bee/PlayerScriptAssemblies/Unity.VisualScripting.Flow.pdb
[519/526    0s] CopyFiles Library/Bee/PlayerScriptAssemblies/Unity.RenderPipelines.Universal.Runtime.pdb
[520/526    0s] CopyFiles Library/Bee/PlayerScriptAssemblies/Unity.2D.Tilemap.Extras.pdb
[521/526    0s] CopyFiles Library/Bee/PlayerScriptAssemblies/Unity.Collections.pdb
[522/526    0s] CopyFiles Library/Bee/PlayerScriptAssemblies/BlockPuzzle.Gameplay.pdb
[523/526    0s] CopyFiles Library/Bee/PlayerScriptAssemblies/Unity.2D.IK.Runtime.pdb
*** Tundra build success (0.64 seconds), 62 items updated, 526 evaluated
GetVirtualKey: Could not map char: z (122) to any virtual key
GetVirtualKey: Could not map char: y (121) to any virtual key
GetVirtualKey: Could not map char: u (117) to any virtual key
GetVirtualKey: Could not map char: a (97) to any virtual key
GetVirtualKey: Could not map char: d (100) to any virtual key
GetVirtualKey: Could not map char: c (99) to any virtual key
GetVirtualKey: Could not map char: r (114) to any virtual key
GetVirtualKey: Could not map char: i (105) to any virtual key
GetVirtualKey: Could not map char: x (120) to any virtual key
GetVirtualKey: Could not map char: c (99) to any virtual key
GetVirtualKey: Could not map char: v (118) to any virtual key
GetVirtualKey: Could not map char: V (86) to any virtual key
GetVirtualKey: Could not map char: d (100) to any virtual key
GetVirtualKey: Could not map char: f (102) to any virtual key
GetVirtualKey: Could not map char: f (102) to any virtual key
GetVirtualKey: Could not map char: f (102) to any virtual key
GetVirtualKey: Could not map char: k (107) to any virtual key
GetVirtualKey: Could not map char: p (112) to any virtual key
GetVirtualKey: Could not map char: p (112) to any virtual key
GetVirtualKey: Could not map char: p (112) to any virtual key
GetVirtualKey: Could not map char: c (99) to any virtual key
GetVirtualKey: Could not map char: r (114) to any virtual key
GetVirtualKey: Could not map char: l (108) to any virtual key
GetVirtualKey: Could not map char: P (80) to any virtual key
GetVirtualKey: Could not map char: n (110) to any virtual key
GetVirtualKey: Could not map char: n (110) to any virtual key
GetVirtualKey: Could not map char: g (103) to any virtual key
GetVirtualKey: Could not map char: f (102) to any virtual key
GetVirtualKey: Could not map char: f (102) to any virtual key
GetVirtualKey: Could not map char: a (97) to any virtual key
GetVirtualKey: Could not map char: a (97) to any virtual key
GetVirtualKey: Could not map char: n (110) to any virtual key
GetVirtualKey: Could not map char: o (111) to any virtual key
GetVirtualKey: Could not map char: s (115) to any virtual key
GetVirtualKey: Could not map char: s (115) to any virtual key
GetVirtualKey: Could not map char: b (98) to any virtual key
GetVirtualKey: Could not map char: b (98) to any virtual key
GetVirtualKey: Could not map char: c (99) to any virtual key
Shader Hidden/ProbeVolume/VoxelizeScene is not supported: GPU does not support conservative rasterization
Total cache size 268170864
Total cache size after purge 268170864
Start importing Packages/com.unity.searcher/Editor/Resources/FlatSkin/Font/Roboto-Black.ttf using Guid(1062c701058745940ae5dca6219c64c8) Importer(-1,00000000000000000000000000000000) [PhysX] Initialized MultithreadedTaskDispatcher with 20 workers.
 -> (artifact id: 'e9cfd50f6ce68a9f8d623816db2bf734') in 0.004343 seconds
Start importing Packages/com.unity.searcher/Editor/Resources/FlatSkin/Font/Roboto-Regular.ttf using Guid(30dc370b164eefc43b95744fc796dad0) Importer(-1,00000000000000000000000000000000) [PhysX] Initialized MultithreadedTaskDispatcher with 20 workers.
 -> (artifact id: '5b0d659437c0a523909a7a9dcc7b9e87') in 0.002553 seconds
Start importing Packages/com.unity.searcher/Editor/Resources/FlatSkin/Font/Roboto-ThinItalic.ttf using Guid(b2ea3b3f1765e544b9eb5bd1a93a91ce) Importer(-1,00000000000000000000000000000000) [PhysX] Initialized MultithreadedTaskDispatcher with 20 workers.
 -> (artifact id: '89bc5e4161de2ad15e942f058a7f34e8') in 0.002198 seconds
Start importing Assets/TextMesh Pro/Fonts/LiberationSans.ttf using Guid(e3265ab4bf004d28a9537516768c1c75) Importer(-1,00000000000000000000000000000000) [PhysX] Initialized MultithreadedTaskDispatcher with 20 workers.
 -> (artifact id: 'e117945cd93cc9e20534ece51443e247') in 0.307589 seconds
Start importing Packages/com.unity.render-pipelines.core/Runtime/Debugging/Prefabs/Fonts/PerfectDOSVGA437.ttf using Guid(74a5091d8707f334b9a5c31ef71a64ba) Importer(-1,00000000000000000000000000000000) [PhysX] Initialized MultithreadedTaskDispatcher with 20 workers.
 -> (artifact id: '2062ea21a6acbb089da86b81901a2eda') in 0.001844 seconds
Start importing Packages/com.unity.searcher/Editor/Resources/FlatSkin/Font/Roboto-Medium.ttf using Guid(a51a3aebb43ac044989270407476b208) Importer(-1,00000000000000000000000000000000) [PhysX] Initialized MultithreadedTaskDispatcher with 20 workers.
 -> (artifact id: 'abc38455a49bfb9e4b7a37722c20a53c') in 0.001978 seconds
Start importing Packages/com.unity.searcher/Editor/Resources/FlatSkin/Font/Roboto-Bold.ttf using Guid(3750c318f40cab44a97d3a81beaefeb3) Importer(-1,00000000000000000000000000000000) [PhysX] Initialized MultithreadedTaskDispatcher with 20 workers.
 -> (artifact id: '9b832520c00c428ed77316449faf1e98') in 0.002721 seconds
Start importing Packages/com.unity.searcher/Editor/Resources/FlatSkin/Font/Roboto-Italic.ttf using Guid(c839255fc8f6b4b4d90bf8c1af9f9bd1) Importer(-1,00000000000000000000000000000000) [PhysX] Initialized MultithreadedTaskDispatcher with 20 workers.
 -> (artifact id: '850ecf217bd99111ca2e98278a978deb') in 0.002429 seconds
Start importing Packages/com.unity.searcher/Editor/Resources/FlatSkin/Font/Roboto-Thin.ttf using Guid(19a9abb883540be48b75b951a927ae03) Importer(-1,00000000000000000000000000000000) [PhysX] Initialized MultithreadedTaskDispatcher with 20 workers.
 -> (artifact id: '3256d85bfb0de8476a91821db71b928c') in 0.001992 seconds
Start importing Packages/com.unity.searcher/Editor/Resources/FlatSkin/Font/Roboto-MediumItalic.ttf using Guid(d93c1bc57fdf1ac4dad1bf04fac05464) Importer(-1,00000000000000000000000000000000) [PhysX] Initialized MultithreadedTaskDispatcher with 20 workers.
 -> (artifact id: '15044511d5135a31e852a8c9c08514bb') in 0.001907 seconds
Start importing Packages/com.unity.searcher/Editor/Resources/FlatSkin/Font/Roboto-BlackItalic.ttf using Guid(f95147a9bab9fe649b8070170fa7ebd2) Importer(-1,00000000000000000000000000000000) [PhysX] Initialized MultithreadedTaskDispatcher with 20 workers.
 -> (artifact id: '00bf8b48f5a09564e9a1015613d85612') in 0.001825 seconds
Start importing Packages/com.unity.searcher/Editor/Resources/FlatSkin/Font/Roboto-Light.ttf using Guid(2a29e27936eb547458f646f71125b264) Importer(-1,00000000000000000000000000000000) [PhysX] Initialized MultithreadedTaskDispatcher with 20 workers.
 -> (artifact id: 'bcb26933d551ac0105e9d1baf2e692e1') in 0.001755 seconds
Start importing Packages/com.unity.searcher/Editor/Resources/FlatSkin/Font/Roboto-LightItalic.ttf using Guid(5e63515167650a541b309ba3bfd4db3d) Importer(-1,00000000000000000000000000000000) [PhysX] Initialized MultithreadedTaskDispatcher with 20 workers.
 -> (artifact id: 'd202d9bd049ad79ecc85a9a46cd203e1') in 0.001988 seconds
Start importing Packages/com.unity.searcher/Editor/Resources/FlatSkin/Font/Roboto-BoldItalic.ttf using Guid(dfb97a9307a577a41bcacba34b9a7e32) Importer(-1,00000000000000000000000000000000) [PhysX] Initialized MultithreadedTaskDispatcher with 20 workers.
 -> (artifact id: '7f92648ffd4d5d7b14b0a0ad315d570d') in 0.002344 seconds
Start importing Packages/com.unity.render-pipelines.universal/Runtime/Materials/ArnoldStandardSurface/ArnoldStandardSurfaceTransparent.shadergraph using Guid(30fa68ce467463643a86b839ca0eb195) Importer(-1,00000000000000000000000000000000) [PhysX] Initialized MultithreadedTaskDispatcher with 20 workers.
 -> (artifact id: '476a38f2b51c4104d6a03ee6fa770210') in 0.271282 seconds
Start importing Packages/com.unity.render-pipelines.universal/Shaders/AutodeskInteractive/AutodeskInteractiveMasked.shadergraph using Guid(80aa867ac363ac043847b06ad71604cd) Importer(-1,00000000000000000000000000000000) [PhysX] Initialized MultithreadedTaskDispatcher with 20 workers.
 -> (artifact id: '9903ee647e47d2ae47aecbaf6fd10b8c') in 0.096375 seconds
Start importing Packages/com.unity.render-pipelines.universal/Shaders/2D/VFXSpriteLit.shadergraph using Guid(24a73dccd7b6fad4798be282f96a21f4) Importer(-1,00000000000000000000000000000000) [PhysX] Initialized MultithreadedTaskDispatcher with 20 workers.
 -> (artifact id: '603ffe806cccf5b93d0813bb37aa5113') in 0.066750 seconds
Start importing Packages/com.unity.render-pipelines.universal/Runtime/Materials/PhysicalMaterial3DsMax/PhysicalMaterial3DsMax.shadergraph using Guid(44245ab89240f51459a5077d7145c452) Importer(-1,00000000000000000000000000000000) [PhysX] Initialized MultithreadedTaskDispatcher with 20 workers.
 -> (artifact id: '313333b76a48de750967a00bba070b40') in 0.092544 seconds
Start importing Packages/com.unity.render-pipelines.universal/Runtime/Materials/ArnoldStandardSurface/ArnoldStandardSurface.shadergraph using Guid(3739e562a03fc0b4982d8aa66cc50865) Importer(-1,00000000000000000000000000000000) [PhysX] Initialized MultithreadedTaskDispatcher with 20 workers.
 -> (artifact id: 'fa70e0427ad5f8b55ffb0a760d15b072') in 0.110048 seconds
Start importing Packages/com.unity.render-pipelines.universal/Shaders/2D/VFXSpriteUnlit.shadergraph using Guid(d7288f66e4fb0634c9afef98c31b722a) Importer(-1,00000000000000000000000000000000) [PhysX] Initialized MultithreadedTaskDispatcher with 20 workers.
 -> (artifact id: '31defa8cf7b8baf9a82ef0cffd5fd713') in 0.082878 seconds
Start importing Packages/com.unity.render-pipelines.universal/Shaders/Nature/SpeedTree8_PBRLit.shadergraph using Guid(9920c1f1781549a46ba081a2a15a16ec) Importer(-1,00000000000000000000000000000000) [PhysX] Initialized MultithreadedTaskDispatcher with 20 workers.
 -> (artifact id: '16dc8d052d0275917ba0611d9ca64544') in 0.825866 seconds
Start importing Packages/com.unity.render-pipelines.universal/Runtime/Materials/PhysicalMaterial3DsMax/PhysicalMaterial3DsMaxTransparent.shadergraph using Guid(1a207e3bee00db44b940e6f362a8e148) Importer(-1,00000000000000000000000000000000) [PhysX] Initialized MultithreadedTaskDispatcher with 20 workers.
 -> (artifact id: 'dda8658c592177fd2ffb2108290957bb') in 0.091976 seconds
Start importing Packages/com.unity.render-pipelines.universal/Shaders/Decal.shadergraph using Guid(9b4e681081e2b4c469111bb649e2f7ee) Importer(-1,00000000000000000000000000000000) [PhysX] Initialized MultithreadedTaskDispatcher with 20 workers.
 -> (artifact id: '095ae7ace3387e6f52d650a014510013') in 0.077199 seconds
Start importing Packages/com.unity.render-pipelines.universal/Shaders/FullscreenInvertColors.shadergraph using Guid(fb6390f650ca44a5ba3246d8dda47927) Importer(-1,00000000000000000000000000000000) [PhysX] Initialized MultithreadedTaskDispatcher with 20 workers.
 -> (artifact id: 'e75f3c0904871f5c200273b71c352083') in 0.044508 seconds
Start importing Packages/com.unity.render-pipelines.universal/Shaders/AutodeskInteractive/AutodeskInteractiveTransparent.shadergraph using Guid(5c81372d981403744adbdda4433c9c11) Importer(-1,00000000000000000000000000000000) [PhysX] Initialized MultithreadedTaskDispatcher with 20 workers.
 -> (artifact id: 'f5d31d8381331689b6dd9bab5ae226c7') in 0.082347 seconds
Start importing Packages/com.unity.render-pipelines.universal/Shaders/AutodeskInteractive/AutodeskInteractive.shadergraph using Guid(0e9d5a909a1f7e84882a534d0d11e49f) Importer(-1,00000000000000000000000000000000) [PhysX] Initialized MultithreadedTaskDispatcher with 20 workers.
 -> (artifact id: 'cfbfc0f43700437f658d6e3d96cd62ec') in 0.084140 seconds
Shader Hidden/ProbeVolume/VoxelizeScene is not supported: GPU does not support conservative rasterization
Refreshing native plugins compatible for Editor in 5.02 ms, found 4 plugins.
Preloading 0 native plugins for Editor in 0.00 ms.
Asset Pipeline Refresh (id=6b9d1a34cadbb2948ac0c9e1d05963ff): Total: 2.824 seconds - Initiated by RefreshV2(NoUpdateAssetOptions)
	Summary:
		Imports: total=2708 (actual=26, local cache=2682, cache server=0)
		Asset DB Process Time: managed=1 ms, native=2409 ms
		Asset DB Callback time: managed=105 ms, native=307 ms
		Scripting: domain reloads=0, domain reload time=0 ms, compile time=0 ms, other=0 ms
		Project Asset Count: scripts=6731, non-scripts=2319
		Asset File Changes: new=0, changed=0, moved=0, deleted=0
		Scan Filter Count: 0
	InvokeBeforeRefreshCallbacks: 0.001ms
	ApplyChangesToAssetFolders: 0.054ms
	Scan: 0.001ms
	OnSourceAssetsModified: 0.001ms
	GetAllGuidsForCategorization: 0.891ms
	CategorizeAssets: 38.706ms
	ImportOutOfDateAssets: 2352.136ms (-3.522ms without children)
		ImportManagerImport: 2304.731ms (34.071ms without children)
			ImportInProcess: 2268.927ms
			UpdateCategorizedAssets: 1.733ms
		ReloadNativeAssets: 0.028ms
		UnloadImportedAssets: 2.608ms
		ReloadImportedAssets: 45.618ms
		EnsureUptoDateAssetsAreRegisteredWithGuidPM: 1.275ms
		InitializingProgressBar: 0.005ms
		PostProcessAllAssetNotificationsAddChangedAssets: 0.059ms
		OnDemandSchedulerStart: 1.333ms
	PostProcessAllAssets: 406.581ms
	Hotreload: 6.247ms
	GatherAllCurrentPrimaryArtifactRevisions: 0.326ms
	UnloadStreamsBegin: 0.109ms
	PersistCurrentRevisions: 1.954ms
	UnloadStreamsEnd: 0.049ms
	Untracked: 16.847ms
Asset Pipeline Refresh (id=8cc52e137fe20f948b682d49c2f0b356): Total: 0.051 seconds - Initiated by RefreshV2(NoUpdateAssetOptions)
Shader Hidden/ProbeVolume/VoxelizeScene is not supported: GPU does not support conservative rasterization
Asset Pipeline Refresh (id=be1c7abb57733e548af120520df0410e): Total: 0.043 seconds - Initiated by RefreshV2(NoUpdateAssetOptions)
SpriteAtlasPacking completed in 0.001793 sec
Opening scene 'Assets/Scenes/Game.unity'
[PhysX] Initialized MultithreadedTaskDispatcher with 20 workers.
Unloading 4 Unused Serialized files (Serialized files now loaded: 0)
Loaded scene 'Assets/Scenes/Game.unity'
	Deserialize:            12.829 ms
	Integration:            190.361 ms
	Integration of assets:  0.075 ms
	Thread Wait Time:       1.018 ms
	Total Operation Time:   204.282 ms
Unloading 86 unused Assets / (2.7 MB). Loaded Objects now: 7323.
Memory consumption went from 162.0 MB to 159.3 MB.
Total: 6.821700 ms (FindLiveObjects: 0.304300 ms CreateObjectMapping: 0.162700 ms MarkObjects: 5.296200 ms  DeleteObjects: 1.058100 ms)

Created GICache directory at C:/Users/diman/AppData/LocalLow/Unity/Caches/GiCache. Took: 0.017s, timestamps: [15.664 - 15.681]
gi::BakeBackendSwitch: switching bake backend from 3 to 1.
GfxDevice renderer is null. Unity cannot update the Ambient Probe and Reflection Probes that the SkyManager generates. Run the Editor without the -nographics argument or generate lighting for your scene.
UnityEngine.StackTraceUtility:ExtractStackTrace ()
UnityEditor.BuildPipeline:BuildPlayerInternal (string[],string,string,UnityEditor.BuildTargetGroup,UnityEditor.BuildTarget,int,UnityEditor.BuildOptions,string[])
UnityEditor.BuildPipeline:BuildPlayer (string[],string,string,UnityEditor.BuildTargetGroup,UnityEditor.BuildTarget,int,UnityEditor.BuildOptions,string[])
UnityEditor.BuildPipeline:BuildPlayer (UnityEditor.BuildPlayerOptions)
BlockPuzzle.EditorTools.BlockPuzzleSceneBuilder:BuildAndroid () (at Assets/_Game/Editor/BlockPuzzleSceneBuilder.cs:75)

[Assets/_Game/Editor/BlockPuzzleSceneBuilder.cs line 75]



Mono dependencies included in the build
Dependency assembly - System.Runtime.Remoting.dll
Dependency assembly - System.Runtime.InteropServices.WindowsRuntime.dll
Dependency assembly - System.Reflection.dll
Dependency assembly - System.Security.Cryptography.Primitives.dll
Dependency assembly - System.Diagnostics.FileVersionInfo.dll
Dependency assembly - System.Runtime.Serialization.Xml.dll
Dependency assembly - System.Globalization.dll
Dependency assembly - System.Security.SecureString.dll
Dependency assembly - System.Linq.Queryable.dll
Dependency assembly - System.ObjectModel.dll
Dependency assembly - BlockPuzzle.Managers.dll
Dependency assembly - Microsoft.Win32.Registry.AccessControl.dll
Dependency assembly - System.ComponentModel.dll
Dependency assembly - System.Linq.Expressions.dll
Dependency assembly - Mono.Security.dll
Dependency assembly - Unity.RenderPipelines.Core.ShaderLibrary.dll
Dependency assembly - System.Runtime.Extensions.dll
Dependency assembly - Microsoft.Win32.Primitives.dll
Dependency assembly - System.Resources.ResourceManager.dll
Dependency assembly - Accessibility.dll
Dependency assembly - Unity.RenderPipeline.Universal.ShaderLibrary.dll
Dependency assembly - Unity.Timeline.dll
Dependency assembly - System.Xml.Serialization.dll
Dependency assembly - System.Security.Cryptography.Encryption.ECDiffieHellman.dll
Dependency assembly - System.Runtime.InteropServices.RuntimeInformation.dll
Dependency assembly - System.Security.Cryptography.ProtectedData.dll
Dependency assembly - System.Data.DataSetExtensions.dll
Dependency assembly - System.Data.Services.Client.dll
Dependency assembly - System.Security.Cryptography.Pkcs.dll
Dependency assembly - System.Transactions.dll
Dependency assembly - System.Net.Ping.dll
Dependency assembly - System.Runtime.Handles.dll
Dependency assembly - System.Net.Mail.dll
Dependency assembly - System.Web.dll
Dependency assembly - System.Runtime.Loader.dll
Dependency assembly - BlockPuzzle.Core.dll
Dependency assembly - System.Runtime.DurableInstancing.dll
Dependency assembly - System.Xml.XPath.XmlDocument.dll
Dependency assembly - System.ServiceModel.Internals.dll
Dependency assembly - System.Security.Cryptography.Hashing.Algorithms.dll
Dependency assembly - System.ServiceModel.NetTcp.dll
Dependency assembly - System.Security.Cryptography.Csp.dll
Dependency assembly - System.IO.FileSystem.Watcher.dll
Dependency assembly - System.Design.dll
Dependency assembly - System.Data.Common.dll
Dependency assembly - BlockPuzzle.UI.dll
Dependency assembly - System.Diagnostics.TextWriterTraceListener.dll
Dependency assembly - System.Collections.Specialized.dll
Dependency assembly - UnityEngine.UI.dll
Dependency assembly - System.Security.Principal.dll
Dependency assembly - System.DirectoryServices.Protocols.dll
Dependency assembly - System.IO.Compression.dll
Dependency assembly - System.Xml.dll
Dependency assembly - System.Text.Encoding.Extensions.dll
Dependency assembly - System.Threading.Tasks.Extensions.dll
Dependency assembly - System.Threading.Thread.dll
Dependency assembly - System.Net.Utilities.dll
Dependency assembly - System.EnterpriseServices.dll
Dependency assembly - Unity.Collections.dll
Dependency assembly - Mono.Data.Sqlite.dll
Dependency assembly - System.Xml.ReaderWriter.dll
Dependency assembly - System.Security.Cryptography.Algorithms.dll
Dependency assembly - System.Runtime.Numerics.dll
Dependency assembly - System.Reflection.Primitives.dll
Dependency assembly - System.Xml.XmlSerializer.dll
Dependency assembly - System.Diagnostics.StackTrace.dll
Dependency assembly - System.Net.WebHeaderCollection.dll
Dependency assembly - System.Reflection.Extensions.dll
Dependency assembly - System.Diagnostics.Tracing.dll
Dependency assembly - System.Linq.dll
Dependency assembly - System.ComponentModel.TypeConverter.dll
Dependency assembly - System.ServiceProcess.ServiceController.dll
Dependency assembly - System.Security.Cryptography.Cng.dll
Dependency assembly - System.Buffers.dll
Dependency assembly - System.IO.IsolatedStorage.dll
Dependency assembly - System.Dynamic.Runtime.dll
Dependency assembly - Unity.VisualScripting.State.dll
Dependency assembly - System.Text.RegularExpressions.dll
Dependency assembly - System.IO.Pipes.dll
Dependency assembly - Unity.RenderPipelines.Universal.Config.Runtime.dll
Dependency assembly - System.Globalization.Extensions.dll
Dependency assembly - System.Runtime.Serialization.Primitives.dll
Dependency assembly - System.Memory.dll
Dependency assembly - BlockPuzzle.Gameplay.dll
Dependency assembly - System.Runtime.Serialization.Formatters.dll
Dependency assembly - System.Threading.Timer.dll
Dependency assembly - System.ServiceModel.Routing.dll
Dependency assembly - System.Text.Encoding.CodePages.dll
Dependency assembly - System.Net.dll
Dependency assembly - System.Threading.dll
Dependency assembly - System.Security.Claims.dll
Dependency assembly - System.ServiceProcess.dll
Dependency assembly - System.Diagnostics.Debug.dll
Dependency assembly - System.Runtime.InteropServices.dll
Dependency assembly - System.Threading.Overlapped.dll
Dependency assembly - System.Security.Cryptography.DeriveBytes.dll
Dependency assembly - System.Threading.Tasks.dll
Dependency assembly - System.Reflection.DispatchProxy.dll
Dependency assembly - System.Windows.dll
Dependency assembly - System.ValueTuple.dll
Dependency assembly - System.dll
Dependency assembly - System.Runtime.Serialization.Json.dll
Dependency assembly - Unity.TextMeshPro.dll
Dependency assembly - System.Diagnostics.TraceSource.dll
Dependency assembly - System.Net.Requests.dll
Dependency assembly - BlockPuzzle.Bootstrap.dll
Dependency assembly - System.Text.Encoding.dll
Dependency assembly - System.Web.Extensions.Design.dll
Dependency assembly - System.Net.NetworkInformation.dll
Dependency assembly - Unity.2D.PixelPerfect.dll
Dependency assembly - System.Runtime.dll
Dependency assembly - System.Xml.Linq.dll
Dependency assembly - System.Drawing.Design.dll
Dependency assembly - System.IO.Compression.FileSystem.dll
Dependency assembly - System.Reflection.TypeExtensions.dll
Dependency assembly - System.Runtime.Caching.dll
Dependency assembly - System.Net.Primitives.dll
Dependency assembly - System.Numerics.dll
Dependency assembly - Microsoft.CSharp.dll
Dependency assembly - Unity.VisualScripting.Flow.dll
Dependency assembly - System.ServiceModel.Security.dll
Dependency assembly - System.Resources.ReaderWriter.dll
Dependency assembly - System.IO.UnmanagedMemoryStream.dll
Dependency assembly - System.Reflection.Emit.dll
Dependency assembly - System.Diagnostics.TraceEvent.dll
Dependency assembly - System.Drawing.Primitives.dll
Dependency assembly - System.Security.AccessControl.dll
Dependency assembly - System.Messaging.dll
Dependency assembly - System.ComponentModel.EventBasedAsync.dll
Dependency assembly - System.ComponentModel.Annotations.dll
Dependency assembly - System.Net.WebSockets.Client.dll
Dependency assembly - System.ServiceModel.Http.dll
Dependency assembly - Unity.InternalAPIEngineBridge.001.dll
Dependency assembly - System.Diagnostics.Tools.dll
Dependency assembly - Unity.2D.IK.Runtime.dll
Dependency assembly - System.Core.dll
Dependency assembly - Microsoft.Win32.Registry.dll
Dependency assembly - Unity.Burst.dll
Dependency assembly - System.Management.dll
Dependency assembly - netstandard.dll
Dependency assembly - System.Json.dll
Dependency assembly - System.Threading.ThreadPool.dll
Dependency assembly - System.Reflection.Context.dll
Dependency assembly - System.Net.AuthenticationManager.dll
Dependency assembly - Unity.VisualScripting.Core.dll
Dependency assembly - System.Security.Cryptography.Encoding.dll
Dependency assembly - System.Threading.AccessControl.dll
Dependency assembly - System.DirectoryServices.dll
Dependency assembly - System.Security.Principal.Windows.dll
Dependency assembly - Unity.2D.Animation.Runtime.dll
Dependency assembly - System.Xml.XmlDocument.dll
Dependency assembly - System.Windows.Forms.dll
Dependency assembly - System.Numerics.Vectors.dll
Dependency assembly - System.Net.NameResolution.dll
Dependency assembly - System.Security.dll
Dependency assembly - System.ServiceModel.Web.dll
Dependency assembly - System.Security.Cryptography.RSA.dll
Dependency assembly - System.Resources.Writer.dll
Dependency assembly - System.IO.MemoryMappedFiles.dll
Dependency assembly - System.Web.DynamicData.dll
Dependency assembly - System.IO.Compression.ZipFile.dll
Dependency assembly - System.Web.Extensions.dll
Dependency assembly - System.ComponentModel.DataAnnotations.dll
Dependency assembly - System.Net.Http.dll
Dependency assembly - Unity.RenderPipelines.Universal.2D.Internal.dll
Dependency assembly - System.Threading.Tasks.Parallel.dll
Dependency assembly - Unity.Collections.LowLevel.ILSupport.dll
Dependency assembly - System.Net.HttpListener.dll
Dependency assembly - Unity.2D.Common.Runtime.dll
Dependency assembly - System.Linq.Parallel.dll
Dependency assembly - System.Diagnostics.Process.dll
Dependency assembly - System.ServiceModel.Primitives.dll
Dependency assembly - System.Runtime.CompilerServices.VisualC.dll
Dependency assembly - System.ComponentModel.Composition.dll
Dependency assembly - Unity.2D.Tilemap.Extras.dll
Dependency assembly - System.Collections.dll
Dependency assembly - Unity.RenderPipelines.Universal.Runtime.dll
Dependency assembly - System.Security.Cryptography.Encryption.dll
Dependency assembly - System.Net.Sockets.dll
Dependency assembly - System.Security.Cryptography.Encryption.ECDsa.dll
Dependency assembly - System.Xaml.dll
Dependency assembly - System.Data.Entity.dll
Dependency assembly - System.Xml.XDocument.dll
Dependency assembly - System.ComponentModel.Primitives.dll
Dependency assembly - System.Configuration.dll
Dependency assembly - System.IO.FileSystem.Primitives.dll
Dependency assembly - System.Windows.Forms.DataVisualization.dll
Dependency assembly - System.Globalization.Calendars.dll
Dependency assembly - Unity.RenderPipelines.Universal.Shaders.dll
Dependency assembly - Unity.2D.SpriteShape.Runtime.dll
Dependency assembly - System.Data.dll
Dependency assembly - System.Reflection.Emit.ILGeneration.dll
Dependency assembly - System.Net.Http.WebRequest.dll
Dependency assembly - Unity.RenderPipelines.Core.Runtime.dll
Dependency assembly - Unity.RenderPipelines.ShaderGraph.ShaderGraphLibrary.dll
Dependency assembly - Unity.Mathematics.dll
Dependency assembly - System.Data.Linq.dll
Dependency assembly - System.Net.Cache.dll
Dependency assembly - System.ServiceModel.Duplex.dll
Dependency assembly - System.ServiceModel.Activation.dll
Dependency assembly - System.Security.Cryptography.OpenSsl.dll
Dependency assembly - System.Data.SqlClient.dll
Dependency assembly - System.Data.Services.dll
Dependency assembly - System.IdentityModel.dll
Dependency assembly - Unity.Burst.Unsafe.dll
Dependency assembly - System.IO.dll
Dependency assembly - System.IO.FileSystem.dll
Dependency assembly - System.Xml.XPath.XDocument.dll
Dependency assembly - System.Resources.Reader.dll
Dependency assembly - System.IO.FileSystem.AccessControl.dll
Dependency assembly - System.Collections.Concurrent.dll
Dependency assembly - System.IdentityModel.Selectors.dll
Dependency assembly - System.Data.OracleClient.dll
Dependency assembly - System.Xml.XPath.dll
Dependency assembly - System.Net.WebSockets.dll
Dependency assembly - Mono.Data.Tds.dll
Dependency assembly - System.Security.Cryptography.Hashing.dll
Dependency assembly - System.Xml.Xsl.Primitives.dll
Dependency assembly - System.ServiceModel.Discovery.dll
Dependency assembly - System.Drawing.dll
Dependency assembly - System.Net.Security.dll
Dependency assembly - System.AppContext.dll
Dependency assembly - System.Web.Services.dll
Dependency assembly - System.Diagnostics.Contracts.dll
Dependency assembly - System.Net.ServicePoint.dll
Dependency assembly - System.Security.Cryptography.X509Certificates.dll
Dependency assembly - System.Security.Cryptography.RandomNumberGenerator.dll
Dependency assembly - System.Web.RegularExpressions.dll
Dependency assembly - Unity.VisualScripting.Antlr3.Runtime.dll
Dependency assembly - System.Reflection.Emit.Lightweight.dll
Dependency assembly - System.Security.Cryptography.Encryption.Aes.dll
Dependency assembly - System.Runtime.Serialization.dll
Dependency assembly - System.Console.dll
Dependency assembly - System.ServiceModel.dll
Dependency assembly - System.IO.FileSystem.DriveInfo.dll
Dependency assembly - System.Configuration.Install.dll
Dependency assembly - System.Runtime.Serialization.Formatters.Soap.dll
Dependency assembly - System.Web.ApplicationServices.dll
Dependency assembly - System.Collections.NonGeneric.dll
Dependency assembly - mscorlib.dll

DisplayProgressbar: Fetching assembly references
[PhysX] Initialized MultithreadedTaskDispatcher with 20 workers.
Unloading 60 Unused Serialized files (Serialized files now loaded: 0)
Unloading 1459 unused Assets / (352.3 KB). Loaded Objects now: 6264.
Memory consumption went from 161.4 MB to 161.1 MB.
Total: 6.230200 ms (FindLiveObjects: 0.230700 ms CreateObjectMapping: 0.150900 ms MarkObjects: 5.137800 ms  DeleteObjects: 0.709700 ms)

[EnlightenBakeManager] m_Clear = false;
Unloading 0 Unused Serialized files (Serialized files now loaded: 0)
Unloading 0 unused Assets / (0 B). Loaded Objects now: 6264.
Memory consumption went from 161.1 MB to 161.1 MB.
Total: 5.009500 ms (FindLiveObjects: 0.209300 ms CreateObjectMapping: 0.119700 ms MarkObjects: 4.672700 ms  DeleteObjects: 0.007400 ms)

[PhysX] Initialized MultithreadedTaskDispatcher with 20 workers.
Unloading 1 Unused Serialized files (Serialized files now loaded: 0)
Unloading 175 unused Assets / (132.3 MB). Loaded Objects now: 6264.
Memory consumption went from 290.3 MB to 157.9 MB.
Total: 15.408500 ms (FindLiveObjects: 0.170700 ms CreateObjectMapping: 0.105400 ms MarkObjects: 5.088100 ms  DeleteObjects: 10.043700 ms)

Compiling shader "TextMeshPro/Sprite" pass "Default" (vp)
    Full variant space:         8
    After settings filtering:   8
    After built-in stripping:   8
    After scriptable stripping: 8
    Processed in 0.55 seconds
    starting compilation...
    finished in 0.00 seconds. Local cache hits 8 (0.00s CPU time), remote cache hits 0 (0.00s CPU time), compiled 0 variants (0.00s CPU time), skipped 0 variants
    Prepared data for serialisation in 0.00s
Serialized binary data for shader TextMeshPro/Sprite in 0.00s
    gles3 (total internal programs: 4, unique: 4)
    vulkan (total internal programs: 4, unique: 4)
Compiling shader "Hidden/Universal Render Pipeline/Sampling" pass "BoxDownsample" (vp)
    Full variant space:         2
    After settings filtering:   2
    After built-in stripping:   2
    After scriptable stripping: 2
    Processed in 0.00 seconds
    starting compilation...
    finished in 0.00 seconds. Local cache hits 2 (0.00s CPU time), remote cache hits 0 (0.00s CPU time), compiled 0 variants (0.00s CPU time), skipped 0 variants
    Prepared data for serialisation in 0.00s
Serialized binary data for shader Hidden/Universal Render Pipeline/Sampling in 0.00s
    gles3 (total internal programs: 1, unique: 1)
    vulkan (total internal programs: 1, unique: 1)
Compiling shader "Hidden/Universal Render Pipeline/Stop NaN" pass "Stop NaN" (vp)
    Full variant space:         2
    After settings filtering:   2
    After built-in stripping:   2
    After scriptable stripping: 2
    Processed in 0.00 seconds
    starting compilation...
    finished in 0.00 seconds. Local cache hits 2 (0.00s CPU time), remote cache hits 0 (0.00s CPU time), compiled 0 variants (0.00s CPU time), skipped 0 variants
    Prepared data for serialisation in 0.00s
Serialized binary data for shader Hidden/Universal Render Pipeline/Stop NaN in 0.00s
    gles3 (total internal programs: 1, unique: 1)
    vulkan (total internal programs: 1, unique: 1)
Compiling shader "Hidden/Universal Render Pipeline/TemporalAA" pass "TemporalAA - Accumulate - Quality Very Low" (vp)
    Full variant space:         4
    After settings filtering:   4
    After built-in stripping:   4
    After scriptable stripping: 4
    Processed in 0.00 seconds
    starting compilation...
    finished in 0.00 seconds. Local cache hits 4 (0.00s CPU time), remote cache hits 0 (0.00s CPU time), compiled 0 variants (0.00s CPU time), skipped 0 variants
    Prepared data for serialisation in 0.00s
Compiling shader "Hidden/Universal Render Pipeline/TemporalAA" pass "TemporalAA - Accumulate - Quality Low" (vp)
    Full variant space:         4
    After settings filtering:   4
    After built-in stripping:   4
    After scriptable stripping: 4
    Processed in 0.00 seconds
    starting compilation...
    finished in 0.00 seconds. Local cache hits 4 (0.00s CPU time), remote cache hits 0 (0.00s CPU time), compiled 0 variants (0.00s CPU time), skipped 0 variants
    Prepared data for serialisation in 0.00s
Compiling shader "Hidden/Universal Render Pipeline/TemporalAA" pass "TemporalAA - Accumulate - Quality Medium" (vp)
    Full variant space:         4
    After settings filtering:   4
    After built-in stripping:   4
    After scriptable stripping: 4
    Processed in 0.00 seconds
    starting compilation...
    finished in 0.00 seconds. Local cache hits 4 (0.00s CPU time), remote cache hits 0 (0.00s CPU time), compiled 0 variants (0.00s CPU time), skipped 0 variants
    Prepared data for serialisation in 0.00s
Compiling shader "Hidden/Universal Render Pipeline/TemporalAA" pass "TemporalAA - Accumulate - Quality High" (vp)
    Full variant space:         4
    After settings filtering:   4
    After built-in stripping:   4
    After scriptable stripping: 4
    Processed in 0.00 seconds
    starting compilation...
    finished in 0.00 seconds. Local cache hits 4 (0.00s CPU time), remote cache hits 0 (0.00s CPU time), compiled 0 variants (0.00s CPU time), skipped 0 variants
    Prepared data for serialisation in 0.00s
Compiling shader "Hidden/Universal Render Pipeline/TemporalAA" pass "TemporalAA - Accumulate - Quality Very High" (vp)
    Full variant space:         8
    After settings filtering:   8
    After built-in stripping:   8
    After scriptable stripping: 8
    Processed in 0.00 seconds
    starting compilation...
    finished in 0.00 seconds. Local cache hits 8 (0.00s CPU time), remote cache hits 0 (0.00s CPU time), compiled 0 variants (0.00s CPU time), skipped 0 variants
    Prepared data for serialisation in 0.00s
Compiling shader "Hidden/Universal Render Pipeline/TemporalAA" pass "TemporalAA - Copy History" (vp)
    Full variant space:         4
    After settings filtering:   4
    After built-in stripping:   4
    After scriptable stripping: 4
    Processed in 0.00 seconds
    starting compilation...
    finished in 0.00 seconds. Local cache hits 4 (0.00s CPU time), remote cache hits 0 (0.00s CPU time), compiled 0 variants (0.00s CPU time), skipped 0 variants
    Prepared data for serialisation in 0.00s
Serialized binary data for shader Hidden/Universal Render Pipeline/TemporalAA in 0.00s
    gles3 (total internal programs: 14, unique: 14)
    vulkan (total internal programs: 14, unique: 14)
Compiling shader "Hidden/Universal Render Pipeline/CameraMotionBlur" pass "Camera Motion Blur - Low Quality" (vp)
    Full variant space:         2
    After settings filtering:   2
    After built-in stripping:   2
    After scriptable stripping: 2
    Processed in 0.00 seconds
    starting compilation...
    finished in 0.00 seconds. Local cache hits 2 (0.00s CPU time), remote cache hits 0 (0.00s CPU time), compiled 0 variants (0.00s CPU time), skipped 0 variants
    Prepared data for serialisation in 0.00s
Compiling shader "Hidden/Universal Render Pipeline/CameraMotionBlur" pass "Camera Motion Blur - Medium Quality" (vp)
    Full variant space:         2
    After settings filtering:   2
    After built-in stripping:   2
    After scriptable stripping: 2
    Processed in 0.00 seconds
    starting compilation...
    finished in 0.00 seconds. Local cache hits 2 (0.00s CPU time), remote cache hits 0 (0.00s CPU time), compiled 0 variants (0.00s CPU time), skipped 0 variants
    Prepared data for serialisation in 0.00s
Compiling shader "Hidden/Universal Render Pipeline/CameraMotionBlur" pass "Camera Motion Blur - High Quality" (vp)
    Full variant space:         2
    After settings filtering:   2
    After built-in stripping:   2
    After scriptable stripping: 2
    Processed in 0.00 seconds
    starting compilation...
    finished in 0.00 seconds. Local cache hits 2 (0.00s CPU time), remote cache hits 0 (0.00s CPU time), compiled 0 variants (0.00s CPU time), skipped 0 variants
    Prepared data for serialisation in 0.00s
Serialized binary data for shader Hidden/Universal Render Pipeline/CameraMotionBlur in 0.00s
    gles3 (total internal programs: 3, unique: 3)
    vulkan (total internal programs: 3, unique: 3)
Compiling shader "Hidden/Universal Render Pipeline/BokehDepthOfField" pass "Bokeh Depth Of Field CoC" (vp)
    Full variant space:         4
    After settings filtering:   2
    After built-in stripping:   2
    After scriptable stripping: 2
    Processed in 0.00 seconds
    starting compilation...
    finished in 0.00 seconds. Local cache hits 2 (0.00s CPU time), remote cache hits 0 (0.00s CPU time), compiled 0 variants (0.00s CPU time), skipped 0 variants
    Prepared data for serialisation in 0.00s
Compiling shader "Hidden/Universal Render Pipeline/BokehDepthOfField" pass "Bokeh Depth Of Field Prefilter" (vp)
    Full variant space:         4
    After settings filtering:   2
    After built-in stripping:   2
    After scriptable stripping: 2
    Processed in 0.00 seconds
    starting compilation...
    finished in 0.00 seconds. Local cache hits 2 (0.00s CPU time), remote cache hits 0 (0.00s CPU time), compiled 0 variants (0.00s CPU time), skipped 0 variants
    Prepared data for serialisation in 0.00s
Compiling shader "Hidden/Universal Render Pipeline/BokehDepthOfField" pass "Bokeh Depth Of Field Blur" (vp)
    Full variant space:         4
    After settings filtering:   2
    After built-in stripping:   2
    After scriptable stripping: 2
    Processed in 0.00 seconds
    starting compilation...
    finished in 0.00 seconds. Local cache hits 2 (0.00s CPU time), remote cache hits 0 (0.00s CPU time), compiled 0 variants (0.00s CPU time), skipped 0 variants
    Prepared data for serialisation in 0.00s
Compiling shader "Hidden/Universal Render Pipeline/BokehDepthOfField" pass "Bokeh Depth Of Field Post Blur" (vp)
    Full variant space:         4
    After settings filtering:   2
    After built-in stripping:   2
    After scriptable stripping: 2
    Processed in 0.00 seconds
    starting compilation...
    finished in 0.00 seconds. Local cache hits 2 (0.00s CPU time), remote cache hits 0 (0.00s CPU time), compiled 0 variants (0.00s CPU time), skipped 0 variants
    Prepared data for serialisation in 0.00s
Compiling shader "Hidden/Universal Render Pipeline/BokehDepthOfField" pass "Bokeh Depth Of Field Composite" (vp)
    Full variant space:         4
    After settings filtering:   2
    After built-in stripping:   2
    After scriptable stripping: 2
    Processed in 0.00 seconds
    starting compilation...
    finished in 0.00 seconds. Local cache hits 2 (0.00s CPU time), remote cache hits 0 (0.00s CPU time), compiled 0 variants (0.00s CPU time), skipped 0 variants
    Prepared data for serialisation in 0.00s
Compiling shader "Hidden/Universal Render Pipeline/BokehDepthOfField" pass "Bokeh Depth Of Field CoC" (vp)
    Full variant space:         4
    After settings filtering:   2
    After built-in stripping:   2
    After scriptable stripping: 2
    Processed in 0.00 seconds
    starting compilation...
    finished in 0.00 seconds. Local cache hits 2 (0.00s CPU time), remote cache hits 0 (0.00s CPU time), compiled 0 variants (0.00s CPU time), skipped 0 variants
    Prepared data for serialisation in 0.00s
Compiling shader "Hidden/Universal Render Pipeline/BokehDepthOfField" pass "Bokeh Depth Of Field Prefilter" (vp)
    Full variant space:         4
    After settings filtering:   2
    After built-in stripping:   2
    After scriptable stripping: 2
    Processed in 0.00 seconds
    starting compilation...
    finished in 0.00 seconds. Local cache hits 2 (0.00s CPU time), remote cache hits 0 (0.00s CPU time), compiled 0 variants (0.00s CPU time), skipped 0 variants
    Prepared data for serialisation in 0.00s
Compiling shader "Hidden/Universal Render Pipeline/BokehDepthOfField" pass "Bokeh Depth Of Field Blur" (vp)
    Full variant space:         4
    After settings filtering:   2
    After built-in stripping:   2
    After scriptable stripping: 2
    Processed in 0.00 seconds
    starting compilation...
    finished in 0.00 seconds. Local cache hits 2 (0.00s CPU time), remote cache hits 0 (0.00s CPU time), compiled 0 variants (0.00s CPU time), skipped 0 variants
    Prepared data for serialisation in 0.00s
Compiling shader "Hidden/Universal Render Pipeline/BokehDepthOfField" pass "Bokeh Depth Of Field Post Blur" (vp)
    Full variant space:         4
    After settings filtering:   2
    After built-in stripping:   2
    After scriptable stripping: 2
    Processed in 0.00 seconds
    starting compilation...
    finished in 0.00 seconds. Local cache hits 2 (0.00s CPU time), remote cache hits 0 (0.00s CPU time), compiled 0 variants (0.00s CPU time), skipped 0 variants
    Prepared data for serialisation in 0.00s
Compiling shader "Hidden/Universal Render Pipeline/BokehDepthOfField" pass "Bokeh Depth Of Field Composite" (vp)
    Full variant space:         4
    After settings filtering:   2
    After built-in stripping:   2
    After scriptable stripping: 2
    Processed in 0.00 seconds
    starting compilation...
    finished in 0.00 seconds. Local cache hits 2 (0.00s CPU time), remote cache hits 0 (0.00s CPU time), compiled 0 variants (0.00s CPU time), skipped 0 variants
    Prepared data for serialisation in 0.00s
Serialized binary data for shader Hidden/Universal Render Pipeline/BokehDepthOfField in 0.00s
    gles3 (total internal programs: 10, unique: 10)
    vulkan (total internal programs: 10, unique: 6)
Compiling shader "Hidden/Core/FallbackError" pass "" (vp)
    Full variant space:         8
    After settings filtering:   8
    After built-in stripping:   2
    After scriptable stripping: 2
    Processed in 0.00 seconds
    starting compilation...
    finished in 0.00 seconds. Local cache hits 2 (0.00s CPU time), remote cache hits 0 (0.00s CPU time), compiled 0 variants (0.00s CPU time), skipped 0 variants
    Prepared data for serialisation in 0.00s
Serialized binary data for shader Hidden/Core/FallbackError in 0.00s
    gles3 (total internal programs: 1, unique: 1)
    vulkan (total internal programs: 1, unique: 1)
Compiling shader "Hidden/Shadow2DShadowSprite" pass "" (vp)
    Full variant space:         2
    After settings filtering:   2
    After built-in stripping:   2
    After scriptable stripping: 2
    Processed in 0.00 seconds
    starting compilation...
    finished in 0.00 seconds. Local cache hits 2 (0.00s CPU time), remote cache hits 0 (0.00s CPU time), compiled 0 variants (0.00s CPU time), skipped 0 variants
    Prepared data for serialisation in 0.00s
Serialized binary data for shader Hidden/Shadow2DShadowSprite in 0.00s
    gles3 (total internal programs: 1, unique: 1)
    vulkan (total internal programs: 1, unique: 1)
Compiling shader "Hidden/Universal Render Pipeline/Edge Adaptive Spatial Upsampling" pass "EASU" (vp)
    Full variant space:         2
    After settings filtering:   2
    After built-in stripping:   2
    After scriptable stripping: 2
    Processed in 0.00 seconds
    starting compilation...
    finished in 0.00 seconds. Local cache hits 2 (0.00s CPU time), remote cache hits 0 (0.00s CPU time), compiled 0 variants (0.00s CPU time), skipped 0 variants
    Prepared data for serialisation in 0.00s
Serialized binary data for shader Hidden/Universal Render Pipeline/Edge Adaptive Spatial Upsampling in 0.00s
    gles3 (total internal programs: 1, unique: 1)
    vulkan (total internal programs: 1, unique: 1)
Compiling shader "Hidden/Universal/HDRDebugView" pass "" (vp)
    Full variant space:         8
    After settings filtering:   2
    After built-in stripping:   2
    After scriptable stripping: 2
    Processed in 0.00 seconds
    starting compilation...
    finished in 0.00 seconds. Local cache hits 2 (0.00s CPU time), remote cache hits 0 (0.00s CPU time), compiled 0 variants (0.00s CPU time), skipped 0 variants
    Prepared data for serialisation in 0.00s
Compiling shader "Hidden/Universal/HDRDebugView" pass "" (vp)
    Full variant space:         8
    After settings filtering:   2
    After built-in stripping:   2
    After scriptable stripping: 2
    Processed in 0.00 seconds
    starting compilation...
    finished in 0.00 seconds. Local cache hits 2 (0.00s CPU time), remote cache hits 0 (0.00s CPU time), compiled 0 variants (0.00s CPU time), skipped 0 variants
    Prepared data for serialisation in 0.00s
Serialized binary data for shader Hidden/Universal/HDRDebugView in 0.00s
    gles3 (total internal programs: 2, unique: 2)
    vulkan (total internal programs: 2, unique: 2)
Compiling shader "Hidden/Universal Render Pipeline/GaussianDepthOfField" pass "Gaussian Depth Of Field CoC" (vp)
    Full variant space:         2
    After settings filtering:   2
    After built-in stripping:   2
    After scriptable stripping: 2
    Processed in 0.00 seconds
    starting compilation...
    finished in 0.00 seconds. Local cache hits 2 (0.00s CPU time), remote cache hits 0 (0.00s CPU time), compiled 0 variants (0.00s CPU time), skipped 0 variants
    Prepared data for serialisation in 0.00s
Compiling shader "Hidden/Universal Render Pipeline/GaussianDepthOfField" pass "Gaussian Depth Of Field Prefilter" (vp)
    Full variant space:         4
    After settings filtering:   4
    After built-in stripping:   4
    After scriptable stripping: 4
    Processed in 0.00 seconds
    starting compilation...
    finished in 0.00 seconds. Local cache hits 4 (0.00s CPU time), remote cache hits 0 (0.00s CPU time), compiled 0 variants (0.00s CPU time), skipped 0 variants
    Prepared data for serialisation in 0.00s
Compiling shader "Hidden/Universal Render Pipeline/GaussianDepthOfField" pass "Gaussian Depth Of Field Blur Horizontal" (vp)
    Full variant space:         2
    After settings filtering:   2
    After built-in stripping:   2
    After scriptable stripping: 2
    Processed in 0.00 seconds
    starting compilation...
    finished in 0.00 seconds. Local cache hits 2 (0.00s CPU time), remote cache hits 0 (0.00s CPU time), compiled 0 variants (0.00s CPU time), skipped 0 variants
    Prepared data for serialisation in 0.00s
Compiling shader "Hidden/Universal Render Pipeline/GaussianDepthOfField" pass "Gaussian Depth Of Field Blur Vertical" (vp)
    Full variant space:         2
    After settings filtering:   2
    After built-in stripping:   2
    After scriptable stripping: 2
    Processed in 0.00 seconds
    starting compilation...
    finished in 0.00 seconds. Local cache hits 2 (0.00s CPU time), remote cache hits 0 (0.00s CPU time), compiled 0 variants (0.00s CPU time), skipped 0 variants
    Prepared data for serialisation in 0.00s
Compiling shader "Hidden/Universal Render Pipeline/GaussianDepthOfField" pass "Gaussian Depth Of Field Composite" (vp)
    Full variant space:         4
    After settings filtering:   4
    After built-in stripping:   4
    After scriptable stripping: 4
    Processed in 0.00 seconds
    starting compilation...
    finished in 0.00 seconds. Local cache hits 4 (0.00s CPU time), remote cache hits 0 (0.00s CPU time), compiled 0 variants (0.00s CPU time), skipped 0 variants
    Prepared data for serialisation in 0.00s
Serialized binary data for shader Hidden/Universal Render Pipeline/GaussianDepthOfField in 0.00s
    gles3 (total internal programs: 7, unique: 7)
    vulkan (total internal programs: 7, unique: 7)
Compiling shader "Hidden/Universal Render Pipeline/Bloom" pass "Bloom Prefilter" (vp)
    Full variant space:         8
    After settings filtering:   8
    After built-in stripping:   8
    After scriptable stripping: 8
    Processed in 0.00 seconds
    starting compilation...
    finished in 0.00 seconds. Local cache hits 8 (0.00s CPU time), remote cache hits 0 (0.00s CPU time), compiled 0 variants (0.00s CPU time), skipped 0 variants
    Prepared data for serialisation in 0.00s
Compiling shader "Hidden/Universal Render Pipeline/Bloom" pass "Bloom Blur Horizontal" (vp)
    Full variant space:         4
    After settings filtering:   4
    After built-in stripping:   4
    After scriptable stripping: 4
    Processed in 0.00 seconds
    starting compilation...
    finished in 0.00 seconds. Local cache hits 4 (0.00s CPU time), remote cache hits 0 (0.00s CPU time), compiled 0 variants (0.00s CPU time), skipped 0 variants
    Prepared data for serialisation in 0.00s
Compiling shader "Hidden/Universal Render Pipeline/Bloom" pass "Bloom Blur Vertical" (vp)
    Full variant space:         4
    After settings filtering:   4
    After built-in stripping:   4
    After scriptable stripping: 4
    Processed in 0.00 seconds
    starting compilation...
    finished in 0.00 seconds. Local cache hits 4 (0.00s CPU time), remote cache hits 0 (0.00s CPU time), compiled 0 variants (0.00s CPU time), skipped 0 variants
    Prepared data for serialisation in 0.00s
Compiling shader "Hidden/Universal Render Pipeline/Bloom" pass "Bloom Upsample" (vp)
    Full variant space:         8
    After settings filtering:   8
    After built-in stripping:   8
    After scriptable stripping: 8
    Processed in 0.00 seconds
    starting compilation...
    finished in 0.00 seconds. Local cache hits 8 (0.00s CPU time), remote cache hits 0 (0.00s CPU time), compiled 0 variants (0.00s CPU time), skipped 0 variants
    Prepared data for serialisation in 0.00s
Serialized binary data for shader Hidden/Universal Render Pipeline/Bloom in 0.00s
    gles3 (total internal programs: 12, unique: 12)
    vulkan (total internal programs: 12, unique: 12)
Compiling shader "Hidden/Universal Render Pipeline/SubpixelMorphologicalAntialiasing" pass "" (vp)
    Full variant space:         6
    After settings filtering:   6
    After built-in stripping:   6
    After scriptable stripping: 6
    Processed in 0.00 seconds
    starting compilation...
    finished in 0.00 seconds. Local cache hits 6 (0.00s CPU time), remote cache hits 0 (0.00s CPU time), compiled 0 variants (0.00s CPU time), skipped 0 variants
    Prepared data for serialisation in 0.00s
Compiling shader "Hidden/Universal Render Pipeline/SubpixelMorphologicalAntialiasing" pass "" (vp)
    Full variant space:         6
    After settings filtering:   6
    After built-in stripping:   6
    After scriptable stripping: 6
    Processed in 0.00 seconds
    starting compilation...
    finished in 0.00 seconds. Local cache hits 6 (0.00s CPU time), remote cache hits 0 (0.00s CPU time), compiled 0 variants (0.00s CPU time), skipped 0 variants
    Prepared data for serialisation in 0.00s
Compiling shader "Hidden/Universal Render Pipeline/SubpixelMorphologicalAntialiasing" pass "" (vp)
    Full variant space:         6
    After settings filtering:   6
    After built-in stripping:   6
    After scriptable stripping: 6
    Processed in 0.00 seconds
    starting compilation...
    finished in 0.00 seconds. Local cache hits 6 (0.00s CPU time), remote cache hits 0 (0.00s CPU time), compiled 0 variants (0.00s CPU time), skipped 0 variants
    Prepared data for serialisation in 0.00s
Serialized binary data for shader Hidden/Universal Render Pipeline/SubpixelMorphologicalAntialiasing in 0.00s
    gles3 (total internal programs: 9, unique: 9)
    vulkan (total internal programs: 9, unique: 9)
Compiling shader "Hidden/Universal Render Pipeline/LutBuilderLdr" pass "LutBuilderLdr" (vp)
    Full variant space:         2
    After settings filtering:   2
    After built-in stripping:   2
    After scriptable stripping: 2
    Processed in 0.00 seconds
    starting compilation...
    finished in 0.00 seconds. Local cache hits 2 (0.00s CPU time), remote cache hits 0 (0.00s CPU time), compiled 0 variants (0.00s CPU time), skipped 0 variants
    Prepared data for serialisation in 0.00s
Serialized binary data for shader Hidden/Universal Render Pipeline/LutBuilderLdr in 0.00s
    gles3 (total internal programs: 1, unique: 1)
    vulkan (total internal programs: 1, unique: 1)
Compiling shader "Hidden/Universal Render Pipeline/LensFlareDataDriven" pass "LensFlareAdditive" (vp)
    Full variant space:         48
    After settings filtering:   48
    After built-in stripping:   48
    After scriptable stripping: 48
    Processed in 0.00 seconds
    starting compilation...
    finished in 0.00 seconds. Local cache hits 48 (0.05s CPU time), remote cache hits 0 (0.00s CPU time), compiled 0 variants (0.00s CPU time), skipped 0 variants
    Prepared data for serialisation in 0.00s
Compiling shader "Hidden/Universal Render Pipeline/LensFlareDataDriven" pass "LensFlareScreen" (vp)
    Full variant space:         48
    After settings filtering:   48
    After built-in stripping:   48
    After scriptable stripping: 48
    Processed in 0.00 seconds
    starting compilation...
    finished in 0.00 seconds. Local cache hits 48 (0.02s CPU time), remote cache hits 0 (0.00s CPU time), compiled 0 variants (0.00s CPU time), skipped 0 variants
    Prepared data for serialisation in 0.00s
Compiling shader "Hidden/Universal Render Pipeline/LensFlareDataDriven" pass "LensFlarePremultiply" (vp)
    Full variant space:         48
    After settings filtering:   48
    After built-in stripping:   48
    After scriptable stripping: 48
    Processed in 0.00 seconds
    starting compilation...
    finished in 0.00 seconds. Local cache hits 48 (0.03s CPU time), remote cache hits 0 (0.00s CPU time), compiled 0 variants (0.00s CPU time), skipped 0 variants
    Prepared data for serialisation in 0.00s
Compiling shader "Hidden/Universal Render Pipeline/LensFlareDataDriven" pass "LensFlareLerp" (vp)
    Full variant space:         48
    After settings filtering:   48
    After built-in stripping:   48
    After scriptable stripping: 48
    Processed in 0.00 seconds
    starting compilation...
    finished in 0.00 seconds. Local cache hits 48 (0.03s CPU time), remote cache hits 0 (0.00s CPU time), compiled 0 variants (0.00s CPU time), skipped 0 variants
    Prepared data for serialisation in 0.00s
Compiling shader "Hidden/Universal Render Pipeline/LensFlareDataDriven" pass "LensFlareOcclusion" (vp)
    Full variant space:         2
    After settings filtering:   2
    After built-in stripping:   2
    After scriptable stripping: 2
    Processed in 0.00 seconds
    starting compilation...
    finished in 0.00 seconds. Local cache hits 2 (0.00s CPU time), remote cache hits 0 (0.00s CPU time), compiled 0 variants (0.00s CPU time), skipped 0 variants
    Prepared data for serialisation in 0.00s
Serialized binary data for shader Hidden/Universal Render Pipeline/LensFlareDataDriven in 0.00s
    gles3 (total internal programs: 97, unique: 25)
    vulkan (total internal programs: 97, unique: 25)
Compiling shader "Hidden/Shadow2DUnshadowGeometry" pass "" (vp)
    Full variant space:         2
    After settings filtering:   2
    After built-in stripping:   2
    After scriptable stripping: 2
    Processed in 0.00 seconds
    starting compilation...
    finished in 0.00 seconds. Local cache hits 2 (0.00s CPU time), remote cache hits 0 (0.00s CPU time), compiled 0 variants (0.00s CPU time), skipped 0 variants
    Prepared data for serialisation in 0.00s
Compiling shader "Hidden/Shadow2DUnshadowGeometry" pass "" (vp)
    Full variant space:         2
    After settings filtering:   2
    After built-in stripping:   2
    After scriptable stripping: 2
    Processed in 0.00 seconds
    starting compilation...
    finished in 0.00 seconds. Local cache hits 2 (0.00s CPU time), remote cache hits 0 (0.00s CPU time), compiled 0 variants (0.00s CPU time), skipped 0 variants
    Prepared data for serialisation in 0.00s
Serialized binary data for shader Hidden/Shadow2DUnshadowGeometry in 0.00s
    gles3 (total internal programs: 2, unique: 1)
    vulkan (total internal programs: 2, unique: 1)
Compiling shader "Hidden/Light2D-Shape-Volumetric" pass "" (vp)
    Full variant space:         4
    After settings filtering:   4
    After built-in stripping:   4
    After scriptable stripping: 4
    Processed in 0.00 seconds
    starting compilation...
    finished in 0.00 seconds. Local cache hits 4 (0.00s CPU time), remote cache hits 0 (0.00s CPU time), compiled 0 variants (0.00s CPU time), skipped 0 variants
    Prepared data for serialisation in 0.00s
Serialized binary data for shader Hidden/Light2D-Shape-Volumetric in 0.00s
    gles3 (total internal programs: 2, unique: 2)
    vulkan (total internal programs: 2, unique: 2)
Compiling shader "Hidden/Universal/CoreBlit" pass "" (vp)
    Full variant space:         8
    After settings filtering:   4
    After built-in stripping:   4
    After scriptable stripping: 4
    Processed in 0.00 seconds
    starting compilation...
    finished in 0.00 seconds. Local cache hits 4 (0.00s CPU time), remote cache hits 0 (0.00s CPU time), compiled 0 variants (0.00s CPU time), skipped 0 variants
    Prepared data for serialisation in 0.00s
Compiling shader "Hidden/Universal/CoreBlit" pass "" (vp)
    Full variant space:         8
    After settings filtering:   4
    After built-in stripping:   4
    After scriptable stripping: 4
    Processed in 0.00 seconds
    starting compilation...
    finished in 0.00 seconds. Local cache hits 4 (0.00s CPU time), remote cache hits 0 (0.00s CPU time), compiled 0 variants (0.00s CPU time), skipped 0 variants
    Prepared data for serialisation in 0.00s
Compiling shader "Hidden/Universal/CoreBlit" pass "" (vp)
    Full variant space:         8
    After settings filtering:   4
    After built-in stripping:   4
    After scriptable stripping: 4
    Processed in 0.00 seconds
    starting compilation...
    finished in 0.00 seconds. Local cache hits 4 (0.00s CPU time), remote cache hits 0 (0.00s CPU time), compiled 0 variants (0.00s CPU time), skipped 0 variants
    Prepared data for serialisation in 0.00s
Compiling shader "Hidden/Universal/CoreBlit" pass "" (vp)
    Full variant space:         8
    After settings filtering:   4
    After built-in stripping:   4
    After scriptable stripping: 4
    Processed in 0.00 seconds
    starting compilation...
    finished in 0.00 seconds. Local cache hits 4 (0.00s CPU time), remote cache hits 0 (0.00s CPU time), compiled 0 variants (0.00s CPU time), skipped 0 variants
    Prepared data for serialisation in 0.00s
Compiling shader "Hidden/Universal/CoreBlit" pass "" (vp)
    Full variant space:         8
    After settings filtering:   4
    After built-in stripping:   4
    After scriptable stripping: 4
    Processed in 0.00 seconds
    starting compilation...
    finished in 0.00 seconds. Local cache hits 4 (0.00s CPU time), remote cache hits 0 (0.00s CPU time), compiled 0 variants (0.00s CPU time), skipped 0 variants
    Prepared data for serialisation in 0.00s
Compiling shader "Hidden/Universal/CoreBlit" pass "" (vp)
    Full variant space:         8
    After settings filtering:   4
    After built-in stripping:   4
    After scriptable stripping: 4
    Processed in 0.00 seconds
    starting compilation...
    finished in 0.00 seconds. Local cache hits 4 (0.00s CPU time), remote cache hits 0 (0.00s CPU time), compiled 0 variants (0.00s CPU time), skipped 0 variants
    Prepared data for serialisation in 0.00s
Compiling shader "Hidden/Universal/CoreBlit" pass "" (vp)
    Full variant space:         8
    After settings filtering:   4
    After built-in stripping:   4
    After scriptable stripping: 4
    Processed in 0.00 seconds
    starting compilation...
    finished in 0.00 seconds. Local cache hits 4 (0.00s CPU time), remote cache hits 0 (0.00s CPU time), compiled 0 variants (0.00s CPU time), skipped 0 variants
    Prepared data for serialisation in 0.00s
Compiling shader "Hidden/Universal/CoreBlit" pass "" (vp)
    Full variant space:         8
    After settings filtering:   4
    After built-in stripping:   4
    After scriptable stripping: 4
    Processed in 0.00 seconds
    starting compilation...
    finished in 0.00 seconds. Local cache hits 4 (0.00s CPU time), remote cache hits 0 (0.00s CPU time), compiled 0 variants (0.00s CPU time), skipped 0 variants
    Prepared data for serialisation in 0.00s
Compiling shader "Hidden/Universal/CoreBlit" pass "" (vp)
    Full variant space:         8
    After settings filtering:   4
    After built-in stripping:   4
    After scriptable stripping: 4
    Processed in 0.00 seconds
    starting compilation...
    finished in 0.00 seconds. Local cache hits 4 (0.00s CPU time), remote cache hits 0 (0.00s CPU time), compiled 0 variants (0.00s CPU time), skipped 0 variants
    Prepared data for serialisation in 0.00s
Compiling shader "Hidden/Universal/CoreBlit" pass "" (vp)
    Full variant space:         8
    After settings filtering:   4
    After built-in stripping:   4
    After scriptable stripping: 4
    Processed in 0.00 seconds
    starting compilation...
    finished in 0.00 seconds. Local cache hits 4 (0.00s CPU time), remote cache hits 0 (0.00s CPU time), compiled 0 variants (0.00s CPU time), skipped 0 variants
    Prepared data for serialisation in 0.00s
Compiling shader "Hidden/Universal/CoreBlit" pass "" (vp)
    Full variant space:         8
    After settings filtering:   4
    After built-in stripping:   4
    After scriptable stripping: 4
    Processed in 0.00 seconds
    starting compilation...
    finished in 0.00 seconds. Local cache hits 4 (0.00s CPU time), remote cache hits 0 (0.00s CPU time), compiled 0 variants (0.00s CPU time), skipped 0 variants
    Prepared data for serialisation in 0.00s
Compiling shader "Hidden/Universal/CoreBlit" pass "" (vp)
    Full variant space:         8
    After settings filtering:   4
    After built-in stripping:   4
    After scriptable stripping: 4
    Processed in 0.00 seconds
    starting compilation...
    finished in 0.00 seconds. Local cache hits 4 (0.00s CPU time), remote cache hits 0 (0.00s CPU time), compiled 0 variants (0.00s CPU time), skipped 0 variants
    Prepared data for serialisation in 0.00s
Compiling shader "Hidden/Universal/CoreBlit" pass "" (vp)
    Full variant space:         8
    After settings filtering:   4
    After built-in stripping:   4
    After scriptable stripping: 4
    Processed in 0.00 seconds
    starting compilation...
    finished in 0.00 seconds. Local cache hits 4 (0.00s CPU time), remote cache hits 0 (0.00s CPU time), compiled 0 variants (0.00s CPU time), skipped 0 variants
    Prepared data for serialisation in 0.00s
Compiling shader "Hidden/Universal/CoreBlit" pass "" (vp)
    Full variant space:         8
    After settings filtering:   4
    After built-in stripping:   4
    After scriptable stripping: 4
    Processed in 0.00 seconds
    starting compilation...
    finished in 0.00 seconds. Local cache hits 4 (0.00s CPU time), remote cache hits 0 (0.00s CPU time), compiled 0 variants (0.00s CPU time), skipped 0 variants
    Prepared data for serialisation in 0.00s
Compiling shader "Hidden/Universal/CoreBlit" pass "" (vp)
    Full variant space:         8
    After settings filtering:   4
    After built-in stripping:   4
    After scriptable stripping: 4
    Processed in 0.00 seconds
    starting compilation...
    finished in 0.00 seconds. Local cache hits 4 (0.00s CPU time), remote cache hits 0 (0.00s CPU time), compiled 0 variants (0.00s CPU time), skipped 0 variants
    Prepared data for serialisation in 0.00s
Compiling shader "Hidden/Universal/CoreBlit" pass "" (vp)
    Full variant space:         8
    After settings filtering:   4
    After built-in stripping:   4
    After scriptable stripping: 4
    Processed in 0.00 seconds
    starting compilation...
    finished in 0.00 seconds. Local cache hits 4 (0.00s CPU time), remote cache hits 0 (0.00s CPU time), compiled 0 variants (0.00s CPU time), skipped 0 variants
    Prepared data for serialisation in 0.00s
Compiling shader "Hidden/Universal/CoreBlit" pass "" (vp)
    Full variant space:         8
    After settings filtering:   4
    After built-in stripping:   4
    After scriptable stripping: 4
    Processed in 0.00 seconds
    starting compilation...
    finished in 0.00 seconds. Local cache hits 4 (0.00s CPU time), remote cache hits 0 (0.00s CPU time), compiled 0 variants (0.00s CPU time), skipped 0 variants
    Prepared data for serialisation in 0.00s
Compiling shader "Hidden/Universal/CoreBlit" pass "" (vp)
    Full variant space:         8
    After settings filtering:   4
    After built-in stripping:   4
    After scriptable stripping: 4
    Processed in 0.00 seconds
    starting compilation...
    finished in 0.00 seconds. Local cache hits 4 (0.00s CPU time), remote cache hits 0 (0.00s CPU time), compiled 0 variants (0.00s CPU time), skipped 0 variants
    Prepared data for serialisation in 0.00s
Compiling shader "Hidden/Universal/CoreBlit" pass "" (vp)
    Full variant space:         8
    After settings filtering:   4
    After built-in stripping:   4
    After scriptable stripping: 4
    Processed in 0.00 seconds
    starting compilation...
    finished in 0.00 seconds. Local cache hits 4 (0.00s CPU time), remote cache hits 0 (0.00s CPU time), compiled 0 variants (0.00s CPU time), skipped 0 variants
    Prepared data for serialisation in 0.00s
Compiling shader "Hidden/Universal/CoreBlit" pass "" (vp)
    Full variant space:         8
    After settings filtering:   4
    After built-in stripping:   4
    After scriptable stripping: 4
    Processed in 0.00 seconds
    starting compilation...
    finished in 0.00 seconds. Local cache hits 4 (0.00s CPU time), remote cache hits 0 (0.00s CPU time), compiled 0 variants (0.00s CPU time), skipped 0 variants
    Prepared data for serialisation in 0.00s
Compiling shader "Hidden/Universal/CoreBlit" pass "" (vp)
    Full variant space:         8
    After settings filtering:   4
    After built-in stripping:   4
    After scriptable stripping: 4
    Processed in 0.00 seconds
    starting compilation...
    finished in 0.00 seconds. Local cache hits 4 (0.00s CPU time), remote cache hits 0 (0.00s CPU time), compiled 0 variants (0.00s CPU time), skipped 0 variants
    Prepared data for serialisation in 0.00s
Compiling shader "Hidden/Universal/CoreBlit" pass "" (vp)
    Full variant space:         16
    After settings filtering:   8
    After built-in stripping:   8
    After scriptable stripping: 8
    Processed in 0.00 seconds
    starting compilation...
    finished in 0.00 seconds. Local cache hits 8 (0.00s CPU time), remote cache hits 0 (0.00s CPU time), compiled 0 variants (0.00s CPU time), skipped 0 variants
    Prepared data for serialisation in 0.00s
Compiling shader "Hidden/Universal/CoreBlit" pass "" (vp)
    Full variant space:         16
    After settings filtering:   8
    After built-in stripping:   8
    After scriptable stripping: 8
    Processed in 0.00 seconds
    starting compilation...
    finished in 0.00 seconds. Local cache hits 8 (0.00s CPU time), remote cache hits 0 (0.00s CPU time), compiled 0 variants (0.00s CPU time), skipped 0 variants
    Prepared data for serialisation in 0.00s
Compiling shader "Hidden/Universal/CoreBlit" pass "BilinearDebugDraw" (vp)
    Full variant space:         32
    After settings filtering:   8
    After built-in stripping:   8
    After scriptable stripping: 8
    Processed in 0.00 seconds
    starting compilation...
    finished in 0.00 seconds. Local cache hits 8 (0.00s CPU time), remote cache hits 0 (0.00s CPU time), compiled 0 variants (0.00s CPU time), skipped 0 variants
    Prepared data for serialisation in 0.00s
Compiling shader "Hidden/Universal/CoreBlit" pass "NearestDebugDraw" (vp)
    Full variant space:         32
    After settings filtering:   8
    After built-in stripping:   8
    After scriptable stripping: 8
    Processed in 0.00 seconds
    starting compilation...
    finished in 0.00 seconds. Local cache hits 8 (0.00s CPU time), remote cache hits 0 (0.00s CPU time), compiled 0 variants (0.00s CPU time), skipped 0 variants
    Prepared data for serialisation in 0.00s
Serialized binary data for shader Hidden/Universal/CoreBlit in 0.00s
    gles3 (total internal programs: 58, unique: 30)
    vulkan (total internal programs: 58, unique: 48)
Compiling shader "Hidden/Universal Render Pipeline/PaniniProjection" pass "Panini Projection" (vp)
    Full variant space:         4
    After settings filtering:   4
    After built-in stripping:   4
    After scriptable stripping: 4
    Processed in 0.00 seconds
    starting compilation...
    finished in 0.00 seconds. Local cache hits 4 (0.00s CPU time), remote cache hits 0 (0.00s CPU time), compiled 0 variants (0.00s CPU time), skipped 0 variants
    Prepared data for serialisation in 0.00s
Serialized binary data for shader Hidden/Universal Render Pipeline/PaniniProjection in 0.00s
    gles3 (total internal programs: 2, unique: 2)
    vulkan (total internal programs: 2, unique: 2)
Compiling shader "Hidden/Universal/BlitHDROverlay" pass "BilinearDebugDraw" (vp)
    Full variant space:         64
    After settings filtering:   4
    After built-in stripping:   4
    After scriptable stripping: 0
    Processed in 0.00 seconds
    Prepared data for serialisation in 0.00s
Compiling shader "Hidden/Universal/BlitHDROverlay" pass "NearestDebugDraw" (vp)
    Full variant space:         64
    After settings filtering:   4
    After built-in stripping:   4
    After scriptable stripping: 0
    Processed in 0.00 seconds
    Prepared data for serialisation in 0.00s
Serialized binary data for shader Hidden/Universal/BlitHDROverlay in 0.00s
    gles3 (total internal programs: 0, unique: 0)
    vulkan (total internal programs: 0, unique: 0)
Compiling shader "Hidden/Universal Render Pipeline/FinalPost" pass "FinalPost" (vp)
    Full variant space:         2560
    After settings filtering:   128
    After built-in stripping:   128
    After scriptable stripping: 96
    Processed in 0.00 seconds
    starting compilation...
    finished in 0.00 seconds. Local cache hits 96 (0.07s CPU time), remote cache hits 0 (0.00s CPU time), compiled 0 variants (0.00s CPU time), skipped 0 variants
    Prepared data for serialisation in 0.00s
Compiling shader "Hidden/Universal Render Pipeline/FinalPost" pass "FinalPost" (vp)
    Full variant space:         2560
    After settings filtering:   128
    After built-in stripping:   128
    After scriptable stripping: 96
    Processed in 0.00 seconds
    starting compilation...
    finished in 0.00 seconds. Local cache hits 96 (0.06s CPU time), remote cache hits 0 (0.00s CPU time), compiled 0 variants (0.00s CPU time), skipped 0 variants
    Prepared data for serialisation in 0.00s
Serialized binary data for shader Hidden/Universal Render Pipeline/FinalPost in 0.00s
    gles3 (total internal programs: 96, unique: 96)
    vulkan (total internal programs: 96, unique: 64)
Compiling shader "Hidden/Light2d-Point-Volumetric" pass "" (vp)
    Full variant space:         4
    After settings filtering:   4
    After built-in stripping:   4
    After scriptable stripping: 4
    Processed in 0.00 seconds
    starting compilation...
    finished in 0.00 seconds. Local cache hits 4 (0.00s CPU time), remote cache hits 0 (0.00s CPU time), compiled 0 variants (0.00s CPU time), skipped 0 variants
    Prepared data for serialisation in 0.00s
Serialized binary data for shader Hidden/Light2d-Point-Volumetric in 0.00s
    gles3 (total internal programs: 2, unique: 2)
    vulkan (total internal programs: 2, unique: 2)
Compiling shader "Hidden/ShadowProjected2D" pass "" (vp)
    Full variant space:         2
    After settings filtering:   2
    After built-in stripping:   2
    After scriptable stripping: 2
    Processed in 0.00 seconds
    starting compilation...
    finished in 0.00 seconds. Local cache hits 2 (0.00s CPU time), remote cache hits 0 (0.00s CPU time), compiled 0 variants (0.00s CPU time), skipped 0 variants
    Prepared data for serialisation in 0.00s
Compiling shader "Hidden/ShadowProjected2D" pass "" (vp)
    Full variant space:         2
    After settings filtering:   2
    After built-in stripping:   2
    After scriptable stripping: 2
    Processed in 0.00 seconds
    starting compilation...
    finished in 0.00 seconds. Local cache hits 2 (0.00s CPU time), remote cache hits 0 (0.00s CPU time), compiled 0 variants (0.00s CPU time), skipped 0 variants
    Prepared data for serialisation in 0.00s
Serialized binary data for shader Hidden/ShadowProjected2D in 0.00s
    gles3 (total internal programs: 2, unique: 1)
    vulkan (total internal programs: 2, unique: 1)
Compiling shader "Hidden/Universal Render Pipeline/Debug/DebugReplacement" pass "Vertex Attributes" (vp)
    Full variant space:         4
    After settings filtering:   4
    After built-in stripping:   2
    After scriptable stripping: 2
    Processed in 0.00 seconds
    starting compilation...
    finished in 0.01 seconds. Local cache hits 2 (0.02s CPU time), remote cache hits 0 (0.00s CPU time), compiled 0 variants (0.00s CPU time), skipped 0 variants
    Prepared data for serialisation in 0.00s
Serialized binary data for shader Hidden/Universal Render Pipeline/Debug/DebugReplacement in 0.00s
    gles3 (total internal programs: 1, unique: 1)
    vulkan (total internal programs: 1, unique: 1)
Compiling shader "Hidden/Universal/CoreBlitColorAndDepth" pass "" (vp)
    Full variant space:         8
    After settings filtering:   4
    After built-in stripping:   4
    After scriptable stripping: 4
    Processed in 0.00 seconds
    starting compilation...
    finished in 0.00 seconds. Local cache hits 4 (0.00s CPU time), remote cache hits 0 (0.00s CPU time), compiled 0 variants (0.00s CPU time), skipped 0 variants
    Prepared data for serialisation in 0.00s
Compiling shader "Hidden/Universal/CoreBlitColorAndDepth" pass "" (vp)
    Full variant space:         8
    After settings filtering:   4
    After built-in stripping:   4
    After scriptable stripping: 4
    Processed in 0.00 seconds
    starting compilation...
    finished in 0.00 seconds. Local cache hits 4 (0.00s CPU time), remote cache hits 0 (0.00s CPU time), compiled 0 variants (0.00s CPU time), skipped 0 variants
    Prepared data for serialisation in 0.00s
Serialized binary data for shader Hidden/Universal/CoreBlitColorAndDepth in 0.00s
    gles3 (total internal programs: 4, unique: 4)
    vulkan (total internal programs: 4, unique: 4)
Compiling shader "Hidden/Light2D-Shape" pass "" (vp)
    Full variant space:         32
    After settings filtering:   32
    After built-in stripping:   32
    After scriptable stripping: 32
    Processed in 0.00 seconds
    starting compilation...
    finished in 0.00 seconds. Local cache hits 32 (0.02s CPU time), remote cache hits 0 (0.00s CPU time), compiled 0 variants (0.00s CPU time), skipped 0 variants
    Prepared data for serialisation in 0.00s
Serialized binary data for shader Hidden/Light2D-Shape in 0.00s
    gles3 (total internal programs: 16, unique: 16)
    vulkan (total internal programs: 16, unique: 16)
Compiling shader "Hidden/Shadow2DUnshadowSprite" pass "" (vp)
    Full variant space:         2
    After settings filtering:   2
    After built-in stripping:   2
    After scriptable stripping: 2
    Processed in 0.00 seconds
    starting compilation...
    finished in 0.00 seconds. Local cache hits 2 (0.00s CPU time), remote cache hits 0 (0.00s CPU time), compiled 0 variants (0.00s CPU time), skipped 0 variants
    Prepared data for serialisation in 0.00s
Serialized binary data for shader Hidden/Shadow2DUnshadowSprite in 0.00s
    gles3 (total internal programs: 1, unique: 1)
    vulkan (total internal programs: 1, unique: 1)
Compiling shader "Hidden/Light2D-Point" pass "" (vp)
    Full variant space:         32
    After settings filtering:   32
    After built-in stripping:   32
    After scriptable stripping: 32
    Processed in 0.00 seconds
    starting compilation...
    finished in 0.00 seconds. Local cache hits 32 (0.02s CPU time), remote cache hits 0 (0.00s CPU time), compiled 0 variants (0.00s CPU time), skipped 0 variants
    Prepared data for serialisation in 0.00s
Serialized binary data for shader Hidden/Light2D-Point in 0.00s
    gles3 (total internal programs: 16, unique: 16)
    vulkan (total internal programs: 16, unique: 16)
Compiling shader "Hidden/Universal Render Pipeline/FallbackError" pass "" (vp)
    Full variant space:         12
    After settings filtering:   12
    After built-in stripping:   2
    After scriptable stripping: 2
    Processed in 0.00 seconds
    starting compilation...
    finished in 0.00 seconds. Local cache hits 2 (0.00s CPU time), remote cache hits 0 (0.00s CPU time), compiled 0 variants (0.00s CPU time), skipped 0 variants
    Prepared data for serialisation in 0.00s
Serialized binary data for shader Hidden/Universal Render Pipeline/FallbackError in 0.00s
    gles3 (total internal programs: 1, unique: 1)
    vulkan (total internal programs: 1, unique: 1)
Compiling shader "Hidden/Universal Render Pipeline/UberPost" pass "UberPost" (vp)
    Full variant space:         46080
    After settings filtering:   1920
    After built-in stripping:   1920
    After scriptable stripping: 1440
    Processed in 0.01 seconds
    starting compilation...
Launched and connected shader compiler UnityShaderCompiler.exe after 0.03 seconds
Launched and connected shader compiler UnityShaderCompiler.exe after 0.03 seconds
Launched and connected shader compiler UnityShaderCompiler.exe after 0.04 seconds
Launched and connected shader compiler UnityShaderCompiler.exe after 0.03 seconds
Launched and connected shader compiler UnityShaderCompiler.exe after 0.04 seconds
Launched and connected shader compiler UnityShaderCompiler.exe after 0.04 seconds
Launched and connected shader compiler UnityShaderCompiler.exe after 0.04 seconds
Launched and connected shader compiler UnityShaderCompiler.exe after 0.05 seconds
Launched and connected shader compiler UnityShaderCompiler.exe after 0.05 seconds
Launched and connected shader compiler UnityShaderCompiler.exe after 0.05 seconds
Launched and connected shader compiler UnityShaderCompiler.exe after 0.06 seconds
Launched and connected shader compiler UnityShaderCompiler.exe after 0.06 seconds
Launched and connected shader compiler UnityShaderCompiler.exe after 0.07 seconds
Launched and connected shader compiler UnityShaderCompiler.exe after 0.07 seconds
Launched and connected shader compiler UnityShaderCompiler.exe after 0.09 seconds
Launched and connected shader compiler UnityShaderCompiler.exe after 0.10 seconds
Launched and connected shader compiler UnityShaderCompiler.exe after 0.24 seconds
Launched and connected shader compiler UnityShaderCompiler.exe after 0.50 seconds
Launched and connected shader compiler UnityShaderCompiler.exe after 0.56 seconds
    finished in 7.53 seconds. Local cache hits 874 (0.61s CPU time), remote cache hits 0 (0.00s CPU time), compiled 566 variants (148.10s CPU time), skipped 0 variants
    Prepared data for serialisation in 0.03s
Serialized binary data for shader Hidden/Universal Render Pipeline/UberPost in 0.01s
    gles3 (total internal programs: 720, unique: 720)
    vulkan (total internal programs: 720, unique: 720)
Compressed shader 'Hidden/Universal Render Pipeline/UberPost' on gles3 from 9.93MB to 0.16MB
Compressed shader 'Hidden/Universal Render Pipeline/UberPost' on vulkan from 7.15MB to 0.57MB
Compressed shader 'Hidden/Universal Render Pipeline/UberPost' in 0.04s
Compiling shader "Hidden/Universal Render Pipeline/Scaling Setup" pass "ScalingSetup" (vp)
    Full variant space:         12
    After settings filtering:   6
    After built-in stripping:   6
    After scriptable stripping: 6
    Processed in 0.00 seconds
    starting compilation...
    finished in 0.07 seconds. Local cache hits 0 (0.00s CPU time), remote cache hits 0 (0.00s CPU time), compiled 6 variants (0.37s CPU time), skipped 0 variants
    Prepared data for serialisation in 0.00s
Serialized binary data for shader Hidden/Universal Render Pipeline/Scaling Setup in 0.00s
    gles3 (total internal programs: 3, unique: 3)
    vulkan (total internal programs: 3, unique: 3)
Compiling shader "Hidden/Universal Render Pipeline/LutBuilderHdr" pass "LutBuilderHdr" (vp)
    Full variant space:         12
    After settings filtering:   6
    After built-in stripping:   6
    After scriptable stripping: 6
    Processed in 0.00 seconds
    starting compilation...
    finished in 0.14 seconds. Local cache hits 0 (0.00s CPU time), remote cache hits 0 (0.00s CPU time), compiled 6 variants (0.69s CPU time), skipped 0 variants
    Prepared data for serialisation in 0.00s
Serialized binary data for shader Hidden/Universal Render Pipeline/LutBuilderHdr in 0.00s
    gles3 (total internal programs: 3, unique: 3)
    vulkan (total internal programs: 3, unique: 3)
Compiling shader "TextMeshPro/Mobile/Distance Field" pass "" (vp)
    Full variant space:         24
    After settings filtering:   24
    After built-in stripping:   24
    After scriptable stripping: 24
    Processed in 0.00 seconds
    starting compilation...
    finished in 0.13 seconds. Local cache hits 0 (0.00s CPU time), remote cache hits 0 (0.00s CPU time), compiled 24 variants (1.79s CPU time), skipped 0 variants
    Prepared data for serialisation in 0.00s
Serialized binary data for shader TextMeshPro/Mobile/Distance Field in 0.00s
    gles3 (total internal programs: 12, unique: 12)
    vulkan (total internal programs: 12, unique: 12)
Compiling shader "Legacy Shaders/VertexLit" pass "" (vp)
    Full variant space:         24
    After settings filtering:   24
    After built-in stripping:   6
    After scriptable stripping: 6
    Processed in 0.00 seconds
    starting compilation...
    finished in 0.09 seconds. Local cache hits 0 (0.00s CPU time), remote cache hits 0 (0.00s CPU time), compiled 6 variants (0.34s CPU time), skipped 0 variants
    Prepared data for serialisation in 0.00s
Compiling shader "Legacy Shaders/VertexLit" pass "" (vp)
    Full variant space:         8
    After settings filtering:   8
    After built-in stripping:   2
    After scriptable stripping: 2
    Processed in 0.00 seconds
    starting compilation...
    finished in 0.02 seconds. Local cache hits 0 (0.00s CPU time), remote cache hits 0 (0.00s CPU time), compiled 2 variants (0.04s CPU time), skipped 0 variants
    Prepared data for serialisation in 0.00s
Compiling shader "Legacy Shaders/VertexLit" pass "ShadowCaster" (vp)
    Full variant space:         8
    After settings filtering:   8
    After built-in stripping:   4
    After scriptable stripping: 4
    Processed in 0.00 seconds
    starting compilation...
    finished in 0.02 seconds. Local cache hits 0 (0.00s CPU time), remote cache hits 0 (0.00s CPU time), compiled 4 variants (0.08s CPU time), skipped 0 variants
    Prepared data for serialisation in 0.00s
Serialized binary data for shader Legacy Shaders/VertexLit in 0.00s
    gles3 (total internal programs: 6, unique: 6)
    vulkan (total internal programs: 6, unique: 6)
Compiling shader "Legacy Shaders/Diffuse" pass "FORWARD" (vp)
    Full variant space:         1328
    After settings filtering:   1328
    After built-in stripping:   16
    After scriptable stripping: 16
    Processed in 0.00 seconds
    starting compilation...
    finished in 0.08 seconds. Local cache hits 0 (0.00s CPU time), remote cache hits 0 (0.00s CPU time), compiled 16 variants (1.15s CPU time), skipped 0 variants
    Prepared data for serialisation in 0.00s
Compiling shader "Legacy Shaders/Diffuse" pass "FORWARD" (vp)
    Full variant space:         40
    After settings filtering:   40
    After built-in stripping:   10
    After scriptable stripping: 10
    Processed in 0.00 seconds
    starting compilation...
    finished in 0.05 seconds. Local cache hits 0 (0.00s CPU time), remote cache hits 0 (0.00s CPU time), compiled 10 variants (0.43s CPU time), skipped 0 variants
    Prepared data for serialisation in 0.00s
Compiling shader "Legacy Shaders/Diffuse" pass "DEFERRED" (vp)
    Full variant space:         152
    After settings filtering:   152
    After built-in stripping:   8
    After scriptable stripping: 8
    Processed in 0.00 seconds
    starting compilation...
    finished in 0.04 seconds. Local cache hits 0 (0.00s CPU time), remote cache hits 0 (0.00s CPU time), compiled 8 variants (0.31s CPU time), skipped 0 variants
    Prepared data for serialisation in 0.00s
Serialized binary data for shader Legacy Shaders/Diffuse in 0.00s
    gles3 (total internal programs: 17, unique: 17)
    vulkan (total internal programs: 17, unique: 17)
Compiling shader "Hidden/Internal-StencilWrite" pass "" (vp)
    Full variant space:         2
    After settings filtering:   2
    After built-in stripping:   2
    After scriptable stripping: 2
    Processed in 0.00 seconds
    starting compilation...
    finished in 0.02 seconds. Local cache hits 0 (0.00s CPU time), remote cache hits 0 (0.00s CPU time), compiled 2 variants (0.03s CPU time), skipped 0 variants
    Prepared data for serialisation in 0.00s
Serialized binary data for shader Hidden/Internal-StencilWrite in 0.00s
    gles3 (total internal programs: 1, unique: 1)
    vulkan (total internal programs: 1, unique: 1)
Compiling shader "Hidden/Internal-DepthNormalsTexture" pass "" (vp)
    Full variant space:         2
    After settings filtering:   2
    After built-in stripping:   2
    After scriptable stripping: 2
    Processed in 0.00 seconds
    starting compilation...
    finished in 0.02 seconds. Local cache hits 0 (0.00s CPU time), remote cache hits 0 (0.00s CPU time), compiled 2 variants (0.04s CPU time), skipped 0 variants
    Prepared data for serialisation in 0.00s
Compiling shader "Hidden/Internal-DepthNormalsTexture" pass "" (vp)
    Full variant space:         2
    After settings filtering:   2
    After built-in stripping:   2
    After scriptable stripping: 2
    Processed in 0.00 seconds
    starting compilation...
    finished in 0.02 seconds. Local cache hits 0 (0.00s CPU time), remote cache hits 0 (0.00s CPU time), compiled 2 variants (0.05s CPU time), skipped 0 variants
    Prepared data for serialisation in 0.00s
Compiling shader "Hidden/Internal-DepthNormalsTexture" pass "" (vp)
    Full variant space:         2
    After settings filtering:   2
    After built-in stripping:   2
    After scriptable stripping: 2
    Processed in 0.00 seconds
    starting compilation...
    finished in 0.04 seconds. Local cache hits 0 (0.00s CPU time), remote cache hits 0 (0.00s CPU time), compiled 2 variants (0.08s CPU time), skipped 0 variants
    Prepared data for serialisation in 0.00s
Compiling shader "Hidden/Internal-DepthNormalsTexture" pass "" (vp)
    Full variant space:         2
    After settings filtering:   2
    After built-in stripping:   2
    After scriptable stripping: 2
    Processed in 0.00 seconds
    starting compilation...
    finished in 0.05 seconds. Local cache hits 0 (0.00s CPU time), remote cache hits 0 (0.00s CPU time), compiled 2 variants (0.09s CPU time), skipped 0 variants
    Prepared data for serialisation in 0.00s
Compiling shader "Hidden/Internal-DepthNormalsTexture" pass "" (vp)
    Full variant space:         2
    After settings filtering:   2
    After built-in stripping:   2
    After scriptable stripping: 2
    Processed in 0.00 seconds
    starting compilation...
    finished in 0.02 seconds. Local cache hits 0 (0.00s CPU time), remote cache hits 0 (0.00s CPU time), compiled 2 variants (0.04s CPU time), skipped 0 variants
    Prepared data for serialisation in 0.00s
Compiling shader "Hidden/Internal-DepthNormalsTexture" pass "" (vp)
    Full variant space:         2
    After settings filtering:   2
    After built-in stripping:   2
    After scriptable stripping: 2
    Processed in 0.00 seconds
    starting compilation...
    finished in 0.03 seconds. Local cache hits 0 (0.00s CPU time), remote cache hits 0 (0.00s CPU time), compiled 2 variants (0.05s CPU time), skipped 0 variants
    Prepared data for serialisation in 0.00s
Compiling shader "Hidden/Internal-DepthNormalsTexture" pass "" (vp)
    Full variant space:         2
    After settings filtering:   2
    After built-in stripping:   2
    After scriptable stripping: 2
    Processed in 0.00 seconds
    starting compilation...
    finished in 0.03 seconds. Local cache hits 0 (0.00s CPU time), remote cache hits 0 (0.00s CPU time), compiled 2 variants (0.05s CPU time), skipped 0 variants
    Prepared data for serialisation in 0.00s
Compiling shader "Hidden/Internal-DepthNormalsTexture" pass "" (vp)
    Full variant space:         2
    After settings filtering:   2
    After built-in stripping:   2
    After scriptable stripping: 2
    Processed in 0.00 seconds
    starting compilation...
    finished in 0.02 seconds. Local cache hits 0 (0.00s CPU time), remote cache hits 0 (0.00s CPU time), compiled 2 variants (0.04s CPU time), skipped 0 variants
    Prepared data for serialisation in 0.00s
Compiling shader "Hidden/Internal-DepthNormalsTexture" pass "" (vp)
    Full variant space:         2
    After settings filtering:   2
    After built-in stripping:   2
    After scriptable stripping: 2
    Processed in 0.00 seconds
    starting compilation...
    finished in 0.04 seconds. Local cache hits 0 (0.00s CPU time), remote cache hits 0 (0.00s CPU time), compiled 2 variants (0.08s CPU time), skipped 0 variants
    Prepared data for serialisation in 0.00s
Compiling shader "Hidden/Internal-DepthNormalsTexture" pass "" (vp)
    Full variant space:         2
    After settings filtering:   2
    After built-in stripping:   2
    After scriptable stripping: 2
    Processed in 0.00 seconds
    starting compilation...
    finished in 0.04 seconds. Local cache hits 0 (0.00s CPU time), remote cache hits 0 (0.00s CPU time), compiled 2 variants (0.07s CPU time), skipped 0 variants
    Prepared data for serialisation in 0.00s
Serialized binary data for shader Hidden/Internal-DepthNormalsTexture in 0.00s
    gles3 (total internal programs: 10, unique: 10)
    vulkan (total internal programs: 10, unique: 10)
Compiling shader "Hidden/Internal-ScreenSpaceShadows" pass "" (vp)
    Full variant space:         8
    After settings filtering:   8
    After built-in stripping:   8
    After scriptable stripping: 8
    Processed in 0.00 seconds
    starting compilation...
    finished in 0.04 seconds. Local cache hits 0 (0.00s CPU time), remote cache hits 0 (0.00s CPU time), compiled 8 variants (0.32s CPU time), skipped 0 variants
    Prepared data for serialisation in 0.00s
Compiling shader "Hidden/Internal-ScreenSpaceShadows" pass "" (vp)
    Full variant space:         8
    After settings filtering:   8
    After built-in stripping:   8
    After scriptable stripping: 8
    Processed in 0.00 seconds
    starting compilation...
    finished in 0.05 seconds. Local cache hits 0 (0.00s CPU time), remote cache hits 0 (0.00s CPU time), compiled 8 variants (0.32s CPU time), skipped 0 variants
    Prepared data for serialisation in 0.00s
Compiling shader "Hidden/Internal-ScreenSpaceShadows" pass "" (vp)
    Full variant space:         8
    After settings filtering:   8
    After built-in stripping:   8
    After scriptable stripping: 8
    Processed in 0.00 seconds
    starting compilation...
    finished in 0.07 seconds. Local cache hits 0 (0.00s CPU time), remote cache hits 0 (0.00s CPU time), compiled 8 variants (0.48s CPU time), skipped 0 variants
    Prepared data for serialisation in 0.00s
Compiling shader "Hidden/Internal-ScreenSpaceShadows" pass "" (vp)
    Full variant space:         8
    After settings filtering:   8
    After built-in stripping:   8
    After scriptable stripping: 8
    Processed in 0.00 seconds
    starting compilation...
    finished in 0.07 seconds. Local cache hits 0 (0.00s CPU time), remote cache hits 0 (0.00s CPU time), compiled 8 variants (0.48s CPU time), skipped 0 variants
    Prepared data for serialisation in 0.00s
Serialized binary data for shader Hidden/Internal-ScreenSpaceShadows in 0.00s
    gles3 (total internal programs: 16, unique: 16)
    vulkan (total internal programs: 16, unique: 16)
Compiling shader "Hidden/Internal-CombineDepthNormals" pass "" (vp)
    Full variant space:         2
    After settings filtering:   2
    After built-in stripping:   2
    After scriptable stripping: 2
    Processed in 0.00 seconds
    starting compilation...
    finished in 0.02 seconds. Local cache hits 0 (0.00s CPU time), remote cache hits 0 (0.00s CPU time), compiled 2 variants (0.04s CPU time), skipped 0 variants
    Prepared data for serialisation in 0.00s
Serialized binary data for shader Hidden/Internal-CombineDepthNormals in 0.00s
    gles3 (total internal programs: 1, unique: 1)
    vulkan (total internal programs: 1, unique: 1)
Compiling shader "Hidden/BlitCopy" pass "" (vp)
    Full variant space:         2
    After settings filtering:   2
    After built-in stripping:   2
    After scriptable stripping: 2
    Processed in 0.00 seconds
    starting compilation...
    finished in 0.02 seconds. Local cache hits 0 (0.00s CPU time), remote cache hits 0 (0.00s CPU time), compiled 2 variants (0.03s CPU time), skipped 0 variants
    Prepared data for serialisation in 0.00s
Serialized binary data for shader Hidden/BlitCopy in 0.00s
    gles3 (total internal programs: 1, unique: 1)
    vulkan (total internal programs: 1, unique: 1)
Compiling shader "Hidden/BlitCopyDepth" pass "" (vp)
    Full variant space:         2
    After settings filtering:   2
    After built-in stripping:   2
    After scriptable stripping: 2
    Processed in 0.00 seconds
    starting compilation...
    finished in 0.01 seconds. Local cache hits 0 (0.00s CPU time), remote cache hits 0 (0.00s CPU time), compiled 2 variants (0.03s CPU time), skipped 0 variants
    Prepared data for serialisation in 0.00s
Serialized binary data for shader Hidden/BlitCopyDepth in 0.00s
    gles3 (total internal programs: 1, unique: 1)
    vulkan (total internal programs: 1, unique: 1)
Compiling shader "Hidden/ConvertTexture" pass "" (vp)
    Full variant space:         2
    After settings filtering:   2
    After built-in stripping:   2
    After scriptable stripping: 2
    Processed in 0.00 seconds
    starting compilation...
    finished in 0.02 seconds. Local cache hits 0 (0.00s CPU time), remote cache hits 0 (0.00s CPU time), compiled 2 variants (0.04s CPU time), skipped 0 variants
    Prepared data for serialisation in 0.00s
Serialized binary data for shader Hidden/ConvertTexture in 0.00s
    gles3 (total internal programs: 1, unique: 1)
    vulkan (total internal programs: 1, unique: 1)
Compiling shader "Hidden/Internal-DeferredShading" pass "" (vp)
    Full variant space:         188
    After settings filtering:   188
    After built-in stripping:   52
    After scriptable stripping: 52
    Processed in 0.00 seconds
    starting compilation...
    finished in 0.26 seconds. Local cache hits 0 (0.00s CPU time), remote cache hits 0 (0.00s CPU time), compiled 52 variants (4.55s CPU time), skipped 0 variants
    Prepared data for serialisation in 0.00s
Compiling shader "Hidden/Internal-DeferredShading" pass "" (vp)
    Full variant space:         2
    After settings filtering:   2
    After built-in stripping:   2
    After scriptable stripping: 2
    Processed in 0.00 seconds
    starting compilation...
    finished in 0.02 seconds. Local cache hits 0 (0.00s CPU time), remote cache hits 0 (0.00s CPU time), compiled 2 variants (0.03s CPU time), skipped 0 variants
    Prepared data for serialisation in 0.00s
Serialized binary data for shader Hidden/Internal-DeferredShading in 0.00s
    gles3 (total internal programs: 27, unique: 27)
    vulkan (total internal programs: 27, unique: 27)
Compiling shader "Hidden/Internal-DeferredReflections" pass "" (vp)
    Full variant space:         2
    After settings filtering:   2
    After built-in stripping:   2
    After scriptable stripping: 2
    Processed in 0.00 seconds
    starting compilation...
    finished in 0.04 seconds. Local cache hits 0 (0.00s CPU time), remote cache hits 0 (0.00s CPU time), compiled 2 variants (0.08s CPU time), skipped 0 variants
    Prepared data for serialisation in 0.00s
Compiling shader "Hidden/Internal-DeferredReflections" pass "" (vp)
    Full variant space:         4
    After settings filtering:   4
    After built-in stripping:   4
    After scriptable stripping: 4
    Processed in 0.00 seconds
    starting compilation...
    finished in 0.02 seconds. Local cache hits 0 (0.00s CPU time), remote cache hits 0 (0.00s CPU time), compiled 4 variants (0.07s CPU time), skipped 0 variants
    Prepared data for serialisation in 0.00s
Serialized binary data for shader Hidden/Internal-DeferredReflections in 0.00s
    gles3 (total internal programs: 3, unique: 3)
    vulkan (total internal programs: 3, unique: 3)
Compiling shader "Hidden/Internal-MotionVectors" pass "" (vp)
    Full variant space:         2
    After settings filtering:   2
    After built-in stripping:   2
    After scriptable stripping: 2
    Processed in 0.00 seconds
    starting compilation...
    finished in 0.02 seconds. Local cache hits 0 (0.00s CPU time), remote cache hits 0 (0.00s CPU time), compiled 2 variants (0.05s CPU time), skipped 0 variants
    Prepared data for serialisation in 0.00s
Compiling shader "Hidden/Internal-MotionVectors" pass "" (vp)
    Full variant space:         2
    After settings filtering:   2
    After built-in stripping:   2
    After scriptable stripping: 2
    Processed in 0.00 seconds
    starting compilation...
    finished in 0.02 seconds. Local cache hits 0 (0.00s CPU time), remote cache hits 0 (0.00s CPU time), compiled 2 variants (0.04s CPU time), skipped 0 variants
    Prepared data for serialisation in 0.00s
Compiling shader "Hidden/Internal-MotionVectors" pass "" (vp)
    Full variant space:         2
    After settings filtering:   2
    After built-in stripping:   2
    After scriptable stripping: 2
    Processed in 0.00 seconds
    starting compilation...
    finished in 0.02 seconds. Local cache hits 0 (0.00s CPU time), remote cache hits 0 (0.00s CPU time), compiled 2 variants (0.05s CPU time), skipped 0 variants
    Prepared data for serialisation in 0.00s
Serialized binary data for shader Hidden/Internal-MotionVectors in 0.00s
    gles3 (total internal programs: 3, unique: 3)
    vulkan (total internal programs: 3, unique: 3)
Compiling shader "Hidden/Internal-Flare" pass "" (vp)
    Full variant space:         2
    After settings filtering:   2
    After built-in stripping:   2
    After scriptable stripping: 2
    Processed in 0.00 seconds
    starting compilation...
    finished in 0.01 seconds. Local cache hits 0 (0.00s CPU time), remote cache hits 0 (0.00s CPU time), compiled 2 variants (0.03s CPU time), skipped 0 variants
    Prepared data for serialisation in 0.00s
Serialized binary data for shader Hidden/Internal-Flare in 0.00s
    gles3 (total internal programs: 1, unique: 1)
    vulkan (total internal programs: 1, unique: 1)
Compiling shader "Hidden/Internal-Halo" pass "" (vp)
    Full variant space:         8
    After settings filtering:   8
    After built-in stripping:   2
    After scriptable stripping: 2
    Processed in 0.00 seconds
    starting compilation...
    finished in 0.02 seconds. Local cache hits 0 (0.00s CPU time), remote cache hits 0 (0.00s CPU time), compiled 2 variants (0.03s CPU time), skipped 0 variants
    Prepared data for serialisation in 0.00s
Serialized binary data for shader Hidden/Internal-Halo in 0.00s
    gles3 (total internal programs: 1, unique: 1)
    vulkan (total internal programs: 1, unique: 1)
Compiling shader "Hidden/BlitCopyWithDepth" pass "" (vp)
    Full variant space:         2
    After settings filtering:   2
    After built-in stripping:   2
    After scriptable stripping: 2
    Processed in 0.00 seconds
    starting compilation...
    finished in 0.02 seconds. Local cache hits 0 (0.00s CPU time), remote cache hits 0 (0.00s CPU time), compiled 2 variants (0.03s CPU time), skipped 0 variants
    Prepared data for serialisation in 0.00s
Serialized binary data for shader Hidden/BlitCopyWithDepth in 0.00s
    gles3 (total internal programs: 1, unique: 1)
    vulkan (total internal programs: 1, unique: 1)
Compiling shader "Hidden/BlitToDepth" pass "" (vp)
    Full variant space:         2
    After settings filtering:   2
    After built-in stripping:   2
    After scriptable stripping: 2
    Processed in 0.00 seconds
    starting compilation...
    finished in 0.02 seconds. Local cache hits 0 (0.00s CPU time), remote cache hits 0 (0.00s CPU time), compiled 2 variants (0.03s CPU time), skipped 0 variants
    Prepared data for serialisation in 0.00s
Serialized binary data for shader Hidden/BlitToDepth in 0.00s
    gles3 (total internal programs: 1, unique: 1)
    vulkan (total internal programs: 1, unique: 1)
Compiling shader "Hidden/BlitToDepth_MSAA" pass "" (vp)
    Full variant space:         2
    After settings filtering:   2
    After built-in stripping:   2
    After scriptable stripping: 2
    Processed in 0.00 seconds
    starting compilation...
    finished in 0.01 seconds. Local cache hits 0 (0.00s CPU time), remote cache hits 0 (0.00s CPU time), compiled 2 variants (0.03s CPU time), skipped 0 variants
    Prepared data for serialisation in 0.00s
Serialized binary data for shader Hidden/BlitToDepth_MSAA in 0.00s
    gles3 (total internal programs: 1, unique: 1)
    vulkan (total internal programs: 1, unique: 1)
Compiling shader "Hidden/BlitCopyHDRTonemap" pass "" (vp)
    Full variant space:         2
    After settings filtering:   2
    After built-in stripping:   2
    After scriptable stripping: 2
    Processed in 0.00 seconds
    starting compilation...
    finished in 0.03 seconds. Local cache hits 0 (0.00s CPU time), remote cache hits 0 (0.00s CPU time), compiled 2 variants (0.06s CPU time), skipped 0 variants
    Prepared data for serialisation in 0.00s
Serialized binary data for shader Hidden/BlitCopyHDRTonemap in 0.00s
    gles3 (total internal programs: 1, unique: 1)
    vulkan (total internal programs: 1, unique: 1)
Compiling shader "Hidden/Internal-DebugPattern" pass "Target Color and DepthStencil" (vp)
    Full variant space:         2
    After settings filtering:   2
    After built-in stripping:   2
    After scriptable stripping: 2
    Processed in 0.00 seconds
    starting compilation...
    finished in 0.02 seconds. Local cache hits 0 (0.00s CPU time), remote cache hits 0 (0.00s CPU time), compiled 2 variants (0.03s CPU time), skipped 0 variants
    Prepared data for serialisation in 0.00s
Compiling shader "Hidden/Internal-DebugPattern" pass "Target only Color" (vp)
    Full variant space:         2
    After settings filtering:   2
    After built-in stripping:   2
    After scriptable stripping: 2
    Processed in 0.00 seconds
    starting compilation...
    finished in 0.01 seconds. Local cache hits 0 (0.00s CPU time), remote cache hits 0 (0.00s CPU time), compiled 2 variants (0.03s CPU time), skipped 0 variants
    Prepared data for serialisation in 0.00s
Compiling shader "Hidden/Internal-DebugPattern" pass "Target only DepthStencil" (vp)
    Full variant space:         2
    After settings filtering:   2
    After built-in stripping:   2
    After scriptable stripping: 2
    Processed in 0.00 seconds
    starting compilation...
    finished in 0.02 seconds. Local cache hits 0 (0.00s CPU time), remote cache hits 0 (0.00s CPU time), compiled 2 variants (0.03s CPU time), skipped 0 variants
    Prepared data for serialisation in 0.00s
Serialized binary data for shader Hidden/Internal-DebugPattern in 0.00s
    gles3 (total internal programs: 3, unique: 3)
    vulkan (total internal programs: 3, unique: 3)
Compiling shader "Hidden/Internal-GUITextureClip" pass "" (vp)
    Full variant space:         2
    After settings filtering:   2
    After built-in stripping:   2
    After scriptable stripping: 2
    Processed in 0.00 seconds
    starting compilation...
    finished in 0.02 seconds. Local cache hits 0 (0.00s CPU time), remote cache hits 0 (0.00s CPU time), compiled 2 variants (0.04s CPU time), skipped 0 variants
    Prepared data for serialisation in 0.00s
Compiling shader "Hidden/Internal-GUITextureClip" pass "" (vp)
    Full variant space:         2
    After settings filtering:   2
    After built-in stripping:   2
    After scriptable stripping: 2
    Processed in 0.00 seconds
    starting compilation...
    finished in 0.02 seconds. Local cache hits 0 (0.00s CPU time), remote cache hits 0 (0.00s CPU time), compiled 2 variants (0.04s CPU time), skipped 0 variants
    Prepared data for serialisation in 0.00s
Serialized binary data for shader Hidden/Internal-GUITextureClip in 0.00s
    gles3 (total internal programs: 2, unique: 1)
    vulkan (total internal programs: 2, unique: 1)
Compiling shader "Hidden/Internal-GUITextureClipText" pass "" (vp)
    Full variant space:         2
    After settings filtering:   2
    After built-in stripping:   2
    After scriptable stripping: 2
    Processed in 0.00 seconds
    starting compilation...
    finished in 0.02 seconds. Local cache hits 0 (0.00s CPU time), remote cache hits 0 (0.00s CPU time), compiled 2 variants (0.03s CPU time), skipped 0 variants
    Prepared data for serialisation in 0.00s
Compiling shader "Hidden/Internal-GUITextureClipText" pass "" (vp)
    Full variant space:         2
    After settings filtering:   2
    After built-in stripping:   2
    After scriptable stripping: 2
    Processed in 0.00 seconds
    starting compilation...
    finished in 0.02 seconds. Local cache hits 0 (0.00s CPU time), remote cache hits 0 (0.00s CPU time), compiled 2 variants (0.03s CPU time), skipped 0 variants
    Prepared data for serialisation in 0.00s
Serialized binary data for shader Hidden/Internal-GUITextureClipText in 0.00s
    gles3 (total internal programs: 2, unique: 1)
    vulkan (total internal programs: 2, unique: 1)
Compiling shader "Hidden/Internal-GUITexture" pass "" (vp)
    Full variant space:         2
    After settings filtering:   2
    After built-in stripping:   2
    After scriptable stripping: 2
    Processed in 0.00 seconds
    starting compilation...
    finished in 0.01 seconds. Local cache hits 0 (0.00s CPU time), remote cache hits 0 (0.00s CPU time), compiled 2 variants (0.03s CPU time), skipped 0 variants
    Prepared data for serialisation in 0.00s
Compiling shader "Hidden/Internal-GUITexture" pass "" (vp)
    Full variant space:         2
    After settings filtering:   2
    After built-in stripping:   2
    After scriptable stripping: 2
    Processed in 0.00 seconds
    starting compilation...
    finished in 0.02 seconds. Local cache hits 0 (0.00s CPU time), remote cache hits 0 (0.00s CPU time), compiled 2 variants (0.03s CPU time), skipped 0 variants
    Prepared data for serialisation in 0.00s
Serialized binary data for shader Hidden/Internal-GUITexture in 0.00s
    gles3 (total internal programs: 2, unique: 1)
    vulkan (total internal programs: 2, unique: 1)
Compiling shader "Hidden/Internal-GUITextureBlit" pass "" (vp)
    Full variant space:         2
    After settings filtering:   2
    After built-in stripping:   2
    After scriptable stripping: 2
    Processed in 0.00 seconds
    starting compilation...
    finished in 0.02 seconds. Local cache hits 0 (0.00s CPU time), remote cache hits 0 (0.00s CPU time), compiled 2 variants (0.04s CPU time), skipped 0 variants
    Prepared data for serialisation in 0.00s
Compiling shader "Hidden/Internal-GUITextureBlit" pass "" (vp)
    Full variant space:         2
    After settings filtering:   2
    After built-in stripping:   2
    After scriptable stripping: 2
    Processed in 0.00 seconds
    starting compilation...
    finished in 0.02 seconds. Local cache hits 0 (0.00s CPU time), remote cache hits 0 (0.00s CPU time), compiled 2 variants (0.04s CPU time), skipped 0 variants
    Prepared data for serialisation in 0.00s
Serialized binary data for shader Hidden/Internal-GUITextureBlit in 0.00s
    gles3 (total internal programs: 2, unique: 1)
    vulkan (total internal programs: 2, unique: 1)
Compiling shader "Hidden/Internal-GUIRoundedRect" pass "" (vp)
    Full variant space:         2
    After settings filtering:   2
    After built-in stripping:   2
    After scriptable stripping: 2
    Processed in 0.00 seconds
    starting compilation...
    finished in 0.03 seconds. Local cache hits 0 (0.00s CPU time), remote cache hits 0 (0.00s CPU time), compiled 2 variants (0.06s CPU time), skipped 0 variants
    Prepared data for serialisation in 0.00s
Compiling shader "Hidden/Internal-GUIRoundedRect" pass "" (vp)
    Full variant space:         2
    After settings filtering:   2
    After built-in stripping:   2
    After scriptable stripping: 2
    Processed in 0.00 seconds
    starting compilation...
    finished in 0.03 seconds. Local cache hits 0 (0.00s CPU time), remote cache hits 0 (0.00s CPU time), compiled 2 variants (0.06s CPU time), skipped 0 variants
    Prepared data for serialisation in 0.00s
Serialized binary data for shader Hidden/Internal-GUIRoundedRect in 0.00s
    gles3 (total internal programs: 2, unique: 1)
    vulkan (total internal programs: 2, unique: 1)
Compiling shader "Hidden/Internal-GUIRoundedRectWithColorPerBorder" pass "" (vp)
    Full variant space:         2
    After settings filtering:   2
    After built-in stripping:   2
    After scriptable stripping: 2
    Processed in 0.00 seconds
    starting compilation...
    finished in 0.04 seconds. Local cache hits 0 (0.00s CPU time), remote cache hits 0 (0.00s CPU time), compiled 2 variants (0.08s CPU time), skipped 0 variants
    Prepared data for serialisation in 0.00s
Compiling shader "Hidden/Internal-GUIRoundedRectWithColorPerBorder" pass "" (vp)
    Full variant space:         2
    After settings filtering:   2
    After built-in stripping:   2
    After scriptable stripping: 2
    Processed in 0.00 seconds
    starting compilation...
    finished in 0.04 seconds. Local cache hits 0 (0.00s CPU time), remote cache hits 0 (0.00s CPU time), compiled 2 variants (0.08s CPU time), skipped 0 variants
    Prepared data for serialisation in 0.00s
Serialized binary data for shader Hidden/Internal-GUIRoundedRectWithColorPerBorder in 0.00s
    gles3 (total internal programs: 2, unique: 1)
    vulkan (total internal programs: 2, unique: 1)
Compiling shader "Hidden/Internal-UIRDefault" pass "" (vp)
    Full variant space:         2
    After settings filtering:   2
    After built-in stripping:   2
    After scriptable stripping: 2
    Processed in 0.00 seconds
    starting compilation...
    finished in 0.10 seconds. Local cache hits 0 (0.00s CPU time), remote cache hits 0 (0.00s CPU time), compiled 2 variants (0.20s CPU time), skipped 0 variants
    Prepared data for serialisation in 0.00s
Compiling shader "Hidden/Internal-UIRDefault" pass "" (vp)
    Full variant space:         2
    After settings filtering:   2
    After built-in stripping:   2
    After scriptable stripping: 2
    Processed in 0.00 seconds
    starting compilation...
    finished in 0.09 seconds. Local cache hits 0 (0.00s CPU time), remote cache hits 0 (0.00s CPU time), compiled 2 variants (0.18s CPU time), skipped 0 variants
    Prepared data for serialisation in 0.00s
Serialized binary data for shader Hidden/Internal-UIRDefault in 0.00s
    gles3 (total internal programs: 2, unique: 2)
    vulkan (total internal programs: 2, unique: 2)
Compiling shader "Hidden/Internal-UIRAtlasBlitCopy" pass "" (vp)
    Full variant space:         2
    After settings filtering:   2
    After built-in stripping:   2
    After scriptable stripping: 2
    Processed in 0.00 seconds
    starting compilation...
    finished in 0.02 seconds. Local cache hits 0 (0.00s CPU time), remote cache hits 0 (0.00s CPU time), compiled 2 variants (0.04s CPU time), skipped 0 variants
    Prepared data for serialisation in 0.00s
Serialized binary data for shader Hidden/Internal-UIRAtlasBlitCopy in 0.00s
    gles3 (total internal programs: 1, unique: 1)
    vulkan (total internal programs: 1, unique: 1)
Compiling shader "Hidden/Internal-UIRDefaultWorld" pass "" (vp)
    Full variant space:         2
    After settings filtering:   2
    After built-in stripping:   2
    After scriptable stripping: 2
    Processed in 0.00 seconds
    starting compilation...
    finished in 0.10 seconds. Local cache hits 0 (0.00s CPU time), remote cache hits 0 (0.00s CPU time), compiled 2 variants (0.19s CPU time), skipped 0 variants
    Prepared data for serialisation in 0.00s
Compiling shader "Hidden/Internal-UIRDefaultWorld" pass "" (vp)
    Full variant space:         2
    After settings filtering:   2
    After built-in stripping:   2
    After scriptable stripping: 2
    Processed in 0.00 seconds
    starting compilation...
    finished in 0.09 seconds. Local cache hits 0 (0.00s CPU time), remote cache hits 0 (0.00s CPU time), compiled 2 variants (0.18s CPU time), skipped 0 variants
    Prepared data for serialisation in 0.00s
Serialized binary data for shader Hidden/Internal-UIRDefaultWorld in 0.00s
    gles3 (total internal programs: 2, unique: 2)
    vulkan (total internal programs: 2, unique: 2)
Compiling shader "Sprites/Default" pass "" (vp)
    Full variant space:         16
    After settings filtering:   16
    After built-in stripping:   8
    After scriptable stripping: 8
    Processed in 0.00 seconds
    starting compilation...
    finished in 0.02 seconds. Local cache hits 0 (0.00s CPU time), remote cache hits 0 (0.00s CPU time), compiled 8 variants (0.17s CPU time), skipped 0 variants
    Prepared data for serialisation in 0.00s
Serialized binary data for shader Sprites/Default in 0.00s
    gles3 (total internal programs: 4, unique: 4)
    vulkan (total internal programs: 4, unique: 4)
Compiling shader "Sprites/Mask" pass "" (vp)
    Full variant space:         8
    After settings filtering:   8
    After built-in stripping:   8
    After scriptable stripping: 8
    Processed in 0.00 seconds
    starting compilation...
    finished in 0.02 seconds. Local cache hits 0 (0.00s CPU time), remote cache hits 0 (0.00s CPU time), compiled 8 variants (0.17s CPU time), skipped 0 variants
    Prepared data for serialisation in 0.00s
Serialized binary data for shader Sprites/Mask in 0.00s
    gles3 (total internal programs: 4, unique: 4)
    vulkan (total internal programs: 4, unique: 4)
Compiling shader "UI/Default" pass "Default" (vp)
    Full variant space:         8
    After settings filtering:   8
    After built-in stripping:   8
    After scriptable stripping: 8
    Processed in 0.00 seconds
    starting compilation...
    finished in 0.04 seconds. Local cache hits 0 (0.00s CPU time), remote cache hits 0 (0.00s CPU time), compiled 8 variants (0.26s CPU time), skipped 0 variants
    Prepared data for serialisation in 0.00s
Serialized binary data for shader UI/Default in 0.00s
    gles3 (total internal programs: 4, unique: 4)
    vulkan (total internal programs: 4, unique: 4)
Compiling shader "UI/DefaultETC1" pass "Default" (vp)
    Full variant space:         8
    After settings filtering:   8
    After built-in stripping:   8
    After scriptable stripping: 8
    Processed in 0.00 seconds
    starting compilation...
    finished in 0.04 seconds. Local cache hits 0 (0.00s CPU time), remote cache hits 0 (0.00s CPU time), compiled 8 variants (0.27s CPU time), skipped 0 variants
    Prepared data for serialisation in 0.00s
Serialized binary data for shader UI/DefaultETC1 in 0.00s
    gles3 (total internal programs: 4, unique: 4)
    vulkan (total internal programs: 4, unique: 4)
Compiling shader "Hidden/CubeBlur" pass "" (vp)
    Full variant space:         2
    After settings filtering:   2
    After built-in stripping:   2
    After scriptable stripping: 2
    Processed in 0.00 seconds
    starting compilation...
    finished in 0.05 seconds. Local cache hits 0 (0.00s CPU time), remote cache hits 0 (0.00s CPU time), compiled 2 variants (0.10s CPU time), skipped 0 variants
    Prepared data for serialisation in 0.00s
Compiling shader "Hidden/CubeBlur" pass "" (vp)
    Full variant space:         2
    After settings filtering:   2
    After built-in stripping:   2
    After scriptable stripping: 2
    Processed in 0.00 seconds
    starting compilation...
    finished in 0.02 seconds. Local cache hits 0 (0.00s CPU time), remote cache hits 0 (0.00s CPU time), compiled 2 variants (0.04s CPU time), skipped 0 variants
    Prepared data for serialisation in 0.00s
Serialized binary data for shader Hidden/CubeBlur in 0.00s
    gles3 (total internal programs: 2, unique: 2)
    vulkan (total internal programs: 2, unique: 2)
Compiling shader "Hidden/CubeCopy" pass "" (vp)
    Full variant space:         2
    After settings filtering:   2
    After built-in stripping:   2
    After scriptable stripping: 2
    Processed in 0.00 seconds
    starting compilation...
    finished in 0.02 seconds. Local cache hits 0 (0.00s CPU time), remote cache hits 0 (0.00s CPU time), compiled 2 variants (0.03s CPU time), skipped 0 variants
    Prepared data for serialisation in 0.00s
Compiling shader "Hidden/CubeCopy" pass "" (vp)
    Full variant space:         2
    After settings filtering:   2
    After built-in stripping:   2
    After scriptable stripping: 2
    Processed in 0.00 seconds
    starting compilation...
    finished in 0.02 seconds. Local cache hits 0 (0.00s CPU time), remote cache hits 0 (0.00s CPU time), compiled 2 variants (0.03s CPU time), skipped 0 variants
    Prepared data for serialisation in 0.00s
Serialized binary data for shader Hidden/CubeCopy in 0.00s
    gles3 (total internal programs: 2, unique: 1)
    vulkan (total internal programs: 2, unique: 1)
Compiling shader "Hidden/CubeBlend" pass "" (vp)
    Full variant space:         2
    After settings filtering:   2
    After built-in stripping:   2
    After scriptable stripping: 2
    Processed in 0.00 seconds
    starting compilation...
    finished in 0.02 seconds. Local cache hits 0 (0.00s CPU time), remote cache hits 0 (0.00s CPU time), compiled 2 variants (0.03s CPU time), skipped 0 variants
    Prepared data for serialisation in 0.00s
Compiling shader "Hidden/CubeBlend" pass "" (vp)
    Full variant space:         2
    After settings filtering:   2
    After built-in stripping:   2
    After scriptable stripping: 2
    Processed in 0.00 seconds
    starting compilation...
    finished in 0.02 seconds. Local cache hits 0 (0.00s CPU time), remote cache hits 0 (0.00s CPU time), compiled 2 variants (0.03s CPU time), skipped 0 variants
    Prepared data for serialisation in 0.00s
Serialized binary data for shader Hidden/CubeBlend in 0.00s
    gles3 (total internal programs: 2, unique: 1)
    vulkan (total internal programs: 2, unique: 1)
Compiling shader "Hidden/VR/BlitTexArraySlice" pass "" (vp)
    Full variant space:         2
    After settings filtering:   2
    After built-in stripping:   2
    After scriptable stripping: 2
    Processed in 0.00 seconds
    starting compilation...
    finished in 0.02 seconds. Local cache hits 0 (0.00s CPU time), remote cache hits 0 (0.00s CPU time), compiled 2 variants (0.03s CPU time), skipped 0 variants
    Prepared data for serialisation in 0.00s
Serialized binary data for shader Hidden/VR/BlitTexArraySlice in 0.00s
    gles3 (total internal programs: 1, unique: 1)
    vulkan (total internal programs: 1, unique: 1)
Compiling shader "Hidden/Internal-ODSWorldTexture" pass "" (vp)
    Full variant space:         2
    After settings filtering:   2
    After built-in stripping:   2
    After scriptable stripping: 2
    Processed in 0.00 seconds
    starting compilation...
    finished in 0.01 seconds. Local cache hits 0 (0.00s CPU time), remote cache hits 0 (0.00s CPU time), compiled 2 variants (0.03s CPU time), skipped 0 variants
    Prepared data for serialisation in 0.00s
Compiling shader "Hidden/Internal-ODSWorldTexture" pass "" (vp)
    Full variant space:         2
    After settings filtering:   2
    After built-in stripping:   2
    After scriptable stripping: 2
    Processed in 0.00 seconds
    starting compilation...
    finished in 0.02 seconds. Local cache hits 0 (0.00s CPU time), remote cache hits 0 (0.00s CPU time), compiled 2 variants (0.03s CPU time), skipped 0 variants
    Prepared data for serialisation in 0.00s
Compiling shader "Hidden/Internal-ODSWorldTexture" pass "" (vp)
    Full variant space:         2
    After settings filtering:   2
    After built-in stripping:   2
    After scriptable stripping: 2
    Processed in 0.00 seconds
    starting compilation...
    finished in 0.03 seconds. Local cache hits 0 (0.00s CPU time), remote cache hits 0 (0.00s CPU time), compiled 2 variants (0.06s CPU time), skipped 0 variants
    Prepared data for serialisation in 0.00s
Compiling shader "Hidden/Internal-ODSWorldTexture" pass "" (vp)
    Full variant space:         2
    After settings filtering:   2
    After built-in stripping:   2
    After scriptable stripping: 2
    Processed in 0.00 seconds
    starting compilation...
    finished in 0.04 seconds. Local cache hits 0 (0.00s CPU time), remote cache hits 0 (0.00s CPU time), compiled 2 variants (0.08s CPU time), skipped 0 variants
    Prepared data for serialisation in 0.00s
Compiling shader "Hidden/Internal-ODSWorldTexture" pass "" (vp)
    Full variant space:         2
    After settings filtering:   2
    After built-in stripping:   2
    After scriptable stripping: 2
    Processed in 0.00 seconds
    starting compilation...
    finished in 0.02 seconds. Local cache hits 0 (0.00s CPU time), remote cache hits 0 (0.00s CPU time), compiled 2 variants (0.04s CPU time), skipped 0 variants
    Prepared data for serialisation in 0.00s
Compiling shader "Hidden/Internal-ODSWorldTexture" pass "" (vp)
    Full variant space:         2
    After settings filtering:   2
    After built-in stripping:   2
    After scriptable stripping: 2
    Processed in 0.00 seconds
    starting compilation...
    finished in 0.02 seconds. Local cache hits 0 (0.00s CPU time), remote cache hits 0 (0.00s CPU time), compiled 2 variants (0.04s CPU time), skipped 0 variants
    Prepared data for serialisation in 0.00s
Compiling shader "Hidden/Internal-ODSWorldTexture" pass "" (vp)
    Full variant space:         2
    After settings filtering:   2
    After built-in stripping:   2
    After scriptable stripping: 2
    Processed in 0.00 seconds
    starting compilation...
    finished in 0.02 seconds. Local cache hits 0 (0.00s CPU time), remote cache hits 0 (0.00s CPU time), compiled 2 variants (0.04s CPU time), skipped 0 variants
    Prepared data for serialisation in 0.00s
Compiling shader "Hidden/Internal-ODSWorldTexture" pass "" (vp)
    Full variant space:         2
    After settings filtering:   2
    After built-in stripping:   2
    After scriptable stripping: 2
    Processed in 0.00 seconds
    starting compilation...
    finished in 0.02 seconds. Local cache hits 0 (0.00s CPU time), remote cache hits 0 (0.00s CPU time), compiled 2 variants (0.04s CPU time), skipped 0 variants
    Prepared data for serialisation in 0.00s
Compiling shader "Hidden/Internal-ODSWorldTexture" pass "" (vp)
    Full variant space:         2
    After settings filtering:   2
    After built-in stripping:   2
    After scriptable stripping: 2
    Processed in 0.00 seconds
    starting compilation...
    finished in 0.03 seconds. Local cache hits 0 (0.00s CPU time), remote cache hits 0 (0.00s CPU time), compiled 2 variants (0.06s CPU time), skipped 0 variants
    Prepared data for serialisation in 0.00s
Compiling shader "Hidden/Internal-ODSWorldTexture" pass "" (vp)
    Full variant space:         2
    After settings filtering:   2
    After built-in stripping:   2
    After scriptable stripping: 2
    Processed in 0.00 seconds
    starting compilation...
    finished in 0.03 seconds. Local cache hits 0 (0.00s CPU time), remote cache hits 0 (0.00s CPU time), compiled 2 variants (0.06s CPU time), skipped 0 variants
    Prepared data for serialisation in 0.00s
Serialized binary data for shader Hidden/Internal-ODSWorldTexture in 0.00s
    gles3 (total internal programs: 10, unique: 9)
    vulkan (total internal programs: 10, unique: 9)
Compiling shader "Hidden/Internal-CubemapToEquirect" pass "" (vp)
    Full variant space:         2
    After settings filtering:   2
    After built-in stripping:   2
    After scriptable stripping: 2
    Processed in 0.00 seconds
    starting compilation...
    finished in 0.01 seconds. Local cache hits 0 (0.00s CPU time), remote cache hits 0 (0.00s CPU time), compiled 2 variants (0.03s CPU time), skipped 0 variants
    Prepared data for serialisation in 0.00s
Serialized binary data for shader Hidden/Internal-CubemapToEquirect in 0.00s
    gles3 (total internal programs: 1, unique: 1)
    vulkan (total internal programs: 1, unique: 1)
Compiling shader "Hidden/VR/BlitFromTex2DToTexArraySlice" pass "" (vp)
    Full variant space:         1
    After settings filtering:   1
    After built-in stripping:   1
    After scriptable stripping: 1
    Processed in 0.00 seconds
    starting compilation...
    finished in 0.01 seconds. Local cache hits 0 (0.00s CPU time), remote cache hits 0 (0.00s CPU time), compiled 1 variants (0.01s CPU time), skipped 0 variants
    Prepared data for serialisation in 0.00s
Compiling shader "Hidden/VR/BlitFromTex2DToTexArraySlice" pass "" (vp)
    Full variant space:         2
    After settings filtering:   2
    After built-in stripping:   2
    After scriptable stripping: 2
    Processed in 0.00 seconds
    starting compilation...
    finished in 0.02 seconds. Local cache hits 0 (0.00s CPU time), remote cache hits 0 (0.00s CPU time), compiled 2 variants (0.04s CPU time), skipped 0 variants
    Prepared data for serialisation in 0.00s
Serialized binary data for shader Hidden/VR/BlitFromTex2DToTexArraySlice in 0.00s
    gles3 (total internal programs: 2, unique: 2)
    vulkan (total internal programs: 1, unique: 1)
Compiling shader "Hidden/VideoComposite" pass "Default" (vp)
    Full variant space:         2
    After settings filtering:   2
    After built-in stripping:   2
    After scriptable stripping: 2
    Processed in 0.00 seconds
    starting compilation...
    finished in 0.02 seconds. Local cache hits 0 (0.00s CPU time), remote cache hits 0 (0.00s CPU time), compiled 2 variants (0.03s CPU time), skipped 0 variants
    Prepared data for serialisation in 0.00s
Serialized binary data for shader Hidden/VideoComposite in 0.00s
    gles3 (total internal programs: 1, unique: 1)
    vulkan (total internal programs: 1, unique: 1)
Compiling shader "Hidden/VideoDecode" pass "YCbCr_To_RGB1" (vp)
    Full variant space:         4
    After settings filtering:   4
    After built-in stripping:   4
    After scriptable stripping: 4
    Processed in 0.00 seconds
    starting compilation...
    finished in 0.02 seconds. Local cache hits 0 (0.00s CPU time), remote cache hits 0 (0.00s CPU time), compiled 4 variants (0.07s CPU time), skipped 0 variants
    Prepared data for serialisation in 0.00s
Compiling shader "Hidden/VideoDecode" pass "YCbCrA_To_RGBAFull" (vp)
    Full variant space:         4
    After settings filtering:   4
    After built-in stripping:   4
    After scriptable stripping: 4
    Processed in 0.00 seconds
    starting compilation...
    finished in 0.02 seconds. Local cache hits 0 (0.00s CPU time), remote cache hits 0 (0.00s CPU time), compiled 4 variants (0.08s CPU time), skipped 0 variants
    Prepared data for serialisation in 0.00s
Compiling shader "Hidden/VideoDecode" pass "YCbCrA_To_RGBA" (vp)
    Full variant space:         4
    After settings filtering:   4
    After built-in stripping:   4
    After scriptable stripping: 4
    Processed in 0.00 seconds
    starting compilation...
    finished in 0.02 seconds. Local cache hits 0 (0.00s CPU time), remote cache hits 0 (0.00s CPU time), compiled 4 variants (0.07s CPU time), skipped 0 variants
    Prepared data for serialisation in 0.00s
Compiling shader "Hidden/VideoDecode" pass "Flip_RGBA_To_RGBA" (vp)
    Full variant space:         4
    After settings filtering:   4
    After built-in stripping:   4
    After scriptable stripping: 4
    Processed in 0.00 seconds
    starting compilation...
    finished in 0.02 seconds. Local cache hits 0 (0.00s CPU time), remote cache hits 0 (0.00s CPU time), compiled 4 variants (0.07s CPU time), skipped 0 variants
    Prepared data for serialisation in 0.00s
Compiling shader "Hidden/VideoDecode" pass "Flip_RGBASplit_To_RGBA" (vp)
    Full variant space:         4
    After settings filtering:   4
    After built-in stripping:   4
    After scriptable stripping: 4
    Processed in 0.00 seconds
    starting compilation...
    finished in 0.02 seconds. Local cache hits 0 (0.00s CPU time), remote cache hits 0 (0.00s CPU time), compiled 4 variants (0.07s CPU time), skipped 0 variants
    Prepared data for serialisation in 0.00s
Compiling shader "Hidden/VideoDecode" pass "Flip_NV12_To_RGB1" (vp)
    Full variant space:         4
    After settings filtering:   4
    After built-in stripping:   4
    After scriptable stripping: 4
    Processed in 0.00 seconds
    starting compilation...
    finished in 0.02 seconds. Local cache hits 0 (0.00s CPU time), remote cache hits 0 (0.00s CPU time), compiled 4 variants (0.08s CPU time), skipped 0 variants
    Prepared data for serialisation in 0.00s
Compiling shader "Hidden/VideoDecode" pass "Flip_NV12_To_RGBA" (vp)
    Full variant space:         4
    After settings filtering:   4
    After built-in stripping:   4
    After scriptable stripping: 4
    Processed in 0.00 seconds
    starting compilation...
    finished in 0.02 seconds. Local cache hits 0 (0.00s CPU time), remote cache hits 0 (0.00s CPU time), compiled 4 variants (0.08s CPU time), skipped 0 variants
    Prepared data for serialisation in 0.00s
Compiling shader "Hidden/VideoDecode" pass "Flip_P010_To_RGB1" (vp)
    Full variant space:         2
    After settings filtering:   2
    After built-in stripping:   2
    After scriptable stripping: 2
    Processed in 0.00 seconds
    starting compilation...
    finished in 0.02 seconds. Local cache hits 0 (0.00s CPU time), remote cache hits 0 (0.00s CPU time), compiled 2 variants (0.03s CPU time), skipped 0 variants
    Prepared data for serialisation in 0.00s
Serialized binary data for shader Hidden/VideoDecode in 0.00s
    gles3 (total internal programs: 15, unique: 15)
    vulkan (total internal programs: 15, unique: 15)
Compiling shader "Hidden/VideoDecodeAndroid" pass "RGBAExternal_To_RGBA" (vp)
    Full variant space:         2
    After settings filtering:   2
    After built-in stripping:   2
    After scriptable stripping: 2
    Processed in 0.00 seconds
    starting compilation...
    finished in 0.00 seconds. Local cache hits 0 (0.00s CPU time), remote cache hits 0 (0.00s CPU time), compiled 2 variants (0.01s CPU time), skipped 0 variants
    Prepared data for serialisation in 0.00s
Compiling shader "Hidden/VideoDecodeAndroid" pass "RGBASplitExternal_To_RGBA" (vp)
    Full variant space:         2
    After settings filtering:   2
    After built-in stripping:   2
    After scriptable stripping: 2
    Processed in 0.00 seconds
    starting compilation...
    finished in 0.00 seconds. Local cache hits 0 (0.00s CPU time), remote cache hits 0 (0.00s CPU time), compiled 2 variants (0.00s CPU time), skipped 0 variants
    Prepared data for serialisation in 0.00s
Serialized binary data for shader Hidden/VideoDecodeAndroid in 0.00s
    gles3 (total internal programs: 4, unique: 4)
    vulkan (total internal programs: 0, unique: 0)
Compiling shader "Hidden/TextCore/Distance Field SSD" pass "" (vp)
    Full variant space:         2
    After settings filtering:   2
    After built-in stripping:   2
    After scriptable stripping: 2
    Processed in 0.00 seconds
    starting compilation...
    finished in 0.03 seconds. Local cache hits 0 (0.00s CPU time), remote cache hits 0 (0.00s CPU time), compiled 2 variants (0.05s CPU time), skipped 0 variants
    Prepared data for serialisation in 0.00s
Serialized binary data for shader Hidden/TextCore/Distance Field SSD in 0.00s
    gles3 (total internal programs: 1, unique: 1)
    vulkan (total internal programs: 1, unique: 1)
Compressed texture AppIcon is used as icon. This might compromise visual quality of the final image. Uncompressed format might be considered as better import option.
UnityEngine.StackTraceUtility:ExtractStackTrace ()
UnityEditor.BuildPipeline:BuildPlayerInternal (string[],string,string,UnityEditor.BuildTargetGroup,UnityEditor.BuildTarget,int,UnityEditor.BuildOptions,string[])
UnityEditor.BuildPipeline:BuildPlayer (string[],string,string,UnityEditor.BuildTargetGroup,UnityEditor.BuildTarget,int,UnityEditor.BuildOptions,string[])
UnityEditor.BuildPipeline:BuildPlayer (UnityEditor.BuildPlayerOptions)
BlockPuzzle.EditorTools.BlockPuzzleSceneBuilder:BuildAndroid () (at Assets/_Game/Editor/BlockPuzzleSceneBuilder.cs:75)

[Assets/_Game/Editor/BlockPuzzleSceneBuilder.cs line 75]

Compressed texture AppIcon is used as icon. This might compromise visual quality of the final image. Uncompressed format might be considered as better import option.
UnityEngine.StackTraceUtility:ExtractStackTrace ()
UnityEditor.BuildPipeline:BuildPlayerInternal (string[],string,string,UnityEditor.BuildTargetGroup,UnityEditor.BuildTarget,int,UnityEditor.BuildOptions,string[])
UnityEditor.BuildPipeline:BuildPlayer (string[],string,string,UnityEditor.BuildTargetGroup,UnityEditor.BuildTarget,int,UnityEditor.BuildOptions,string[])
UnityEditor.BuildPipeline:BuildPlayer (UnityEditor.BuildPlayerOptions)
BlockPuzzle.EditorTools.BlockPuzzleSceneBuilder:BuildAndroid () (at Assets/_Game/Editor/BlockPuzzleSceneBuilder.cs:75)

[Assets/_Game/Editor/BlockPuzzleSceneBuilder.cs line 75]

Compressed texture AppIcon is used as icon. This might compromise visual quality of the final image. Uncompressed format might be considered as better import option.
UnityEngine.StackTraceUtility:ExtractStackTrace ()
UnityEditor.BuildPipeline:BuildPlayerInternal (string[],string,string,UnityEditor.BuildTargetGroup,UnityEditor.BuildTarget,int,UnityEditor.BuildOptions,string[])
UnityEditor.BuildPipeline:BuildPlayer (string[],string,string,UnityEditor.BuildTargetGroup,UnityEditor.BuildTarget,int,UnityEditor.BuildOptions,string[])
UnityEditor.BuildPipeline:BuildPlayer (UnityEditor.BuildPlayerOptions)
BlockPuzzle.EditorTools.BlockPuzzleSceneBuilder:BuildAndroid () (at Assets/_Game/Editor/BlockPuzzleSceneBuilder.cs:75)

[Assets/_Game/Editor/BlockPuzzleSceneBuilder.cs line 75]

Compressed texture AppIcon is used as icon. This might compromise visual quality of the final image. Uncompressed format might be considered as better import option.
UnityEngine.StackTraceUtility:ExtractStackTrace ()
UnityEditor.BuildPipeline:BuildPlayerInternal (string[],string,string,UnityEditor.BuildTargetGroup,UnityEditor.BuildTarget,int,UnityEditor.BuildOptions,string[])
UnityEditor.BuildPipeline:BuildPlayer (string[],string,string,UnityEditor.BuildTargetGroup,UnityEditor.BuildTarget,int,UnityEditor.BuildOptions,string[])
UnityEditor.BuildPipeline:BuildPlayer (UnityEditor.BuildPlayerOptions)
BlockPuzzle.EditorTools.BlockPuzzleSceneBuilder:BuildAndroid () (at Assets/_Game/Editor/BlockPuzzleSceneBuilder.cs:75)

[Assets/_Game/Editor/BlockPuzzleSceneBuilder.cs line 75]

Compressed texture AppIcon is used as icon. This might compromise visual quality of the final image. Uncompressed format might be considered as better import option.
UnityEngine.StackTraceUtility:ExtractStackTrace ()
UnityEditor.BuildPipeline:BuildPlayerInternal (string[],string,string,UnityEditor.BuildTargetGroup,UnityEditor.BuildTarget,int,UnityEditor.BuildOptions,string[])
UnityEditor.BuildPipeline:BuildPlayer (string[],string,string,UnityEditor.BuildTargetGroup,UnityEditor.BuildTarget,int,UnityEditor.BuildOptions,string[])
UnityEditor.BuildPipeline:BuildPlayer (UnityEditor.BuildPlayerOptions)
BlockPuzzle.EditorTools.BlockPuzzleSceneBuilder:BuildAndroid () (at Assets/_Game/Editor/BlockPuzzleSceneBuilder.cs:75)

[Assets/_Game/Editor/BlockPuzzleSceneBuilder.cs line 75]

Compressed texture AppIcon is used as icon. This might compromise visual quality of the final image. Uncompressed format might be considered as better import option.
UnityEngine.StackTraceUtility:ExtractStackTrace ()
UnityEditor.BuildPipeline:BuildPlayerInternal (string[],string,string,UnityEditor.BuildTargetGroup,UnityEditor.BuildTarget,int,UnityEditor.BuildOptions,string[])
UnityEditor.BuildPipeline:BuildPlayer (string[],string,string,UnityEditor.BuildTargetGroup,UnityEditor.BuildTarget,int,UnityEditor.BuildOptions,string[])
UnityEditor.BuildPipeline:BuildPlayer (UnityEditor.BuildPlayerOptions)
BlockPuzzle.EditorTools.BlockPuzzleSceneBuilder:BuildAndroid () (at Assets/_Game/Editor/BlockPuzzleSceneBuilder.cs:75)

[Assets/_Game/Editor/BlockPuzzleSceneBuilder.cs line 75]

Compressed texture AppIcon is used as icon. This might compromise visual quality of the final image. Uncompressed format might be considered as better import option.
UnityEngine.StackTraceUtility:ExtractStackTrace ()
UnityEditor.BuildPipeline:BuildPlayerInternal (string[],string,string,UnityEditor.BuildTargetGroup,UnityEditor.BuildTarget,int,UnityEditor.BuildOptions,string[])
UnityEditor.BuildPipeline:BuildPlayer (string[],string,string,UnityEditor.BuildTargetGroup,UnityEditor.BuildTarget,int,UnityEditor.BuildOptions,string[])
UnityEditor.BuildPipeline:BuildPlayer (UnityEditor.BuildPlayerOptions)
BlockPuzzle.EditorTools.BlockPuzzleSceneBuilder:BuildAndroid () (at Assets/_Game/Editor/BlockPuzzleSceneBuilder.cs:75)

[Assets/_Game/Editor/BlockPuzzleSceneBuilder.cs line 75]

Compressed texture AppIcon is used as icon. This might compromise visual quality of the final image. Uncompressed format might be considered as better import option.
UnityEngine.StackTraceUtility:ExtractStackTrace ()
UnityEditor.BuildPipeline:BuildPlayerInternal (string[],string,string,UnityEditor.BuildTargetGroup,UnityEditor.BuildTarget,int,UnityEditor.BuildOptions,string[])
UnityEditor.BuildPipeline:BuildPlayer (string[],string,string,UnityEditor.BuildTargetGroup,UnityEditor.BuildTarget,int,UnityEditor.BuildOptions,string[])
UnityEditor.BuildPipeline:BuildPlayer (UnityEditor.BuildPlayerOptions)
BlockPuzzle.EditorTools.BlockPuzzleSceneBuilder:BuildAndroid () (at Assets/_Game/Editor/BlockPuzzleSceneBuilder.cs:75)

[Assets/_Game/Editor/BlockPuzzleSceneBuilder.cs line 75]

Compressed texture AppIcon is used as icon. This might compromise visual quality of the final image. Uncompressed format might be considered as better import option.
UnityEngine.StackTraceUtility:ExtractStackTrace ()
UnityEditor.BuildPipeline:BuildPlayerInternal (string[],string,string,UnityEditor.BuildTargetGroup,UnityEditor.BuildTarget,int,UnityEditor.BuildOptions,string[])
UnityEditor.BuildPipeline:BuildPlayer (string[],string,string,UnityEditor.BuildTargetGroup,UnityEditor.BuildTarget,int,UnityEditor.BuildOptions,string[])
UnityEditor.BuildPipeline:BuildPlayer (UnityEditor.BuildPlayerOptions)
BlockPuzzle.EditorTools.BlockPuzzleSceneBuilder:BuildAndroid () (at Assets/_Game/Editor/BlockPuzzleSceneBuilder.cs:75)

[Assets/_Game/Editor/BlockPuzzleSceneBuilder.cs line 75]

Compressed texture AppIcon is used as icon. This might compromise visual quality of the final image. Uncompressed format might be considered as better import option.
UnityEngine.StackTraceUtility:ExtractStackTrace ()
UnityEditor.BuildPipeline:BuildPlayerInternal (string[],string,string,UnityEditor.BuildTargetGroup,UnityEditor.BuildTarget,int,UnityEditor.BuildOptions,string[])
UnityEditor.BuildPipeline:BuildPlayer (string[],string,string,UnityEditor.BuildTargetGroup,UnityEditor.BuildTarget,int,UnityEditor.BuildOptions,string[])
UnityEditor.BuildPipeline:BuildPlayer (UnityEditor.BuildPlayerOptions)
BlockPuzzle.EditorTools.BlockPuzzleSceneBuilder:BuildAndroid () (at Assets/_Game/Editor/BlockPuzzleSceneBuilder.cs:75)

[Assets/_Game/Editor/BlockPuzzleSceneBuilder.cs line 75]

Compressed texture AppIcon is used as icon. This might compromise visual quality of the final image. Uncompressed format might be considered as better import option.
UnityEngine.StackTraceUtility:ExtractStackTrace ()
UnityEditor.BuildPipeline:BuildPlayerInternal (string[],string,string,UnityEditor.BuildTargetGroup,UnityEditor.BuildTarget,int,UnityEditor.BuildOptions,string[])
UnityEditor.BuildPipeline:BuildPlayer (string[],string,string,UnityEditor.BuildTargetGroup,UnityEditor.BuildTarget,int,UnityEditor.BuildOptions,string[])
UnityEditor.BuildPipeline:BuildPlayer (UnityEditor.BuildPlayerOptions)
BlockPuzzle.EditorTools.BlockPuzzleSceneBuilder:BuildAndroid () (at Assets/_Game/Editor/BlockPuzzleSceneBuilder.cs:75)

[Assets/_Game/Editor/BlockPuzzleSceneBuilder.cs line 75]

Compressed texture AppIcon is used as icon. This might compromise visual quality of the final image. Uncompressed format might be considered as better import option.
UnityEngine.StackTraceUtility:ExtractStackTrace ()
UnityEditor.BuildPipeline:BuildPlayerInternal (string[],string,string,UnityEditor.BuildTargetGroup,UnityEditor.BuildTarget,int,UnityEditor.BuildOptions,string[])
UnityEditor.BuildPipeline:BuildPlayer (string[],string,string,UnityEditor.BuildTargetGroup,UnityEditor.BuildTarget,int,UnityEditor.BuildOptions,string[])
UnityEditor.BuildPipeline:BuildPlayer (UnityEditor.BuildPlayerOptions)
BlockPuzzle.EditorTools.BlockPuzzleSceneBuilder:BuildAndroid () (at Assets/_Game/Editor/BlockPuzzleSceneBuilder.cs:75)

[Assets/_Game/Editor/BlockPuzzleSceneBuilder.cs line 75]

Compressed texture AppIcon is used as icon. This might compromise visual quality of the final image. Uncompressed format might be considered as better import option.
UnityEngine.StackTraceUtility:ExtractStackTrace ()
UnityEditor.BuildPipeline:BuildPlayerInternal (string[],string,string,UnityEditor.BuildTargetGroup,UnityEditor.BuildTarget,int,UnityEditor.BuildOptions,string[])
UnityEditor.BuildPipeline:BuildPlayer (string[],string,string,UnityEditor.BuildTargetGroup,UnityEditor.BuildTarget,int,UnityEditor.BuildOptions,string[])
UnityEditor.BuildPipeline:BuildPlayer (UnityEditor.BuildPlayerOptions)
BlockPuzzle.EditorTools.BlockPuzzleSceneBuilder:BuildAndroid () (at Assets/_Game/Editor/BlockPuzzleSceneBuilder.cs:75)

[Assets/_Game/Editor/BlockPuzzleSceneBuilder.cs line 75]

Compressed texture AppIcon is used as icon. This might compromise visual quality of the final image. Uncompressed format might be considered as better import option.
UnityEngine.StackTraceUtility:ExtractStackTrace ()
UnityEditor.BuildPipeline:BuildPlayerInternal (string[],string,string,UnityEditor.BuildTargetGroup,UnityEditor.BuildTarget,int,UnityEditor.BuildOptions,string[])
UnityEditor.BuildPipeline:BuildPlayer (string[],string,string,UnityEditor.BuildTargetGroup,UnityEditor.BuildTarget,int,UnityEditor.BuildOptions,string[])
UnityEditor.BuildPipeline:BuildPlayer (UnityEditor.BuildPlayerOptions)
BlockPuzzle.EditorTools.BlockPuzzleSceneBuilder:BuildAndroid () (at Assets/_Game/Editor/BlockPuzzleSceneBuilder.cs:75)

[Assets/_Game/Editor/BlockPuzzleSceneBuilder.cs line 75]

Compressed texture AppIcon is used as icon. This might compromise visual quality of the final image. Uncompressed format might be considered as better import option.
UnityEngine.StackTraceUtility:ExtractStackTrace ()
UnityEditor.BuildPipeline:BuildPlayerInternal (string[],string,string,UnityEditor.BuildTargetGroup,UnityEditor.BuildTarget,int,UnityEditor.BuildOptions,string[])
UnityEditor.BuildPipeline:BuildPlayer (string[],string,string,UnityEditor.BuildTargetGroup,UnityEditor.BuildTarget,int,UnityEditor.BuildOptions,string[])
UnityEditor.BuildPipeline:BuildPlayer (UnityEditor.BuildPlayerOptions)
BlockPuzzle.EditorTools.BlockPuzzleSceneBuilder:BuildAndroid () (at Assets/_Game/Editor/BlockPuzzleSceneBuilder.cs:75)

[Assets/_Game/Editor/BlockPuzzleSceneBuilder.cs line 75]

Compressed texture AppIcon is used as icon. This might compromise visual quality of the final image. Uncompressed format might be considered as better import option.
UnityEngine.StackTraceUtility:ExtractStackTrace ()
UnityEditor.BuildPipeline:BuildPlayerInternal (string[],string,string,UnityEditor.BuildTargetGroup,UnityEditor.BuildTarget,int,UnityEditor.BuildOptions,string[])
UnityEditor.BuildPipeline:BuildPlayer (string[],string,string,UnityEditor.BuildTargetGroup,UnityEditor.BuildTarget,int,UnityEditor.BuildOptions,string[])
UnityEditor.BuildPipeline:BuildPlayer (UnityEditor.BuildPlayerOptions)
BlockPuzzle.EditorTools.BlockPuzzleSceneBuilder:BuildAndroid () (at Assets/_Game/Editor/BlockPuzzleSceneBuilder.cs:75)

[Assets/_Game/Editor/BlockPuzzleSceneBuilder.cs line 75]

Compressed texture AppIcon is used as icon. This might compromise visual quality of the final image. Uncompressed format might be considered as better import option.
UnityEngine.StackTraceUtility:ExtractStackTrace ()
UnityEditor.BuildPipeline:BuildPlayerInternal (string[],string,string,UnityEditor.BuildTargetGroup,UnityEditor.BuildTarget,int,UnityEditor.BuildOptions,string[])
UnityEditor.BuildPipeline:BuildPlayer (string[],string,string,UnityEditor.BuildTargetGroup,UnityEditor.BuildTarget,int,UnityEditor.BuildOptions,string[])
UnityEditor.BuildPipeline:BuildPlayer (UnityEditor.BuildPlayerOptions)
BlockPuzzle.EditorTools.BlockPuzzleSceneBuilder:BuildAndroid () (at Assets/_Game/Editor/BlockPuzzleSceneBuilder.cs:75)

[Assets/_Game/Editor/BlockPuzzleSceneBuilder.cs line 75]

Compressed texture AppIcon is used as icon. This might compromise visual quality of the final image. Uncompressed format might be considered as better import option.
UnityEngine.StackTraceUtility:ExtractStackTrace ()
UnityEditor.BuildPipeline:BuildPlayerInternal (string[],string,string,UnityEditor.BuildTargetGroup,UnityEditor.BuildTarget,int,UnityEditor.BuildOptions,string[])
UnityEditor.BuildPipeline:BuildPlayer (string[],string,string,UnityEditor.BuildTargetGroup,UnityEditor.BuildTarget,int,UnityEditor.BuildOptions,string[])
UnityEditor.BuildPipeline:BuildPlayer (UnityEditor.BuildPlayerOptions)
BlockPuzzle.EditorTools.BlockPuzzleSceneBuilder:BuildAndroid () (at Assets/_Game/Editor/BlockPuzzleSceneBuilder.cs:75)

[Assets/_Game/Editor/BlockPuzzleSceneBuilder.cs line 75]

DisplayProgressbar: Initializing
Android PostProcess task "Initializing" took 0,4105 ms
DisplayProgressbar: Check gradle project collisions
Android PostProcess task "Check gradle project collisions" took 0,2013 ms
DisplayProgressbar: Preparing banner
Android PostProcess task "Preparing banner" took 0,2846 ms
info: Microsoft.AspNetCore.Hosting.Diagnostics[1]
      Request starting HTTP/2 POST http://ilpp/UnityILPP.PostProcessing/Ping application/grpc -
info: Microsoft.AspNetCore.Routing.EndpointMiddleware[0]
      Executing endpoint 'gRPC - /UnityILPP.PostProcessing/Ping'
info: Microsoft.AspNetCore.Routing.EndpointMiddleware[1]
      Executed endpoint 'gRPC - /UnityILPP.PostProcessing/Ping'
info: Microsoft.AspNetCore.Hosting.Diagnostics[2]
      Request finished HTTP/2 POST http://ilpp/UnityILPP.PostProcessing/Ping application/grpc - - 200 - application/grpc 0.2767ms
Starting: C:\Program Files\Unity\Hub\Editor\2022.3.62f1\Editor\Data\bee_backend.exe --ipc --dagfile="Library/Bee/Playerbc280cb1.dag" --profile="Library/Bee/backend1.traceevents" Player
WorkingDir: C:/Users/diman/BlockPuzzlesBatch
[             ] Require frontend run.  Library/Bee/Playerbc280cb1.dag couldn't be loaded
ExitCode: 4 Duration: 0s18ms
Starting: C:\Program Files\Unity\Hub\Editor\2022.3.62f1\Editor\Data\Tools\netcorerun\netcorerun.exe "C:\Program Files\Unity\Hub\Editor\2022.3.62f1\Editor\Data\PlaybackEngines\AndroidPlayer\AndroidPlayerBuildProgram.exe" "C:/Program Files/Unity/Hub/Editor/2022.3.62f1/Editor/Data/PlaybackEngines/AndroidPlayer/Bee;C:/Program Files/Unity/Hub/Editor/2022.3.62f1/Editor/Data/Tools/BuildPipeline" "Library/Bee/Playerbc280cb1.dag.json" "Library/Bee/Playerbc280cb1-inputdata.json" "Library\Bee\buildprogram0.traceevents"
WorkingDir: C:/Users/diman/BlockPuzzlesBatch
DisplayProgressbar: Incremental Player Build
ExitCode: 0 Duration: 2s197ms
Starting: C:\Program Files\Unity\Hub\Editor\2022.3.62f1\Editor\Data\bee_backend.exe --ipc --dagfile="Library/Bee/Playerbc280cb1.dag" --dagfilejson="Library\Bee\Playerbc280cb1.dag.json" --profile="Library/Bee/backend2.traceevents" Player
WorkingDir: C:/Users/diman/BlockPuzzlesBatch
Finished compiling graph: 543 nodes, 1113 flattened edges (1109 ToBuild, 6 ToUse), maximum node priority 34
[  1/535    0s] MakeLump Library/Bee/artifacts/Android/x6ly2/c9dj0dxeq3ww1.lump.cpp
[  2/535    0s] MakeLump Library/Bee/artifacts/Android/x6ly2/6ltc8ggdxjl50.lump.cpp
[  3/535    0s] MakeLump Library/Bee/artifacts/Android/87lik/3cj6qxdubavv0.lump.cpp
[  4/535    0s] MakeLump Library/Bee/artifacts/Android/87lik/5vuyn2a4sw7t0.lump.cpp
[  5/535    0s] MakeLump Library/Bee/artifacts/Android/x6ly2/ub4gqzsnpy2k0.lump.cpp
[  6/535    0s] WriteText Library/Bee/artifacts/Android/ihupg/_dummy_for_header_discovery
[  7/535    0s] WriteText Library/Bee/artifacts/Android/4qqi9/_dummy_for_header_discovery
[  8/535    0s] MakeLump Library/Bee/artifacts/Android/x6ly2/u9p1ge85f2pd0.lump.cpp
[  9/535    0s] WriteText Library/Bee/artifacts/Android/x6ly2/_dummy_for_header_discovery
[ 10/535    0s] MakeLump Library/Bee/artifacts/Android/x6ly2/tn7us4ioczrb2.lump.cpp
[ 11/535    0s] MakeLump Library/Bee/artifacts/Android/x6ly2/3cj6qxdubavv3.lump.cpp
[ 12/535    0s] MakeLump Library/Bee/artifacts/Android/87lik/dxvayldvmw2q0.lump.cpp
[ 13/535    0s] MakeLump Library/Bee/artifacts/Android/x6ly2/x1psv5dxygow0.lump.cpp
[ 14/535    0s] MakeLump Library/Bee/artifacts/Android/x6ly2/bkgsn8369b9p0.lump.cpp
[ 15/535    0s] MakeLump Library/Bee/artifacts/Android/x6ly2/6gqnuv4awzas0.lump.cpp
[ 16/535    0s] MakeLump Library/Bee/artifacts/Android/x6ly2/5unry87cg5k20.lump.cpp
[ 17/535    0s] MakeLump Library/Bee/artifacts/Android/x6ly2/it4wngfjo6pk1.lump.cpp
[ 18/535    0s] MakeLump Library/Bee/artifacts/Android/x6ly2/it4wngfjo6pk0.lump.cpp
[ 19/535    0s] MakeLump Library/Bee/artifacts/Android/x6ly2/it4wngfjo6pk2.lump.cpp
[ 20/535    0s] MakeLump Library/Bee/artifacts/Android/x6ly2/ijvfoiipf0bq0.lump.cpp
[ 21/535    0s] MakeLump Library/Bee/artifacts/Android/87lik/tn7us4ioczrb0.lump.cpp
[ 22/535    0s] MakeLump Library/Bee/artifacts/Android/x6ly2/35pdww7u8h5y0.lump.cpp
[ 23/535    0s] MakeLump Library/Bee/artifacts/Android/x6ly2/k929u3nvh51c0.lump.cpp
[ 24/535    0s] MakeLump Library/Bee/artifacts/Android/x6ly2/dxvayldvmw2q0.lump.cpp
[ 25/535    0s] MakeLump Library/Bee/artifacts/Android/x6ly2/3cj6qxdubavv0.lump.cpp
[ 26/535    0s] MakeLump Library/Bee/artifacts/Android/x6ly2/c9dj0dxeq3ww2.lump.cpp
[ 27/535    0s] MakeLump Library/Bee/artifacts/Android/x6ly2/3cj6qxdubavv1.lump.cpp
[ 28/535    0s] MakeLump Library/Bee/artifacts/Android/x6ly2/3cj6qxdubavv2.lump.cpp
[ 29/535    0s] MakeLump Library/Bee/artifacts/Android/x6ly2/ph2yscarauqz0.lump.cpp
[ 30/535    0s] MakeLump Library/Bee/artifacts/Android/87lik/5vuyn2a4sw7t1.lump.cpp
[ 31/535    0s] MakeLump Library/Bee/artifacts/Android/87lik/ijvfoiipf0bq0.lump.cpp
[ 32/535    0s] MakeLump Library/Bee/artifacts/Android/87lik/948vs1756vy90.lump.cpp
[ 33/535    0s] MakeLump Library/Bee/artifacts/Android/87lik/948vs1756vy92.lump.cpp
[ 34/535    0s] MakeLump Library/Bee/artifacts/Android/87lik/948vs1756vy91.lump.cpp
[ 35/535    0s] MakeLump Library/Bee/artifacts/Android/87lik/a03fkmo2ly5p0.lump.cpp
[ 36/535    0s] MakeLump Library/Bee/artifacts/Android/87lik/lju2h0drtind1.lump.cpp
[ 37/535    0s] MakeLump Library/Bee/artifacts/Android/87lik/tn7us4ioczrb1.lump.cpp
[ 38/535    0s] MakeLump Library/Bee/artifacts/Android/87lik/tn7us4ioczrb2.lump.cpp
[ 39/535    0s] MakeLump Library/Bee/artifacts/Android/87lik/tn7us4ioczrb3.lump.cpp
[ 40/535    0s] MakeLump Library/Bee/artifacts/Android/87lik/lju2h0drtind0.lump.cpp
[ 41/535    0s] WriteText Library/Bee/artifacts/Android/iz17e/_dummy_for_header_discovery
[ 42/535    0s] MakeLump Library/Bee/artifacts/Android/x6ly2/gi7kprgxmq3m6.lump.cpp
[ 43/535    0s] MakeLump Library/Bee/artifacts/Android/87lik/lju2h0drtind2.lump.cpp
[ 44/535    0s] MakeLump Library/Bee/artifacts/Android/x6ly2/tn7us4ioczrb3.lump.cpp
[ 45/535    0s] MakeLump Library/Bee/artifacts/Android/87lik/lju2h0drtind4.lump.cpp
[ 46/535    0s] MakeLump Library/Bee/artifacts/Android/87lik/k929u3nvh51c0.lump.cpp
[ 47/535    0s] MakeLump Library/Bee/artifacts/Android/87lik/ph2yscarauqz0.lump.cpp
[ 48/535    0s] MakeLump Library/Bee/artifacts/Android/87lik/kc9qksjkncj60.lump.cpp
[ 49/535    0s] MakeLump Library/Bee/artifacts/Android/87lik/kc9qksjkncj61.lump.cpp
[ 50/535    0s] MakeLump Library/Bee/artifacts/Android/87lik/ov8h1o75pjiz0.lump.cpp
[ 51/535    0s] MakeLump Library/Bee/artifacts/Android/87lik/ov8h1o75pjiz2.lump.cpp
[ 52/535    0s] MakeLump Library/Bee/artifacts/Android/87lik/ov8h1o75pjiz1.lump.cpp
[ 53/535    0s] MakeLump Library/Bee/artifacts/Android/87lik/wfmot0qq52z90.lump.cpp
[ 54/535    0s] MakeLump Library/Bee/artifacts/Android/87lik/ub4gqzsnpy2k0.lump.cpp
[ 55/535    0s] MakeLump Library/Bee/artifacts/Android/87lik/hngu0jx1plce0.lump.cpp
[ 56/535    0s] MakeLump Library/Bee/artifacts/Android/87lik/gi7kprgxmq3m0.lump.cpp
[ 57/535    0s] MakeLump Library/Bee/artifacts/Android/87lik/gi7kprgxmq3m1.lump.cpp
[ 58/535    0s] MakeLump Library/Bee/artifacts/Android/87lik/gi7kprgxmq3m2.lump.cpp
[ 59/535    0s] MakeLump Library/Bee/artifacts/Android/87lik/gi7kprgxmq3m3.lump.cpp
[ 60/535    0s] MakeLump Library/Bee/artifacts/Android/87lik/gi7kprgxmq3m4.lump.cpp
[ 61/535    0s] MakeLump Library/Bee/artifacts/Android/87lik/gi7kprgxmq3m5.lump.cpp
[ 62/535    0s] MakeLump Library/Bee/artifacts/Android/x6ly2/lju2h0drtind0.lump.cpp
[ 63/535    0s] MakeLump Library/Bee/artifacts/Android/87lik/gi7kprgxmq3m6.lump.cpp
[ 64/535    0s] WriteText Library/Bee/artifacts/Android/zz99l/_dummy_for_header_discovery
[ 65/535    0s] MakeLump Library/Bee/artifacts/Android/87lik/u9p1ge85f2pd0.lump.cpp
[ 66/535    0s] WriteText Library/Bee/artifacts/Android/dqdht/_dummy_for_header_discovery
[ 67/535    0s] WriteText Library/Bee/artifacts/Android/87lik/_dummy_for_header_discovery
[ 68/535    0s] MakeLump Library/Bee/artifacts/Android/x6ly2/lju2h0drtind1.lump.cpp
[ 69/535    0s] MakeLump Library/Bee/artifacts/Android/87lik/35pdww7u8h5y0.lump.cpp
[ 70/535    0s] MakeLump Library/Bee/artifacts/Android/87lik/bkgsn8369b9p0.lump.cpp
[ 71/535    0s] MakeLump Library/Bee/artifacts/Android/87lik/lju2h0drtind3.lump.cpp
[ 72/535    0s] MakeLump Library/Bee/artifacts/Android/x6ly2/qnaibdzad7a20.lump.cpp
[ 73/535    0s] MakeLump Library/Bee/artifacts/Android/87lik/3cj6qxdubavv1.lump.cpp
[ 74/535    0s] MakeLump Library/Bee/artifacts/Android/87lik/3cj6qxdubavv2.lump.cpp
[ 75/535    0s] MakeLump Library/Bee/artifacts/Android/87lik/3cj6qxdubavv3.lump.cpp
[ 76/535    0s] MakeLump Library/Bee/artifacts/Android/87lik/x1psv5dxygow0.lump.cpp
[ 77/535    0s] MakeLump Library/Bee/artifacts/Android/87lik/6gqnuv4awzas0.lump.cpp
[ 78/535    0s] MakeLump Library/Bee/artifacts/Android/87lik/5unry87cg5k20.lump.cpp
[ 79/535    0s] MakeLump Library/Bee/artifacts/Android/87lik/7k4m4atixraq0.lump.cpp
[ 80/535    0s] MakeLump Library/Bee/artifacts/Android/87lik/it4wngfjo6pk0.lump.cpp
[ 81/535    0s] MakeLump Library/Bee/artifacts/Android/87lik/6ltc8ggdxjl50.lump.cpp
[ 82/535    0s] MakeLump Library/Bee/artifacts/Android/87lik/gle7q0kyjq1q0.lump.cpp
[ 83/535    0s] MakeLump Library/Bee/artifacts/Android/87lik/it4wngfjo6pk1.lump.cpp
[ 84/535    0s] MakeLump Library/Bee/artifacts/Android/87lik/it4wngfjo6pk2.lump.cpp
[ 85/535    0s] MakeLump Library/Bee/artifacts/Android/87lik/c9dj0dxeq3ww0.lump.cpp
[ 86/535    0s] MakeLump Library/Bee/artifacts/Android/87lik/c9dj0dxeq3ww1.lump.cpp
[ 87/535    0s] MakeLump Library/Bee/artifacts/Android/87lik/c9dj0dxeq3ww2.lump.cpp
[ 88/535    0s] MakeLump Library/Bee/artifacts/Android/87lik/qnaibdzad7a20.lump.cpp
[ 89/535    0s] MakeLump Library/Bee/artifacts/Android/87lik/9yue7g3pltg00.lump.cpp
[ 90/535    0s] MakeLump Library/Bee/artifacts/Android/87lik/x9xx6k9lokjm0.lump.cpp
[ 91/535    0s] MakeLump Library/Bee/artifacts/Android/87lik/q3r8xbbbrs7b0.lump.cpp
[ 92/535    0s] MakeLump Library/Bee/artifacts/Android/87lik/q3r8xbbbrs7b1.lump.cpp
[ 93/535    0s] MakeLump Library/Bee/artifacts/Android/87lik/69uny1oywgjt0.lump.cpp
[ 94/535    0s] WriteText Library/Bee/artifacts/Android/d8kzr/_dummy_for_header_discovery
[ 95/535    0s] MakeLump Library/Bee/artifacts/Android/x6ly2/gi7kprgxmq3m5.lump.cpp
[ 96/535    0s] MakeLump Library/Bee/artifacts/Android/x6ly2/lju2h0drtind2.lump.cpp
[ 97/535    0s] MakeLump Library/Bee/artifacts/Android/x6ly2/gi7kprgxmq3m4.lump.cpp
[ 98/535    0s] MakeLump Library/Bee/artifacts/Android/x6ly2/gi7kprgxmq3m3.lump.cpp
[ 99/535    0s] MakeLump Library/Bee/artifacts/Android/x6ly2/gi7kprgxmq3m1.lump.cpp
[100/535    0s] MakeLump Library/Bee/artifacts/Android/x6ly2/gi7kprgxmq3m2.lump.cpp
[101/535    0s] MakeLump Library/Bee/artifacts/Android/x6ly2/gi7kprgxmq3m0.lump.cpp
[102/535    0s] MakeLump Library/Bee/artifacts/Android/x6ly2/hngu0jx1plce0.lump.cpp
[103/535    0s] MakeLump Library/Bee/artifacts/Android/x6ly2/wfmot0qq52z90.lump.cpp
[104/535    0s] MakeLump Library/Bee/artifacts/Android/x6ly2/ov8h1o75pjiz2.lump.cpp
[105/535    0s] MakeLump Library/Bee/artifacts/Android/x6ly2/ov8h1o75pjiz1.lump.cpp
[106/535    0s] MakeLump Library/Bee/artifacts/Android/x6ly2/ov8h1o75pjiz0.lump.cpp
[107/535    0s] MakeLump Library/Bee/artifacts/Android/x6ly2/kc9qksjkncj61.lump.cpp
[108/535    0s] MakeLump Library/Bee/artifacts/Android/x6ly2/kc9qksjkncj60.lump.cpp
[109/535    0s] MakeLump Library/Bee/artifacts/Android/x6ly2/lju2h0drtind4.lump.cpp
[110/535    0s] MakeLump Library/Bee/artifacts/Android/x6ly2/lju2h0drtind3.lump.cpp
[111/535    0s] MakeLump Library/Bee/artifacts/Android/x6ly2/gle7q0kyjq1q0.lump.cpp
[112/535    0s] MakeLump Library/Bee/artifacts/Android/x6ly2/9yue7g3pltg00.lump.cpp
[113/535    0s] MakeLump Library/Bee/artifacts/Android/x6ly2/7k4m4atixraq0.lump.cpp
[114/535    0s] WriteResponseFile Library/Bee/artifacts/rsp/13842567483179698405.rsp
[115/535    0s] MakeLump Library/Bee/artifacts/Android/x6ly2/q3r8xbbbrs7b0.lump.cpp
[116/535    0s] MakeLump Library/Bee/artifacts/Android/x6ly2/c9dj0dxeq3ww0.lump.cpp
[117/535    0s] MakeLump Library/Bee/artifacts/Android/x6ly2/tn7us4ioczrb0.lump.cpp
[118/535    0s] MakeLump Library/Bee/artifacts/Android/x6ly2/tn7us4ioczrb1.lump.cpp
[119/535    0s] MakeLump Library/Bee/artifacts/Android/x6ly2/a03fkmo2ly5p0.lump.cpp
[120/535    0s] MakeLump Library/Bee/artifacts/Android/x6ly2/948vs1756vy91.lump.cpp
[121/535    0s] MakeLump Library/Bee/artifacts/Android/x6ly2/948vs1756vy92.lump.cpp
[122/535    0s] MakeLump Library/Bee/artifacts/Android/x6ly2/5vuyn2a4sw7t0.lump.cpp
[123/535    0s] MakeLump Library/Bee/artifacts/Android/x6ly2/69uny1oywgjt0.lump.cpp
[124/535    0s] MakeLump Library/Bee/artifacts/Android/x6ly2/5vuyn2a4sw7t1.lump.cpp
[125/535    0s] MakeLump Library/Bee/artifacts/Android/x6ly2/x9xx6k9lokjm0.lump.cpp
[126/535    0s] MakeLump Library/Bee/artifacts/Android/x6ly2/q3r8xbbbrs7b1.lump.cpp
[127/535    0s] MakeLump Library/Bee/artifacts/Android/x6ly2/948vs1756vy90.lump.cpp
[128/535    0s] C_Android_arm32 Library/Bee/artifacts/Android/x6ly2/rfarg6myx2k2.o
[129/535    0s] C_Android_arm32 Library/Bee/artifacts/Android/x6ly2/wo26ixgqtr0f.o
[130/535    0s] C_Android_arm32 Library/Bee/artifacts/Android/x6ly2/t5rohpimxbkl.o
[131/535    0s] C_Android_arm32 Library/Bee/artifacts/Android/x6ly2/y0t2ooop63jy.o
[132/535    0s] C_Android_arm32 Library/Bee/artifacts/Android/x6ly2/fdr3fc8sxgvz.o
[133/535    0s] C_Android_arm32 Library/Bee/artifacts/Android/x6ly2/hcldv2ou3x5o.o
[134/535    1s] C_Android_arm32 Library/Bee/artifacts/Android/x6ly2/vzs5ulepdv29.o
[135/535    1s] C_Android_arm32 Library/Bee/artifacts/Android/x6ly2/tdwb5celjc8k.o
[136/535    0s] C_Android_arm32 Library/Bee/artifacts/Android/x6ly2/1e0vzfzo3elq.o
[137/535    1s] C_Android_arm32 Library/Bee/artifacts/Android/x6ly2/eqatiuk6j0ez.o
[138/535    0s] C_Android_arm32 Library/Bee/artifacts/Android/x6ly2/ydiiktv00p5r.o
[139/535    1s] C_Android_arm32 Library/Bee/artifacts/Android/x6ly2/co1uo7dkg1gj.o
[140/535    1s] C_Android_arm32 Library/Bee/artifacts/Android/x6ly2/ggh79r01uz9s.o
[141/535    1s] C_Android_arm32 Library/Bee/artifacts/Android/x6ly2/h9kbk2iaggvt.o
[142/535    1s] C_Android_arm32 Library/Bee/artifacts/Android/x6ly2/oew4txt7dhie.o
[143/535    1s] C_Android_arm32 Library/Bee/artifacts/Android/x6ly2/94qcnzfgkl0o.o
[144/535    1s] C_Android_arm32 Library/Bee/artifacts/Android/x6ly2/4f3in9r8sl2g.o
[145/535    1s] C_Android_arm32 Library/Bee/artifacts/Android/x6ly2/wdig84b3wp5n.o
[146/535    0s] C_Android_arm32 Library/Bee/artifacts/Android/x6ly2/qmh6fhki1v3q.o
[147/535    2s] C_Android_arm32 Library/Bee/artifacts/Android/x6ly2/tu7x6wdz09ot.o
[148/535    2s] C_Android_arm32 Library/Bee/artifacts/Android/x6ly2/a9qyfl9vere5.o
[149/535    1s] C_Android_arm32 Library/Bee/artifacts/Android/x6ly2/1ws0l1t4w5lm.o
[150/535    1s] C_Android_arm32 Library/Bee/artifacts/Android/x6ly2/x8t7avro6hqv.o
[151/535    0s] C_Android_arm64 Library/Bee/artifacts/Android/87lik/i3vxj19s4h15.o
[152/535    0s] C_Android_arm64 Library/Bee/artifacts/Android/87lik/srh9u4iuyy4k.o
[153/535    0s] C_Android_arm64 Library/Bee/artifacts/Android/87lik/kt2bbzpofhwz.o
[154/535    0s] C_Android_arm64 Library/Bee/artifacts/Android/87lik/lm6fl97w0xh0.o
[155/535    2s] C_Android_arm32 Library/Bee/artifacts/Android/x6ly2/nccwcdb0a8s4.o
[156/535    0s] C_Android_arm64 Library/Bee/artifacts/Android/87lik/xri1g0wunlc0.o
[157/535    0s] C_Android_arm64 Library/Bee/artifacts/Android/87lik/jqc8gjxfiyh6.o
[158/535    3s] C_Android_arm32 Library/Bee/artifacts/Android/x6ly2/ds1ght7za7uz.o
[159/535    0s] C_Android_arm64 Library/Bee/artifacts/Android/87lik/fzzrsb4ahigq.o
[160/535    1s] C_Android_arm64 Library/Bee/artifacts/Android/87lik/mnjr8zc7kg65.o
[161/535    0s] C_Android_arm64 Library/Bee/artifacts/Android/87lik/xqhg6j373tur.o
[162/535    1s] C_Android_arm32 Library/Bee/artifacts/Android/x6ly2/numjpxl2lali.o
[163/535    1s] C_Android_arm32 Library/Bee/artifacts/Android/x6ly2/y20n6dho495i.o
[164/535    0s] C_Android_arm64 Library/Bee/artifacts/Android/87lik/xidtiw78ht6r.o
[165/535    3s] C_Android_arm32 Library/Bee/artifacts/Android/x6ly2/uyxfk7mztaxp.o
[166/535    1s] C_Android_arm64 Library/Bee/artifacts/Android/87lik/9werpv72omj1.o
[167/535    1s] C_Android_arm64 Library/Bee/artifacts/Android/87lik/rpx0dk0mvpfb.o
[168/535    1s] C_Android_arm64 Library/Bee/artifacts/Android/87lik/cgp9q356k2zv.o
[169/535    1s] C_Android_arm64 Library/Bee/artifacts/Android/87lik/wfw78nawbmgg.o
[170/535    1s] C_Android_arm64 Library/Bee/artifacts/Android/87lik/17wmbeqnyxpc.o
[171/535    0s] C_Android_arm64 Library/Bee/artifacts/Android/87lik/lol1nqr1mqwh.o
[172/535    1s] C_Android_arm64 Library/Bee/artifacts/Android/87lik/8mv4l0ru6f6e.o
[173/535    0s] C_Android_arm32 Library/Bee/artifacts/Android/x6ly2/n36ne9le5fnw.o
[174/535    2s] C_Android_arm32 Library/Bee/artifacts/Android/x6ly2/9oocxjkbfkn3.o
[175/535    0s] C_Android_arm64 Library/Bee/artifacts/Android/zz99l/7meo3fmh575u.o
[176/535    0s] C_Android_arm64 Library/Bee/artifacts/Android/87lik/o8e5m9i017bq.o
[177/535    2s] C_Android_arm64 Library/Bee/artifacts/Android/87lik/ybjklecmesjw.o
[178/535    0s] C_Android_arm32 Library/Bee/artifacts/Android/x6ly2/4rfd8ul97l15.o
[179/535    1s] C_Android_arm32 Library/Bee/artifacts/Android/x6ly2/iaym7snk0yjz.o
[180/535    1s] C_Android_arm64 Library/Bee/artifacts/Android/87lik/chlsz7vs9r9p.o
[181/535    2s] C_Android_arm32 Library/Bee/artifacts/Android/x6ly2/fr9c0zgj7fks.o
[182/535    0s] C_Android_arm64 Library/Bee/artifacts/Android/87lik/ehfvgaqjt28l.o
[183/535    0s] C_Android_arm64 Library/Bee/artifacts/Android/87lik/5rl00mobow7w.o
[184/535    1s] C_Android_arm64 Library/Bee/artifacts/Android/87lik/6e0rwrzkhwc1.o
[185/535    0s] C_Android_arm64 Library/Bee/artifacts/Android/87lik/lp6hw9dhofsv.o
[186/535    2s] C_Android_arm64 Library/Bee/artifacts/Android/87lik/u87ifsyqr5v5.o
[187/535    0s] C_Android_arm64 Library/Bee/artifacts/Android/87lik/2df7pvdcrl64.o
[188/535    0s] C_Android_arm64 Library/Bee/artifacts/Android/87lik/2ovzxb35p2rq.o
[189/535    0s] C_Android_arm64 Library/Bee/artifacts/Android/87lik/01nbk45ce9mm.o
[190/535    0s] C_Android_arm64 Library/Bee/artifacts/Android/87lik/2q3ml0knl7ry.o
[191/535    1s] C_Android_arm64 Library/Bee/artifacts/Android/87lik/8sonoghvd3on.o
[192/535    1s] C_Android_arm64 Library/Bee/artifacts/Android/87lik/2fms7k6aprsp.o
[193/535    1s] C_Android_arm64 Library/Bee/artifacts/Android/87lik/59d5m8irhn8s.o
[194/535    4s] C_Android_arm32 Library/Bee/artifacts/Android/x6ly2/c8yuyrifb03x.o
[195/535    0s] C_Android_arm64 Library/Bee/artifacts/Android/87lik/uz2aho94ldqx.o
[196/535    0s] C_Android_arm64 Library/Bee/artifacts/Android/87lik/840h91aws3nc.o
[197/535    1s] C_Android_arm64 Library/Bee/artifacts/Android/87lik/1lfcc2gbrzc2.o
[198/535    1s] C_Android_arm64 Library/Bee/artifacts/Android/87lik/r77nq4ap6r7o.o
[199/535    0s] C_Android_arm64 Library/Bee/artifacts/Android/87lik/rgssfgb1px92.o
[200/535    0s] C_Android_arm64 Library/Bee/artifacts/Android/87lik/6cbyvsjc25cw.o
[201/535    0s] C_Android_arm64 Library/Bee/artifacts/Android/87lik/f0e3c79jh61c.o
[202/535    2s] C_Android_arm64 Library/Bee/artifacts/Android/87lik/9xaayzxodctv.o
[203/535    0s] C_Android_arm64 Library/Bee/artifacts/Android/87lik/zceaws3bycpg.o
[204/535    2s] C_Android_arm64 Library/Bee/artifacts/Android/87lik/0rh2n0pff061.o
[205/535    2s] C_Android_arm64 Library/Bee/artifacts/Android/87lik/d29gyq9xz199.o
[206/535    0s] C_Android_arm64 Library/Bee/artifacts/Android/87lik/g1mzpe360i3p.o
[207/535    1s] C_Android_arm64 Library/Bee/artifacts/Android/87lik/n77llgtunkev.o
[208/535    1s] C_Android_arm32 Library/Bee/artifacts/Android/x6ly2/jumhk93722ro.o
[209/535    0s] C_Android_arm64 Library/Bee/artifacts/Android/87lik/dicho64242mv.o
[210/535    1s] C_Android_arm64 Library/Bee/artifacts/Android/87lik/kox3j8uqr4x0.o
[211/535    2s] C_Android_arm64 Library/Bee/artifacts/Android/87lik/j4uh1655rx6y.o
[212/535    2s] C_Android_arm64 Library/Bee/artifacts/Android/87lik/1ypdbwd4xnpx.o
[213/535    1s] C_Android_arm64 Library/Bee/artifacts/Android/87lik/0q3k9b1ph7ru.o
[214/535    0s] C_Android_arm32 Library/Bee/artifacts/Android/x6ly2/texwft7723pt.o
[215/535    1s] C_Android_arm64 Library/Bee/artifacts/Android/87lik/f392gtbvxns8.o
[216/535    1s] C_Android_arm64 Library/Bee/artifacts/Android/87lik/h5mli0wmvoh6.o
[217/535    0s] C_Android_arm32 Library/Bee/artifacts/Android/x6ly2/kvt0l2tdhqpj.o
[218/535    0s] C_Android_arm32 Library/Bee/artifacts/Android/x6ly2/2zptuluphoqp.o
[219/535    0s] C_Android_arm32 Library/Bee/artifacts/Android/x6ly2/zi44tccu0y9z.o
[220/535    1s] C_Android_arm32 Library/Bee/artifacts/Android/x6ly2/21envkaywequ.o
[221/535    0s] C_Android_arm64 Library/Bee/artifacts/Android/87lik/ytvacmwhyuvf.o
[222/535    0s] C_Android_arm32 Library/Bee/artifacts/Android/x6ly2/bmenr4eow0tj.o
[223/535    6s] C_Android_arm32 Library/Bee/artifacts/Android/x6ly2/qdx1q5j6hq1c.o
[224/535    0s] C_Android_arm32 Library/Bee/artifacts/Android/x6ly2/5b9rpqiutv7r.o
[225/535    4s] C_Android_arm64 Library/Bee/artifacts/Android/87lik/glkzzy71vhq4.o
[226/535    0s] C_Android_arm32 Library/Bee/artifacts/Android/4qqi9/7meo3fmh575u.o
[227/535    3s] C_Android_arm64 Library/Bee/artifacts/Android/dqdht/rcr76u2kd2yl.o
[228/535    1s] C_Android_arm32 Library/Bee/artifacts/Android/x6ly2/5jtmooig44wu.o
[229/535    1s] C_Android_arm32 Library/Bee/artifacts/Android/x6ly2/bqoyfmm8c651.o
[230/535    0s] C_Android_arm32 Library/Bee/artifacts/Android/x6ly2/a4tqf30w8kmf.o
[231/535    1s] C_Android_arm32 Library/Bee/artifacts/Android/x6ly2/xubia700dg35.o
[232/535    2s] C_Android_arm32 Library/Bee/artifacts/Android/x6ly2/xl489oohd62q.o
[233/535    0s] C_Android_arm32 Library/Bee/artifacts/Android/x6ly2/hb0wmj2e289a.o
[234/535    1s] C_Android_arm32 Library/Bee/artifacts/Android/x6ly2/8234pwgk0kdp.o
[235/535    1s] C_Android_arm32 Library/Bee/artifacts/Android/x6ly2/k2qspz48mcp4.o
[236/535    0s] C_Android_arm64 Library/Bee/artifacts/Android/87lik/c29igxml7uvo.o
[237/535    0s] C_Android_arm64 Library/Bee/artifacts/Android/87lik/t7iaq6pnzmlo.o
[238/535    0s] C_Android_arm64 Library/Bee/artifacts/Android/87lik/7iwctuxd4d7l.o
[239/535    0s] C_Android_arm64 Library/Bee/artifacts/Android/87lik/4dkjf59nvcqy.o
[240/535    0s] C_Android_arm64 Library/Bee/artifacts/Android/87lik/06ljt76r0ok4.o
[241/535    1s] C_Android_arm64 Library/Bee/artifacts/Android/87lik/9ouwqx7geduy.o
[242/535    0s] C_Android_arm64 Library/Bee/artifacts/Android/87lik/n0sp7y6hy9ol.o
[243/535    0s] C_Android_arm64 Library/Bee/artifacts/Android/87lik/9jtam94stiw1.o
[244/535    1s] C_Android_arm32 Library/Bee/artifacts/Android/x6ly2/83zny065oanj.o
[245/535    1s] C_Android_arm32 Library/Bee/artifacts/Android/x6ly2/gbczi1536mbu.o
[246/535    0s] C_Android_arm64 Library/Bee/artifacts/Android/87lik/rcg9suf4vicp.o
[247/535    0s] C_Android_arm64 Library/Bee/artifacts/Android/87lik/97qll30oa98t.o
[248/535    0s] C_Android_arm32 Library/Bee/artifacts/Android/x6ly2/ybavw4dj5k5j.o
[249/535    0s] C_Android_arm64 Library/Bee/artifacts/Android/87lik/yqknachbv4zp.o
[250/535    0s] C_Android_arm64 Library/Bee/artifacts/Android/87lik/n38gqdzfk2qa.o
[251/535    0s] C_Android_arm64 Library/Bee/artifacts/Android/87lik/3somre1voffl.o
[252/535    2s] C_Android_arm32 Library/Bee/artifacts/Android/x6ly2/5kp5ws81su6o.o
[253/535    1s] C_Android_arm64 Library/Bee/artifacts/Android/87lik/x7s2732llrb0.o
[254/535    0s] C_Android_arm64 Library/Bee/artifacts/Android/87lik/rdkyung4tk4o.o
[255/535    0s] C_Android_arm64 Library/Bee/artifacts/Android/87lik/oo4nh8tyvpag.o
[256/535    0s] C_Android_arm64 Library/Bee/artifacts/Android/87lik/ict822sitb07.o
[257/535    0s] C_Android_arm64 Library/Bee/artifacts/Android/87lik/f1x7ud4u0yst.o
[258/535    0s] C_Android_arm64 Library/Bee/artifacts/Android/87lik/dt5wtxbs9trj.o
[259/535    0s] C_Android_arm64 Library/Bee/artifacts/Android/87lik/arrachmbeuuk.o
[260/535    0s] C_Android_arm64 Library/Bee/artifacts/Android/87lik/updys0bj3ftk.o
[261/535    1s] C_Android_arm32 Library/Bee/artifacts/Android/x6ly2/8urvcnnasiz5.o
[262/535    0s] C_Android_arm64 Library/Bee/artifacts/Android/87lik/jena8ivp9uwn.o
[263/535    5s] C_Android_arm64 Library/Bee/artifacts/Android/87lik/5ywa9s4el78j.o
[264/535    0s] C_Android_arm64 Library/Bee/artifacts/Android/87lik/7j6es4o4jcow.o
[265/535    0s] C_Android_arm64 Library/Bee/artifacts/Android/87lik/ukcjhpjg6qv4.o
[266/535    0s] C_Android_arm64 Library/Bee/artifacts/Android/87lik/5bptuldaikcp.o
[267/535    0s] C_Android_arm64 Library/Bee/artifacts/Android/87lik/05da4rtempe7.o
[268/535    0s] C_Android_arm64 Library/Bee/artifacts/Android/zz99l/a4yyln9lsiki.o
[269/535    0s] C_Android_arm64 Library/Bee/artifacts/Android/87lik/5nasznifnb9i.o
[270/535    0s] C_Android_arm64 Library/Bee/artifacts/Android/zz99l/wuxl3djq3ges.o
[271/535    1s] C_Android_arm64 Library/Bee/artifacts/Android/87lik/k215xfbnu2x3.o
[272/535    0s] C_Android_arm64 Library/Bee/artifacts/Android/87lik/viuahx4xjl1b.o
[273/535    0s] C_Android_arm64 Library/Bee/artifacts/Android/87lik/l8a1hzoxak17.o
[274/535    0s] C_Android_arm64 Library/Bee/artifacts/Android/zz99l/syg6dp0l0m8f.o
[275/535    0s] C_Android_arm64 Library/Bee/artifacts/Android/87lik/gm8z6u7e7o0m.o
[276/535    0s] C_Android_arm64 Library/Bee/artifacts/Android/zz99l/n50y5guwck2g.o
[277/535    0s] C_Android_arm64 Library/Bee/artifacts/Android/zz99l/2hrw8japj449.o
[278/535    0s] WriteResponseFile Library/Bee/artifacts/rsp/8926815466332706443.rsp
[279/535    0s] C_Android_arm64 Library/Bee/artifacts/Android/zz99l/djesbes10czf.o
[280/535    0s] C_Android_arm64 Library/Bee/artifacts/Android/zz99l/z4qqe125q3ij.o
[281/535    0s] C_Android_arm64 Library/Bee/artifacts/Android/zz99l/zwt47eqak76h.o
[282/535    0s] C_Android_arm64 Library/Bee/artifacts/Android/zz99l/8hegedtcmti4.o
[283/535    0s] C_Android_arm64 Library/Bee/artifacts/Android/zz99l/u6epnckv22u3.o
[284/535    0s] C_Android_arm64 Library/Bee/artifacts/Android/dqdht/wzptneom0lq2.o
[285/535    0s] C_Android_arm64 Library/Bee/artifacts/Android/87lik/k5j8lq77f4l1.o
[286/535    0s] C_Android_arm64 Library/Bee/artifacts/Android/zz99l/l326nxbjv4r0.o
[287/535    0s] C_Android_arm32 Library/Bee/artifacts/Android/x6ly2/4gd8n32k5fcd.o
[288/535    0s] C_Android_arm64 Library/Bee/artifacts/Android/87lik/z17d6lfxk7zi.o
[289/535    0s] C_Android_arm32 Library/Bee/artifacts/Android/x6ly2/7jg9d3w4hxet.o
[290/535    0s] C_Android_arm64 Library/Bee/artifacts/Android/87lik/84f0xivspqtm.o
[291/535    6s] C_Android_arm64 Library/Bee/artifacts/Android/87lik/uqi6rc9s27nj.o
[292/535    0s] C_Android_arm32 Library/Bee/artifacts/Android/x6ly2/jwwvc7rsxalf.o
[293/535    0s] C_Android_arm32 Library/Bee/artifacts/Android/x6ly2/j578qhy44m5c.o
[294/535    2s] C_Android_arm32 Library/Bee/artifacts/Android/x6ly2/wewxmt0suikv.o
[295/535    0s] C_Android_arm64 Library/Bee/artifacts/Android/zz99l/9ya3001m7dhw.o
[296/535    0s] C_Android_arm32 Library/Bee/artifacts/Android/x6ly2/rpfdquwnqtop.o
[297/535    0s] C_Android_arm32 Library/Bee/artifacts/Android/x6ly2/aw8lp1lddf45.o
[298/535    1s] C_Android_arm64 Library/Bee/artifacts/Android/87lik/12osyuh5oyl2.o
[299/535    0s] C_Android_arm64 Library/Bee/artifacts/Android/zz99l/df6kkiuhmaot.o
[300/535    0s] C_Android_arm32 Library/Bee/artifacts/Android/x6ly2/nfqgpt0cr1qz.o
[301/535    0s] C_Android_arm64 Library/Bee/artifacts/Android/87lik/wuhk6fluwchd.o
[302/535    2s] C_Android_arm32 Library/Bee/artifacts/Android/ihupg/rcr76u2kd2yl.o
[303/535    0s] C_Android_arm32 Library/Bee/artifacts/Android/x6ly2/5uflpelrl7dq.o
[304/535    0s] C_Android_arm32 Library/Bee/artifacts/Android/x6ly2/jfcqxwbjtge5.o
[305/535    0s] C_Android_arm32 Library/Bee/artifacts/Android/x6ly2/5puncitr85x2.o
[306/535    0s] C_Android_arm32 Library/Bee/artifacts/Android/x6ly2/t7iaq6pnzmlo.o
[307/535    0s] C_Android_arm32 Library/Bee/artifacts/Android/x6ly2/7iwctuxd4d7l.o
[308/535    0s] C_Android_arm32 Library/Bee/artifacts/Android/x6ly2/32uo2umryf6n.o
[309/535    0s] C_Android_arm32 Library/Bee/artifacts/Android/x6ly2/h9r0idc5ll69.o
[310/535    0s] C_Android_arm32 Library/Bee/artifacts/Android/x6ly2/c29igxml7uvo.o
[311/535    0s] C_Android_arm32 Library/Bee/artifacts/Android/x6ly2/i0m0fc6ljeao.o
[312/535    0s] C_Android_arm32 Library/Bee/artifacts/Android/x6ly2/4dkjf59nvcqy.o
[313/535    0s] C_Android_arm32 Library/Bee/artifacts/Android/x6ly2/chfqd52fr0us.o
[314/535    0s] C_Android_arm32 Library/Bee/artifacts/Android/x6ly2/06ljt76r0ok4.o
[315/535    0s] C_Android_arm32 Library/Bee/artifacts/Android/x6ly2/9jtam94stiw1.o
[316/535    0s] C_Android_arm32 Library/Bee/artifacts/Android/x6ly2/97qll30oa98t.o
[317/535    0s] C_Android_arm32 Library/Bee/artifacts/Android/x6ly2/rcg9suf4vicp.o
[318/535    0s] C_Android_arm32 Library/Bee/artifacts/Android/x6ly2/n0sp7y6hy9ol.o
[319/535    0s] C_Android_arm32 Library/Bee/artifacts/Android/x6ly2/yqknachbv4zp.o
[320/535    0s] C_Android_arm32 Library/Bee/artifacts/Android/x6ly2/bvjm4dhdtesz.o
[321/535    0s] WriteResponseFile Library/Bee/artifacts/rsp/12438370367218343051.rsp
[322/535    3s] C_Android_arm32 Library/Bee/artifacts/Android/x6ly2/qvmeel936n9y.o
[323/535    0s] C_Android_arm32 Library/Bee/artifacts/Android/x6ly2/3somre1voffl.o
[324/535    0s] C_Android_arm32 Library/Bee/artifacts/Android/x6ly2/4d8txelhcbvo.o
[325/535    0s] C_Android_arm64 Library/Bee/artifacts/Android/87lik/4gd8n32k5fcd.o
[326/535    1s] C_Android_arm32 Library/Bee/artifacts/Android/x6ly2/29ooy7nucm5v.o
[327/535    0s] C_Android_arm64 Library/Bee/artifacts/Android/87lik/7jg9d3w4hxet.o
[328/535    0s] C_Android_arm32 Library/Bee/artifacts/Android/x6ly2/ict822sitb07.o
[329/535    6s] C_Android_arm32 Library/Bee/artifacts/Android/x6ly2/1lb67lfs0pmd.o
[330/535    0s] C_Android_arm32 Library/Bee/artifacts/Android/x6ly2/oo4nh8tyvpag.o
[331/535    1s] C_Android_arm32 Library/Bee/artifacts/Android/x6ly2/7djbsqnb3plx.o
[332/535    0s] C_Android_arm32 Library/Bee/artifacts/Android/x6ly2/dt5wtxbs9trj.o
[333/535    0s] C_Android_arm32 Library/Bee/artifacts/Android/x6ly2/f1x7ud4u0yst.o
[334/535    0s] C_Android_arm64 Library/Bee/artifacts/Android/87lik/jwwvc7rsxalf.o
[335/535    1s] C_Android_arm32 Library/Bee/artifacts/Android/x6ly2/tasfamdahs2m.o
[336/535    0s] C_Android_arm32 Library/Bee/artifacts/Android/x6ly2/rdkyung4tk4o.o
[337/535    0s] C_Android_arm32 Library/Bee/artifacts/Android/x6ly2/jena8ivp9uwn.o
[338/535    0s] C_Android_arm32 Library/Bee/artifacts/Android/x6ly2/updys0bj3ftk.o
[339/535    0s] C_Android_arm64 Library/Bee/artifacts/Android/87lik/j578qhy44m5c.o
[340/535    1s] C_Android_arm32 Library/Bee/artifacts/Android/x6ly2/4x8gvpyfecy3.o
[341/535    0s] C_Android_arm64 Library/Bee/artifacts/Android/87lik/4d8txelhcbvo.o
[342/535    0s] C_Android_arm64 Library/Bee/artifacts/Android/87lik/jfcqxwbjtge5.o
[343/535    1s] C_Android_arm32 Library/Bee/artifacts/Android/x6ly2/0m3dl7miwi2h.o
[344/535    0s] C_Android_arm32 Library/Bee/artifacts/Android/x6ly2/05da4rtempe7.o
[345/535    1s] C_Android_arm32 Library/Bee/artifacts/Android/x6ly2/k215xfbnu2x3.o
[346/535    0s] C_Android_arm32 Library/Bee/artifacts/Android/x6ly2/5nasznifnb9i.o
[347/535    0s] C_Android_arm32 Library/Bee/artifacts/Android/x6ly2/arrachmbeuuk.o
[348/535    0s] C_Android_arm32 Library/Bee/artifacts/Android/x6ly2/wuhk6fluwchd.o
[349/535    0s] C_Android_arm64 Library/Bee/artifacts/Android/87lik/aw8lp1lddf45.o
[350/535    0s] C_Android_arm32 Library/Bee/artifacts/Android/x6ly2/l8a1hzoxak17.o
[351/535    0s] C_Android_arm64 Library/Bee/artifacts/Android/87lik/rpfdquwnqtop.o
[352/535    0s] C_Android_arm64 Library/Bee/artifacts/Android/87lik/chfqd52fr0us.o
[353/535    0s] C_Android_arm32 Library/Bee/artifacts/Android/x6ly2/viuahx4xjl1b.o
[354/535    0s] C_Android_arm32 Library/Bee/artifacts/Android/x6ly2/5bptuldaikcp.o
[355/535    0s] C_Android_arm32 Library/Bee/artifacts/Android/x6ly2/ukcjhpjg6qv4.o
[356/535    0s] C_Android_arm32 Library/Bee/artifacts/Android/x6ly2/7j6es4o4jcow.o
[357/535    0s] C_Android_arm64 Library/Bee/artifacts/Android/87lik/nfqgpt0cr1qz.o
[358/535    0s] C_Android_arm64 Library/Bee/artifacts/Android/87lik/32uo2umryf6n.o
[359/535    0s] C_Android_arm32 Library/Bee/artifacts/Android/4qqi9/wuxl3djq3ges.o
[360/535    0s] C_Android_arm32 Library/Bee/artifacts/Android/x6ly2/12osyuh5oyl2.o
[361/535    0s] C_Android_arm32 Library/Bee/artifacts/Android/4qqi9/a4yyln9lsiki.o
[362/535    0s] C_Android_arm32 Library/Bee/artifacts/Android/x6ly2/k5j8lq77f4l1.o
[363/535    0s] C_Android_arm32 Library/Bee/artifacts/Android/x6ly2/z17d6lfxk7zi.o
[364/535    0s] C_Android_arm32 Library/Bee/artifacts/Android/4qqi9/syg6dp0l0m8f.o
[365/535    0s] C_Android_arm32 Library/Bee/artifacts/Android/x6ly2/gm8z6u7e7o0m.o
[366/535    0s] C_Android_arm32 Library/Bee/artifacts/Android/4qqi9/n50y5guwck2g.o
[367/535    0s] C_Android_arm64 Library/Bee/artifacts/Android/87lik/h9r0idc5ll69.o
[368/535    0s] C_Android_arm32 Library/Bee/artifacts/Android/4qqi9/2hrw8japj449.o
[369/535    0s] C_Android_arm32 Library/Bee/artifacts/Android/4qqi9/zwt47eqak76h.o
[370/535    0s] C_Android_arm64 Library/Bee/artifacts/Android/87lik/i0m0fc6ljeao.o
[371/535    0s] C_Android_arm32 Library/Bee/artifacts/Android/4qqi9/z4qqe125q3ij.o
[372/535    0s] WriteText Library/Bee/artifacts/csharpactions/UnityClassRegistration.cpp_oogf.info
[373/535    0s] WriteText Library/Bee/artifacts/csharpactions/dummy-FeaturesChecked.txt_emel.info
[374/535    0s] WriteText Library/Bee/artifacts/csharpactions/level0_isf5.info
[375/535    0s] WriteText Library/Bee/artifacts/csharpactions/globalgamemanagers.assets_wxz5.info
[376/535    0s] WriteText Library/Bee/artifacts/csharpactions/boot.config_x4e9.info
[377/535    0s] WriteText Library/Bee/artifacts/csharpactions/sharedassets0.assets_v4ez.info
[378/535    0s] C_Android_arm32 Library/Bee/artifacts/Android/4qqi9/djesbes10czf.o
[379/535    0s] C_Android_arm32 Library/Bee/artifacts/Android/4qqi9/u6epnckv22u3.o
[380/535    0s] C_Android_arm32 Library/Bee/artifacts/Android/ihupg/wzptneom0lq2.o
[381/535    0s] C_Android_arm64 Library/Bee/artifacts/Android/87lik/5uflpelrl7dq.o
[382/535    0s] WriteText Library/Bee/artifacts/csharpactions/build.gradle_4jiu.info
[383/535    0s] WriteText Library/Bee/artifacts/csharpactions/unity_app_guid_lfh9.info
[384/535    0s] WriteText Library/Bee/artifacts/csharpactions/LauncherManifestDiag.txt_zvqu.info
[385/535    0s] CopyFiles C:/Users/diman/BlockPuzzlesBatch/Library/Bee/Android/Prj/IL2CPP/Gradle/unityLibrary/src/main/jniLibs/arm64-v8a/libmain.so
[386/535    0s] C_Android_arm32 Library/Bee/artifacts/Android/4qqi9/8hegedtcmti4.o
[387/535    0s] CopyFiles C:/Users/diman/BlockPuzzlesBatch/Library/Bee/Android/Prj/IL2CPP/Gradle/unityLibrary/src/main/jniLibs/armeabi-v7a/libmain.so
[388/535    0s] CopyFiles C:/Users/diman/BlockPuzzlesBatch/Library/Bee/Android/Prj/IL2CPP/Gradle/launcher/src/main/res/mipmap-xhdpi/app_icon.png
[389/535    0s] CopyFiles C:/Users/diman/BlockPuzzlesBatch/Library/Bee/Android/Prj/IL2CPP/Gradle/launcher/src/main/res/mipmap-xxhdpi/app_icon.png
[390/535    0s] CopyFiles C:/Users/diman/BlockPuzzlesBatch/Library/Bee/Android/Prj/IL2CPP/Gradle/launcher/src/main/res/mipmap-xxxhdpi/app_icon.png
[391/535    0s] C_Android_arm32 Library/Bee/artifacts/Android/4qqi9/l326nxbjv4r0.o
[392/535    0s] CopyFiles C:/Users/diman/BlockPuzzlesBatch/Library/Bee/Android/Prj/IL2CPP/Gradle/launcher/src/main/res/mipmap-ldpi/app_icon_round.png
[393/535    0s] CopyFiles C:/Users/diman/BlockPuzzlesBatch/Library/Bee/Android/Prj/IL2CPP/Gradle/launcher/src/main/res/mipmap-mdpi/app_icon_round.png
[394/535    0s] CopyFiles C:/Users/diman/BlockPuzzlesBatch/Library/Bee/Android/Prj/IL2CPP/Gradle/launcher/src/main/res/mipmap-hdpi/app_icon_round.png
[395/535    0s] CopyFiles C:/Users/diman/BlockPuzzlesBatch/Library/Bee/Android/Prj/IL2CPP/Gradle/launcher/src/main/res/mipmap-xhdpi/app_icon_round.png
[396/535    0s] CopyFiles C:/Users/diman/BlockPuzzlesBatch/Library/Bee/Android/Prj/IL2CPP/Gradle/unityLibrary/libs/unity-classes.jar
[397/535    0s] CopyFiles C:/Users/diman/BlockPuzzlesBatch/Library/Bee/Android/Prj/IL2CPP/Gradle/launcher/src/main/res/mipmap-xxhdpi/app_icon_round.png
[398/535    0s] CopyFiles C:/Users/diman/BlockPuzzlesBatch/Library/Bee/Android/Prj/IL2CPP/Gradle/launcher/src/main/res/mipmap-xxxhdpi/app_icon_round.png
[399/535    0s] CopyFiles C:/Users/diman/BlockPuzzlesBatch/Library/Bee/Android/Prj/IL2CPP/Gradle/launcher/src/main/res/mipmap-ldpi/ic_launcher_background.png
[400/535    0s] CopyFiles C:/Users/diman/BlockPuzzlesBatch/Library/Bee/Android/Prj/IL2CPP/Gradle/launcher/src/main/res/mipmap-xhdpi/ic_launcher_background.png
[401/535    0s] CopyFiles C:/Users/diman/BlockPuzzlesBatch/Library/Bee/Android/Prj/IL2CPP/Gradle/launcher/src/main/res/mipmap-xxhdpi/ic_launcher_background.png
[402/535    0s] CopyFiles C:/Users/diman/BlockPuzzlesBatch/Library/Bee/Android/Prj/IL2CPP/Gradle/launcher/src/main/res/mipmap-xxxhdpi/ic_launcher_background.png
[403/535    0s] CopyFiles C:/Users/diman/BlockPuzzlesBatch/Library/Bee/Android/Prj/IL2CPP/Gradle/unityLibrary/src/main/res/values/ids.xml
[404/535    0s] CopyFiles C:/Users/diman/BlockPuzzlesBatch/Library/Bee/Android/Prj/IL2CPP/Gradle/unityLibrary/src/main/res/values-v21/styles.xml
[405/535    0s] WriteText C:/Users/diman/BlockPuzzlesBatch/Library/Bee/Android/Prj/IL2CPP/Gradle/unityLibrary/src/main/resources/META-INF/com.android.games.engine.build_fingerprint
[406/535    0s] CopyFiles C:/Users/diman/BlockPuzzlesBatch/Library/Bee/Android/Prj/IL2CPP/Gradle/unityLibrary/src/main/res/values-v31/styles.xml
[407/535    0s] WriteText C:/Users/diman/BlockPuzzlesBatch/Library/Bee/Android/Prj/IL2CPP/Gradle/unityLibrary/src/main/res/values/colors.xml
[408/535    0s] WriteText C:/Users/diman/BlockPuzzlesBatch/Library/Bee/Android/Prj/IL2CPP/Gradle/launcher/src/main/res/values/strings.xml
[409/535    0s] CopyFiles C:/Users/diman/BlockPuzzlesBatch/Library/Bee/Android/Prj/IL2CPP/Gradle/unityLibrary/src/main/res/values/styles.xml
[410/535    0s] CopyFiles C:/Users/diman/BlockPuzzlesBatch/Library/Bee/Android/Prj/IL2CPP/Gradle/unityLibrary/src/main/res/values-v30/freeformwindow.xml
[411/535    0s] CopyFiles C:/Users/diman/BlockPuzzlesBatch/Library/Bee/Android/Prj/IL2CPP/Gradle/unityLibrary/src/main/res/values/freeformwindow.xml
[412/535    0s] C_Android_arm32 Library/Bee/artifacts/Android/x6ly2/84f0xivspqtm.o
[413/535    0s] CopyFiles C:/Users/diman/BlockPuzzlesBatch/Library/Bee/Android/Prj/IL2CPP/Gradle/launcher/src/main/res/mipmap-anydpi-v26/app_icon.xml
[414/535    0s] CopyFiles C:/Users/diman/BlockPuzzlesBatch/Library/Bee/Android/Prj/IL2CPP/Gradle/unityLibrary/src/main/assets/bin/Data/unity default resources
[415/535    0s] CopyFiles C:/Users/diman/BlockPuzzlesBatch/Library/Bee/Android/Prj/IL2CPP/Gradle/launcher/src/main/res/mipmap-mdpi/app_icon.png
[416/535    0s] CopyFiles C:/Users/diman/BlockPuzzlesBatch/Library/Bee/Android/Prj/IL2CPP/Gradle/launcher/src/main/res/mipmap-mdpi/ic_launcher_background.png
[417/535    0s] CopyFiles C:/Users/diman/BlockPuzzlesBatch/Library/Bee/Android/Prj/IL2CPP/Gradle/launcher/src/main/res/mipmap-mdpi/ic_launcher_foreground.png
[418/535    0s] CopyFiles C:/Users/diman/BlockPuzzlesBatch/Library/Bee/Android/Prj/IL2CPP/Gradle/unityLibrary/src/main/java/com/unity3d/player/UnityPlayerActivity.java
[419/535    0s] CopyFiles C:/Users/diman/BlockPuzzlesBatch/Library/Bee/Android/Prj/IL2CPP/Gradle/launcher/src/main/res/mipmap-ldpi/app_icon.png
[420/535    0s] CopyFiles C:/Users/diman/BlockPuzzlesBatch/Library/Bee/Android/Prj/IL2CPP/Gradle/launcher/src/main/res/mipmap-hdpi/app_icon.png
[421/535    0s] CopyFiles C:/Users/diman/BlockPuzzlesBatch/Library/Bee/Android/Prj/IL2CPP/Gradle/unityLibrary/src/main/assets/bin/Data/ScriptingAssemblies.json
[422/535    0s] CopyFiles C:/Users/diman/BlockPuzzlesBatch/Library/Bee/Android/Prj/IL2CPP/Gradle/unityLibrary/src/main/assets/bin/Data/RuntimeInitializeOnLoads.json
[423/535    0s] CopyFiles C:/Users/diman/BlockPuzzlesBatch/Library/Bee/Android/Prj/IL2CPP/Gradle/launcher/src/main/res/mipmap-anydpi-v26/app_icon_round.xml
[424/535    0s] CopyFiles C:/Users/diman/BlockPuzzlesBatch/Library/Bee/Android/Prj/IL2CPP/Gradle/unityLibrary/src/main/assets/bin/Data/Resources/unity_builtin_extra
[425/535    0s] CopyFiles C:/Users/diman/BlockPuzzlesBatch/Library/Bee/Android/Prj/IL2CPP/Gradle/launcher/src/main/res/mipmap-hdpi/ic_launcher_background.png
[426/535    0s] CopyFiles C:/Users/diman/BlockPuzzlesBatch/Library/Bee/Android/Prj/IL2CPP/Gradle/unityLibrary/src/main/assets/bin/Data/fade42e8bc714b018fac513c043d323b
[427/535    0s] CopyFiles C:/Users/diman/BlockPuzzlesBatch/Library/Bee/Android/Prj/IL2CPP/Gradle/unityLibrary/src/main/assets/bin/Data/f952c082cb03451daed3ee968ac6c63e
[428/535    0s] CopyFiles C:/Users/diman/BlockPuzzlesBatch/Library/Bee/Android/Prj/IL2CPP/Gradle/unityLibrary/src/main/assets/bin/Data/globalgamemanagers
[429/535    0s] CopyFiles C:/Users/diman/BlockPuzzlesBatch/Library/Bee/Android/Prj/IL2CPP/Gradle/unityLibrary/src/main/assets/bin/Data/f7f5e36797cf0c1408561665c67b179b
[430/535    0s] CopyFiles C:/Users/diman/BlockPuzzlesBatch/Library/Bee/Android/Prj/IL2CPP/Gradle/unityLibrary/src/main/assets/bin/Data/f6ce33b91f6ffe54cadacbf4bb112440
[431/535    0s] CopyFiles C:/Users/diman/BlockPuzzlesBatch/Library/Bee/Android/Prj/IL2CPP/Gradle/unityLibrary/src/main/assets/bin/Data/f6b1a0fe75d5009449cf55ae76220e2b
[432/535    0s] CopyFiles C:/Users/diman/BlockPuzzlesBatch/Library/Bee/Android/Prj/IL2CPP/Gradle/unityLibrary/src/main/assets/bin/Data/e73a58f6e2794ae7b1b7e50b7fb811b0
[433/535    0s] CopyFiles C:/Users/diman/BlockPuzzlesBatch/Library/Bee/Android/Prj/IL2CPP/Gradle/unityLibrary/src/main/assets/bin/Data/f22bcc84a5f4a1944b075a2c4ac71493
[434/535    0s] CopyFiles C:/Users/diman/BlockPuzzlesBatch/Library/Bee/Android/Prj/IL2CPP/Gradle/unityLibrary/src/main/assets/bin/Data/dc0f88987826e6e48b1fe9c7c2b53a53
[435/535    0s] CopyFiles C:/Users/diman/BlockPuzzlesBatch/Library/Bee/Android/Prj/IL2CPP/Gradle/unityLibrary/src/main/assets/bin/Data/dffef66376be4fa480fb02b19edbe903
[436/535    0s] CopyFiles C:/Users/diman/BlockPuzzlesBatch/Library/Bee/Android/Prj/IL2CPP/Gradle/unityLibrary/src/main/assets/bin/Data/daa46a58178a6ad41ae1ddc2dc7f856d
[437/535    0s] CopyFiles C:/Users/diman/BlockPuzzlesBatch/Library/Bee/Android/Prj/IL2CPP/Gradle/unityLibrary/src/main/assets/bin/Data/d8c744701b43c864b88e7f8144e19bc5
[438/535    0s] CopyFiles C:/Users/diman/BlockPuzzlesBatch/Library/Bee/Android/Prj/IL2CPP/Gradle/unityLibrary/src/main/assets/bin/Data/d49e78756811bfa4aafb8b6535417991
[439/535    0s] CopyFiles C:/Users/diman/BlockPuzzlesBatch/Library/Bee/Android/Prj/IL2CPP/Gradle/unityLibrary/src/main/assets/bin/Data/d82c1b31c7e74239bff1220585707d2b
[440/535    0s] CopyFiles C:/Users/diman/BlockPuzzlesBatch/Library/Bee/Android/Prj/IL2CPP/Gradle/unityLibrary/src/main/assets/bin/Data/d47f009476100f545971a81ede14c750
[441/535    0s] CopyFiles C:/Users/diman/BlockPuzzlesBatch/Library/Bee/Android/Prj/IL2CPP/Gradle/unityLibrary/src/main/assets/bin/Data/d3770aaa3bbd8384aabab9ddd383e21e
[442/535    0s] CopyFiles C:/Users/diman/BlockPuzzlesBatch/Library/Bee/Android/Prj/IL2CPP/Gradle/unityLibrary/src/main/assets/bin/Data/cf6cbdd672089a84796e55a21fed1cbe
[443/535    0s] CopyFiles C:/Users/diman/BlockPuzzlesBatch/Library/Bee/Android/Prj/IL2CPP/Gradle/unityLibrary/src/main/assets/bin/Data/cf81c85f95fe47e1a27f6ae460cf182c
[444/535    0s] CopyFiles C:/Users/diman/BlockPuzzlesBatch/Library/Bee/Android/Prj/IL2CPP/Gradle/unityLibrary/src/main/assets/bin/Data/ce347ad101f41ee4ab5c3fbc0ea447db
[445/535    0s] CopyFiles C:/Users/diman/BlockPuzzlesBatch/Library/Bee/Android/Prj/IL2CPP/Gradle/unityLibrary/src/main/assets/bin/Data/ca3e294656861a64b8aeeb9f916da0a9
[446/535    0s] CopyFiles C:/Users/diman/BlockPuzzlesBatch/Library/Bee/Android/Prj/IL2CPP/Gradle/unityLibrary/src/main/assets/bin/Data/c41005c129ba4d66911b75229fd70b45
[447/535    0s] CopyFiles C:/Users/diman/BlockPuzzlesBatch/Library/Bee/Android/Prj/IL2CPP/Gradle/unityLibrary/src/main/assets/bin/Data/b346b2a2df1d290438be3287b6419408
[448/535    0s] CopyFiles C:/Users/diman/BlockPuzzlesBatch/Library/Bee/Android/Prj/IL2CPP/Gradle/unityLibrary/src/main/assets/bin/Data/b2da6b27df236b144b3516ed8e7d36ac
[449/535    0s] CopyFiles C:/Users/diman/BlockPuzzlesBatch/Library/Bee/Android/Prj/IL2CPP/Gradle/unityLibrary/src/main/assets/bin/Data/ad83bc56407925d44a77a5bd01cd6783
[450/535    0s] CopyFiles C:/Users/diman/BlockPuzzlesBatch/Library/Bee/Android/Prj/IL2CPP/Gradle/unityLibrary/src/main/assets/bin/Data/ae00bb75e0cd5b04b8fe7fb4ab662629
[451/535    0s] CopyFiles C:/Users/diman/BlockPuzzlesBatch/Library/Bee/Android/Prj/IL2CPP/Gradle/unityLibrary/src/main/assets/bin/Data/a87cfaef648f17c41b568e842e068c51
[452/535    0s] CopyFiles C:/Users/diman/BlockPuzzlesBatch/Library/Bee/Android/Prj/IL2CPP/Gradle/unityLibrary/src/main/assets/bin/Data/a674720496c1ed248a5b7ea3e22a11fd
[453/535    0s] C_Android_arm64 Library/Bee/artifacts/Android/87lik/5puncitr85x2.o
[454/535    0s] CopyFiles C:/Users/diman/BlockPuzzlesBatch/Library/Bee/Android/Prj/IL2CPP/Gradle/unityLibrary/src/main/assets/bin/Data/a2148203dd960814ca5db0c293ceda35
[455/535    0s] CopyFiles C:/Users/diman/BlockPuzzlesBatch/Library/Bee/Android/Prj/IL2CPP/Gradle/unityLibrary/src/main/assets/bin/Data/988db55689193434fb0b3b89538f978f
[456/535    0s] CopyFiles C:/Users/diman/BlockPuzzlesBatch/Library/Bee/Android/Prj/IL2CPP/Gradle/unityLibrary/src/main/assets/bin/Data/8778e6b26b51c6a4999b94d7cacd8b5d
[457/535    0s] CopyFiles C:/Users/diman/BlockPuzzlesBatch/Library/Bee/Android/Prj/IL2CPP/Gradle/unityLibrary/src/main/assets/bin/Data/94afea5f242d72547979595ba963f335
[458/535    0s] CopyFiles C:/Users/diman/BlockPuzzlesBatch/Library/Bee/Android/Prj/IL2CPP/Gradle/unityLibrary/src/main/assets/bin/Data/7c78b588b2e1f7c4a86ca4a985cf6e4a
[459/535    0s] CopyFiles C:/Users/diman/BlockPuzzlesBatch/Library/Bee/Android/Prj/IL2CPP/Gradle/unityLibrary/src/main/assets/bin/Data/7a0568d5e3330b84687e307992be3030
[460/535    0s] CopyFiles C:/Users/diman/BlockPuzzlesBatch/Library/Bee/Android/Prj/IL2CPP/Gradle/unityLibrary/src/main/assets/bin/Data/77c185820dd1a464eac89cae3abccddf
[461/535    0s] CopyFiles C:/Users/diman/BlockPuzzlesBatch/Library/Bee/Android/Prj/IL2CPP/Gradle/unityLibrary/src/main/assets/bin/Data/79459efec17a4d00a321bdcc27bbc385
[462/535    0s] CopyFiles C:/Users/diman/BlockPuzzlesBatch/Library/Bee/Android/Prj/IL2CPP/Gradle/unityLibrary/src/main/assets/bin/Data/74a5091d8707f334b9a5c31ef71a64ba
[463/535    0s] CopyFiles C:/Users/diman/BlockPuzzlesBatch/Library/Bee/Android/Prj/IL2CPP/Gradle/unityLibrary/src/main/assets/bin/Data/5088d0220f0c4df439cf06c5c270eacb
[464/535    0s] CopyFiles C:/Users/diman/BlockPuzzlesBatch/Library/Bee/Android/Prj/IL2CPP/Gradle/unityLibrary/src/main/assets/bin/Data/48fb043c850cadc4a883b53785e14c6e
[465/535    0s] CopyFiles C:/Users/diman/BlockPuzzlesBatch/Library/Bee/Android/Prj/IL2CPP/Gradle/unityLibrary/src/main/assets/bin/Data/38a07789c9e87004dad98c2909f58369
[466/535    0s] CopyFiles C:/Users/diman/BlockPuzzlesBatch/Library/Bee/Android/Prj/IL2CPP/Gradle/unityLibrary/src/main/assets/bin/Data/3f5b5dff67a942289a9defa416b206f3
[467/535    0s] CopyFiles C:/Users/diman/BlockPuzzlesBatch/Library/Bee/Android/Prj/IL2CPP/Gradle/unityLibrary/src/main/assets/bin/Data/326f7c58aed965d41bf7805a782d1e44
[468/535    0s] CopyFiles C:/Users/diman/BlockPuzzlesBatch/Library/Bee/Android/Prj/IL2CPP/Gradle/unityLibrary/src/main/assets/bin/Data/2d019437ff89b8d44949727731cd9357
[469/535    0s] CopyFiles C:/Users/diman/BlockPuzzlesBatch/Library/Bee/Android/Prj/IL2CPP/Gradle/unityLibrary/src/main/assets/bin/Data/1c87ab2ce8b8b304d98fbe9a734b1f74
[470/535    0s] CopyFiles C:/Users/diman/BlockPuzzlesBatch/Library/Bee/Android/Prj/IL2CPP/Gradle/unityLibrary/src/main/assets/bin/Data/127279d577f25ac4ea17dae3782e5074
[471/535    0s] CopyFiles C:/Users/diman/BlockPuzzlesBatch/Library/Bee/Android/Prj/IL2CPP/Gradle/unityLibrary/src/main/assets/bin/Data/10a25524b0986f9488b430e2829bbbe8
[472/535    0s] CopyFiles C:/Users/diman/BlockPuzzlesBatch/Library/Bee/Android/Prj/IL2CPP/Gradle/unityLibrary/src/main/assets/bin/Data/0000000000000000f000000000000000
[473/535    0s] C_Android_arm64 Library/Bee/artifacts/Android/87lik/bvjm4dhdtesz.o
[474/535    0s] SplitFile Library/Bee/artifacts/Android/Split/sharedassets0.assets
[475/535    0s] SplitFile Library/Bee/artifacts/Android/Split/level0
[476/535    0s] SplitFile Library/Bee/artifacts/Android/Split/globalgamemanagers.assets
[477/535    0s] C_Android_arm32 Library/Bee/artifacts/Android/4qqi9/9ya3001m7dhw.o
[478/535    0s] C_Android_arm32 Library/Bee/artifacts/Android/4qqi9/df6kkiuhmaot.o
[479/535    0s] C_Android_arm64 Library/Bee/artifacts/Android/87lik/29ooy7nucm5v.o
[480/535    0s] ActionGenerateProjectFiles C:/Users/diman/BlockPuzzlesBatch/Library/Bee/Android/Prj/IL2CPP/Gradle/build.gradle (+7 others)
[481/535    1s] C_Android_arm64 Library/Bee/artifacts/Android/87lik/7djbsqnb3plx.o
[482/535    1s] C_Android_arm64 Library/Bee/artifacts/Android/87lik/tasfamdahs2m.o
[483/535    2s] C_Android_arm32 Library/Bee/artifacts/Android/x6ly2/w35l3u0uwxhx.o
[484/535    1s] C_Android_arm64 Library/Bee/artifacts/Android/87lik/0m3dl7miwi2h.o
[485/535    1s] C_Android_arm64 Library/Bee/artifacts/Android/87lik/4x8gvpyfecy3.o
[486/535    0s] AddBootConfigGUID Library/Bee/artifacts/Android/boot.config
[487/535    0s] CopyFiles C:/Users/diman/BlockPuzzlesBatch/Library/Bee/Android/Prj/IL2CPP/Gradle/unityLibrary/src/main/assets/bin/Data/boot.config
[488/535    1s] C_Android_arm64 Library/Bee/artifacts/Android/87lik/w35l3u0uwxhx.o
[489/535    4s] UnityLinker C:/Users/diman/BlockPuzzlesBatch/Library/Bee/artifacts/unitylinker_xy1a.traceevents
C:\Program Files\Unity\Hub\Editor\2022.3.62f1\Editor\Data\il2cpp\build\deploy\UnityLinker.exe @Library\Bee\artifacts\rsp\13842567483179698405.rsp
*** Tundra requires additional run (25.62 seconds), 489 items updated, 535 evaluated
*** Additional run caused by: contents change of Library/Bee/artifacts/Android/ManagedStripped
Starting: C:\Program Files\Unity\Hub\Editor\2022.3.62f1\Editor\Data\Tools\netcorerun\netcorerun.exe "C:\Program Files\Unity\Hub\Editor\2022.3.62f1\Editor\Data\PlaybackEngines\AndroidPlayer\AndroidPlayerBuildProgram.exe" "C:/Program Files/Unity/Hub/Editor/2022.3.62f1/Editor/Data/PlaybackEngines/AndroidPlayer/Bee;C:/Program Files/Unity/Hub/Editor/2022.3.62f1/Editor/Data/Tools/BuildPipeline" "Library/Bee/Playerbc280cb1.dag.json" "Library/Bee/Playerbc280cb1-inputdata.json" "Library\Bee\buildprogram1.traceevents"
WorkingDir: C:/Users/diman/BlockPuzzlesBatch
ExitCode: 4 Duration: 25s
ExitCode: 0 Duration: 0s617ms
Starting: C:\Program Files\Unity\Hub\Editor\2022.3.62f1\Editor\Data\bee_backend.exe --ipc --dagfile="Library/Bee/Playerbc280cb1.dag" --dagfilejson="Library\Bee\Playerbc280cb1.dag.json" --profile="Library/Bee/backend3.traceevents" Player
WorkingDir: C:/Users/diman/BlockPuzzlesBatch
Finished compiling graph: 735 nodes, 1689 flattened edges (1685 ToBuild, 6 ToUse), maximum node priority 171
[           0s] Delete 5 artifact files that are no longer in use. (like Library\Bee\artifacts\csharpactions\dummy-FeaturesChecked.txt_emel.info)
[395/727    0s] WriteText Library/Bee/artifacts/csharpactions/UnityEngine.TilemapModule-FeaturesChecked.txt_xct4.info
[397/727    0s] WriteText Library/Bee/artifacts/csharpactions/UnityEngine.XRModule-FeaturesChecked.txt_xks3.info
[399/727    0s] WriteText Library/Bee/artifacts/csharpactions/Mono.Security-FeaturesChecked.txt_pcel.info
[400/727    0s] WriteText Library/Bee/artifacts/csharpactions/UnityEngine.VRModule-FeaturesChecked.txt_nz9x.info
[401/727    0s] WriteText Library/Bee/artifacts/csharpactions/UnityEngine.AudioModule-FeaturesChecked.txt_tbfa.info
[402/727    0s] WriteText Library/Bee/artifacts/csharpactions/BlockPuzzle.UI-FeaturesChecked.txt_b497.info
[403/727    0s] WriteText Library/Bee/artifacts/csharpactions/System.Xml-FeaturesChecked.txt_wnnz.info
[404/727    0s] WriteText Library/Bee/artifacts/csharpactions/BlockPuzzle.Gameplay-FeaturesChecked.txt_labq.info
[405/727    0s] WriteText Library/Bee/artifacts/csharpactions/BlockPuzzle.Core-FeaturesChecked.txt_mc0b.info
[406/727    0s] WriteText Library/Bee/artifacts/csharpactions/BlockPuzzle.Bootstrap-FeaturesChecked.txt_tb7q.info
[407/727    0s] WriteText Library/Bee/artifacts/csharpactions/UnityEngine.PhysicsModule-FeaturesChecked.txt_2l1t.info
[408/727    0s] WriteText Library/Bee/artifacts/csharpactions/UnityEngine.CoreModule-FeaturesChecked.txt_uimb.info
[409/727    0s] WriteText Library/Bee/artifacts/csharpactions/UnityEngine.Physics2DModule-FeaturesChecked.txt_45hf.info
[410/727    0s] WriteText Library/Bee/artifacts/csharpactions/Unity.RenderPipelines.Universal.Runtime-FeaturesChecked.txt_7fk5.info
[411/727    0s] WriteText Library/Bee/artifacts/csharpactions/Unity.TextMeshPro-FeaturesChecked.txt_c7od.info
[412/727    0s] WriteText Library/Bee/artifacts/csharpactions/UnityEngine-FeaturesChecked.txt_x1ug.info
[413/727    0s] WriteText Library/Bee/artifacts/csharpactions/mscorlib-FeaturesChecked.txt_pwj8.info
[414/727    0s] WriteText Library/Bee/artifacts/csharpactions/Unity.RenderPipelines.Core.Runtime-FeaturesChecked.txt_9rh7.info
[415/727    0s] WriteText Library/Bee/artifacts/csharpactions/Unity.Mathematics-FeaturesChecked.txt_bwkn.info
[416/727    0s] WriteText Library/Bee/artifacts/csharpactions/Unity.Collections.LowLevel.ILSupport-FeaturesChecked.txt_orex.info
[417/727    0s] WriteText Library/Bee/artifacts/csharpactions/Unity.Collections-FeaturesChecked.txt_imay.info
[418/727    0s] WriteText Library/Bee/artifacts/csharpactions/UnityEngine.InputModule-FeaturesChecked.txt_xblj.info
[419/727    0s] WriteText Library/Bee/artifacts/csharpactions/UnityEngine.InputLegacyModule-FeaturesChecked.txt_y5my.info
[420/727    0s] WriteText Library/Bee/artifacts/csharpactions/UnityEngine.IMGUIModule-FeaturesChecked.txt_ufk2.info
[421/727    0s] WriteText Library/Bee/artifacts/csharpactions/Unity.Burst.Unsafe-FeaturesChecked.txt_9x4w.info
[422/727    0s] WriteText Library/Bee/artifacts/csharpactions/Unity.Burst-FeaturesChecked.txt_5voi.info
[423/727    0s] WriteText Library/Bee/artifacts/csharpactions/System.Configuration-FeaturesChecked.txt_vfp9.info
[424/727    0s] WriteText Library/Bee/artifacts/csharpactions/Unity.2D.Animation.Runtime-FeaturesChecked.txt_7pkz.info
[425/727    0s] WriteText Library/Bee/artifacts/csharpactions/System-FeaturesChecked.txt_v90b.info
[426/727    0s] WriteText Library/Bee/artifacts/csharpactions/System.Core-FeaturesChecked.txt_k2yd.info
[427/727    0s] WriteText Library/Bee/artifacts/csharpactions/UnityEngine.AnimationModule-FeaturesChecked.txt_3sdh.info
[428/727    0s] WriteText Library/Bee/artifacts/csharpactions/UnityEngine.AndroidJNIModule-FeaturesChecked.txt_x3ln.info
[430/727    0s] WriteText Library/Bee/artifacts/csharpactions/UnityEngine.UIModule-FeaturesChecked.txt_zatd.info
[431/727    0s] WriteText Library/Bee/artifacts/csharpactions/UnityEngine.VFXModule-FeaturesChecked.txt_r8mm.info
[432/727    0s] WriteText Library/Bee/artifacts/csharpactions/UnityEngine.UIElementsModule-FeaturesChecked.txt_aabo.info
[433/727    0s] WriteText Library/Bee/artifacts/csharpactions/UnityEngine.UI-FeaturesChecked.txt_v0bu.info
[434/727    0s] WriteText Library/Bee/artifacts/csharpactions/UnityEngine.SharedInternalsModule-FeaturesChecked.txt_sm9d.info
[435/727    0s] WriteText Library/Bee/artifacts/csharpactions/UnityEngine.GridModule-FeaturesChecked.txt_5p9t.info
[436/727    0s] WriteText Library/Bee/artifacts/csharpactions/UnityEngine.TextRenderingModule-FeaturesChecked.txt_ighi.info
[437/727    0s] WriteText Library/Bee/artifacts/csharpactions/UnityEngine.TextCoreTextEngineModule-FeaturesChecked.txt_el85.info
[438/727    0s] WriteText Library/Bee/artifacts/csharpactions/UnityEngine.TextCoreFontEngineModule-FeaturesChecked.txt_4rfo.info
[439/727    0s] WriteText Library/Bee/artifacts/csharpactions/UnityEngine.SubsystemsModule-FeaturesChecked.txt_vzqa.info
[440/727    0s] WriteText Library/Bee/artifacts/csharpactions/UnityEngine.SpriteShapeModule-FeaturesChecked.txt_zrrh.info
[441/727    0s] WriteText Library/Bee/artifacts/csharpactions/UnityEngine.SpriteMaskModule-FeaturesChecked.txt_g2rc.info
[442/727    0s] WriteText Library/Bee/artifacts/csharpactions/BlockPuzzle.Managers-FeaturesChecked.txt_h7g3.info
[443/727    0s] WriteText Library/Bee/artifacts/csharpactions/Unity.InternalAPIEngineBridge.001-FeaturesChecked.txt_sxcr.info
[444/727    0s] WriteText Library/Bee/artifacts/csharpactions/UnityEngine.PropertiesModule-FeaturesChecked.txt_m9z5.info
[445/727    0s] WriteText Library/Bee/artifacts/csharpactions/Unity.RenderPipeline.Universal.ShaderLibrary-FeaturesChecked.txt_erxn.info
[446/727    0s] ExtractUsedFeatures Library/Bee/artifacts/Android/Features/UnityEngine.UIModule-FeaturesChecked.txt
[448/727    0s] ExtractUsedFeatures Library/Bee/artifacts/Android/Features/UnityEngine.PropertiesModule-FeaturesChecked.txt
[449/727    0s] ExtractUsedFeatures Library/Bee/artifacts/Android/Features/UnityEngine.TextRenderingModule-FeaturesChecked.txt
[450/727    0s] ExtractUsedFeatures Library/Bee/artifacts/Android/Features/UnityEngine.SpriteMaskModule-FeaturesChecked.txt
[451/727    0s] ExtractUsedFeatures Library/Bee/artifacts/Android/Features/UnityEngine.SpriteShapeModule-FeaturesChecked.txt
[452/727    0s] ExtractUsedFeatures Library/Bee/artifacts/Android/Features/UnityEngine.SubsystemsModule-FeaturesChecked.txt
[453/727    0s] ExtractUsedFeatures Library/Bee/artifacts/Android/Features/Mono.Security-FeaturesChecked.txt
[454/727    0s] ExtractUsedFeatures Library/Bee/artifacts/Android/Features/UnityEngine.GridModule-FeaturesChecked.txt
[455/727    0s] ExtractUsedFeatures Library/Bee/artifacts/Android/Features/UnityEngine.VFXModule-FeaturesChecked.txt
[456/727    0s] ExtractUsedFeatures Library/Bee/artifacts/Android/Features/UnityEngine.SharedInternalsModule-FeaturesChecked.txt
[457/727    0s] ExtractUsedFeatures Library/Bee/artifacts/Android/Features/UnityEngine.UIElementsModule-FeaturesChecked.txt
[458/727    0s] ExtractUsedFeatures Library/Bee/artifacts/Android/Features/UnityEngine.TextCoreTextEngineModule-FeaturesChecked.txt
[459/727    0s] ExtractUsedFeatures Library/Bee/artifacts/Android/Features/UnityEngine.TextCoreFontEngineModule-FeaturesChecked.txt
[460/727    0s] ExtractUsedFeatures Library/Bee/artifacts/Android/Features/Unity.InternalAPIEngineBridge.001-FeaturesChecked.txt
[461/727    0s] ExtractUsedFeatures Library/Bee/artifacts/Android/Features/BlockPuzzle.Managers-FeaturesChecked.txt
[462/727    0s] ExtractUsedFeatures Library/Bee/artifacts/Android/Features/Unity.RenderPipeline.Universal.ShaderLibrary-FeaturesChecked.txt
[463/727    0s] ExtractUsedFeatures Library/Bee/artifacts/Android/Features/UnityEngine.UI-FeaturesChecked.txt
[464/727    0s] ExtractUsedFeatures Library/Bee/artifacts/Android/Features/System-FeaturesChecked.txt
[465/727    0s] ExtractUsedFeatures Library/Bee/artifacts/Android/Features/UnityEngine.AndroidJNIModule-FeaturesChecked.txt
[466/727    0s] ExtractUsedFeatures Library/Bee/artifacts/Android/Features/UnityEngine.AnimationModule-FeaturesChecked.txt
[467/727    0s] ExtractUsedFeatures Library/Bee/artifacts/Android/Features/UnityEngine.IMGUIModule-FeaturesChecked.txt
[468/727    0s] ExtractUsedFeatures Library/Bee/artifacts/Android/Features/System.Configuration-FeaturesChecked.txt
[469/727    0s] ExtractUsedFeatures Library/Bee/artifacts/Android/Features/UnityEngine.InputLegacyModule-FeaturesChecked.txt
[470/727    0s] ClassRegistrationGenerator C:/Users/diman/BlockPuzzlesBatch/Library/Bee/artifacts/Android/il2cppOutput/UnityClassRegistration.cpp
[471/727    0s] ExtractUsedFeatures Library/Bee/artifacts/Android/Features/BlockPuzzle.Bootstrap-FeaturesChecked.txt
[472/727    0s] ExtractUsedFeatures Library/Bee/artifacts/Android/Features/System.Core-FeaturesChecked.txt
[473/727    0s] ExtractUsedFeatures Library/Bee/artifacts/Android/Features/UnityEngine.InputModule-FeaturesChecked.txt
[474/727    0s] ExtractUsedFeatures Library/Bee/artifacts/Android/Features/Unity.2D.Animation.Runtime-FeaturesChecked.txt
[475/727    0s] ExtractUsedFeatures Library/Bee/artifacts/Android/Features/Unity.Burst.Unsafe-FeaturesChecked.txt
[476/727    0s] ExtractUsedFeatures Library/Bee/artifacts/Android/Features/Unity.Burst-FeaturesChecked.txt
[477/727    0s] ExtractUsedFeatures Library/Bee/artifacts/Android/Features/Unity.Collections.LowLevel.ILSupport-FeaturesChecked.txt
[478/727    0s] ExtractUsedFeatures Library/Bee/artifacts/Android/Features/Unity.Collections-FeaturesChecked.txt
[479/727    0s] ExtractUsedFeatures Library/Bee/artifacts/Android/Features/Unity.Mathematics-FeaturesChecked.txt
[480/727    0s] ExtractUsedFeatures Library/Bee/artifacts/Android/Features/UnityEngine.CoreModule-FeaturesChecked.txt
[481/727    0s] ExtractUsedFeatures Library/Bee/artifacts/Android/Features/UnityEngine-FeaturesChecked.txt
[483/727    0s] WriteText Library/Bee/artifacts/csharpactions/LauncherManifestDiag.txt_zvqu.info
[485/727    0s] WriteText Library/Bee/artifacts/csharpactions/unity_app_guid_lfh9.info
[486/727    0s] ExtractUsedFeatures Library/Bee/artifacts/Android/Features/UnityEngine.PhysicsModule-FeaturesChecked.txt
[489/727    0s] ExtractUsedFeatures Library/Bee/artifacts/Android/Features/Unity.RenderPipelines.Core.Runtime-FeaturesChecked.txt
[492/727    0s] CopyFiles C:/Users/diman/BlockPuzzlesBatch/Library/Bee/Android/Prj/IL2CPP/Gradle/unityLibrary/src/main/assets/bin/Data/level0
[493/727    0s] CopyFiles C:/Users/diman/BlockPuzzlesBatch/Library/Bee/Android/Prj/IL2CPP/Gradle/unityLibrary/src/main/assets/bin/Data/sharedassets0.assets.split0
[494/727    0s] CopyFiles C:/Users/diman/BlockPuzzlesBatch/Library/Bee/Android/Prj/IL2CPP/Gradle/unityLibrary/src/main/assets/bin/Data/sharedassets0.assets.split1
[495/727    0s] CopyFiles C:/Users/diman/BlockPuzzlesBatch/Library/Bee/Android/Prj/IL2CPP/Il2CppBackup/Managed/UnityEngine.PhysicsModule.pdb
[496/727    0s] CopyFiles C:/Users/diman/BlockPuzzlesBatch/Library/Bee/Android/Prj/IL2CPP/Il2CppBackup/Managed/UnityEngine.TilemapModule.pdb
[497/727    0s] CopyFiles C:/Users/diman/BlockPuzzlesBatch/Library/Bee/Android/Prj/IL2CPP/Il2CppBackup/Managed/UnityEngine.TilemapModule.dll
[498/727    0s] CopyFiles C:/Users/diman/BlockPuzzlesBatch/Library/Bee/Android/Prj/IL2CPP/Il2CppBackup/Managed/UnityEngine.PhysicsModule.dll
[499/727    0s] CopyFiles C:/Users/diman/BlockPuzzlesBatch/Library/Bee/Android/Prj/IL2CPP/Il2CppBackup/Managed/UnityEngine.TextRenderingModule.dll
[500/727    0s] CopyFiles C:/Users/diman/BlockPuzzlesBatch/Library/Bee/Android/Prj/IL2CPP/Il2CppBackup/Managed/UnityEngine.TextRenderingModule.pdb
[501/727    0s] CopyFiles C:/Users/diman/BlockPuzzlesBatch/Library/Bee/Android/Prj/IL2CPP/Il2CppBackup/Managed/UnityEngine.SpriteMaskModule.dll
[502/727    0s] CopyFiles C:/Users/diman/BlockPuzzlesBatch/Library/Bee/Android/Prj/IL2CPP/Il2CppBackup/Managed/UnityEngine.PropertiesModule.dll
[503/727    0s] CopyFiles C:/Users/diman/BlockPuzzlesBatch/Library/Bee/Android/Prj/IL2CPP/Il2CppBackup/Managed/UnityEngine.SubsystemsModule.dll
[504/727    0s] CopyFiles C:/Users/diman/BlockPuzzlesBatch/Library/Bee/Android/Prj/IL2CPP/Il2CppBackup/Managed/UnityEngine.AndroidJNIModule.dll
[505/727    0s] CopyFiles C:/Users/diman/BlockPuzzlesBatch/Library/Bee/Android/Prj/IL2CPP/Il2CppBackup/Managed/UnityEngine.UIElementsModule.dll
[506/727    0s] CopyFiles C:/Users/diman/BlockPuzzlesBatch/Library/Bee/Android/Prj/IL2CPP/Il2CppBackup/Managed/UnityEngine.SpriteMaskModule.pdb
[507/727    0s] CopyFiles C:/Users/diman/BlockPuzzlesBatch/Library/Bee/Android/Prj/IL2CPP/Il2CppBackup/Managed/UnityEngine.PropertiesModule.pdb
[508/727    0s] CopyFiles C:/Users/diman/BlockPuzzlesBatch/Library/Bee/Android/Prj/IL2CPP/Il2CppBackup/Managed/UnityEngine.SubsystemsModule.pdb
[509/727    0s] CopyFiles C:/Users/diman/BlockPuzzlesBatch/Library/Bee/Android/Prj/IL2CPP/Il2CppBackup/Managed/UnityEngine.AndroidJNIModule.pdb
[510/727    0s] CopyFiles C:/Users/diman/BlockPuzzlesBatch/Library/Bee/Android/Prj/IL2CPP/Il2CppBackup/Managed/UnityEngine.UIElementsModule.pdb
[511/727    0s] CopyFiles C:/Users/diman/BlockPuzzlesBatch/Library/Bee/Android/Prj/IL2CPP/Il2CppBackup/Managed/UnityEngine.IMGUIModule.pdb
[512/727    0s] CopyFiles C:/Users/diman/BlockPuzzlesBatch/Library/Bee/Android/Prj/IL2CPP/Il2CppBackup/Managed/UnityEngine.InputModule.pdb
[513/727    0s] CopyFiles C:/Users/diman/BlockPuzzlesBatch/Library/Bee/Android/Prj/IL2CPP/Il2CppBackup/Managed/UnityEngine.InputModule.dll
[514/727    0s] CopyFiles C:/Users/diman/BlockPuzzlesBatch/Library/Bee/Android/Prj/IL2CPP/Il2CppBackup/Managed/UnityEngine.AudioModule.dll
[515/727    0s] CopyFiles C:/Users/diman/BlockPuzzlesBatch/Library/Bee/Android/Prj/IL2CPP/Il2CppBackup/Managed/UnityEngine.IMGUIModule.dll
[516/727    0s] CopyFiles C:/Users/diman/BlockPuzzlesBatch/Library/Bee/Android/Prj/IL2CPP/Il2CppBackup/Managed/UnityEngine.AudioModule.pdb
[517/727    0s] CopyFiles C:/Users/diman/BlockPuzzlesBatch/Library/Bee/Android/Prj/IL2CPP/Il2CppBackup/Managed/UnityEngine.InputLegacyModule.pdb
[518/727    0s] CopyFiles C:/Users/diman/BlockPuzzlesBatch/Library/Bee/Android/Prj/IL2CPP/Il2CppBackup/Managed/UnityEngine.SpriteShapeModule.pdb
[519/727    0s] CopyFiles C:/Users/diman/BlockPuzzlesBatch/Library/Bee/Android/Prj/IL2CPP/Il2CppBackup/Managed/UnityEngine.InputLegacyModule.dll
[520/727    0s] CopyFiles C:/Users/diman/BlockPuzzlesBatch/Library/Bee/Android/Prj/IL2CPP/Il2CppBackup/Managed/UnityEngine.SpriteShapeModule.dll
[521/727    0s] CopyFiles C:/Users/diman/BlockPuzzlesBatch/Library/Bee/Android/Prj/IL2CPP/Il2CppBackup/Managed/UnityEngine.SharedInternalsModule.dll
[522/727    0s] CopyFiles C:/Users/diman/BlockPuzzlesBatch/Library/Bee/Android/Prj/IL2CPP/Il2CppBackup/Managed/UnityEngine.SharedInternalsModule.pdb
[523/727    0s] CopyFiles C:/Users/diman/BlockPuzzlesBatch/Library/Bee/Android/Prj/IL2CPP/Il2CppBackup/Managed/UnityEngine.Physics2DModule.dll
[524/727    0s] CopyFiles C:/Users/diman/BlockPuzzlesBatch/Library/Bee/Android/Prj/IL2CPP/Il2CppBackup/Managed/UnityEngine.AnimationModule.dll
[525/727    0s] CopyFiles C:/Users/diman/BlockPuzzlesBatch/Library/Bee/Android/Prj/IL2CPP/Il2CppBackup/Managed/UnityEngine.Physics2DModule.pdb
[526/727    0s] CopyFiles C:/Users/diman/BlockPuzzlesBatch/Library/Bee/Android/Prj/IL2CPP/Il2CppBackup/Managed/UnityEngine.AnimationModule.pdb
[527/727    0s] CopyFiles C:/Users/diman/BlockPuzzlesBatch/Library/Bee/Android/Prj/IL2CPP/Il2CppBackup/Managed/UnityEngine.TextCoreTextEngineModule.dll
[528/727    0s] CopyFiles C:/Users/diman/BlockPuzzlesBatch/Library/Bee/Android/Prj/IL2CPP/Il2CppBackup/Managed/UnityEngine.TextCoreFontEngineModule.dll
[529/727    0s] CopyFiles C:/Users/diman/BlockPuzzlesBatch/Library/Bee/Android/Prj/IL2CPP/Il2CppBackup/Managed/UnityEngine.TextCoreTextEngineModule.pdb
[530/727    0s] CopyFiles C:/Users/diman/BlockPuzzlesBatch/Library/Bee/Android/Prj/IL2CPP/Il2CppBackup/Managed/UnityEngine.TextCoreFontEngineModule.pdb
[531/727    0s] CopyFiles C:/Users/diman/BlockPuzzlesBatch/Library/Bee/Android/Prj/IL2CPP/Il2CppBackup/Managed/Unity.RenderPipeline.Universal.ShaderLibrary.dll
[532/727    0s] CopyFiles C:/Users/diman/BlockPuzzlesBatch/Library/Bee/Android/Prj/IL2CPP/Il2CppBackup/Managed/Unity.RenderPipeline.Universal.ShaderLibrary.pdb
[533/727    0s] CopyFiles C:/Users/diman/BlockPuzzlesBatch/Library/Bee/Android/Prj/IL2CPP/Il2CppBackup/Managed/Unity.InternalAPIEngineBridge.001.dll
[534/727    0s] CopyFiles C:/Users/diman/BlockPuzzlesBatch/Library/Bee/Android/Prj/IL2CPP/Il2CppBackup/Managed/Unity.InternalAPIEngineBridge.001.pdb
[535/727    0s] CopyFiles C:/Users/diman/BlockPuzzlesBatch/Library/Bee/Android/Prj/IL2CPP/Il2CppBackup/Managed/analytics.json
[536/727    0s] CopyFiles C:/Users/diman/BlockPuzzlesBatch/Library/Bee/Android/Prj/IL2CPP/Il2CppBackup/Managed/BlockPuzzle.Gameplay.dll
[537/727    0s] CopyFiles C:/Users/diman/BlockPuzzlesBatch/Library/Bee/Android/Prj/IL2CPP/Il2CppBackup/Managed/BlockPuzzle.Gameplay.pdb
[538/727    0s] CopyFiles C:/Users/diman/BlockPuzzlesBatch/Library/Bee/Android/Prj/IL2CPP/Il2CppBackup/Managed/BlockPuzzle.Managers.pdb
[539/727    0s] CopyFiles C:/Users/diman/BlockPuzzlesBatch/Library/Bee/Android/Prj/IL2CPP/Il2CppBackup/Managed/BlockPuzzle.Managers.dll
[540/727    0s] CopyFiles C:/Users/diman/BlockPuzzlesBatch/Library/Bee/Android/Prj/IL2CPP/Il2CppBackup/Managed/BlockPuzzle.UI.dll
[541/727    0s] CopyFiles C:/Users/diman/BlockPuzzlesBatch/Library/Bee/Android/Prj/IL2CPP/Il2CppBackup/Managed/BlockPuzzle.UI.pdb
[542/727    0s] CopyFiles C:/Users/diman/BlockPuzzlesBatch/Library/Bee/Android/Prj/IL2CPP/Il2CppBackup/Managed/BlockPuzzle.Core.dll
[543/727    0s] CopyFiles C:/Users/diman/BlockPuzzlesBatch/Library/Bee/Android/Prj/IL2CPP/Il2CppBackup/Managed/BlockPuzzle.Core.pdb
[544/727    0s] CopyFiles C:/Users/diman/BlockPuzzlesBatch/Library/Bee/Android/Prj/IL2CPP/Il2CppBackup/Managed/BlockPuzzle.Bootstrap.dll
[545/727    0s] CopyFiles C:/Users/diman/BlockPuzzlesBatch/Library/Bee/Android/Prj/IL2CPP/Il2CppBackup/Managed/BlockPuzzle.Bootstrap.pdb
[546/727    0s] CopyFiles C:/Users/diman/BlockPuzzlesBatch/Library/Bee/Android/Prj/IL2CPP/Il2CppBackup/Managed/System.dll
[547/727    0s] CopyFiles C:/Users/diman/BlockPuzzlesBatch/Library/Bee/Android/Prj/IL2CPP/Il2CppBackup/Managed/Unity.Mathematics.dll
[548/727    0s] CopyFiles C:/Users/diman/BlockPuzzlesBatch/Library/Bee/Android/Prj/IL2CPP/Il2CppBackup/Managed/Unity.Mathematics.pdb
[549/727    0s] CopyFiles C:/Users/diman/BlockPuzzlesBatch/Library/Bee/Android/Prj/IL2CPP/Il2CppBackup/Managed/Unity.Collections.dll
[550/727    0s] CopyFiles C:/Users/diman/BlockPuzzlesBatch/Library/Bee/Android/Prj/IL2CPP/Il2CppBackup/Managed/Unity.Collections.pdb
[551/727    0s] CopyFiles C:/Users/diman/BlockPuzzlesBatch/Library/Bee/Android/Prj/IL2CPP/Il2CppBackup/Managed/Unity.Collections.LowLevel.ILSupport.dll
[552/727    0s] CopyFiles C:/Users/diman/BlockPuzzlesBatch/Library/Bee/Android/Prj/IL2CPP/Il2CppBackup/Managed/Mono.Security.dll
[553/727    0s] CopyFiles C:/Users/diman/BlockPuzzlesBatch/Library/Bee/Android/Prj/IL2CPP/Il2CppBackup/Managed/Unity.RenderPipelines.Universal.Runtime.pdb
[554/727    0s] CopyFiles C:/Users/diman/BlockPuzzlesBatch/Library/Bee/Android/Prj/IL2CPP/Il2CppBackup/Managed/Unity.Burst.dll
[555/727    0s] CopyFiles C:/Users/diman/BlockPuzzlesBatch/Library/Bee/Android/Prj/IL2CPP/Il2CppBackup/Managed/System.Core.dll
[556/727    0s] CopyFiles C:/Users/diman/BlockPuzzlesBatch/Library/Bee/Android/Prj/IL2CPP/Il2CppBackup/Managed/Unity.Burst.pdb
[557/727    0s] CopyFiles C:/Users/diman/BlockPuzzlesBatch/Library/Bee/Android/Prj/IL2CPP/Il2CppBackup/Managed/Unity.RenderPipelines.Core.Runtime.pdb
[558/727    0s] CopyFiles C:/Users/diman/BlockPuzzlesBatch/Library/Bee/Android/Prj/IL2CPP/Il2CppBackup/Managed/Unity.RenderPipelines.Core.Runtime.dll
[559/727    0s] CopyFiles C:/Users/diman/BlockPuzzlesBatch/Library/Bee/Android/Prj/IL2CPP/Il2CppBackup/Managed/System.Configuration.dll
[560/727    0s] CopyFiles C:/Users/diman/BlockPuzzlesBatch/Library/Bee/Android/Prj/IL2CPP/Il2CppBackup/Managed/Unity.Burst.Unsafe.dll
[561/727    0s] CopyFiles C:/Users/diman/BlockPuzzlesBatch/Library/Bee/Android/Prj/IL2CPP/Il2CppBackup/Managed/mscorlib.dll
[562/727    0s] CopyFiles C:/Users/diman/BlockPuzzlesBatch/Library/Bee/Android/Prj/IL2CPP/Il2CppBackup/Managed/UnityEngine.pdb
[563/727    0s] CopyFiles C:/Users/diman/BlockPuzzlesBatch/Library/Bee/Android/Prj/IL2CPP/Il2CppBackup/Managed/UnityEngine.dll
[564/727    0s] CopyFiles C:/Users/diman/BlockPuzzlesBatch/Library/Bee/Android/Prj/IL2CPP/Il2CppBackup/Managed/Unity.RenderPipelines.Universal.Runtime.dll
[565/727    0s] CopyFiles C:/Users/diman/BlockPuzzlesBatch/Library/Bee/Android/Prj/IL2CPP/Il2CppBackup/Managed/Unity.2D.Animation.Runtime.dll
[566/727    0s] CopyFiles C:/Users/diman/BlockPuzzlesBatch/Library/Bee/Android/Prj/IL2CPP/Il2CppBackup/Managed/Unity.2D.Animation.Runtime.pdb
[567/727    0s] CopyFiles C:/Users/diman/BlockPuzzlesBatch/Library/Bee/Android/Prj/IL2CPP/Il2CppBackup/Managed/UnityLinkerToEditorData.json
[568/727    0s] CopyFiles C:/Users/diman/BlockPuzzlesBatch/Library/Bee/Android/Prj/IL2CPP/Il2CppBackup/Managed/System.Xml.dll
[569/727    0s] CopyFiles C:/Users/diman/BlockPuzzlesBatch/Library/Bee/Android/Prj/IL2CPP/Il2CppBackup/Managed/Unity.TextMeshPro.pdb
[570/727    0s] CopyFiles C:/Users/diman/BlockPuzzlesBatch/Library/Bee/Android/Prj/IL2CPP/Il2CppBackup/Managed/Unity.TextMeshPro.dll
[571/727    0s] CopyFiles C:/Users/diman/BlockPuzzlesBatch/Library/Bee/Android/Prj/IL2CPP/Il2CppBackup/Managed/UnityEngine.VRModule.dll
[572/727    0s] CopyFiles C:/Users/diman/BlockPuzzlesBatch/Library/Bee/Android/Prj/IL2CPP/Il2CppBackup/Managed/UnityEngine.UIModule.pdb
[573/727    0s] CopyFiles C:/Users/diman/BlockPuzzlesBatch/Library/Bee/Android/Prj/IL2CPP/Il2CppBackup/Managed/UnityEngine.XRModule.dll
[574/727    0s] CopyFiles C:/Users/diman/BlockPuzzlesBatch/Library/Bee/Android/Prj/IL2CPP/Il2CppBackup/Managed/UnityEngine.XRModule.pdb
[575/727    0s] CopyFiles C:/Users/diman/BlockPuzzlesBatch/Library/Bee/Android/Prj/IL2CPP/Il2CppBackup/Managed/UnityEngine.VRModule.pdb
[576/727    0s] CopyFiles C:/Users/diman/BlockPuzzlesBatch/Library/Bee/Android/Prj/IL2CPP/Il2CppBackup/Managed/UnityEngine.UIModule.dll
[577/727    0s] CopyFiles C:/Users/diman/BlockPuzzlesBatch/Library/Bee/Android/Prj/IL2CPP/Il2CppBackup/Managed/UnityEngine.UI.dll
[578/727    0s] CopyFiles C:/Users/diman/BlockPuzzlesBatch/Library/Bee/Android/Prj/IL2CPP/Il2CppBackup/Managed/UnityEngine.UI.pdb
[579/727    0s] CopyFiles C:/Users/diman/BlockPuzzlesBatch/Library/Bee/Android/Prj/IL2CPP/Il2CppBackup/Managed/UnityEngine.GridModule.dll
[580/727    0s] CopyFiles C:/Users/diman/BlockPuzzlesBatch/Library/Bee/Android/Prj/IL2CPP/Il2CppBackup/Managed/UnityEngine.CoreModule.dll
[581/727    0s] CopyFiles C:/Users/diman/BlockPuzzlesBatch/Library/Bee/Android/Prj/IL2CPP/Il2CppBackup/Managed/UnityEngine.CoreModule.pdb
[582/727    0s] CopyFiles C:/Users/diman/BlockPuzzlesBatch/Library/Bee/Android/Prj/IL2CPP/Il2CppBackup/Managed/UnityEngine.GridModule.pdb
[583/727    0s] CopyFiles C:/Users/diman/BlockPuzzlesBatch/Library/Bee/Android/Prj/IL2CPP/Il2CppBackup/Managed/UnityEngine.VFXModule.pdb
[584/727    0s] CopyFiles C:/Users/diman/BlockPuzzlesBatch/Library/Bee/Android/Prj/IL2CPP/Il2CppBackup/Managed/UnityEngine.VFXModule.dll
[585/727    0s] CopyFiles C:/Users/diman/BlockPuzzlesBatch/Library/Bee/Android/Prj/IL2CPP/Gradle/unityLibrary/src/main/assets/bin/Data/globalgamemanagers.assets.split7
[586/727    0s] CopyFiles C:/Users/diman/BlockPuzzlesBatch/Library/Bee/Android/Prj/IL2CPP/Gradle/unityLibrary/src/main/assets/bin/Data/globalgamemanagers.assets.split0
[587/727    0s] CopyFiles C:/Users/diman/BlockPuzzlesBatch/Library/Bee/Android/Prj/IL2CPP/Gradle/unityLibrary/src/main/assets/bin/Data/globalgamemanagers.assets.split4
[588/727    0s] CopyFiles C:/Users/diman/BlockPuzzlesBatch/Library/Bee/Android/Prj/IL2CPP/Gradle/unityLibrary/src/main/assets/bin/Data/globalgamemanagers.assets.split5
[589/727    0s] CopyFiles C:/Users/diman/BlockPuzzlesBatch/Library/Bee/Android/Prj/IL2CPP/Gradle/unityLibrary/src/main/assets/bin/Data/globalgamemanagers.assets.split2
[590/727    0s] CopyFiles C:/Users/diman/BlockPuzzlesBatch/Library/Bee/Android/Prj/IL2CPP/Gradle/unityLibrary/src/main/assets/bin/Data/globalgamemanagers.assets.split3
[591/727    0s] CopyFiles C:/Users/diman/BlockPuzzlesBatch/Library/Bee/Android/Prj/IL2CPP/Gradle/unityLibrary/src/main/assets/bin/Data/globalgamemanagers.assets.split1
[592/727    0s] CopyFiles C:/Users/diman/BlockPuzzlesBatch/Library/Bee/Android/Prj/IL2CPP/Gradle/unityLibrary/src/main/assets/bin/Data/globalgamemanagers.assets.split6
[675/727    0s] ExtractUsedFeatures Library/Bee/artifacts/Android/Features/UnityEngine.VRModule-FeaturesChecked.txt
[676/727    0s] ExtractUsedFeatures Library/Bee/artifacts/Android/Features/UnityEngine.Physics2DModule-FeaturesChecked.txt
[677/727    0s] ExtractUsedFeatures Library/Bee/artifacts/Android/Features/BlockPuzzle.Gameplay-FeaturesChecked.txt
[678/727    0s] ExtractUsedFeatures Library/Bee/artifacts/Android/Features/UnityEngine.XRModule-FeaturesChecked.txt
[679/727    0s] ExtractUsedFeatures Library/Bee/artifacts/Android/Features/UnityEngine.TilemapModule-FeaturesChecked.txt
[680/727    0s] ExtractUsedFeatures Library/Bee/artifacts/Android/Features/Unity.TextMeshPro-FeaturesChecked.txt
[681/727    0s] ExtractUsedFeatures Library/Bee/artifacts/Android/Features/BlockPuzzle.Core-FeaturesChecked.txt
[682/727    0s] ExtractUsedFeatures Library/Bee/artifacts/Android/Features/Unity.RenderPipelines.Universal.Runtime-FeaturesChecked.txt
[683/727    0s] Compile UnityClassRegistration Library/Bee/artifacts/Android/libunity/arm64-v8a/UnityClassRegistration.o
[684/727    0s] ExtractUsedFeatures Library/Bee/artifacts/Android/Features/System.Xml-FeaturesChecked.txt
[685/727    0s] Compile UnityClassRegistration Library/Bee/artifacts/Android/libunity/armeabi-v7a/UnityClassRegistration.o
[686/727    0s] GuidGenerator C:/Users/diman/BlockPuzzlesBatch/Library/Bee/Android/Prj/IL2CPP/Gradle/unityLibrary/src/main/assets/bin/Data/unity_app_guid
[687/727    0s] ExtractUsedFeatures Library/Bee/artifacts/Android/Features/BlockPuzzle.UI-FeaturesChecked.txt
[688/727    0s] ExtractUsedFeatures Library/Bee/artifacts/Android/Features/UnityEngine.AudioModule-FeaturesChecked.txt
[689/727    0s] ExtractUsedFeatures Library/Bee/artifacts/Android/Features/mscorlib-FeaturesChecked.txt
[690/727    1s] ICallRegistrationGenerator C:/Users/diman/BlockPuzzlesBatch/Library/Bee/artifacts/Android/il2cppOutput/UnityICallRegistration.cpp
[691/727    0s] Generate Manifests Library/Bee/artifacts/Android/Manifest/LauncherManifestDiag.txt (+3 others)
[692/727    0s] Compile UnityICallRegistration Library/Bee/artifacts/Android/libunity/armeabi-v7a/UnityICallRegistration.o
[693/727    0s] Compile UnityICallRegistration Library/Bee/artifacts/Android/libunity/arm64-v8a/UnityICallRegistration.o
[694/727    2s] Link libunity Library/Bee/artifacts/Android/libunity/arm64-v8a/unstripped/libunity.so
[695/727    2s] Link libunity Library/Bee/artifacts/Android/libunity/armeabi-v7a/unstripped/libunity.so
[696/727    0s] Stripping Library/Bee/artifacts/Android/libunity/armeabi-v7a/unstripped/libunity.so -> Library/Bee/artifacts/Android/libunity/armeabi-v7a/stripped/libunity.so Library/Bee/artifacts/Android/libunity/armeabi-v7a/stripped/libunity.so
[697/727    0s] Stripping Library/Bee/artifacts/Android/libunity/arm64-v8a/unstripped/libunity.so -> Library/Bee/artifacts/Android/libunity/arm64-v8a/stripped/libunity.so Library/Bee/artifacts/Android/libunity/arm64-v8a/stripped/libunity.so
[698/727    0s] Generate Library/Bee/artifacts/Android/libunity/arm64-v8a/libunity.dbg.so from Library/Bee/artifacts/Android/libunity/arm64-v8a/unstripped/libunity.so Library/Bee/artifacts/Android/libunity/arm64-v8a/libunity.dbg.so
[699/727    0s] Generate Library/Bee/artifacts/Android/libunity/armeabi-v7a/libunity.dbg.so from Library/Bee/artifacts/Android/libunity/armeabi-v7a/unstripped/libunity.so Library/Bee/artifacts/Android/libunity/armeabi-v7a/libunity.dbg.so
[700/727    0s] Generate Library/Bee/artifacts/Android/libunity/arm64-v8a/libunity.sym.so from Library/Bee/artifacts/Android/libunity/arm64-v8a/libunity.dbg.so Library/Bee/artifacts/Android/libunity/arm64-v8a/libunity.sym.so
[701/727    0s] Generate Library/Bee/artifacts/Android/libunity/armeabi-v7a/libunity.sym.so from Library/Bee/artifacts/Android/libu[W] FindFirstFile() failed: C:\Users\diman\BlockPuzzlesBatch\Library\Bee\artifacts\Android\il2cppOutput\cpp\Symbols
nity/armeabi-v7a/libunity.dbg.so Library/Bee/artifacts/Android/libunity/armeabi-v7a/libunity.sym.so
[702/727    5s] IL2CPP_CodeGen C:/Users/diman/BlockPuzzlesBatch/Library/Bee/artifacts/il2cpp_conv_kf76.traceevents
C:\Program Files\Unity\Hub\Editor\2022.3.62f1\Editor\Data\il2cpp\build\deploy\il2cpp.exe --convert-to-cpp --assembly=Library/Bee/artifacts/Android/ManagedStripped/BlockPuzzle.Bootstrap.dll --assembly=Library/Bee/artifacts/Android/ManagedStripped/BlockPuzzle.Core.dll --assembly=Library/Bee/artifacts/Android/ManagedStripped/BlockPuzzle.Gameplay.dll --assembly=Library/Bee/artifacts/Android/ManagedStripped/BlockPuzzle.Managers.dll --assembly=Library/Bee/artifacts/Android/ManagedStripped/BlockPuzzle.UI.dll --assembly=Library/Bee/artifacts/Android/ManagedStripped/Mono.Security.dll --assembly=Library/Bee/artifacts/Android/ManagedStripped/mscorlib.dll --assembly=Library/Bee/artifacts/Android/ManagedStripped/System.Configuration.dll --assembly=Library/Bee/artifacts/Android/ManagedStripped/System.Core.dll --assembly=Library/Bee/artifacts/Android/ManagedStripped/System.dll --assembly=Library/Bee/artifacts/Android/ManagedStripped/System.Xml.dll --assembly=Library/Bee/artifacts/Android/ManagedStripped/Unity.2D.Animation.Runtime.dll --assembly=Library/Bee/artifacts/Android/ManagedStripped/Unity.Burst.dll --assembly=Library/Bee/artifacts/Android/ManagedStripped/Unity.Burst.Unsafe.dll --assembly=Library/Bee/artifacts/Android/ManagedStripped/Unity.Collections.dll --assembly=Library/Bee/artifacts/Android/ManagedStripped/Unity.Collections.LowLevel.ILSupport.dll --assembly=Library/Bee/artifacts/Android/ManagedStripped/Unity.InternalAPIEngineBridge.001.dll --assembly=Library/Bee/artifacts/Android/ManagedStripped/Unity.Mathematics.dll --assembly=Library/Bee/artifacts/Android/ManagedStripped/Unity.RenderPipeline.Universal.ShaderLibrary.dll --assembly=Library/Bee/artifacts/Android/ManagedStripped/Unity.RenderPipelines.Core.Runtime.dll --assembly=Library/Bee/artifacts/Android/ManagedStripped/Unity.RenderPipelines.Universal.Runtime.dll --assembly=Library/Bee/artifacts/Android/ManagedStripped/Unity.TextMeshPro.dll --assembly=Library/Bee/artifacts/Android/ManagedStripped/UnityEngine.AndroidJNIModule.dll --assembly=Library/Bee/artifacts/Android/ManagedStripped/UnityEngine.AnimationModule.dll --assembly=Library/Bee/artifacts/Android/ManagedStripped/UnityEngine.AudioModule.dll --assembly=Library/Bee/artifacts/Android/ManagedStripped/UnityEngine.CoreModule.dll --assembly=Library/Bee/artifacts/Android/ManagedStripped/UnityEngine.dll --assembly=Library/Bee/artifacts/Android/ManagedStripped/UnityEngine.GridModule.dll --assembly=Library/Bee/artifacts/Android/ManagedStripped/UnityEngine.IMGUIModule.dll --assembly=Library/Bee/artifacts/Android/ManagedStripped/UnityEngine.InputLegacyModule.dll --assembly=Library/Bee/artifacts/Android/ManagedStripped/UnityEngine.InputModule.dll --assembly=Library/Bee/artifacts/Android/ManagedStripped/UnityEngine.Physics2DModule.dll --assembly=Library/Bee/artifacts/Android/ManagedStripped/UnityEngine.PhysicsModule.dll --assembly=Library/Bee/artifacts/Android/ManagedStripped/UnityEngine.PropertiesModule.dll --assembly=Library/Bee/artifacts/Android/ManagedStripped/UnityEngine.SharedInternalsModule.dll --assembly=Library/Bee/artifacts/Android/ManagedStripped/UnityEngine.SpriteMaskModule.dll --assembly=Library/Bee/artifacts/Android/ManagedStripped/UnityEngine.SpriteShapeModule.dll --assembly=Library/Bee/artifacts/Android/ManagedStripped/UnityEngine.SubsystemsModule.dll --assembly=Library/Bee/artifacts/Android/ManagedStripped/UnityEngine.TextCoreFontEngineModule.dll --assembly=Library/Bee/artifacts/Android/ManagedStripped/UnityEngine.TextCoreTextEngineModule.dll --assembly=Library/Bee/artifacts/Android/ManagedStripped/UnityEngine.TextRenderingModule.dll --assembly=Library/Bee/artifacts/Android/ManagedStripped/UnityEngine.TilemapModule.dll --assembly=Library/Bee/artifacts/Android/ManagedStripped/UnityEngine.UI.dll --assembly=Library/Bee/artifacts/Android/ManagedStripped/UnityEngine.UIElementsModule.dll --assembly=Library/BC:/Users/diman/BlockPuzzlesBatch/Library/PackageCache/com.unity.burst@1.8.21/.Runtime\bcl.exe exited after 8162 ms.
stdout:
Starting 1 library requests
Done
stderr:

C:/Users/diman/BlockPuzzlesBatch/Library/PackageCache/com.unity.burst@1.8.21/.Runtime\bcl.exe exited after 2573 ms.
stdout:
Starting 1 library requests
Done
stderr:

ee/artifacts/Android/ManagedStripped/UnityEngine.UIModule.dll --assembly=Library/Bee/artifacts/Android/ManagedStripped/UnityEngine.VFXModule.dll --assembly=Library/Bee/artifacts/Android/ManagedStripped/UnityEngine.VRModule.dll --assembly=Library/Bee/artifacts/Android/ManagedStripped/UnityEngine.XRModule.dll --generatedcppdir=C:/Users/diman/BlockPuzzlesBatch/Library/Bee/artifacts/Android/il2cppOutput/cpp --symbols-folder=C:/Users/diman/BlockPuzzlesBatch/Library/Bee/artifacts/Android/il2cppOutput/cpp/Symbols --enable-analytics --emit-null-checks --enable-array-bounds-check --dotnetprofile=unityaot-linux --profiler-report --profiler-output-file=C:/Users/diman/BlockPuzzlesBatch/Library/Bee/artifacts/il2cpp_conv_kf76.traceevents --print-command-line --data-folder=C:/Users/diman/BlockPuzzlesBatch/Library/Bee/artifacts/Android/il2cppOutput/data
[703/727    0s] Adding note Library/Bee/artifacts/Android/libunity/armeabi-v7a/stripped/libunity.so -> C:/Users/diman/BlockPuzzlesBatch/Library/Bee/Android/Prj/IL2CPP/Gradle/unityLibrary/src/main/jniLibs/armeabi-v7a/libunity.so C:/Users/diman/BlockPuzzlesBatch/Library/Bee/Android/Prj/IL2CPP/Gradle/unityLibrary/src/main/jniLibs/armeabi-v7a/libunity.so
[704/727    0s] Adding note Library/Bee/artifacts/Android/libunity/arm64-v8a/stripped/libunity.so -> C:/Users/diman/BlockPuzzlesBatch/Library/Bee/Android/Prj/IL2CPP/Gradle/unityLibrary/src/main/jniLibs/arm64-v8a/libunity.so C:/Users/diman/BlockPuzzlesBatch/Library/Bee/Android/Prj/IL2CPP/Gradle/unityLibrary/src/main/jniLibs/arm64-v8a/libunity.so
[705/727   10s] GenerateNativePluginsForAssemblies Library/Bee/artifacts/Android/AsyncPluginsFromLinker
*** Tundra requires additional run (11.82 seconds), 219 items updated, 727 evaluated
*** Additional run caused by: contents change of C:/Users/diman/BlockPuzzlesBatch/Library/Bee/artifacts/Android/il2cppOutput/cpp
Starting: C:\Program Files\Unity\Hub\Editor\2022.3.62f1\Editor\Data\Tools\netcorerun\netcorerun.exe "C:\Program Files\Unity\Hub\Editor\2022.3.62f1\Editor\Data\PlaybackEngines\AndroidPlayer\AndroidPlayerBuildProgram.exe" "C:/Program Files/Unity/Hub/Editor/2022.3.62f1/Editor/Data/PlaybackEngines/AndroidPlayer/Bee;C:/Program Files/Unity/Hub/Editor/2022.3.62f1/Editor/Data/Tools/BuildPipeline" "Library/Bee/Playerbc280cb1.dag.json" "Library/Bee/Playerbc280cb1-inputdata.json" "Library\Bee\buildprogram2.traceevents"
WorkingDir: C:/Users/diman/BlockPuzzlesBatch
ExitCode: 4 Duration: 11s
ExitCode: 0 Duration: 0s444ms
Starting: C:\Program Files\Unity\Hub\Editor\2022.3.62f1\Editor\Data\bee_backend.exe --ipc --dagfile="Library/Bee/Playerbc280cb1.dag" --dagfilejson="Library\Bee\Playerbc280cb1.dag.json" --profile="Library/Bee/backend4.traceevents" Player
WorkingDir: C:/Users/diman/BlockPuzzlesBatch
Finished compiling graph: 1610 nodes, 4316 flattened edges (4310 ToBuild, 9 ToUse), maximum node priority 1046
[ 439/1602  0s] WriteResponseFile Library/Bee/artifacts/rsp/12438370367218343051.rsp
[ 451/1602  0s] WriteResponseFile Library/Bee/artifacts/rsp/8926815466332706443.rsp
[ 470/1602  0s] WriteText Library/Bee/artifacts/csharpactions/unity_app_guid_lfh9.info
[ 704/1602  0s] CopyFiles C:/Users/diman/BlockPuzzlesBatch/Library/Bee/Android/Prj/IL2CPP/Il2CppBackup/Managed/icallsummary.txt
[ 705/1602  0s] CopyFiles C:/Users/diman/BlockPuzzlesBatch/Library/Bee/Android/Prj/IL2CPP/Gradle/unityLibrary/src/main/jniLibs/arm64-v8a/lib_burst_generated.so
[ 706/1602  0s] CopyFiles C:/Users/diman/BlockPuzzlesBatch/Library/Bee/Android/Prj/IL2CPP/Gradle/unityLibrary/src/main/jniLibs/armeabi-v7a/lib_burst_generated.so
[ 708/1602  0s] C_Android_arm32 Library/Bee/artifacts/Android/iz17e/p0ddqqpad6i8.o
[ 709/1602  0s] C_Android_arm32 Library/Bee/artifacts/Android/iz17e/hq3mjo415r7t.o
[ 710/1602  0s] C_Android_arm32 Library/Bee/artifacts/Android/iz17e/epn3ft4vhu21.o
[ 711/1602  0s] C_Android_arm32 Library/Bee/artifacts/Android/iz17e/eeuj19eo94f9.o
[ 712/1602  0s] C_Android_arm32 Library/Bee/artifacts/Android/iz17e/0km3lcfkmdau.o
[ 713/1602  0s] C_Android_arm32 Library/Bee/artifacts/Android/iz17e/z9j12qfr2cj0.o
[ 714/1602  0s] C_Android_arm32 Library/Bee/artifacts/Android/iz17e/vkc349pc180s.o
[ 715/1602  0s] C_Android_arm32 Library/Bee/artifacts/Android/iz17e/kwasstyysqjx.o
[ 716/1602  0s] C_Android_arm32 Library/Bee/artifacts/Android/iz17e/k0lcmg9swjux.o
[ 717/1602  0s] C_Android_arm32 Library/Bee/artifacts/Android/iz17e/nmxw67n3906i.o
[ 718/1602  0s] C_Android_arm32 Library/Bee/artifacts/Android/iz17e/vg55zrm9qsm8.o
[ 719/1602  0s] C_Android_arm32 Library/Bee/artifacts/Android/iz17e/b3rdwbua9tcf.o
[ 720/1602  1s] C_Android_arm32 Library/Bee/artifacts/Android/iz17e/lcapsszrpkfw.o
[ 721/1602  1s] C_Android_arm32 Library/Bee/artifacts/Android/iz17e/e4a3g7rymmkf.o
[ 722/1602  0s] C_Android_arm32 Library/Bee/artifacts/Android/iz17e/xu8vqpmcgdw8.o
[ 723/1602  0s] C_Android_arm32 Library/Bee/artifacts/Android/iz17e/b0xxga5h5mbk.o
[ 724/1602  0s] C_Android_arm32 Library/Bee/artifacts/Android/iz17e/g45b834x4fld.o
[ 725/1602  0s] C_Android_arm32 Library/Bee/artifacts/Android/iz17e/g0rslt7dq0bj.o
[ 726/1602  0s] C_Android_arm32 Library/Bee/artifacts/Android/iz17e/ply67e1bkqcx.o
[ 727/1602  2s] C_Android_arm32 Library/Bee/artifacts/Android/iz17e/uncmuxj97dfl.o
[ 728/1602  0s] C_Android_arm32 Library/Bee/artifacts/Android/iz17e/9eawlkrzedmt.o
[ 729/1602  0s] C_Android_arm32 Library/Bee/artifacts/Android/iz17e/smzavos943k5.o
[ 730/1602  1s] C_Android_arm32 Library/Bee/artifacts/Android/iz17e/2br6s7b14imb.o
[ 731/1602  3s] C_Android_arm32 Library/Bee/artifacts/Android/iz17e/1fubk41a2usz.o
[ 732/1602  0s] C_Android_arm32 Library/Bee/artifacts/Android/iz17e/uwgsigaiyjtn.o
[ 733/1602  3s] C_Android_arm32 Library/Bee/artifacts/Android/iz17e/rvaytuty63ru.o
[ 734/1602  3s] C_Android_arm32 Library/Bee/artifacts/Android/iz17e/muh0jzd0e3c5.o
[ 735/1602  3s] C_Android_arm64 Library/Bee/artifacts/Android/d8kzr/qfcezr5c88go.o
[ 736/1602  4s] C_Android_arm32 Library/Bee/artifacts/Android/iz17e/fi6rhnsoc7ua.o
[ 737/1602  4s] C_Android_arm32 Library/Bee/artifacts/Android/iz17e/qfcezr5c88go.o
[ 738/1602  4s] C_Android_arm32 Library/Bee/artifacts/Android/iz17e/aaidnslon4ea.o
[ 739/1602  4s] C_Android_arm32 Library/Bee/artifacts/Android/iz17e/bqenq8rtf640.o
[ 740/1602  4s] C_Android_arm32 Library/Bee/artifacts/Android/iz17e/hj0dw13uau5r.o
[ 741/1602  5s] C_Android_arm32 Library/Bee/artifacts/Android/iz17e/oocs1pthvwwl.o
[ 742/1602  4s] C_Android_arm32 Library/Bee/artifacts/Android/iz17e/biwk04w2n54u.o
[ 743/1602  5s] C_Android_arm32 Library/Bee/artifacts/Android/iz17e/37hue5v7kzff.o
[ 744/1602  4s] C_Android_arm32 Library/Bee/artifacts/Android/iz17e/howt4v32c443.o
[ 745/1602  0s] C_Android_arm32 Library/Bee/artifacts/Android/iz17e/pbnk49pej2k1.o
[ 746/1602  4s] C_Android_arm32 Library/Bee/artifacts/Android/iz17e/51tyrpiv7izc.o
[ 747/1602  1s] C_Android_arm32 Library/Bee/artifacts/Android/iz17e/wh6d9oeg9uix.o
[ 748/1602  0s] C_Android_arm32 Library/Bee/artifacts/Android/iz17e/3c7brlddnus0.o
[ 749/1602  5s] C_Android_arm32 Library/Bee/artifacts/Android/iz17e/v59n42fz2r8f.o
[ 750/1602  6s] C_Android_arm32 Library/Bee/artifacts/Android/iz17e/hra6csm3fvvt.o
[ 751/1602  1s] C_Android_arm32 Library/Bee/artifacts/Android/iz17e/wxz8feb0qtge.o
[ 752/1602  4s] C_Android_arm32 Library/Bee/artifacts/Android/iz17e/2796cq5f5w7a.o
[ 753/1602  5s] C_Android_arm32 Library/Bee/artifacts/Android/iz17e/iuatwpa4qp0e.o
[ 754/1602  3s] C_Android_arm32 Library/Bee/artifacts/Android/iz17e/978xeo5b5p31.o
[ 755/1602  3s] C_Android_arm32 Library/Bee/artifacts/Android/iz17e/5z8pjirf5k54.o
[ 756/1602  0s] C_Android_arm32 Library/Bee/artifacts/Android/iz17e/53abkujhsjqh.o
[ 757/1602  5s] C_Android_arm32 Library/Bee/artifacts/Android/iz17e/irnwrkyxa2y8.o
[ 758/1602  6s] C_Android_arm32 Library/Bee/artifacts/Android/iz17e/ys8v7cmkonwt.o
[ 759/1602  5s] C_Android_arm32 Library/Bee/artifacts/Android/iz17e/wywruszw13cw.o
[ 760/1602  5s] C_Android_arm32 Library/Bee/artifacts/Android/iz17e/ovxbdf0bcn09.o
[ 761/1602  3s] C_Android_arm32 Library/Bee/artifacts/Android/iz17e/mrru1zozv2xt.o
[ 762/1602  5s] C_Android_arm32 Library/Bee/artifacts/Android/iz17e/4ro9y2ah1iop.o
[ 763/1602  4s] C_Android_arm32 Library/Bee/artifacts/Android/iz17e/jhd071o0j8g7.o
[ 764/1602  0s] C_Android_arm32 Library/Bee/artifacts/Android/iz17e/zkwmrbvhtu6h.o
[ 765/1602  0s] C_Android_arm32 Library/Bee/artifacts/Android/iz17e/9xtbirk1grt2.o
[ 766/1602  5s] C_Android_arm32 Library/Bee/artifacts/Android/iz17e/30wa3fpd48br.o
[ 767/1602  0s] C_Android_arm32 Library/Bee/artifacts/Android/iz17e/qgy45l7gxa76.o
[ 768/1602  5s] C_Android_arm32 Library/Bee/artifacts/Android/iz17e/tuinhyxs5g2b.o
[ 769/1602  4s] C_Android_arm32 Library/Bee/artifacts/Android/iz17e/f583m29l5p76.o
[ 770/1602  3s] C_Android_arm32 Library/Bee/artifacts/Android/iz17e/qdj1pcyje6sc.o
[ 771/1602  0s] C_Android_arm32 Library/Bee/artifacts/Android/iz17e/w95hirc3z7a3.o
[ 772/1602  4s] C_Android_arm32 Library/Bee/artifacts/Android/iz17e/29troj5hp9eo.o
[ 773/1602  0s] C_Android_arm32 Library/Bee/artifacts/Android/iz17e/1wphrkjmkl19.o
[ 774/1602  0s] C_Android_arm32 Library/Bee/artifacts/Android/iz17e/ld7kw288t235.o
[ 775/1602  2s] C_Android_arm32 Library/Bee/artifacts/Android/iz17e/jclqdvdqgv74.o
[ 776/1602  1s] C_Android_arm32 Library/Bee/artifacts/Android/iz17e/6oxl3ppquvrl.o
[ 777/1602  5s] C_Android_arm32 Library/Bee/artifacts/Android/iz17e/4pvwpn3n7f0d.o
[ 778/1602  0s] C_Android_arm32 Library/Bee/artifacts/Android/iz17e/xpiagnsp4sqt.o
[ 779/1602  6s] C_Android_arm32 Library/Bee/artifacts/Android/iz17e/4n0y0535gx2b.o
[ 780/1602  3s] C_Android_arm32 Library/Bee/artifacts/Android/iz17e/8zohu8od1nmm.o
[ 781/1602  5s] C_Android_arm32 Library/Bee/artifacts/Android/iz17e/w5hb6h6qiugk.o
[ 782/1602  4s] C_Android_arm32 Library/Bee/artifacts/Android/iz17e/6ri5mus7ee12.o
[ 783/1602  0s] C_Android_arm32 Library/Bee/artifacts/Android/iz17e/1cyycar7gi1c.o
[ 784/1602  9s] C_Android_arm32 Library/Bee/artifacts/Android/iz17e/vzfe0oshtaaf.o
[ 785/1602  0s] C_Android_arm32 Library/Bee/artifacts/Android/iz17e/w67ncbpj3zqm.o
[ 786/1602  4s] C_Android_arm32 Library/Bee/artifacts/Android/iz17e/nrglwom9ranq.o
[ 787/1602  4s] C_Android_arm32 Library/Bee/artifacts/Android/iz17e/kuj1dfbth3e1.o
[ 788/1602  4s] C_Android_arm32 Library/Bee/artifacts/Android/iz17e/fwvp50va3zor.o
[ 789/1602  0s] C_Android_arm32 Library/Bee/artifacts/Android/iz17e/wv0qnlahxp1c.o
[ 790/1602  4s] C_Android_arm32 Library/Bee/artifacts/Android/iz17e/mc1cujuhuxtn.o
[ 791/1602  3s] C_Android_arm32 Library/Bee/artifacts/Android/iz17e/xgau5a7cokxu.o
[ 792/1602  4s] C_Android_arm32 Library/Bee/artifacts/Android/iz17e/8h54jo8vlt53.o
[ 793/1602  0s] C_Android_arm32 Library/Bee/artifacts/Android/iz17e/xf1dxnjvttcz.o
[ 794/1602  0s] C_Android_arm32 Library/Bee/artifacts/Android/iz17e/prbrco5q2uol.o
[ 795/1602  7s] C_Android_arm32 Library/Bee/artifacts/Android/iz17e/l03lyb130r4r.o
[ 796/1602  5s] C_Android_arm32 Library/Bee/artifacts/Android/iz17e/puep7i7qkg3q.o
[ 797/1602  5s] C_Android_arm32 Library/Bee/artifacts/Android/iz17e/36kb0q7aapjx.o
[ 798/1602  1s] C_Android_arm32 Library/Bee/artifacts/Android/iz17e/ptnf07ned7x3.o
[ 799/1602  0s] C_Android_arm32 Library/Bee/artifacts/Android/iz17e/995ei58jpgeu.o
[ 800/1602  3s] C_Android_arm32 Library/Bee/artifacts/Android/iz17e/v60xbezba1d3.o
[ 801/1602  0s] C_Android_arm32 Library/Bee/artifacts/Android/iz17e/kg2wdsb3j45t.o
[ 802/1602  0s] C_Android_arm32 Library/Bee/artifacts/Android/iz17e/ll09uxmx7zlc.o
[ 803/1602  4s] C_Android_arm32 Library/Bee/artifacts/Android/iz17e/9clk4hebznj6.o
[ 804/1602  4s] C_Android_arm32 Library/Bee/artifacts/Android/iz17e/ixowj994f9zc.o
[ 805/1602  5s] C_Android_arm32 Library/Bee/artifacts/Android/iz17e/hllzlrkolis3.o
[ 806/1602  5s] C_Android_arm32 Library/Bee/artifacts/Android/iz17e/w68kdtp3p3l7.o
[ 807/1602  5s] C_Android_arm32 Library/Bee/artifacts/Android/iz17e/u2231der9ijr.o
[ 808/1602  1s] C_Android_arm32 Library/Bee/artifacts/Android/iz17e/zr61ef5akkgr.o
[ 809/1602  0s] C_Android_arm32 Library/Bee/artifacts/Android/iz17e/jwsufutnrigd.o
[ 810/1602  0s] C_Android_arm32 Library/Bee/artifacts/Android/iz17e/z2wi3ix8scrm.o
[ 811/1602  5s] C_Android_arm32 Library/Bee/artifacts/Android/iz17e/qosynisfg64b.o
[ 812/1602  3s] C_Android_arm32 Library/Bee/artifacts/Android/iz17e/j4xy5z18uaqt.o
[ 813/1602  6s] C_Android_arm32 Library/Bee/artifacts/Android/iz17e/iltmn6ag1k07.o
[ 814/1602  4s] C_Android_arm32 Library/Bee/artifacts/Android/iz17e/caup61cw7r0r.o
[ 815/1602  0s] C_Android_arm64 Library/Bee/artifacts/Android/d8kzr/1wphrkjmkl19.o
[ 816/1602  0s] C_Android_arm64 Library/Bee/artifacts/Android/d8kzr/je2eahabg66r.o
[ 817/1602  5s] C_Android_arm32 Library/Bee/artifacts/Android/iz17e/3glx4g5qg8td.o
[ 818/1602  4s] C_Android_arm32 Library/Bee/artifacts/Android/iz17e/htxs4rav9h1e.o
[ 819/1602  7s] C_Android_arm32 Library/Bee/artifacts/Android/iz17e/h7a5hovetyvc.o
[ 820/1602  5s] C_Android_arm32 Library/Bee/artifacts/Android/iz17e/9p5ldwi550be.o
[ 821/1602  1s] C_Android_arm64 Library/Bee/artifacts/Android/d8kzr/lzdjosw3zfg3.o
[ 822/1602  4s] C_Android_arm32 Library/Bee/artifacts/Android/iz17e/z51ar6nqika6.o
[ 823/1602  3s] C_Android_arm32 Library/Bee/artifacts/Android/iz17e/qm4l9dpw3g8b.o
[ 824/1602  0s] C_Android_arm64 Library/Bee/artifacts/Android/d8kzr/9lv8vn37mfdh.o
[ 825/1602  6s] C_Android_arm32 Library/Bee/artifacts/Android/iz17e/69dfc5ytblgs.o
[ 826/1602  7s] C_Android_arm32 Library/Bee/artifacts/Android/iz17e/oxfvr120q5ak.o
[ 827/1602  5s] C_Android_arm32 Library/Bee/artifacts/Android/iz17e/yy1q9s2rgiwc.o
[ 828/1602  0s] C_Android_arm64 Library/Bee/artifacts/Android/d8kzr/b3rdwbua9tcf.o
[ 829/1602  0s] C_Android_arm64 Library/Bee/artifacts/Android/d8kzr/qxc8yousszks.o
[ 830/1602  0s] C_Android_arm64 Library/Bee/artifacts/Android/d8kzr/wlvggmdyy782.o
[ 831/1602  5s] C_Android_arm32 Library/Bee/artifacts/Android/iz17e/36qk7tcvdqas.o
[ 832/1602  8s] C_Android_arm32 Library/Bee/artifacts/Android/iz17e/z0scss2ispd9.o
[ 833/1602  0s] C_Android_arm64 Library/Bee/artifacts/Android/d8kzr/hq3mjo415r7t.o
[ 834/1602  3s] C_Android_arm64 Library/Bee/artifacts/Android/d8kzr/omozf0l8cdvg.o
[ 835/1602  4s] C_Android_arm64 Library/Bee/artifacts/Android/d8kzr/29rqrc84jfil.o
[ 836/1602  5s] C_Android_arm32 Library/Bee/artifacts/Android/iz17e/oxhwo8zdwz7m.o
[ 837/1602  0s] C_Android_arm64 Library/Bee/artifacts/Android/d8kzr/ra6xs3izbtgm.o
[ 838/1602  5s] C_Android_arm32 Library/Bee/artifacts/Android/iz17e/it5f660mpk9i.o
[ 839/1602  5s] C_Android_arm32 Library/Bee/artifacts/Android/iz17e/ou6153gz4dvm.o
[ 840/1602  5s] C_Android_arm32 Library/Bee/artifacts/Android/iz17e/6endbjk11fdp.o
[ 841/1602  4s] C_Android_arm64 Library/Bee/artifacts/Android/d8kzr/huq389qkml34.o
[ 842/1602  0s] C_Android_arm64 Library/Bee/artifacts/Android/d8kzr/epn3ft4vhu21.o
[ 843/1602  0s] C_Android_arm64 Library/Bee/artifacts/Android/d8kzr/jwsufutnrigd.o
[ 844/1602  0s] C_Android_arm64 Library/Bee/artifacts/Android/d8kzr/fi78wb1gtfrc.o
[ 845/1602  0s] C_Android_arm64 Library/Bee/artifacts/Android/d8kzr/xf1dxnjvttcz.o
[ 846/1602  3s] C_Android_arm64 Library/Bee/artifacts/Android/d8kzr/kl5y6f2nl8lp.o
[ 847/1602  6s] C_Android_arm32 Library/Bee/artifacts/Android/iz17e/aa3eo53wu7ya.o
[ 848/1602  0s] C_Android_arm64 Library/Bee/artifacts/Android/d8kzr/xkb8xzht7kzv.o
[ 849/1602  0s] C_Android_arm64 Library/Bee/artifacts/Android/d8kzr/ply67e1bkqcx.o
[ 850/1602  1s] C_Android_arm64 Library/Bee/artifacts/Android/d8kzr/nlyfsgvezp0k.o
[ 851/1602  0s] C_Android_arm64 Library/Bee/artifacts/Android/d8kzr/r37f9qrv91qu.o
[ 852/1602  3s] C_Android_arm64 Library/Bee/artifacts/Android/d8kzr/qm4l9dpw3g8b.o
[ 853/1602  4s] C_Android_arm64 Library/Bee/artifacts/Android/d8kzr/w68kdtp3p3l7.o
[ 854/1602  3s] C_Android_arm64 Library/Bee/artifacts/Android/d8kzr/kuj1dfbth3e1.o
[ 855/1602  0s] C_Android_arm64 Library/Bee/artifacts/Android/d8kzr/gib6wyfzfkuz.o
[ 856/1602  5s] C_Android_arm64 Library/Bee/artifacts/Android/d8kzr/pww8l59fzyd1.o
[ 857/1602  0s] C_Android_arm64 Library/Bee/artifacts/Android/d8kzr/smzavos943k5.o
[ 858/1602  6s] C_Android_arm64 Library/Bee/artifacts/Android/d8kzr/l03lyb130r4r.o
[ 859/1602  5s] C_Android_arm64 Library/Bee/artifacts/Android/d8kzr/ayp2xbz392st.o
[ 860/1602  4s] C_Android_arm64 Library/Bee/artifacts/Android/d8kzr/huo2b3t7gr61.o
[ 861/1602  0s] C_Android_arm64 Library/Bee/artifacts/Android/d8kzr/agpjer8znkf4.o
[ 862/1602  0s] C_Android_arm64 Library/Bee/artifacts/Android/d8kzr/0eruj87x2abe.o
[ 863/1602  0s] C_Android_arm64 Library/Bee/artifacts/Android/d8kzr/zyaify5wpapr.o
[ 864/1602  4s] C_Android_arm64 Library/Bee/artifacts/Android/d8kzr/howt4v32c443.o
[ 865/1602  6s] C_Android_arm64 Library/Bee/artifacts/Android/d8kzr/iltmn6ag1k07.o
[ 866/1602  5s] C_Android_arm64 Library/Bee/artifacts/Android/d8kzr/y4v0d7p9pzud.o
[ 867/1602  0s] C_Android_arm64 Library/Bee/artifacts/Android/d8kzr/5beg82cwvevg.o
[ 868/1602  0s] C_Android_arm64 Library/Bee/artifacts/Android/d8kzr/ld7kw288t235.o
[ 869/1602  4s] C_Android_arm64 Library/Bee/artifacts/Android/d8kzr/krz8aup5upkq.o
[ 870/1602  2s] C_Android_arm64 Library/Bee/artifacts/Android/d8kzr/j4xy5z18uaqt.o
[ 871/1602  4s] C_Android_arm64 Library/Bee/artifacts/Android/d8kzr/gtgek2xnz9q1.o
[ 872/1602  4s] C_Android_arm64 Library/Bee/artifacts/Android/d8kzr/iwdilklar88d.o
[ 873/1602  4s] C_Android_arm64 Library/Bee/artifacts/Android/d8kzr/0b6v9yoydtoe.o
[ 874/1602  0s] C_Android_arm64 Library/Bee/artifacts/Android/d8kzr/k0lcmg9swjux.o
[ 875/1602  0s] C_Android_arm64 Library/Bee/artifacts/Android/d8kzr/z9j12qfr2cj0.o
[ 876/1602  3s] C_Android_arm64 Library/Bee/artifacts/Android/d8kzr/59mptopqkrqk.o
[ 877/1602  0s] C_Android_arm64 Library/Bee/artifacts/Android/d8kzr/bbgssg8tluk6.o
[ 878/1602  0s] C_Android_arm64 Library/Bee/artifacts/Android/d8kzr/kg2wdsb3j45t.o
[ 879/1602  3s] C_Android_arm64 Library/Bee/artifacts/Android/d8kzr/1fubk41a2usz.o
[ 880/1602  5s] C_Android_arm64 Library/Bee/artifacts/Android/d8kzr/vjn0hz0im82d.o
[ 881/1602  7s] C_Android_arm64 Library/Bee/artifacts/Android/d8kzr/3hc7bso3nhz0.o
[ 882/1602  1s] C_Android_arm64 Library/Bee/artifacts/Android/d8kzr/qgqucz7sywiv.o
[ 883/1602  5s] C_Android_arm64 Library/Bee/artifacts/Android/d8kzr/it5f660mpk9i.o
[ 884/1602  5s] C_Android_arm64 Library/Bee/artifacts/Android/d8kzr/yy1q9s2rgiwc.o
[ 885/1602  0s] C_Android_arm64 Library/Bee/artifacts/Android/d8kzr/vkc349pc180s.o
[ 886/1602  5s] C_Android_arm64 Library/Bee/artifacts/Android/d8kzr/fi6rhnsoc7ua.o
[ 887/1602  3s] C_Android_arm64 Library/Bee/artifacts/Android/d8kzr/mrru1zozv2xt.o
[ 888/1602  4s] C_Android_arm64 Library/Bee/artifacts/Android/d8kzr/jclljtwjyuc6.o
[ 889/1602  0s] C_Android_arm64 Library/Bee/artifacts/Android/d8kzr/j7wl6f82hrp0.o
[ 890/1602  6s] C_Android_arm64 Library/Bee/artifacts/Android/d8kzr/4n0y0535gx2b.o
[ 891/1602  4s] C_Android_arm64 Library/Bee/artifacts/Android/d8kzr/wx5hnhgkuu78.o
[ 892/1602  3s] C_Android_arm64 Library/Bee/artifacts/Android/d8kzr/nkltezagyza3.o
[ 893/1602  3s] C_Android_arm64 Library/Bee/artifacts/Android/d8kzr/zh65n7o70m2v.o
[ 894/1602  4s] C_Android_arm64 Library/Bee/artifacts/Android/d8kzr/x5py7wwiywoo.o
[ 895/1602  1s] C_Android_arm64 Library/Bee/artifacts/Android/d8kzr/btd5jb51vm7f.o
[ 896/1602  1s] C_Android_arm64 Library/Bee/artifacts/Android/d8kzr/vp623eiuxvau.o
[ 897/1602  4s] C_Android_arm64 Library/Bee/artifacts/Android/d8kzr/ggcdkgn481no.o
[ 898/1602  4s] C_Android_arm64 Library/Bee/artifacts/Android/d8kzr/2796cq5f5w7a.o
[ 899/1602  0s] C_Android_arm64 Library/Bee/artifacts/Android/d8kzr/xpiagnsp4sqt.o
[ 900/1602  1s] C_Android_arm64 Library/Bee/artifacts/Android/d8kzr/rldvub5uu2ro.o
[ 901/1602  7s] C_Android_arm64 Library/Bee/artifacts/Android/d8kzr/oxfvr120q5ak.o
[ 902/1602  0s] C_Android_arm64 Library/Bee/artifacts/Android/d8kzr/g45b834x4fld.o
[ 903/1602  0s] C_Android_arm64 Library/Bee/artifacts/Android/d8kzr/1fqoyx1v226x.o
[ 904/1602  0s] C_Android_arm64 Library/Bee/artifacts/Android/d8kzr/1cyycar7gi1c.o
[ 905/1602  5s] C_Android_arm64 Library/Bee/artifacts/Android/d8kzr/v59n42fz2r8f.o
[ 906/1602  4s] C_Android_arm64 Library/Bee/artifacts/Android/d8kzr/ixowj994f9zc.o
[ 907/1602  4s] C_Android_arm64 Library/Bee/artifacts/Android/d8kzr/0pciqihxlfns.o
[ 908/1602  5s] C_Android_arm64 Library/Bee/artifacts/Android/d8kzr/rph3redre9rb.o
[ 909/1602  3s] C_Android_arm64 Library/Bee/artifacts/Android/d8kzr/xgau5a7cokxu.o
[ 910/1602  5s] C_Android_arm64 Library/Bee/artifacts/Android/d8kzr/4pvwpn3n7f0d.o
[ 911/1602  0s] C_Android_arm64 Library/Bee/artifacts/Android/d8kzr/vg55zrm9qsm8.o
[ 912/1602  9s] C_Android_arm64 Library/Bee/artifacts/Android/d8kzr/vzfe0oshtaaf.o
[ 913/1602  3s] C_Android_arm64 Library/Bee/artifacts/Android/d8kzr/qdj1pcyje6sc.o
[ 914/1602  0s] C_Android_arm64 Library/Bee/artifacts/Android/d8kzr/g0rslt7dq0bj.o
[ 915/1602  0s] C_Android_arm64 Library/Bee/artifacts/Android/d8kzr/w63bvrrep78s.o
[ 916/1602  5s] C_Android_arm64 Library/Bee/artifacts/Android/d8kzr/3883lgfks8k2.o
[ 917/1602  3s] C_Android_arm64 Library/Bee/artifacts/Android/d8kzr/8zohu8od1nmm.o
[ 918/1602  5s] C_Android_arm64 Library/Bee/artifacts/Android/d8kzr/3funx5le9yoq.o
[ 919/1602  0s] C_Android_arm64 Library/Bee/artifacts/Android/d8kzr/k2p2aedyf0w2.o
[ 920/1602  5s] C_Android_arm64 Library/Bee/artifacts/Android/d8kzr/9bs9zzxlmkhg.o
[ 921/1602  0s] C_Android_arm64 Library/Bee/artifacts/Android/d8kzr/ft0muvaqpvym.o
[ 922/1602  0s] C_Android_arm64 Library/Bee/artifacts/Android/d8kzr/prbrco5q2uol.o
[ 923/1602  4s] C_Android_arm64 Library/Bee/artifacts/Android/d8kzr/ise6yvhaib4v.o
[ 924/1602  4s] C_Android_arm64 Library/Bee/artifacts/Android/d8kzr/v60xbezba1d3.o
[ 925/1602  0s] C_Android_arm64 Library/Bee/artifacts/Android/d8kzr/0km3lcfkmdau.o
[ 926/1602  5s] C_Android_arm64 Library/Bee/artifacts/Android/d8kzr/w5hb6h6qiugk.o
[ 927/1602  0s] C_Android_arm64 Library/Bee/artifacts/Android/d8kzr/pbnk49pej2k1.o
[ 928/1602  0s] C_Android_arm64 Library/Bee/artifacts/Android/d8kzr/xu8vqpmcgdw8.o
[ 929/1602  1s] C_Android_arm64 Library/Bee/artifacts/Android/d8kzr/ja5oztzrl008.o
[ 930/1602  4s] C_Android_arm64 Library/Bee/artifacts/Android/d8kzr/ksj5dwk5wpnc.o
[ 931/1602  3s] C_Android_arm64 Library/Bee/artifacts/Android/d8kzr/6h75d45oot7z.o
[ 932/1602  4s] C_Android_arm64 Library/Bee/artifacts/Android/d8kzr/6ri5mus7ee12.o
[ 933/1602  5s] C_Android_arm64 Library/Bee/artifacts/Android/d8kzr/ywh2xlzsd7vl.o
[ 934/1602  7s] C_Android_arm64 Library/Bee/artifacts/Android/d8kzr/76uih92wyq9c.o
[ 935/1602  5s] C_Android_arm64 Library/Bee/artifacts/Android/d8kzr/hj0dw13uau5r.o
[ 936/1602  5s] C_Android_arm32 Library/Bee/artifacts/Android/iz17e/dd57r37mlzka.o
[ 937/1602  3s] C_Android_arm64 Library/Bee/artifacts/Android/d8kzr/die6qhtubuh7.o
[ 938/1602 31s] C_Android_arm32 Library/Bee/artifacts/Android/iz17e/wo7urk75xtx3.o
[ 939/1602  0s] C_Android_arm64 Library/Bee/artifacts/Android/d8kzr/5752v0mdqwzy.o
[ 940/1602  1s] C_Android_arm64 Library/Bee/artifacts/Android/d8kzr/5uz298jc7r3n.o
[ 941/1602  0s] C_Android_arm64 Library/Bee/artifacts/Android/d8kzr/wxz8feb0qtge.o
[ 942/1602  1s] C_Android_arm64 Library/Bee/artifacts/Android/d8kzr/a1oboc09qp7z.o
[ 943/1602  6s] C_Android_arm64 Library/Bee/artifacts/Android/d8kzr/ys8v7cmkonwt.o
[ 944/1602  1s] C_Android_arm64 Library/Bee/artifacts/Android/d8kzr/b0xxga5h5mbk.o
[ 945/1602  4s] C_Android_arm64 Library/Bee/artifacts/Android/d8kzr/5xfda3jmbiht.o
[ 946/1602  0s] C_Android_arm64 Library/Bee/artifacts/Android/d8kzr/sugld0kefvwv.o
[ 947/1602  0s] C_Android_arm64 Library/Bee/artifacts/Android/d8kzr/1z99likf5b2k.o
[ 948/1602 14s] C_Android_arm64 Library/Bee/artifacts/Android/d8kzr/vh8yv29wnl91.o
[ 949/1602  3s] C_Android_arm64 Library/Bee/artifacts/Android/d8kzr/ruq1qsyy43o8.o
[ 950/1602  5s] C_Android_arm64 Library/Bee/artifacts/Android/d8kzr/kmqacg4x4unt.o
[ 951/1602  4s] C_Android_arm64 Library/Bee/artifacts/Android/d8kzr/aaidnslon4ea.o
[ 952/1602  4s] C_Android_arm64 Library/Bee/artifacts/Android/d8kzr/xz345d0dosp3.o
[ 953/1602  5s] C_Android_arm64 Library/Bee/artifacts/Android/d8kzr/280gk1osc6cy.o
[ 954/1602  4s] C_Android_arm64 Library/Bee/artifacts/Android/d8kzr/ayr4dm05uz64.o
[ 955/1602  3s] C_Android_arm64 Library/Bee/artifacts/Android/d8kzr/8efz1ojv2sqs.o
[ 956/1602  1s] C_Android_arm64 Library/Bee/artifacts/Android/d8kzr/i7s6hibnhjxp.o
[ 957/1602  0s] C_Android_arm64 Library/Bee/artifacts/Android/d8kzr/nr508oz14vrm.o
[ 958/1602  6s] C_Android_arm64 Library/Bee/artifacts/Android/d8kzr/bi2t771mr6vp.o
[ 959/1602  4s] C_Android_arm64 Library/Bee/artifacts/Android/d8kzr/muh0jzd0e3c5.o
[ 960/1602  4s] C_Android_arm64 Library/Bee/artifacts/Android/d8kzr/36kb0q7aapjx.o
[ 961/1602  5s] C_Android_arm64 Library/Bee/artifacts/Android/d8kzr/3glx4g5qg8td.o
[ 962/1602  0s] C_Android_arm64 Library/Bee/artifacts/Android/d8kzr/0abhpszm0t4u.o
[ 963/1602  4s] C_Android_arm64 Library/Bee/artifacts/Android/d8kzr/y19bssa3gk5n.o
[ 964/1602  3s] C_Android_arm64 Library/Bee/artifacts/Android/d8kzr/5z8pjirf5k54.o
[ 965/1602  4s] C_Android_arm64 Library/Bee/artifacts/Android/d8kzr/562wq332xdw9.o
[ 966/1602  4s] C_Android_arm64 Library/Bee/artifacts/Android/d8kzr/dm6ncjw5dwt4.o
[ 967/1602  0s] C_Android_arm64 Library/Bee/artifacts/Android/d8kzr/y07d0ehqy2tm.o
[ 968/1602  4s] C_Android_arm64 Library/Bee/artifacts/Android/d8kzr/gm4lrnd9cppm.o
[ 969/1602  2s] C_Android_arm64 Library/Bee/artifacts/Android/d8kzr/uncmuxj97dfl.o
[ 970/1602  4s] C_Android_arm64 Library/Bee/artifacts/Android/d8kzr/o394vfqi0m9k.o
[ 971/1602  0s] C_Android_arm64 Library/Bee/artifacts/Android/d8kzr/rnwuj7lbcby3.o
[ 972/1602  4s] C_Android_arm64 Library/Bee/artifacts/Android/d8kzr/30wa3fpd48br.o
[ 973/1602  1s] C_Android_arm64 Library/Bee/artifacts/Android/d8kzr/e4a3g7rymmkf.o
[ 974/1602  6s] C_Android_arm64 Library/Bee/artifacts/Android/d8kzr/n2hhd7n9yajf.o
[ 975/1602  4s] C_Android_arm64 Library/Bee/artifacts/Android/d8kzr/bjt3ejlzyf1c.o
[ 976/1602  0s] C_Android_arm64 Library/Bee/artifacts/Android/d8kzr/qgy45l7gxa76.o
[ 977/1602  4s] C_Android_arm64 Library/Bee/artifacts/Android/d8kzr/rvaytuty63ru.o
[ 978/1602  3s] C_Android_arm64 Library/Bee/artifacts/Android/d8kzr/djy2tjoudukt.o
[ 979/1602  5s] C_Android_arm64 Library/Bee/artifacts/Android/d8kzr/0x9fxw6lfv6t.o
[ 980/1602  5s] C_Android_arm64 Library/Bee/artifacts/Android/d8kzr/iuatwpa4qp0e.o
[ 981/1602  0s] C_Android_arm64 Library/Bee/artifacts/Android/d8kzr/wv0qnlahxp1c.o
[ 982/1602  0s] C_Android_arm64 Library/Bee/artifacts/Android/d8kzr/wo4kdrr9mtda.o
[ 983/1602  4s] C_Android_arm64 Library/Bee/artifacts/Android/d8kzr/3he88ylgtbw3.o
[ 984/1602  4s] C_Android_arm64 Library/Bee/artifacts/Android/d8kzr/gzaoogl58qp2.o
[ 985/1602  0s] C_Android_arm64 Library/Bee/artifacts/Android/d8kzr/15twhcnkjxn9.o
[ 986/1602  0s] C_Android_arm64 Library/Bee/artifacts/Android/d8kzr/m2r5mxb3hrog.o
[ 987/1602  0s] C_Android_arm64 Library/Bee/artifacts/Android/d8kzr/p0ddqqpad6i8.o
[ 988/1602  1s] C_Android_arm64 Library/Bee/artifacts/Android/d8kzr/zr61ef5akkgr.o
[ 989/1602  2s] C_Android_arm64 Library/Bee/artifacts/Android/d8kzr/3ddflwl3anta.o
[ 990/1602  0s] C_Android_arm64 Library/Bee/artifacts/Android/d8kzr/vxwdnhn6d0j1.o
[ 991/1602  0s] C_Android_arm64 Library/Bee/artifacts/Android/d8kzr/nmxw67n3906i.o
[ 992/1602  6s] C_Android_arm64 Library/Bee/artifacts/Android/d8kzr/4eb1r9sthsr7.o
[ 993/1602  6s] C_Android_arm64 Library/Bee/artifacts/Android/d8kzr/hra6csm3fvvt.o
[ 994/1602  1s] C_Android_arm64 Library/Bee/artifacts/Android/d8kzr/2br6s7b14imb.o
[ 995/1602  0s] C_Android_arm64 Library/Bee/artifacts/Android/d8kzr/ll09uxmx7zlc.o
[ 996/1602  5s] C_Android_arm64 Library/Bee/artifacts/Android/d8kzr/hmc9s230srxq.o
[ 997/1602  4s] C_Android_arm64 Library/Bee/artifacts/Android/d8kzr/ywhx3jimv60m.o
[ 998/1602  0s] C_Android_arm64 Library/Bee/artifacts/Android/d8kzr/9xtbirk1grt2.o
[ 999/1602  3s] C_Android_arm64 Library/Bee/artifacts/Android/d8kzr/biwk04w2n54u.o
[1000/1602  6s] C_Android_arm64 Library/Bee/artifacts/Android/d8kzr/w4q1y6meblbx.o
[1001/1602  4s] C_Android_arm64 Library/Bee/artifacts/Android/d8kzr/oxhwo8zdwz7m.o
[1002/1602  0s] C_Android_arm64 Library/Bee/artifacts/Android/d8kzr/kwasstyysqjx.o
[1003/1602  3s] C_Android_arm64 Library/Bee/artifacts/Android/d8kzr/v08o46865dc5.o
[1004/1602  4s] C_Android_arm64 Library/Bee/artifacts/Android/d8kzr/xi62pdt84a67.o
[1005/1602  5s] C_Android_arm64 Library/Bee/artifacts/Android/d8kzr/oocs1pthvwwl.o
[1006/1602  2s] C_Android_arm64 Library/Bee/artifacts/Android/d8kzr/k1l017sm8b8r.o
[1007/1602  5s] C_Android_arm64 Library/Bee/artifacts/Android/d8kzr/qosynisfg64b.o
[1008/1602  4s] C_Android_arm64 Library/Bee/artifacts/Android/d8kzr/6f79dlf13fgb.o
[1009/1602  5s] C_Android_arm64 Library/Bee/artifacts/Android/d8kzr/n21g4euyi5tk.o
[1010/1602  5s] C_Android_arm64 Library/Bee/artifacts/Android/d8kzr/pu8f0f26gfcw.o
[1011/1602  3s] C_Android_arm64 Library/Bee/artifacts/Android/d8kzr/l5f65rvuo3yb.o
[1012/1602  0s] C_Android_arm64 Library/Bee/artifacts/Android/d8kzr/gxs7tb1ucpqu.o
[1013/1602  5s] C_Android_arm64 Library/Bee/artifacts/Android/d8kzr/bqenq8rtf640.o
[1014/1602  0s] C_Android_arm64 Library/Bee/artifacts/Android/d8kzr/28v4otbml210.o
[1015/1602  5s] C_Android_arm64 Library/Bee/artifacts/Android/d8kzr/btmp5lchhu4v.o
[1016/1602  6s] C_Android_arm64 Library/Bee/artifacts/Android/d8kzr/bpndjx8g8wzd.o
[1017/1602  3s] C_Android_arm64 Library/Bee/artifacts/Android/d8kzr/tx8szxmtohhn.o
[1018/1602  0s] C_Android_arm64 Library/Bee/artifacts/Android/d8kzr/i0z8cv11i7dl.o
[1019/1602 28s] C_Android_arm64 Library/Bee/artifacts/Android/d8kzr/wo7urk75xtx3.o
[1020/1602  0s] C_Android_arm64 Library/Bee/artifacts/Android/d8kzr/1e66tn0fng7j.o
[1021/1602  4s] C_Android_arm64 Library/Bee/artifacts/Android/d8kzr/8h54jo8vlt53.o
[1022/1602  5s] C_Android_arm64 Library/Bee/artifacts/Android/d8kzr/36qk7tcvdqas.o
[1023/1602  5s] C_Android_arm64 Library/Bee/artifacts/Android/d8kzr/1eec4pz2bf1l.o
[1024/1602  5s] C_Android_arm64 Library/Bee/artifacts/Android/d8kzr/al50oxu92p0l.o
[1025/1602  4s] C_Android_arm64 Library/Bee/artifacts/Android/d8kzr/nrglwom9ranq.o
[1026/1602  5s] C_Android_arm64 Library/Bee/artifacts/Android/d8kzr/s3ueeaaxa689.o
[1027/1602  0s] C_Android_arm64 Library/Bee/artifacts/Android/d8kzr/w67ncbpj3zqm.o
[1028/1602  2s] C_Android_arm64 Library/Bee/artifacts/Android/d8kzr/pionwgmxi140.o
[1029/1602  4s] C_Android_arm64 Library/Bee/artifacts/Android/d8kzr/c165p1sflwlb.o
[1030/1602  0s] C_Android_arm64 Library/Bee/artifacts/Android/d8kzr/t6n11vtrvrg1.o
[1031/1602  5s] C_Android_arm64 Library/Bee/artifacts/Android/d8kzr/sx1jcutpib9q.o
[1032/1602  5s] C_Android_arm64 Library/Bee/artifacts/Android/d8kzr/puep7i7qkg3q.o
[1033/1602  1s] C_Android_arm64 Library/Bee/artifacts/Android/d8kzr/lcapsszrpkfw.o
[1034/1602  0s] C_Android_arm64 Library/Bee/artifacts/Android/d8kzr/zkwmrbvhtu6h.o
[1035/1602  5s] C_Android_arm64 Library/Bee/artifacts/Android/d8kzr/ou6153gz4dvm.o
[1036/1602  7s] C_Android_arm64 Library/Bee/artifacts/Android/d8kzr/2metxx9bwm7v.o
[1037/1602  5s] C_Android_arm64 Library/Bee/artifacts/Android/d8kzr/hs6ixgri28vr.o
[1038/1602  5s] C_Android_arm64 Library/Bee/artifacts/Android/d8kzr/37hue5v7kzff.o
[1039/1602  4s] C_Android_arm64 Library/Bee/artifacts/Android/d8kzr/wdu4oiwx6tpv.o
[1040/1602  5s] C_Android_arm64 Library/Bee/artifacts/Android/d8kzr/aiu65sbvb4nl.o
[1041/1602  4s] C_Android_arm64 Library/Bee/artifacts/Android/d8kzr/29troj5hp9eo.o
[1042/1602  3s] C_Android_arm64 Library/Bee/artifacts/Android/d8kzr/caup61cw7r0r.o
[1043/1602  0s] C_Android_arm64 Library/Bee/artifacts/Android/d8kzr/ff9dp9kfjjpf.o
[1044/1602  0s] C_Android_arm64 Library/Bee/artifacts/Android/d8kzr/eeuj19eo94f9.o
[1045/1602  0s] C_Android_arm64 Library/Bee/artifacts/Android/d8kzr/qtfnh9nma6fy.o
[1046/1602  6s] C_Android_arm64 Library/Bee/artifacts/Android/d8kzr/aac4fpg4j3nf.o
[1047/1602  4s] C_Android_arm64 Library/Bee/artifacts/Android/d8kzr/p3hsxugagphp.o
[1048/1602  0s] C_Android_arm64 Library/Bee/artifacts/Android/d8kzr/es4zy25bkzhq.o
[1049/1602  0s] C_Android_arm64 Library/Bee/artifacts/Android/d8kzr/995ei58jpgeu.o
[1050/1602  1s] C_Android_arm64 Library/Bee/artifacts/Android/d8kzr/8ri8ex8ztgs5.o
[1051/1602  0s] C_Android_arm64 Library/Bee/artifacts/Android/d8kzr/w3c3fwvbul2m.o
[1052/1602  1s] C_Android_arm64 Library/Bee/artifacts/Android/d8kzr/qiic7z6sn4fp.o
[1053/1602  1s] C_Android_arm64 Library/Bee/artifacts/Android/d8kzr/6oxl3ppquvrl.o
[1054/1602  0s] C_Android_arm64 Library/Bee/artifacts/Android/d8kzr/gibm8y4aavag.o
[1055/1602  3s] C_Android_arm64 Library/Bee/artifacts/Android/d8kzr/9idtbp4f3al4.o
[1056/1602  0s] C_Android_arm64 Library/Bee/artifacts/Android/d8kzr/9eawlkrzedmt.o
[1057/1602  5s] C_Android_arm64 Library/Bee/artifacts/Android/d8kzr/aa3eo53wu7ya.o
[1058/1602  5s] C_Android_arm64 Library/Bee/artifacts/Android/d8kzr/9p5ldwi550be.o
[1059/1602  4s] C_Android_arm64 Library/Bee/artifacts/Android/d8kzr/hkupeg1be9mg.o
[1060/1602  0s] C_Android_arm64 Library/Bee/artifacts/Android/d8kzr/n7a6rknee1z4.o
[1061/1602  5s] C_Android_arm64 Library/Bee/artifacts/Android/d8kzr/wywruszw13cw.o
[1062/1602  0s] C_Android_arm64 Library/Bee/artifacts/Android/d8kzr/e9nqa3gxf5te.o
[1063/1602  0s] C_Android_arm64 Library/Bee/artifacts/Android/d8kzr/zgwm5gt2bkh3.o
[1064/1602  4s] C_Android_arm64 Library/Bee/artifacts/Android/d8kzr/iy9q5m757yhr.o
[1065/1602  0s] C_Android_arm64 Library/Bee/artifacts/Android/d8kzr/muprptcw8e4b.o
[1066/1602  4s] C_Android_arm64 Library/Bee/artifacts/Android/d8kzr/irnwrkyxa2y8.o
[1067/1602  5s] C_Android_arm64 Library/Bee/artifacts/Android/d8kzr/aq6zot11z3ww.o
[1068/1602  0s] C_Android_arm64 Library/Bee/artifacts/Android/d8kzr/948a8p8t30zo.o
[1069/1602  3s] C_Android_arm64 Library/Bee/artifacts/Android/d8kzr/htxs4rav9h1e.o
[1070/1602  5s] C_Android_arm64 Library/Bee/artifacts/Android/d8kzr/vdtqdld1cr4c.o
[1071/1602  3s] C_Android_arm64 Library/Bee/artifacts/Android/d8kzr/z51ar6nqika6.o
[1072/1602  5s] C_Android_arm64 Library/Bee/artifacts/Android/d8kzr/69dfc5ytblgs.o
[1073/1602  3s] C_Android_arm64 Library/Bee/artifacts/Android/d8kzr/fwvp50va3zor.o
[1074/1602  7s] C_Android_arm64 Library/Bee/artifacts/Android/d8kzr/gzqox8egpwex.o
[1075/1602  5s] C_Android_arm64 Library/Bee/artifacts/Android/d8kzr/dd57r37mlzka.o
[1076/1602  0s] C_Android_arm64 Library/Bee/artifacts/Android/d8kzr/3c7brlddnus0.o
[1077/1602  2s] C_Android_arm64 Library/Bee/artifacts/Android/d8kzr/jclqdvdqgv74.o
[1078/1602  0s] C_Android_arm64 Library/Bee/artifacts/Android/d8kzr/9mjqcjvjurcs.o
[1079/1602  0s] C_Android_arm64 Library/Bee/artifacts/Android/d8kzr/yd84mid46gy5.o
[1080/1602  5s] C_Android_arm64 Library/Bee/artifacts/Android/d8kzr/51tyrpiv7izc.o
[1081/1602  7s] C_Android_arm64 Library/Bee/artifacts/Android/d8kzr/4f2azkc6o1wu.o
[1082/1602  5s] C_Android_arm64 Library/Bee/artifacts/Android/d8kzr/iuwpdikzwte6.o
[1083/1602  4s] C_Android_arm64 Library/Bee/artifacts/Android/d8kzr/jhd071o0j8g7.o
[1084/1602  4s] C_Android_arm64 Library/Bee/artifacts/Android/d8kzr/u5s9jd3rsjy2.o
[1085/1602  4s] C_Android_arm64 Library/Bee/artifacts/Android/d8kzr/ajlgd4u7idt8.o
[1086/1602  4s] C_Android_arm64 Library/Bee/artifacts/Android/d8kzr/mc1cujuhuxtn.o
[1087/1602  4s] C_Android_arm64 Library/Bee/artifacts/Android/d8kzr/1em39jyy5qss.o
[1088/1602  0s] C_Android_arm64 Library/Bee/artifacts/Android/d8kzr/w20sh4nxv3op.o
[1089/1602  0s] C_Android_arm64 Library/Bee/artifacts/Android/d8kzr/uwgsigaiyjtn.o
[1090/1602  5s] C_Android_arm64 Library/Bee/artifacts/Android/d8kzr/oa2xxm472c0u.o
[1091/1602  0s] C_Android_arm64 Library/Bee/artifacts/Android/d8kzr/z2wi3ix8scrm.o
[1092/1602  5s] C_Android_arm64 Library/Bee/artifacts/Android/d8kzr/tuinhyxs5g2b.o
[1093/1602  1s] C_Android_arm64 Library/Bee/artifacts/Android/d8kzr/ptnf07ned7x3.o
[1094/1602  7s] C_Android_arm64 Library/Bee/artifacts/Android/d8kzr/ab9mu340udkx.o
[1095/1602  5s] C_Android_arm64 Library/Bee/artifacts/Android/d8kzr/1wxoeagkr9h4.o
[1096/1602  0s] C_Android_arm64 Library/Bee/artifacts/Android/d8kzr/1jmyc25v6gdp.o
[1097/1602  0s] C_Android_arm64 Library/Bee/artifacts/Android/d8kzr/w95hirc3z7a3.o
[1098/1602  7s] C_Android_arm64 Library/Bee/artifacts/Android/d8kzr/h7a5hovetyvc.o
[1099/1602  5s] C_Android_arm64 Library/Bee/artifacts/Android/d8kzr/3n6gg6blxyx1.o
[1100/1602  4s] C_Android_arm64 Library/Bee/artifacts/Android/d8kzr/yxhu6q7reitq.o
[1101/1602  4s] C_Android_arm64 Library/Bee/artifacts/Android/d8kzr/p2qiqjxx8fc2.o
[1102/1602  5s] C_Android_arm64 Library/Bee/artifacts/Android/d8kzr/flzp75pqko3c.o
[1103/1602  0s] C_Android_arm64 Library/Bee/artifacts/Android/d8kzr/53abkujhsjqh.o
[1104/1602  5s] C_Android_arm64 Library/Bee/artifacts/Android/d8kzr/9clk4hebznj6.o
[1105/1602  3s] C_Android_arm64 Library/Bee/artifacts/Android/d8kzr/978xeo5b5p31.o
[1106/1602  1s] C_Android_arm32 Library/Bee/artifacts/Android/iz17e/xkb8xzht7kzv.o
[1107/1602  1s] C_Android_arm64 Library/Bee/artifacts/Android/d8kzr/wh6d9oeg9uix.o
[1108/1602  4s] C_Android_arm64 Library/Bee/artifacts/Android/d8kzr/flwxzmhpv79l.o
[1109/1602  5s] C_Android_arm64 Library/Bee/artifacts/Android/d8kzr/4ro9y2ah1iop.o
[1110/1602  3s] C_Android_arm64 Library/Bee/artifacts/Android/d8kzr/zcghym67t1bt.o
[1111/1602  1s] C_Android_arm32 Library/Bee/artifacts/Android/iz17e/btd5jb51vm7f.o
[1112/1602  0s] C_Android_arm32 Library/Bee/artifacts/Android/iz17e/j7wl6f82hrp0.o
[1113/1602  0s] C_Android_arm32 Library/Bee/artifacts/Android/iz17e/gibm8y4aavag.o
[1114/1602  3s] C_Android_arm64 Library/Bee/artifacts/Android/d8kzr/arx9v4ke7c2j.o
[1115/1602  0s] C_Android_arm32 Library/Bee/artifacts/Android/iz17e/gxs7tb1ucpqu.o
[1116/1602  4s] C_Android_arm64 Library/Bee/artifacts/Android/d8kzr/6endbjk11fdp.o
[1117/1602  4s] C_Android_arm64 Library/Bee/artifacts/Android/d8kzr/f583m29l5p76.o
[1118/1602  7s] C_Android_arm64 Library/Bee/artifacts/Android/d8kzr/pv5yeuq3rp8d.o
[1119/1602  5s] C_Android_arm64 Library/Bee/artifacts/Android/d8kzr/ovxbdf0bcn09.o
[1120/1602  1s] C_Android_arm32 Library/Bee/artifacts/Android/iz17e/a1oboc09qp7z.o
[1121/1602  0s] C_Android_arm32 Library/Bee/artifacts/Android/iz17e/w63bvrrep78s.o
[1122/1602  5s] C_Android_arm64 Library/Bee/artifacts/Android/d8kzr/u2231der9ijr.o
[1123/1602  7s] C_Android_arm64 Library/Bee/artifacts/Android/d8kzr/z0scss2ispd9.o
[1124/1602  0s] C_Android_arm32 Library/Bee/artifacts/Android/iz17e/muprptcw8e4b.o
[1125/1602  6s] C_Android_arm64 Library/Bee/artifacts/Android/d8kzr/kgw071ggvdps.o
[1126/1602  5s] C_Android_arm64 Library/Bee/artifacts/Android/d8kzr/vyo4sd94l14r.o
[1127/1602  4s] C_Android_arm32 Library/Bee/artifacts/Android/iz17e/yxhu6q7reitq.o
[1128/1602  5s] C_Android_arm64 Library/Bee/artifacts/Android/d8kzr/hllzlrkolis3.o
[1129/1602  5s] C_Android_arm64 Library/Bee/artifacts/Android/d8kzr/owolkqjojw5w.o
[1130/1602  4s] C_Android_arm32 Library/Bee/artifacts/Android/iz17e/ggcdkgn481no.o
[1131/1602  0s] C_Android_arm32 Library/Bee/artifacts/Android/iz17e/5752v0mdqwzy.o
[1132/1602  5s] C_Android_arm32 Library/Bee/artifacts/Android/iz17e/1em39jyy5qss.o
[1133/1602  4s] C_Android_arm32 Library/Bee/artifacts/Android/iz17e/6h75d45oot7z.o
[1134/1602  2s] C_Android_arm32 Library/Bee/artifacts/Android/iz17e/ja5oztzrl008.o
[1135/1602  7s] C_Android_arm64 Library/Bee/artifacts/Android/d8kzr/akcqkfekqmyv.o
[1136/1602  4s] C_Android_arm32 Library/Bee/artifacts/Android/iz17e/ruq1qsyy43o8.o
[1137/1602  3s] C_Android_arm32 Library/Bee/artifacts/Android/iz17e/zcghym67t1bt.o
[1138/1602  4s] C_Android_arm32 Library/Bee/artifacts/Android/iz17e/die6qhtubuh7.o
[1139/1602  0s] C_Android_arm32 Library/Bee/artifacts/Android/iz17e/0abhpszm0t4u.o
[1140/1602  4s] C_Android_arm32 Library/Bee/artifacts/Android/iz17e/59mptopqkrqk.o
[1141/1602  6s] C_Android_arm32 Library/Bee/artifacts/Android/iz17e/hs6ixgri28vr.o
[1142/1602  5s] C_Android_arm32 Library/Bee/artifacts/Android/iz17e/hmc9s230srxq.o
[1143/1602  5s] C_Android_arm32 Library/Bee/artifacts/Android/iz17e/bjt3ejlzyf1c.o
[1144/1602  0s] C_Android_arm32 Library/Bee/artifacts/Android/iz17e/n7a6rknee1z4.o
[1145/1602  0s] C_Android_arm32 Library/Bee/artifacts/Android/iz17e/1fqoyx1v226x.o
[1146/1602  3s] C_Android_arm32 Library/Bee/artifacts/Android/iz17e/l5f65rvuo3yb.o
[1147/1602  0s] C_Android_arm32 Library/Bee/artifacts/Android/iz17e/qxc8yousszks.o
[1148/1602  0s] C_Android_arm32 Library/Bee/artifacts/Android/iz17e/1e66tn0fng7j.o
[1149/1602  6s] C_Android_arm32 Library/Bee/artifacts/Android/iz17e/bpndjx8g8wzd.o
[1150/1602  0s] C_Android_arm32 Library/Bee/artifacts/Android/iz17e/e9nqa3gxf5te.o
[1151/1602  0s] C_Android_arm32 Library/Bee/artifacts/Android/iz17e/gib6wyfzfkuz.o
[1152/1602  7s] C_Android_arm32 Library/Bee/artifacts/Android/iz17e/pv5yeuq3rp8d.o
[1153/1602  5s] C_Android_arm32 Library/Bee/artifacts/Android/iz17e/3funx5le9yoq.o
[1154/1602  5s] C_Android_arm32 Library/Bee/artifacts/Android/iz17e/0x9fxw6lfv6t.o
[1155/1602  5s] C_Android_arm32 Library/Bee/artifacts/Android/iz17e/vjn0hz0im82d.o
[1156/1602  4s] C_Android_arm32 Library/Bee/artifacts/Android/iz17e/v08o46865dc5.o
[1157/1602  4s] C_Android_arm32 Library/Bee/artifacts/Android/iz17e/ayr4dm05uz64.o
[1158/1602  0s] C_Android_arm32 Library/Bee/artifacts/Android/iz17e/bbgssg8tluk6.o
[1159/1602  1s] C_Android_arm32 Library/Bee/artifacts/Android/iz17e/8ri8ex8ztgs5.o
[1160/1602  0s] C_Android_arm32 Library/Bee/artifacts/Android/iz17e/fi78wb1gtfrc.o
[1161/1602  5s] C_Android_arm32 Library/Bee/artifacts/Android/iz17e/aiu65sbvb4nl.o
[1162/1602  4s] C_Android_arm32 Library/Bee/artifacts/Android/iz17e/krz8aup5upkq.o
[1163/1602  4s] C_Android_arm32 Library/Bee/artifacts/Android/iz17e/huo2b3t7gr61.o
[1164/1602  0s] C_Android_arm32 Library/Bee/artifacts/Android/iz17e/qtfnh9nma6fy.o
[1165/1602  0s] C_Android_arm32 Library/Bee/artifacts/Android/iz17e/wo4kdrr9mtda.o
[1166/1602  5s] C_Android_arm32 Library/Bee/artifacts/Android/iz17e/s3ueeaaxa689.o
[1167/1602  5s] C_Android_arm32 Library/Bee/artifacts/Android/iz17e/wx5hnhgkuu78.o
[1168/1602  4s] C_Android_arm32 Library/Bee/artifacts/Android/iz17e/huq389qkml34.o
[1169/1602  6s] C_Android_arm32 Library/Bee/artifacts/Android/iz17e/vyo4sd94l14r.o
[1170/1602  3s] C_Android_arm32 Library/Bee/artifacts/Android/iz17e/omozf0l8cdvg.o
[1171/1602  5s] C_Android_arm32 Library/Bee/artifacts/Android/iz17e/pu8f0f26gfcw.o
[1172/1602  0s] C_Android_arm32 Library/Bee/artifacts/Android/iz17e/1z99likf5b2k.o
[1173/1602  0s] C_Android_arm32 Library/Bee/artifacts/Android/iz17e/r37f9qrv91qu.o
[1174/1602  0s] C_Android_arm32 Library/Bee/artifacts/Android/iz17e/sugld0kefvwv.o
[1175/1602  3s] C_Android_arm32 Library/Bee/artifacts/Android/iz17e/u5s9jd3rsjy2.o
[1176/1602  4s] C_Android_arm32 Library/Bee/artifacts/Android/iz17e/29rqrc84jfil.o
[1177/1602  5s] C_Android_arm32 Library/Bee/artifacts/Android/iz17e/aq6zot11z3ww.o
[1178/1602  4s] C_Android_arm32 Library/Bee/artifacts/Android/iz17e/jclljtwjyuc6.o
[1179/1602  0s] C_Android_arm32 Library/Bee/artifacts/Android/iz17e/i0z8cv11i7dl.o
[1180/1602  5s] C_Android_arm32 Library/Bee/artifacts/Android/iz17e/flzp75pqko3c.o
[1181/1602  4s] C_Android_arm32 Library/Bee/artifacts/Android/iz17e/wdu4oiwx6tpv.o
[1182/1602  5s] C_Android_arm32 Library/Bee/artifacts/Android/iz17e/kmqacg4x4unt.o
[1183/1602  0s] C_Android_arm32 Library/Bee/artifacts/Android/iz17e/9lv8vn37mfdh.o
[1184/1602  1s] C_Android_arm32 Library/Bee/artifacts/Android/iz17e/qiic7z6sn4fp.o
[1185/1602  0s] C_Android_arm32 Library/Bee/artifacts/Android/iz17e/yd84mid46gy5.o
[1186/1602  3s] C_Android_arm32 Library/Bee/artifacts/Android/iz17e/8efz1ojv2sqs.o
[1187/1602  4s] C_Android_arm32 Library/Bee/artifacts/Android/iz17e/oa2xxm472c0u.o
[1188/1602  4s] C_Android_arm32 Library/Bee/artifacts/Android/iz17e/iwdilklar88d.o
[1189/1602  3s] C_Android_arm32 Library/Bee/artifacts/Android/iz17e/gm4lrnd9cppm.o
[1190/1602  0s] C_Android_arm32 Library/Bee/artifacts/Android/iz17e/28v4otbml210.o
[1191/1602  5s] C_Android_arm32 Library/Bee/artifacts/Android/iz17e/3n6gg6blxyx1.o
[1192/1602  1s] C_Android_arm32 Library/Bee/artifacts/Android/iz17e/qgqucz7sywiv.o
[1193/1602  5s] C_Android_arm32 Library/Bee/artifacts/Android/iz17e/xi62pdt84a67.o
[1194/1602  7s] C_Android_arm32 Library/Bee/artifacts/Android/iz17e/akcqkfekqmyv.o
[1195/1602  7s] C_Android_arm32 Library/Bee/artifacts/Android/iz17e/ab9mu340udkx.o
[1196/1602  0s] C_Android_arm32 Library/Bee/artifacts/Android/iz17e/5uz298jc7r3n.o
[1197/1602  1s] C_Android_arm32 Library/Bee/artifacts/Android/iz17e/vp623eiuxvau.o
[1198/1602  0s] C_Android_arm32 Library/Bee/artifacts/Android/iz17e/ra6xs3izbtgm.o
[1199/1602  5s] C_Android_arm32 Library/Bee/artifacts/Android/iz17e/al50oxu92p0l.o
[1200/1602  4s] C_Android_arm32 Library/Bee/artifacts/Android/iz17e/3he88ylgtbw3.o
[1201/1602  0s] C_Android_arm32 Library/Bee/artifacts/Android/iz17e/ft0muvaqpvym.o
[1202/1602  1s] C_Android_arm32 Library/Bee/artifacts/Android/iz17e/nlyfsgvezp0k.o
[1203/1602  5s] C_Android_arm32 Library/Bee/artifacts/Android/iz17e/280gk1osc6cy.o
[1204/1602  0s] C_Android_arm32 Library/Bee/artifacts/Android/iz17e/es4zy25bkzhq.o
[1205/1602  0s] C_Android_arm32 Library/Bee/artifacts/Android/iz17e/je2eahabg66r.o
[1206/1602  7s] C_Android_arm32 Library/Bee/artifacts/Android/iz17e/n2hhd7n9yajf.o
[1207/1602  4s] C_Android_arm32 Library/Bee/artifacts/Android/iz17e/562wq332xdw9.o
[1208/1602  1s] C_Android_arm32 Library/Bee/artifacts/Android/iz17e/rldvub5uu2ro.o
[1209/1602  8s] C_Android_arm32 Library/Bee/artifacts/Android/iz17e/4f2azkc6o1wu.o
[1210/1602  5s] C_Android_arm32 Library/Bee/artifacts/Android/iz17e/3883lgfks8k2.o
[1211/1602  8s] C_Android_arm32 Library/Bee/artifacts/Android/iz17e/2metxx9bwm7v.o
[1212/1602  6s] C_Android_arm32 Library/Bee/artifacts/Android/iz17e/iy9q5m757yhr.o
[1213/1602  3s] C_Android_arm32 Library/Bee/artifacts/Android/iz17e/nkltezagyza3.o
[1214/1602  3s] C_Android_arm32 Library/Bee/artifacts/Android/iz17e/tx8szxmtohhn.o
[1215/1602  4s] C_Android_arm32 Library/Bee/artifacts/Android/iz17e/0pciqihxlfns.o
[1216/1602  2s] C_Android_arm32 Library/Bee/artifacts/Android/iz17e/k1l017sm8b8r.o
[1217/1602  4s] C_Android_arm32 Library/Bee/artifacts/Android/iz17e/c165p1sflwlb.o
[1218/1602  5s] C_Android_arm32 Library/Bee/artifacts/Android/iz17e/owolkqjojw5w.o
[1219/1602  0s] C_Android_arm32 Library/Bee/artifacts/Android/iz17e/ff9dp9kfjjpf.o
[1220/1602  3s] C_Android_arm32 Library/Bee/artifacts/Android/iz17e/arx9v4ke7c2j.o
[1221/1602  4s] C_Android_arm32 Library/Bee/artifacts/Android/iz17e/flwxzmhpv79l.o
[1222/1602  4s] C_Android_arm32 Library/Bee/artifacts/Android/iz17e/ywhx3jimv60m.o
[1223/1602  7s] C_Android_arm32 Library/Bee/artifacts/Android/iz17e/gzqox8egpwex.o
[1224/1602  5s] C_Android_arm32 Library/Bee/artifacts/Android/iz17e/ajlgd4u7idt8.o
[1225/1602  7s] C_Android_arm32 Library/Bee/artifacts/Android/iz17e/w4q1y6meblbx.o
[1226/1602  5s] C_Android_arm32 Library/Bee/artifacts/Android/iz17e/9bs9zzxlmkhg.o
[1227/1602  0s] C_Android_arm32 Library/Bee/artifacts/Android/iz17e/9mjqcjvjurcs.o
[1228/1602  5s] C_Android_arm32 Library/Bee/artifacts/Android/iz17e/y19bssa3gk5n.o
[1229/1602  5s] C_Android_arm32 Library/Bee/artifacts/Android/iz17e/vdtqdld1cr4c.o
[1230/1602  0s] C_Android_arm32 Library/Bee/artifacts/Android/iz17e/w20sh4nxv3op.o
[1231/1602  5s] C_Android_arm32 Library/Bee/artifacts/Android/iz17e/y4v0d7p9pzud.o
[1232/1602  0s] C_Android_arm32 Library/Bee/artifacts/Android/iz17e/vxwdnhn6d0j1.o
[1233/1602  0s] C_Android_arm32 Library/Bee/artifacts/Android/iz17e/948a8p8t30zo.o
[1234/1602  2s] C_Android_arm32 Library/Bee/artifacts/Android/iz17e/pionwgmxi140.o
[1235/1602  5s] C_Android_arm32 Library/Bee/artifacts/Android/iz17e/iuwpdikzwte6.o
[1236/1602  0s] C_Android_arm32 Library/Bee/artifacts/Android/iz17e/0eruj87x2abe.o
[1237/1602  3s] C_Android_arm32 Library/Bee/artifacts/Android/iz17e/djy2tjoudukt.o
[1238/1602  3s] C_Android_arm32 Library/Bee/artifacts/Android/iz17e/zh65n7o70m2v.o
[1239/1602  4s] C_Android_arm32 Library/Bee/artifacts/Android/iz17e/9idtbp4f3al4.o
[1240/1602  1s] C_Android_arm32 Library/Bee/artifacts/Android/iz17e/lzdjosw3zfg3.o
[1241/1602  0s] C_Android_arm32 Library/Bee/artifacts/Android/iz17e/agpjer8znkf4.o
[1242/1602  0s] C_Android_arm32 Library/Bee/artifacts/Android/iz17e/rnwuj7lbcby3.o
[1243/1602  0s] C_Android_arm32 Library/Bee/artifacts/Android/iz17e/y07d0ehqy2tm.o
[1244/1602  5s] C_Android_arm32 Library/Bee/artifacts/Android/iz17e/ise6yvhaib4v.o
[1245/1602  4s] C_Android_arm32 Library/Bee/artifacts/Android/iz17e/x5py7wwiywoo.o
[1246/1602  0s] C_Android_arm32 Library/Bee/artifacts/Android/iz17e/wlvggmdyy782.o
[1247/1602  0s] C_Android_arm32 Library/Bee/artifacts/Android/iz17e/t6n11vtrvrg1.o
[1248/1602  2s] C_Android_arm32 Library/Bee/artifacts/Android/iz17e/3ddflwl3anta.o
[1249/1602  7s] C_Android_arm32 Library/Bee/artifacts/Android/iz17e/4eb1r9sthsr7.o
[1250/1602  0s] C_Android_arm32 Library/Bee/artifacts/Android/iz17e/1jmyc25v6gdp.o
[1251/1602  0s] C_Android_arm32 Library/Bee/artifacts/Android/iz17e/w3c3fwvbul2m.o
[1252/1602  0s] C_Android_arm32 Library/Bee/artifacts/Android/iz17e/nr508oz14vrm.o
[1253/1602  4s] C_Android_arm32 Library/Bee/artifacts/Android/iz17e/hkupeg1be9mg.o
[1254/1602  0s] C_Android_arm32 Library/Bee/artifacts/Android/iz17e/m2r5mxb3hrog.o
[1255/1602  4s] C_Android_arm32 Library/Bee/artifacts/Android/iz17e/xz345d0dosp3.o
[1256/1602  4s] C_Android_arm32 Library/Bee/artifacts/Android/iz17e/1wxoeagkr9h4.o
[1257/1602  7s] C_Android_arm32 Library/Bee/artifacts/Android/iz17e/aac4fpg4j3nf.o
[1258/1602  5s] C_Android_arm32 Library/Bee/artifacts/Android/iz17e/p2qiqjxx8fc2.o
[1259/1602  7s] C_Android_arm32 Library/Bee/artifacts/Android/iz17e/76uih92wyq9c.o
[1260/1602  1s] C_Android_arm32 Library/Bee/artifacts/Android/iz17e/i7s6hibnhjxp.o
[1261/1602  5s] C_Android_arm32 Library/Bee/artifacts/Android/iz17e/n21g4euyi5tk.o
[1262/1602  4s] C_Android_arm32 Library/Bee/artifacts/Android/iz17e/6f79dlf13fgb.o
[1263/1602  0s] C_Android_arm32 Library/Bee/artifacts/Android/iz17e/zgwm5gt2bkh3.o
[1264/1602  4s] C_Android_arm32 Library/Bee/artifacts/Android/iz17e/o394vfqi0m9k.o
[1265/1602  1s] C_Android_arm32 Library/Bee/artifacts/Android/iz17e/15twhcnkjxn9.o
[1266/1602  0s] C_Android_arm32 Library/Bee/artifacts/Android/iz17e/zyaify5wpapr.o
[1267/1602  4s] C_Android_arm32 Library/Bee/artifacts/Android/iz17e/btmp5lchhu4v.o
[1268/1602  4s] C_Android_arm32 Library/Bee/artifacts/Android/iz17e/dm6ncjw5dwt4.o
[1269/1602  4s] C_Android_arm32 Library/Bee/artifacts/Android/iz17e/gtgek2xnz9q1.o
[1270/1602  0s] CopyFiles C:/Users/diman/BlockPuzzlesBatch/Library/Bee/artifacts/Android/il2cppOutput/build/armeabi-v7a/Data/Resources/mscorlib.dll-resources.dat
[1271/1602  0s] CopyFiles C:/Users/diman/BlockPuzzlesBatch/Library/Bee/artifacts/Android/il2cppOutput/build/armeabi-v7a/Data/Metadata/global-metadata.dat
[1272/1602  0s] CopyFiles C:/Users/diman/BlockPuzzlesBatch/Library/Bee/Android/Prj/IL2CPP/Il2CppBackup/il2cppOutput/mscorlib_CodeGen.c
[1273/1602  0s] CopyFiles C:/Users/diman/BlockPuzzlesBatch/Library/Bee/Android/Prj/IL2CPP/Il2CppBackup/il2cppOutput/mscorlib__12.cpp
[1274/1602  0s] CopyFiles C:/Users/diman/BlockPuzzlesBatch/Library/Bee/Android/Prj/IL2CPP/Il2CppBackup/il2cppOutput/mscorlib__15.cpp
[1275/1602  0s] CopyFiles C:/Users/diman/BlockPuzzlesBatch/Library/Bee/Android/Prj/IL2CPP/Il2CppBackup/il2cppOutput/mscorlib__10.cpp
[1276/1602  0s] CopyFiles C:/Users/diman/BlockPuzzlesBatch/Library/Bee/Android/Prj/IL2CPP/Il2CppBackup/il2cppOutput/mscorlib__17.cpp
[1277/1602  0s] CopyFiles C:/Users/diman/BlockPuzzlesBatch/Library/Bee/Android/Prj/IL2CPP/Il2CppBackup/il2cppOutput/mscorlib__13.cpp
[1278/1602  0s] CopyFiles C:/Users/diman/BlockPuzzlesBatch/Library/Bee/Android/Prj/IL2CPP/Il2CppBackup/il2cppOutput/mscorlib__16.cpp
[1279/1602  0s] CopyFiles C:/Users/diman/BlockPuzzlesBatch/Library/Bee/Android/Prj/IL2CPP/Il2CppBackup/il2cppOutput/mscorlib__11.cpp
[1280/1602  0s] CopyFiles C:/Users/diman/BlockPuzzlesBatch/Library/Bee/Android/Prj/IL2CPP/Il2CppBackup/il2cppOutput/mscorlib__14.cpp
[1281/1602  0s] CopyFiles C:/Users/diman/BlockPuzzlesBatch/Library/Bee/Android/Prj/IL2CPP/Il2CppBackup/il2cppOutput/mscorlib__5.cpp
[1282/1602  0s] CopyFiles C:/Users/diman/BlockPuzzlesBatch/Library/Bee/Android/Prj/IL2CPP/Il2CppBackup/il2cppOutput/mscorlib__9.cpp
[1283/1602  0s] CopyFiles C:/Users/diman/BlockPuzzlesBatch/Library/Bee/Android/Prj/IL2CPP/Il2CppBackup/il2cppOutput/mscorlib__6.cpp
[1284/1602  0s] CopyFiles C:/Users/diman/BlockPuzzlesBatch/Library/Bee/Android/Prj/IL2CPP/Il2CppBackup/il2cppOutput/mscorlib__7.cpp
[1285/1602  0s] CopyFiles C:/Users/diman/BlockPuzzlesBatch/Library/Bee/Android/Prj/IL2CPP/Il2CppBackup/il2cppOutput/mscorlib__2.cpp
[1286/1602  0s] CopyFiles C:/Users/diman/BlockPuzzlesBatch/Library/Bee/Android/Prj/IL2CPP/Il2CppBackup/il2cppOutput/mscorlib__4.cpp
[1287/1602  0s] CopyFiles C:/Users/diman/BlockPuzzlesBatch/Library/Bee/Android/Prj/IL2CPP/Il2CppBackup/il2cppOutput/mscorlib__3.cpp
[1288/1602  0s] CopyFiles C:/Users/diman/BlockPuzzlesBatch/Library/Bee/Android/Prj/IL2CPP/Il2CppBackup/il2cppOutput/mscorlib__8.cpp
[1289/1602  0s] CopyFiles C:/Users/diman/BlockPuzzlesBatch/Library/Bee/Android/Prj/IL2CPP/Il2CppBackup/il2cppOutput/mscorlib__1.cpp
[1290/1602  0s] CopyFiles C:/Users/diman/BlockPuzzlesBatch/Library/Bee/Android/Prj/IL2CPP/Il2CppBackup/il2cppOutput/Unity.RenderPipeline.Universal.ShaderLibrary_CodeGen.c
[1291/1602  0s] CopyFiles C:/Users/diman/BlockPuzzlesBatch/Library/Bee/Android/Prj/IL2CPP/Il2CppBackup/il2cppOutput/mscorlib.cpp
[1292/1602  0s] CopyFiles C:/Users/diman/BlockPuzzlesBatch/Library/Bee/Android/Prj/IL2CPP/Il2CppBackup/il2cppOutput/Unity.InternalAPIEngineBridge.001_CodeGen.c
[1293/1602  0s] CopyFiles C:/Users/diman/BlockPuzzlesBatch/Library/Bee/Android/Prj/IL2CPP/Il2CppBackup/il2cppOutput/Unity.RenderPipelines.Universal.Runtime.cpp
[1294/1602  0s] CopyFiles C:/Users/diman/BlockPuzzlesBatch/Library/Bee/Android/Prj/IL2CPP/Il2CppBackup/il2cppOutput/GenericMethods.cpp
[1295/1602  0s] CopyFiles C:/Users/diman/BlockPuzzlesBatch/Library/Bee/Android/Prj/IL2CPP/Il2CppBackup/il2cppOutput/GenericMethods__9.cpp
[1296/1602  0s] CopyFiles C:/Users/diman/BlockPuzzlesBatch/Library/Bee/Android/Prj/IL2CPP/Il2CppBackup/il2cppOutput/GenericMethods__2.cpp
[1297/1602  0s] CopyFiles C:/Users/diman/BlockPuzzlesBatch/Library/Bee/Android/Prj/IL2CPP/Il2CppBackup/il2cppOutput/GenericMethods__6.cpp
[1298/1602  0s] CopyFiles C:/Users/diman/BlockPuzzlesBatch/Library/Bee/Android/Prj/IL2CPP/Il2CppBackup/il2cppOutput/GenericMethods__3.cpp
[1299/1602  0s] CopyFiles C:/Users/diman/BlockPuzzlesBatch/Library/Bee/Android/Prj/IL2CPP/Il2CppBackup/il2cppOutput/GenericMethods__7.cpp
[1300/1602  0s] CopyFiles C:/Users/diman/BlockPuzzlesBatch/Library/Bee/Android/Prj/IL2CPP/Il2CppBackup/il2cppOutput/GenericMethods__8.cpp
[1301/1602  0s] CopyFiles C:/Users/diman/BlockPuzzlesBatch/Library/Bee/Android/Prj/IL2CPP/Il2CppBackup/il2cppOutput/GenericMethods__4.cpp
[1302/1602  0s] CopyFiles C:/Users/diman/BlockPuzzlesBatch/Library/Bee/Android/Prj/IL2CPP/Il2CppBackup/il2cppOutput/GenericMethods__5.cpp
[1303/1602  0s] CopyFiles C:/Users/diman/BlockPuzzlesBatch/Library/Bee/Android/Prj/IL2CPP/Il2CppBackup/il2cppOutput/GenericMethods__1.cpp
[1304/1602  0s] CopyFiles C:/Users/diman/BlockPuzzlesBatch/Library/Bee/Android/Prj/IL2CPP/Il2CppBackup/il2cppOutput/Generics__18.cpp
[1305/1602  0s] CopyFiles C:/Users/diman/BlockPuzzlesBatch/Library/Bee/Android/Prj/IL2CPP/Il2CppBackup/il2cppOutput/Generics__56.cpp
[1306/1602  0s] CopyFiles C:/Users/diman/BlockPuzzlesBatch/Library/Bee/Android/Prj/IL2CPP/Il2CppBackup/il2cppOutput/Generics__26.cpp
[1307/1602  0s] CopyFiles C:/Users/diman/BlockPuzzlesBatch/Library/Bee/Android/Prj/IL2CPP/Il2CppBackup/il2cppOutput/Generics__66.cpp
[1308/1602  0s] CopyFiles C:/Users/diman/BlockPuzzlesBatch/Library/Bee/Android/Prj/IL2CPP/Il2CppBackup/il2cppOutput/Generics__31.cpp
[1309/1602  0s] CopyFiles C:/Users/diman/BlockPuzzlesBatch/Library/Bee/Android/Prj/IL2CPP/Il2CppBackup/il2cppOutput/Generics__17.cpp
[1310/1602  0s] CopyFiles C:/Users/diman/BlockPuzzlesBatch/Library/Bee/Android/Prj/IL2CPP/Il2CppBackup/il2cppOutput/Generics__30.cpp
[1311/1602  0s] CopyFiles C:/Users/diman/BlockPuzzlesBatch/Library/Bee/Android/Prj/IL2CPP/Il2CppBackup/il2cppOutput/Generics__61.cpp
[1312/1602  0s] CopyFiles C:/Users/diman/BlockPuzzlesBatch/Library/Bee/Android/Prj/IL2CPP/Il2CppBackup/il2cppOutput/Generics__34.cpp
[1313/1602  0s] CopyFiles C:/Users/diman/BlockPuzzlesBatch/Library/Bee/Android/Prj/IL2CPP/Il2CppBackup/il2cppOutput/Generics__45.cpp
[1314/1602  0s] CopyFiles C:/Users/diman/BlockPuzzlesBatch/Library/Bee/Android/Prj/IL2CPP/Il2CppBackup/il2cppOutput/Generics__29.cpp
[1315/1602  0s] CopyFiles C:/Users/diman/BlockPuzzlesBatch/Library/Bee/Android/Prj/IL2CPP/Il2CppBackup/il2cppOutput/Generics__43.cpp
[1316/1602  0s] CopyFiles C:/Users/diman/BlockPuzzlesBatch/Library/Bee/Android/Prj/IL2CPP/Il2CppBackup/il2cppOutput/Generics__24.cpp
[1317/1602  0s] CopyFiles C:/Users/diman/BlockPuzzlesBatch/Library/Bee/Android/Prj/IL2CPP/Il2CppBackup/il2cppOutput/Generics__50.cpp
[1318/1602  0s] CopyFiles C:/Users/diman/BlockPuzzlesBatch/Library/Bee/Android/Prj/IL2CPP/Il2CppBackup/il2cppOutput/Generics__25.cpp
[1319/1602  0s] CopyFiles C:/Users/diman/BlockPuzzlesBatch/Library/Bee/Android/Prj/IL2CPP/Il2CppBackup/il2cppOutput/Generics__42.cpp
[1320/1602  0s] CopyFiles C:/Users/diman/BlockPuzzlesBatch/Library/Bee/Android/Prj/IL2CPP/Il2CppBackup/il2cppOutput/Generics__57.cpp
[1321/1602  0s] CopyFiles C:/Users/diman/BlockPuzzlesBatch/Library/Bee/Android/Prj/IL2CPP/Il2CppBackup/il2cppOutput/Generics__20.cpp
[1322/1602  0s] CopyFiles C:/Users/diman/BlockPuzzlesBatch/Library/Bee/Android/Prj/IL2CPP/Il2CppBackup/il2cppOutput/Generics__23.cpp
[1323/1602  0s] C_Android_arm32 Library/Bee/artifacts/Android/iz17e/k2p2aedyf0w2.o
[1324/1602  0s] CopyFiles C:/Users/diman/BlockPuzzlesBatch/Library/Bee/Android/Prj/IL2CPP/Il2CppBackup/il2cppOutput/Generics__52.cpp
[1325/1602  0s] CopyFiles C:/Users/diman/BlockPuzzlesBatch/Library/Bee/Android/Prj/IL2CPP/Il2CppBackup/il2cppOutput/Generics__70.cpp
[1326/1602  0s] CopyFiles C:/Users/diman/BlockPuzzlesBatch/Library/Bee/Android/Prj/IL2CPP/Il2CppBackup/il2cppOutput/Generics__44.cpp
[1327/1602  0s] CopyFiles C:/Users/diman/BlockPuzzlesBatch/Library/Bee/Android/Prj/IL2CPP/Il2CppBackup/il2cppOutput/Generics__67.cpp
[1328/1602  0s] CopyFiles C:/Users/diman/BlockPuzzlesBatch/Library/Bee/Android/Prj/IL2CPP/Il2CppBackup/il2cppOutput/Generics__58.cpp
[1329/1602  0s] CopyFiles C:/Users/diman/BlockPuzzlesBatch/Library/Bee/Android/Prj/IL2CPP/Il2CppBackup/il2cppOutput/Generics__59.cpp
[1330/1602  0s] CopyFiles C:/Users/diman/BlockPuzzlesBatch/Library/Bee/Android/Prj/IL2CPP/Il2CppBackup/il2cppOutput/Generics__38.cpp
[1331/1602  0s] CopyFiles C:/Users/diman/BlockPuzzlesBatch/Library/Bee/Android/Prj/IL2CPP/Il2CppBackup/il2cppOutput/Generics__13.cpp
[1332/1602  0s] CopyFiles C:/Users/diman/BlockPuzzlesBatch/Library/Bee/Android/Prj/IL2CPP/Il2CppBackup/il2cppOutput/Generics__60.cpp
[1333/1602  0s] CopyFiles C:/Users/diman/BlockPuzzlesBatch/Library/Bee/Android/Prj/IL2CPP/Il2CppBackup/il2cppOutput/Generics__54.cpp
[1334/1602  0s] CopyFiles C:/Users/diman/BlockPuzzlesBatch/Library/Bee/Android/Prj/IL2CPP/Il2CppBackup/il2cppOutput/Generics__35.cpp
[1335/1602  0s] CopyFiles C:/Users/diman/BlockPuzzlesBatch/Library/Bee/Android/Prj/IL2CPP/Il2CppBackup/il2cppOutput/Generics__37.cpp
[1336/1602  0s] CopyFiles C:/Users/diman/BlockPuzzlesBatch/Library/Bee/Android/Prj/IL2CPP/Il2CppBackup/il2cppOutput/Generics__41.cpp
[1337/1602  0s] CopyFiles C:/Users/diman/BlockPuzzlesBatch/Library/Bee/Android/Prj/IL2CPP/Il2CppBackup/il2cppOutput/Generics__28.cpp
[1338/1602  0s] CopyFiles C:/Users/diman/BlockPuzzlesBatch/Library/Bee/Android/Prj/IL2CPP/Il2CppBackup/il2cppOutput/Generics__64.cpp
[1339/1602  0s] CopyFiles C:/Users/diman/BlockPuzzlesBatch/Library/Bee/Android/Prj/IL2CPP/Il2CppBackup/il2cppOutput/Generics__55.cpp
[1340/1602  0s] CopyFiles C:/Users/diman/BlockPuzzlesBatch/Library/Bee/Android/Prj/IL2CPP/Il2CppBackup/il2cppOutput/Generics__68.cpp
[1341/1602  0s] CopyFiles C:/Users/diman/BlockPuzzlesBatch/Library/Bee/Android/Prj/IL2CPP/Il2CppBackup/il2cppOutput/Generics__51.cpp
[1342/1602  0s] CopyFiles C:/Users/diman/BlockPuzzlesBatch/Library/Bee/Android/Prj/IL2CPP/Il2CppBackup/il2cppOutput/Generics__65.cpp
[1343/1602  0s] CopyFiles C:/Users/diman/BlockPuzzlesBatch/Library/Bee/Android/Prj/IL2CPP/Il2CppBackup/il2cppOutput/Generics__48.cpp
[1344/1602  0s] CopyFiles C:/Users/diman/BlockPuzzlesBatch/Library/Bee/Android/Prj/IL2CPP/Il2CppBackup/il2cppOutput/Generics__36.cpp
[1345/1602  0s] CopyFiles C:/Users/diman/BlockPuzzlesBatch/Library/Bee/Android/Prj/IL2CPP/Il2CppBackup/il2cppOutput/Generics__16.cpp
[1346/1602  0s] CopyFiles C:/Users/diman/BlockPuzzlesBatch/Library/Bee/Android/Prj/IL2CPP/Il2CppBackup/il2cppOutput/Generics__10.cpp
[1347/1602  0s] CopyFiles C:/Users/diman/BlockPuzzlesBatch/Library/Bee/Android/Prj/IL2CPP/Il2CppBackup/il2cppOutput/Generics__32.cpp
[1348/1602  0s] CopyFiles C:/Users/diman/BlockPuzzlesBatch/Library/Bee/Android/Prj/IL2CPP/Il2CppBackup/il2cppOutput/Generics__69.cpp
[1349/1602  0s] CopyFiles C:/Users/diman/BlockPuzzlesBatch/Library/Bee/Android/Prj/IL2CPP/Il2CppBackup/il2cppOutput/Generics__19.cpp
[1350/1602  0s] CopyFiles C:/Users/diman/BlockPuzzlesBatch/Library/Bee/Android/Prj/IL2CPP/Il2CppBackup/il2cppOutput/Generics__22.cpp
[1351/1602  0s] CopyFiles C:/Users/diman/BlockPuzzlesBatch/Library/Bee/Android/Prj/IL2CPP/Il2CppBackup/il2cppOutput/Generics__33.cpp
[1352/1602  0s] CopyFiles C:/Users/diman/BlockPuzzlesBatch/Library/Bee/Android/Prj/IL2CPP/Il2CppBackup/il2cppOutput/Generics__39.cpp
[1353/1602  0s] CopyFiles C:/Users/diman/BlockPuzzlesBatch/Library/Bee/Android/Prj/IL2CPP/Il2CppBackup/il2cppOutput/Generics__21.cpp
[1354/1602  0s] CopyFiles C:/Users/diman/BlockPuzzlesBatch/Library/Bee/Android/Prj/IL2CPP/Il2CppBackup/il2cppOutput/Generics__63.cpp
[1355/1602  0s] CopyFiles C:/Users/diman/BlockPuzzlesBatch/Library/Bee/Android/Prj/IL2CPP/Il2CppBackup/il2cppOutput/Generics__46.cpp
[1356/1602  0s] CopyFiles C:/Users/diman/BlockPuzzlesBatch/Library/Bee/Android/Prj/IL2CPP/Il2CppBackup/il2cppOutput/Generics__15.cpp
[1357/1602  0s] CopyFiles C:/Users/diman/BlockPuzzlesBatch/Library/Bee/Android/Prj/IL2CPP/Il2CppBackup/il2cppOutput/Generics__62.cpp
[1358/1602  0s] CopyFiles C:/Users/diman/BlockPuzzlesBatch/Library/Bee/Android/Prj/IL2CPP/Il2CppBackup/il2cppOutput/Generics__27.cpp
[1359/1602  0s] CopyFiles C:/Users/diman/BlockPuzzlesBatch/Library/Bee/Android/Prj/IL2CPP/Il2CppBackup/il2cppOutput/Generics__12.cpp
[1360/1602  0s] CopyFiles C:/Users/diman/BlockPuzzlesBatch/Library/Bee/Android/Prj/IL2CPP/Il2CppBackup/il2cppOutput/Generics__11.cpp
[1361/1602  0s] CopyFiles C:/Users/diman/BlockPuzzlesBatch/Library/Bee/Android/Prj/IL2CPP/Il2CppBackup/il2cppOutput/Generics__47.cpp
[1362/1602  0s] CopyFiles C:/Users/diman/BlockPuzzlesBatch/Library/Bee/Android/Prj/IL2CPP/Il2CppBackup/il2cppOutput/Generics__14.cpp
[1363/1602  0s] CopyFiles C:/Users/diman/BlockPuzzlesBatch/Library/Bee/Android/Prj/IL2CPP/Il2CppBackup/il2cppOutput/Generics__40.cpp
[1364/1602  0s] CopyFiles C:/Users/diman/BlockPuzzlesBatch/Library/Bee/Android/Prj/IL2CPP/Il2CppBackup/il2cppOutput/Generics__49.cpp
[1365/1602  0s] CopyFiles C:/Users/diman/BlockPuzzlesBatch/Library/Bee/Android/Prj/IL2CPP/Il2CppBackup/il2cppOutput/Generics__53.cpp
[1366/1602  0s] CopyFiles C:/Users/diman/BlockPuzzlesBatch/Library/Bee/Android/Prj/IL2CPP/Il2CppBackup/il2cppOutput/Generics__7.cpp
[1367/1602  0s] CopyFiles C:/Users/diman/BlockPuzzlesBatch/Library/Bee/Android/Prj/IL2CPP/Il2CppBackup/il2cppOutput/Generics__4.cpp
[1368/1602  0s] CopyFiles C:/Users/diman/BlockPuzzlesBatch/Library/Bee/Android/Prj/IL2CPP/Il2CppBackup/il2cppOutput/Generics__5.cpp
[1369/1602  0s] CopyFiles C:/Users/diman/BlockPuzzlesBatch/Library/Bee/Android/Prj/IL2CPP/Il2CppBackup/il2cppOutput/Generics__8.cpp
[1370/1602  0s] CopyFiles C:/Users/diman/BlockPuzzlesBatch/Library/Bee/Android/Prj/IL2CPP/Il2CppBackup/il2cppOutput/Generics__3.cpp
[1371/1602  0s] CopyFiles C:/Users/diman/BlockPuzzlesBatch/Library/Bee/Android/Prj/IL2CPP/Il2CppBackup/il2cppOutput/Generics__6.cpp
[1372/1602  0s] CopyFiles C:/Users/diman/BlockPuzzlesBatch/Library/Bee/Android/Prj/IL2CPP/Il2CppBackup/il2cppOutput/Generics__9.cpp
[1373/1602  0s] CopyFiles C:/Users/diman/BlockPuzzlesBatch/Library/Bee/Android/Prj/IL2CPP/Il2CppBackup/il2cppOutput/Generics__1.cpp
[1374/1602  0s] CopyFiles C:/Users/diman/BlockPuzzlesBatch/Library/Bee/Android/Prj/IL2CPP/Il2CppBackup/il2cppOutput/Generics__2.cpp
[1375/1602  0s] CopyFiles C:/Users/diman/BlockPuzzlesBatch/Library/Bee/Android/Prj/IL2CPP/Il2CppBackup/il2cppOutput/GenericMethods__12.cpp
[1376/1602  0s] CopyFiles C:/Users/diman/BlockPuzzlesBatch/Library/Bee/Android/Prj/IL2CPP/Il2CppBackup/il2cppOutput/GenericMethods__10.cpp
[1377/1602  0s] CopyFiles C:/Users/diman/BlockPuzzlesBatch/Library/Bee/Android/Prj/IL2CPP/Il2CppBackup/il2cppOutput/GenericMethods__13.cpp
[1378/1602  0s] CopyFiles C:/Users/diman/BlockPuzzlesBatch/Library/Bee/Android/Prj/IL2CPP/Il2CppBackup/il2cppOutput/GenericMethods__15.cpp
[1379/1602  0s] CopyFiles C:/Users/diman/BlockPuzzlesBatch/Library/Bee/Android/Prj/IL2CPP/Il2CppBackup/il2cppOutput/GenericMethods__16.cpp
[1380/1602  0s] CopyFiles C:/Users/diman/BlockPuzzlesBatch/Library/Bee/Android/Prj/IL2CPP/Il2CppBackup/il2cppOutput/GenericMethods__17.cpp
[1381/1602  0s] CopyFiles C:/Users/diman/BlockPuzzlesBatch/Library/Bee/Android/Prj/IL2CPP/Il2CppBackup/il2cppOutput/GenericMethods__11.cpp
[1382/1602  0s] CopyFiles C:/Users/diman/BlockPuzzlesBatch/Library/Bee/Android/Prj/IL2CPP/Il2CppBackup/il2cppOutput/Unity.RenderPipelines.Universal.Runtime_CodeGen.c
[1383/1602  0s] CopyFiles C:/Users/diman/BlockPuzzlesBatch/Library/Bee/Android/Prj/IL2CPP/Il2CppBackup/il2cppOutput/Unity.Collections.LowLevel.ILSupport.cpp
[1384/1602  0s] CopyFiles C:/Users/diman/BlockPuzzlesBatch/Library/Bee/Android/Prj/IL2CPP/Il2CppBackup/il2cppOutput/Unity.RenderPipelines.Core.Runtime.cpp
[1385/1602  0s] CopyFiles C:/Users/diman/BlockPuzzlesBatch/Library/Bee/Android/Prj/IL2CPP/Il2CppBackup/il2cppOutput/BlockPuzzle.Core_CodeGen.c
[1386/1602  0s] CopyFiles C:/Users/diman/BlockPuzzlesBatch/Library/Bee/Android/Prj/IL2CPP/Il2CppBackup/il2cppOutput/BlockPuzzle.Gameplay.cpp
[1387/1602  0s] CopyFiles C:/Users/diman/BlockPuzzlesBatch/Library/Bee/Android/Prj/IL2CPP/Il2CppBackup/il2cppOutput/BlockPuzzle.Managers.cpp
[1388/1602  0s] CopyFiles C:/Users/diman/BlockPuzzlesBatch/Library/Bee/Android/Prj/IL2CPP/Il2CppBackup/il2cppOutput/BlockPuzzle.UI_CodeGen.c
[1389/1602  0s] CopyFiles C:/Users/diman/BlockPuzzlesBatch/Library/Bee/Android/Prj/IL2CPP/Il2CppBackup/il2cppOutput/BlockPuzzle.UI.cpp
[1390/1602  0s] CopyFiles C:/Users/diman/BlockPuzzlesBatch/Library/Bee/Android/Prj/IL2CPP/Il2CppBackup/il2cppOutput/BlockPuzzle.Core.cpp
[1391/1602  0s] CopyFiles C:/Users/diman/BlockPuzzlesBatch/Library/Bee/Android/Prj/IL2CPP/Il2CppBackup/il2cppOutput/BlockPuzzle.Bootstrap_CodeGen.c
[1392/1602  0s] CopyFiles C:/Users/diman/BlockPuzzlesBatch/Library/Bee/Android/Prj/IL2CPP/Il2CppBackup/il2cppOutput/BlockPuzzle.Gameplay_CodeGen.c
[1393/1602  0s] CopyFiles C:/Users/diman/BlockPuzzlesBatch/Library/Bee/Android/Prj/IL2CPP/Il2CppBackup/il2cppOutput/BlockPuzzle.Bootstrap.cpp
[1394/1602  0s] CopyFiles C:/Users/diman/BlockPuzzlesBatch/Library/Bee/Android/Prj/IL2CPP/Il2CppBackup/il2cppOutput/BlockPuzzle.Managers_CodeGen.c
[1395/1602  0s] CopyFiles C:/Users/diman/BlockPuzzlesBatch/Library/Bee/Android/Prj/IL2CPP/Il2CppBackup/il2cppOutput/analytics.json
[1396/1602  0s] CopyFiles C:/Users/diman/BlockPuzzlesBatch/Library/Bee/Android/Prj/IL2CPP/Il2CppBackup/il2cppOutput/GenericMethods__14.cpp
[1397/1602  0s] CopyFiles C:/Users/diman/BlockPuzzlesBatch/Library/Bee/Android/Prj/IL2CPP/Il2CppBackup/il2cppOutput/UnityEngine.TextCoreFontEngineModule.cpp
[1398/1602  0s] CopyFiles C:/Users/diman/BlockPuzzlesBatch/Library/Bee/Android/Prj/IL2CPP/Il2CppBackup/il2cppOutput/UnityEngine.SharedInternalsModule_CodeGen.c
[1399/1602  0s] CopyFiles C:/Users/diman/BlockPuzzlesBatch/Library/Bee/Android/Prj/IL2CPP/Il2CppBackup/il2cppOutput/UnityEngine.TextCoreTextEngineModule.cpp
[1400/1602  0s] CopyFiles C:/Users/diman/BlockPuzzlesBatch/Library/Bee/Android/Prj/IL2CPP/Il2CppBackup/il2cppOutput/UnityEngine.TextCoreTextEngineModule__3.cpp
[1401/1602  0s] CopyFiles C:/Users/diman/BlockPuzzlesBatch/Library/Bee/Android/Prj/IL2CPP/Il2CppBackup/il2cppOutput/UnityEngine.TextCoreTextEngineModule__1.cpp
[1402/1602  0s] CopyFiles C:/Users/diman/BlockPuzzlesBatch/Library/Bee/Android/Prj/IL2CPP/Il2CppBackup/il2cppOutput/Unity.RenderPipelines.Universal.Runtime__10.cpp
[1403/1602  0s] CopyFiles C:/Users/diman/BlockPuzzlesBatch/Library/Bee/Android/Prj/IL2CPP/Gradle/unityLibrary/src/main/assets/bin/Data/Managed/Resources/mscorlib.dll-resources.dat
[1404/1602  0s] CopyFiles C:/Users/diman/BlockPuzzlesBatch/Library/Bee/Android/Prj/IL2CPP/Il2CppBackup/il2cppOutput/UnityEngine.TextRenderingModule_CodeGen.c
[1405/1602  0s] CopyFiles C:/Users/diman/BlockPuzzlesBatch/Library/Bee/Android/Prj/IL2CPP/Il2CppBackup/il2cppOutput/UnityEngine.TextCoreTextEngineModule__2.cpp
[1406/1602  0s] CopyFiles C:/Users/diman/BlockPuzzlesBatch/Library/Bee/Android/Prj/IL2CPP/Il2CppBackup/il2cppOutput/Unity.RenderPipelines.Universal.Runtime__3.cpp
[1407/1602  0s] CopyFiles C:/Users/diman/BlockPuzzlesBatch/Library/Bee/Android/Prj/IL2CPP/Il2CppBackup/il2cppOutput/Unity.RenderPipelines.Universal.Runtime__8.cpp
[1408/1602  0s] CopyFiles C:/Users/diman/BlockPuzzlesBatch/Library/Bee/Android/Prj/IL2CPP/Il2CppBackup/il2cppOutput/Unity.RenderPipelines.Universal.Runtime__2.cpp
[1409/1602  0s] CopyFiles C:/Users/diman/BlockPuzzlesBatch/Library/Bee/Android/Prj/IL2CPP/Il2CppBackup/il2cppOutput/Unity.Collections.LowLevel.ILSupport_CodeGen.c
[1410/1602  0s] CopyFiles C:/Users/diman/BlockPuzzlesBatch/Library/Bee/Android/Prj/IL2CPP/Il2CppBackup/il2cppOutput/Unity.RenderPipelines.Universal.Runtime__4.cpp
[1411/1602  0s] CopyFiles C:/Users/diman/BlockPuzzlesBatch/Library/Bee/Android/Prj/IL2CPP/Il2CppBackup/il2cppOutput/Unity.RenderPipelines.Universal.Runtime__7.cpp
[1412/1602  0s] CopyFiles C:/Users/diman/BlockPuzzlesBatch/Library/Bee/Android/Prj/IL2CPP/Il2CppBackup/il2cppOutput/Unity.RenderPipelines.Universal.Runtime__5.cpp
[1413/1602  0s] CopyFiles C:/Users/diman/BlockPuzzlesBatch/Library/Bee/Android/Prj/IL2CPP/Il2CppBackup/il2cppOutput/Unity.RenderPipelines.Universal.Runtime__9.cpp
[1414/1602  0s] CopyFiles C:/Users/diman/BlockPuzzlesBatch/Library/Bee/Android/Prj/IL2CPP/Il2CppBackup/il2cppOutput/Unity.RenderPipelines.Universal.Runtime__6.cpp
[1415/1602  0s] CopyFiles C:/Users/diman/BlockPuzzlesBatch/Library/Bee/Android/Prj/IL2CPP/Il2CppBackup/il2cppOutput/Unity.RenderPipelines.Universal.Runtime__1.cpp
[1416/1602  0s] CopyFiles C:/Users/diman/BlockPuzzlesBatch/Library/Bee/Android/Prj/IL2CPP/Il2CppBackup/il2cppOutput/Unity.RenderPipelines.Core.Runtime__5.cpp
[1417/1602  0s] CopyFiles C:/Users/diman/BlockPuzzlesBatch/Library/Bee/Android/Prj/IL2CPP/Il2CppBackup/il2cppOutput/Unity.RenderPipelines.Core.Runtime__4.cpp
[1418/1602  0s] CopyFiles C:/Users/diman/BlockPuzzlesBatch/Library/Bee/Android/Prj/IL2CPP/Il2CppBackup/il2cppOutput/UnityEngine.InputLegacyModule.cpp
[1419/1602  0s] CopyFiles C:/Users/diman/BlockPuzzlesBatch/Library/Bee/Android/Prj/IL2CPP/Il2CppBackup/il2cppOutput/UnityEngine.UI.cpp
[1420/1602  0s] CopyFiles C:/Users/diman/BlockPuzzlesBatch/Library/Bee/Android/Prj/IL2CPP/Il2CppBackup/il2cppOutput/UnityEngine.UI__3.cpp
[1421/1602  0s] CopyFiles C:/Users/diman/BlockPuzzlesBatch/Library/Bee/Android/Prj/IL2CPP/Il2CppBackup/il2cppOutput/UnityEngine_CodeGen.c
[1422/1602  0s] CopyFiles C:/Users/diman/BlockPuzzlesBatch/Library/Bee/Android/Prj/IL2CPP/Il2CppBackup/il2cppOutput/UnityEngine.UI__2.cpp
[1423/1602  0s] CopyFiles C:/Users/diman/BlockPuzzlesBatch/Library/Bee/Android/Prj/IL2CPP/Il2CppBackup/il2cppOutput/UnityEngine.UI__1.cpp
[1424/1602  0s] CopyFiles C:/Users/diman/BlockPuzzlesBatch/Library/Bee/Android/Prj/IL2CPP/Il2CppBackup/il2cppOutput/UnityEngine.cpp
[1425/1602  0s] CopyFiles C:/Users/diman/BlockPuzzlesBatch/Library/Bee/Android/Prj/IL2CPP/Il2CppBackup/il2cppOutput/UnityEngine.VFXModule_CodeGen.c
[1426/1602  0s] CopyFiles C:/Users/diman/BlockPuzzlesBatch/Library/Bee/Android/Prj/IL2CPP/Il2CppBackup/il2cppOutput/UnityEngine.Physics2DModule.cpp
[1427/1602  0s] CopyFiles C:/Users/diman/BlockPuzzlesBatch/Library/Bee/Android/Prj/IL2CPP/Il2CppBackup/il2cppOutput/UnityEngine.AnimationModule.cpp
[1428/1602  0s] CopyFiles C:/Users/diman/BlockPuzzlesBatch/Library/Bee/Android/Prj/IL2CPP/Il2CppBackup/il2cppOutput/UnityEngine.VFXModule.cpp
[1429/1602  0s] CopyFiles C:/Users/diman/BlockPuzzlesBatch/Library/Bee/Android/Prj/IL2CPP/Il2CppBackup/il2cppOutput/UnityEngine.IMGUIModule__1.cpp
[1430/1602  0s] CopyFiles C:/Users/diman/BlockPuzzlesBatch/Library/Bee/Android/Prj/IL2CPP/Il2CppBackup/il2cppOutput/UnityEngine.XRModule_CodeGen.c
[1431/1602  0s] CopyFiles C:/Users/diman/BlockPuzzlesBatch/Library/Bee/Android/Prj/IL2CPP/Il2CppBackup/il2cppOutput/UnityEngine.VRModule_CodeGen.c
[1432/1602  0s] CopyFiles C:/Users/diman/BlockPuzzlesBatch/Library/Bee/Android/Prj/IL2CPP/Il2CppBackup/il2cppOutput/UnityEngine.UIModule_CodeGen.c
[1433/1602  0s] CopyFiles C:/Users/diman/BlockPuzzlesBatch/Library/Bee/Android/Prj/IL2CPP/Il2CppBackup/il2cppOutput/UnityEngine.AudioModule.cpp
[1434/1602  0s] CopyFiles C:/Users/diman/BlockPuzzlesBatch/Library/Bee/Android/Prj/IL2CPP/Il2CppBackup/il2cppOutput/UnityEngine.InputModule.cpp
[1435/1602  6s] C_Android_arm32 Library/Bee/artifacts/Android/iz17e/p3hsxugagphp.o
[1436/1602  0s] CopyFiles C:/Users/diman/BlockPuzzlesBatch/Library/Bee/Android/Prj/IL2CPP/Il2CppBackup/il2cppOutput/UnityEngine.IMGUIModule.cpp
[1437/1602  0s] CopyFiles C:/Users/diman/BlockPuzzlesBatch/Library/Bee/Android/Prj/IL2CPP/Il2CppBackup/il2cppOutput/UnityEngine.UIElementsModule__6.cpp
[1438/1602  0s] CopyFiles C:/Users/diman/BlockPuzzlesBatch/Library/Bee/Android/Prj/IL2CPP/Il2CppBackup/il2cppOutput/UnityEngine.TextRenderingModule.cpp
[1439/1602  0s] CopyFiles C:/Users/diman/BlockPuzzlesBatch/Library/Bee/Android/Prj/IL2CPP/Il2CppBackup/il2cppOutput/UnityEngine.UIElementsModule__7.cpp
[1440/1602  0s] CopyFiles C:/Users/diman/BlockPuzzlesBatch/Library/Bee/Android/Prj/IL2CPP/Il2CppBackup/il2cppOutput/UnityEngine.UIElementsModule__3.cpp
[1441/1602  0s] CopyFiles C:/Users/diman/BlockPuzzlesBatch/Library/Bee/Android/Prj/IL2CPP/Il2CppBackup/il2cppOutput/UnityEngine.UIElementsModule__8.cpp
[1442/1602  0s] CopyFiles C:/Users/diman/BlockPuzzlesBatch/Library/Bee/Android/Prj/IL2CPP/Il2CppBackup/il2cppOutput/UnityEngine.UIElementsModule__4.cpp
[1443/1602  0s] CopyFiles C:/Users/diman/BlockPuzzlesBatch/Library/Bee/Android/Prj/IL2CPP/Il2CppBackup/il2cppOutput/UnityEngine.UIElementsModule__9.cpp
[1444/1602  0s] CopyFiles C:/Users/diman/BlockPuzzlesBatch/Library/Bee/Android/Prj/IL2CPP/Il2CppBackup/il2cppOutput/UnityEngine.TilemapModule_CodeGen.c
[1445/1602  0s] CopyFiles C:/Users/diman/BlockPuzzlesBatch/Library/Bee/Android/Prj/IL2CPP/Il2CppBackup/il2cppOutput/UnityEngine.UIElementsModule__5.cpp
[1446/1602  0s] CopyFiles C:/Users/diman/BlockPuzzlesBatch/Library/Bee/Android/Prj/IL2CPP/Il2CppBackup/il2cppOutput/UnityEngine.PhysicsModule_CodeGen.c
[1447/1602  0s] CopyFiles C:/Users/diman/BlockPuzzlesBatch/Library/Bee/Android/Prj/IL2CPP/Il2CppBackup/il2cppOutput/System.Configuration.cpp
[1448/1602  0s] CopyFiles C:/Users/diman/BlockPuzzlesBatch/Library/Bee/Android/Prj/IL2CPP/Il2CppBackup/il2cppOutput/UnityEngine.UIElementsModule__1.cpp
[1449/1602  0s] CopyFiles C:/Users/diman/BlockPuzzlesBatch/Library/Bee/Android/Prj/IL2CPP/Il2CppBackup/il2cppOutput/UnityEngine.UIElementsModule__2.cpp
[1450/1602  0s] CopyFiles C:/Users/diman/BlockPuzzlesBatch/Library/Bee/Android/Prj/IL2CPP/Il2CppBackup/il2cppOutput/System.Xml.cpp
[1451/1602  0s] CopyFiles C:/Users/diman/BlockPuzzlesBatch/Library/Bee/Android/Prj/IL2CPP/Il2CppBackup/il2cppOutput/System__1.cpp
[1452/1602  0s] CopyFiles C:/Users/diman/BlockPuzzlesBatch/Library/Bee/Android/Prj/IL2CPP/Il2CppBackup/il2cppOutput/System__2.cpp
[1453/1602  0s] CopyFiles C:/Users/diman/BlockPuzzlesBatch/Library/Bee/Android/Prj/IL2CPP/Il2CppBackup/il2cppOutput/System.Core_CodeGen.c
[1454/1602  0s] CopyFiles C:/Users/diman/BlockPuzzlesBatch/Library/Bee/Android/Prj/IL2CPP/Il2CppBackup/il2cppOutput/System_CodeGen.c
[1455/1602  0s] CopyFiles C:/Users/diman/BlockPuzzlesBatch/Library/Bee/Android/Prj/IL2CPP/Il2CppBackup/il2cppOutput/System.Core.cpp
[1456/1602  0s] CopyFiles C:/Users/diman/BlockPuzzlesBatch/Library/Bee/Android/Prj/IL2CPP/Il2CppBackup/il2cppOutput/System.Xml_CodeGen.c
[1457/1602  0s] CopyFiles C:/Users/diman/BlockPuzzlesBatch/Library/Bee/Android/Prj/IL2CPP/Il2CppBackup/il2cppOutput/System.Configuration_CodeGen.c
[1458/1602  0s] CopyFiles C:/Users/diman/BlockPuzzlesBatch/Library/Bee/Android/Prj/IL2CPP/Il2CppBackup/il2cppOutput/Unity.RenderPipeline.Universal.ShaderLibrary.cpp
[1459/1602  0s] CopyFiles C:/Users/diman/BlockPuzzlesBatch/Library/Bee/Android/Prj/IL2CPP/Il2CppBackup/il2cppOutput/UnityEngine.SubsystemsModule_CodeGen.c
[1460/1602  0s] CopyFiles C:/Users/diman/BlockPuzzlesBatch/Library/Bee/Android/Prj/IL2CPP/Il2CppBackup/il2cppOutput/UnityEngine.AndroidJNIModule_CodeGen.c
[1461/1602  0s] CopyFiles C:/Users/diman/BlockPuzzlesBatch/Library/Bee/Android/Prj/IL2CPP/Il2CppBackup/il2cppOutput/UnityEngine.UIElementsModule_CodeGen.c
[1462/1602  0s] CopyFiles C:/Users/diman/BlockPuzzlesBatch/Library/Bee/Android/Prj/IL2CPP/Il2CppBackup/il2cppOutput/UnityEngine.PropertiesModule_CodeGen.c
[1463/1602  0s] CopyFiles C:/Users/diman/BlockPuzzlesBatch/Library/Bee/Android/Prj/IL2CPP/Il2CppBackup/il2cppOutput/UnityEngine.SpriteMaskModule_CodeGen.c
[1464/1602  0s] CopyFiles C:/Users/diman/BlockPuzzlesBatch/Library/Bee/Android/Prj/IL2CPP/Il2CppBackup/il2cppOutput/UnityEngine.TextCoreTextEngineModule_CodeGen.c
[1465/1602  0s] CopyFiles C:/Users/diman/BlockPuzzlesBatch/Library/Bee/Android/Prj/IL2CPP/Il2CppBackup/il2cppOutput/UnityEngine.TextCoreFontEngineModule_CodeGen.c
[1466/1602  0s] CopyFiles C:/Users/diman/BlockPuzzlesBatch/Library/Bee/Android/Prj/IL2CPP/Il2CppBackup/il2cppOutput/System.cpp
[1467/1602  0s] CopyFiles C:/Users/diman/BlockPuzzlesBatch/Library/Bee/Android/Prj/IL2CPP/Il2CppBackup/il2cppOutput/Unity.RenderPipelines.Core.Runtime__6.cpp
[1468/1602  0s] CopyFiles C:/Users/diman/BlockPuzzlesBatch/Library/Bee/Android/Prj/IL2CPP/Il2CppBackup/il2cppOutput/Unity.RenderPipelines.Core.Runtime__1.cpp
[1469/1602  0s] CopyFiles C:/Users/diman/BlockPuzzlesBatch/Library/Bee/Android/Prj/IL2CPP/Il2CppBackup/il2cppOutput/Generics.cpp
[1470/1602  0s] CopyFiles C:/Users/diman/BlockPuzzlesBatch/Library/Bee/Android/Prj/IL2CPP/Il2CppBackup/il2cppOutput/UnityEngine.TilemapModule.cpp
[1471/1602  0s] CopyFiles C:/Users/diman/BlockPuzzlesBatch/Library/Bee/Android/Prj/IL2CPP/Gradle/unityLibrary/src/main/assets/bin/Data/Managed/Metadata/global-metadata.dat
[1472/1602  0s] CopyFiles C:/Users/diman/BlockPuzzlesBatch/Library/Bee/Android/Prj/IL2CPP/Il2CppBackup/il2cppOutput/UnityEngine.PhysicsModule.cpp
[1473/1602  0s] CopyFiles C:/Users/diman/BlockPuzzlesBatch/Library/Bee/Android/Prj/IL2CPP/Il2CppBackup/il2cppOutput/Unity.RenderPipelines.Core.Runtime__3.cpp
[1474/1602  0s] CopyFiles C:/Users/diman/BlockPuzzlesBatch/Library/Bee/Android/Prj/IL2CPP/Il2CppBackup/il2cppOutput/UnityEngine.CoreModule__1.cpp
[1475/1602  0s] CopyFiles C:/Users/diman/BlockPuzzlesBatch/Library/Bee/Android/Prj/IL2CPP/Il2CppBackup/il2cppOutput/UnityEngine.CoreModule__3.cpp
[1476/1602  0s] CopyFiles C:/Users/diman/BlockPuzzlesBatch/Library/Bee/Android/Prj/IL2CPP/Il2CppBackup/il2cppOutput/UnityEngine.CoreModule__2.cpp
[1477/1602  0s] CopyFiles C:/Users/diman/BlockPuzzlesBatch/Library/Bee/Android/Prj/IL2CPP/Il2CppBackup/il2cppOutput/UnityEngine.Physics2DModule_CodeGen.c
[1478/1602  0s] CopyFiles C:/Users/diman/BlockPuzzlesBatch/Library/Bee/Android/Prj/IL2CPP/Il2CppBackup/il2cppOutput/UnityEngine.AnimationModule_CodeGen.c
[1479/1602  0s] CopyFiles C:/Users/diman/BlockPuzzlesBatch/Library/Bee/Android/Prj/IL2CPP/Il2CppBackup/il2cppOutput/UnityEngine.SharedInternalsModule.cpp
[1480/1602  0s] CopyFiles C:/Users/diman/BlockPuzzlesBatch/Library/Bee/Android/Prj/IL2CPP/Il2CppBackup/il2cppOutput/UnityEngine.GridModule.cpp
[1481/1602  0s] CopyFiles C:/Users/diman/BlockPuzzlesBatch/Library/Bee/Android/Prj/IL2CPP/Il2CppBackup/il2cppOutput/UnityEngine.UIModule.cpp
[1482/1602  0s] CopyFiles C:/Users/diman/BlockPuzzlesBatch/Library/Bee/Android/Prj/IL2CPP/Il2CppBackup/il2cppOutput/UnityEngine.XRModule.cpp
[1483/1602  0s] CopyFiles C:/Users/diman/BlockPuzzlesBatch/Library/Bee/Android/Prj/IL2CPP/Il2CppBackup/il2cppOutput/UnityEngine.CoreModule.cpp
[1484/1602  0s] CopyFiles C:/Users/diman/BlockPuzzlesBatch/Library/Bee/Android/Prj/IL2CPP/Il2CppBackup/il2cppOutput/UnityEngine.VRModule.cpp
[1485/1602  0s] CopyFiles C:/Users/diman/BlockPuzzlesBatch/Library/Bee/Android/Prj/IL2CPP/Il2CppBackup/il2cppOutput/UnityEngine.UI_CodeGen.c
[1486/1602  0s] CopyFiles C:/Users/diman/BlockPuzzlesBatch/Library/Bee/Android/Prj/IL2CPP/Il2CppBackup/il2cppOutput/UnityEngine.UIElementsModule.cpp
[1487/1602  0s] CopyFiles C:/Users/diman/BlockPuzzlesBatch/Library/Bee/Android/Prj/IL2CPP/Il2CppBackup/il2cppOutput/UnityEngine.SubsystemsModule.cpp
[1488/1602  0s] CopyFiles C:/Users/diman/BlockPuzzlesBatch/Library/Bee/Android/Prj/IL2CPP/Il2CppBackup/il2cppOutput/UnityEngine.AndroidJNIModule.cpp
[1489/1602  0s] CopyFiles C:/Users/diman/BlockPuzzlesBatch/Library/Bee/Android/Prj/IL2CPP/Il2CppBackup/il2cppOutput/UnityEngine.PropertiesModule.cpp
[1490/1602  0s] CopyFiles C:/Users/diman/BlockPuzzlesBatch/Library/Bee/Android/Prj/IL2CPP/Il2CppBackup/il2cppOutput/UnityEngine.SpriteMaskModule.cpp
[1491/1602  0s] CopyFiles C:/Users/diman/BlockPuzzlesBatch/Library/Bee/Android/Prj/IL2CPP/Il2CppBackup/il2cppOutput/UnityEngine.GridModule_CodeGen.c
[1492/1602  0s] CopyFiles C:/Users/diman/BlockPuzzlesBatch/Library/Bee/Android/Prj/IL2CPP/Il2CppBackup/il2cppOutput/UnityEngine.UIElementsModule__15.cpp
[1493/1602  0s] CopyFiles C:/Users/diman/BlockPuzzlesBatch/Library/Bee/Android/Prj/IL2CPP/Il2CppBackup/il2cppOutput/UnityEngine.CoreModule_CodeGen.c
[1494/1602  0s] CopyFiles C:/Users/diman/BlockPuzzlesBatch/Library/Bee/Android/Prj/IL2CPP/Il2CppBackup/il2cppOutput/Unity.RenderPipelines.Core.Runtime__2.cpp
[1495/1602  0s] CopyFiles C:/Users/diman/BlockPuzzlesBatch/Library/Bee/Android/Prj/IL2CPP/Il2CppBackup/il2cppOutput/UnityEngine.UIElementsModule__13.cpp
[1496/1602  0s] CopyFiles C:/Users/diman/BlockPuzzlesBatch/Library/Bee/Android/Prj/IL2CPP/Il2CppBackup/il2cppOutput/UnityEngine.UIElementsModule__10.cpp
[1497/1602  0s] CopyFiles C:/Users/diman/BlockPuzzlesBatch/Library/Bee/Android/Prj/IL2CPP/Il2CppBackup/il2cppOutput/UnityEngine.UIElementsModule__11.cpp
[1498/1602  0s] CopyFiles C:/Users/diman/BlockPuzzlesBatch/Library/Bee/Android/Prj/IL2CPP/Il2CppBackup/il2cppOutput/UnityEngine.AudioModule_CodeGen.c
[1499/1602  0s] CopyFiles C:/Users/diman/BlockPuzzlesBatch/Library/Bee/Android/Prj/IL2CPP/Il2CppBackup/il2cppOutput/UnityEngine.UIElementsModule__12.cpp
[1500/1602  0s] CopyFiles C:/Users/diman/BlockPuzzlesBatch/Library/Bee/Android/Prj/IL2CPP/Il2CppBackup/il2cppOutput/UnityEngine.UIElementsModule__14.cpp
[1501/1602  0s] CopyFiles C:/Users/diman/BlockPuzzlesBatch/Library/Bee/Android/Prj/IL2CPP/Il2CppBackup/il2cppOutput/UnityEngine.InputModule_CodeGen.c
[1502/1602  0s] CopyFiles C:/Users/diman/BlockPuzzlesBatch/Library/Bee/Android/Prj/IL2CPP/Il2CppBackup/il2cppOutput/UnityEngine.IMGUIModule_CodeGen.c
[1503/1602  0s] CopyFiles C:/Users/diman/BlockPuzzlesBatch/Library/Bee/Android/Prj/IL2CPP/Il2CppBackup/il2cppOutput/Mono.Security.cpp
[1504/1602  0s] CopyFiles C:/Users/diman/BlockPuzzlesBatch/Library/Bee/Android/Prj/IL2CPP/Il2CppBackup/il2cppOutput/UnityEngine.SpriteShapeModule.cpp
[1505/1602  0s] CopyFiles C:/Users/diman/BlockPuzzlesBatch/Library/Bee/Android/Prj/IL2CPP/Il2CppBackup/il2cppOutput/Mono.Security_CodeGen.c
[1506/1602  0s] CopyFiles C:/Users/diman/BlockPuzzlesBatch/Library/Bee/Android/Prj/IL2CPP/Il2CppBackup/il2cppOutput/__Generated_CodeGen.c
[1507/1602  0s] CopyFiles C:/Users/diman/BlockPuzzlesBatch/Library/Bee/Android/Prj/IL2CPP/Il2CppBackup/il2cppOutput/__Generated.cpp
[1508/1602  0s] CopyFiles C:/Users/diman/BlockPuzzlesBatch/Library/Bee/Android/Prj/IL2CPP/Il2CppBackup/il2cppOutput/Unity.RenderPipelines.Core.Runtime_CodeGen.c
[1509/1602  0s] CopyFiles C:/Users/diman/BlockPuzzlesBatch/Library/Bee/Android/Prj/IL2CPP/Il2CppBackup/il2cppOutput/Il2CppCodeRegistration.cpp
[1510/1602  0s] CopyFiles C:/Users/diman/BlockPuzzlesBatch/Library/Bee/Android/Prj/IL2CPP/Il2CppBackup/il2cppOutput/Il2CppInteropDataTable.cpp
[1511/1602  0s] CopyFiles C:/Users/diman/BlockPuzzlesBatch/Library/Bee/Android/Prj/IL2CPP/Il2CppBackup/il2cppOutput/Il2CppUnresolvedIndirectCallStubs.cpp
[1512/1602  0s] CopyFiles C:/Users/diman/BlockPuzzlesBatch/Library/Bee/Android/Prj/IL2CPP/Il2CppBackup/il2cppOutput/Il2CppCCalculateFieldValues2.cpp
[1513/1602  0s] CopyFiles C:/Users/diman/BlockPuzzlesBatch/Library/Bee/Android/Prj/IL2CPP/Il2CppBackup/il2cppOutput/Il2CppGenericMethodTable.c
[1514/1602  0s] CopyFiles C:/Users/diman/BlockPuzzlesBatch/Library/Bee/Android/Prj/IL2CPP/Il2CppBackup/il2cppOutput/Il2CppReversePInvokeWrapperTable.cpp
[1515/1602  0s] CopyFiles C:/Users/diman/BlockPuzzlesBatch/Library/Bee/Android/Prj/IL2CPP/Il2CppBackup/il2cppOutput/Il2CppCCalculateFieldValues1.cpp
[1516/1602  0s] CopyFiles C:/Users/diman/BlockPuzzlesBatch/Library/Bee/Android/Prj/IL2CPP/Il2CppBackup/il2cppOutput/Il2CppGenericMethodDefinitions.c
[1517/1602  0s] CopyFiles C:/Users/diman/BlockPuzzlesBatch/Library/Bee/Android/Prj/IL2CPP/Il2CppBackup/il2cppOutput/Il2CppRgctxTable.c
[1518/1602  0s] CopyFiles C:/Users/diman/BlockPuzzlesBatch/Library/Bee/Android/Prj/IL2CPP/Il2CppBackup/il2cppOutput/Il2CppGenericAdjustorThunkTable.c
[1519/1602  0s] CopyFiles C:/Users/diman/BlockPuzzlesBatch/Library/Bee/Android/Prj/IL2CPP/Il2CppBackup/il2cppOutput/Il2CppCCalculateFieldValues.cpp
[1520/1602  0s] CopyFiles C:/Users/diman/BlockPuzzlesBatch/Library/Bee/Android/Prj/IL2CPP/Il2CppBackup/il2cppOutput/Il2CppMetadataUsage.c
[1521/1602  0s] CopyFiles C:/Users/diman/BlockPuzzlesBatch/Library/Bee/Android/Prj/IL2CPP/Il2CppBackup/il2cppOutput/Il2CppCCalculateTypeValues1.cpp
[1522/1602  0s] CopyFiles C:/Users/diman/BlockPuzzlesBatch/Library/Bee/Android/Prj/IL2CPP/Il2CppBackup/il2cppOutput/Il2CppGenericClassTable.c
[1523/1602  0s] CopyFiles C:/Users/diman/BlockPuzzlesBatch/Library/Bee/Android/Prj/IL2CPP/Il2CppBackup/il2cppOutput/Il2CppGenericMethodPointerTable.c
[1524/1602  0s] CopyFiles C:/Users/diman/BlockPuzzlesBatch/Library/Bee/Android/Prj/IL2CPP/Il2CppBackup/il2cppOutput/Il2CppCCalculateTypeValues.cpp
[1525/1602  0s] CopyFiles C:/Users/diman/BlockPuzzlesBatch/Library/Bee/Android/Prj/IL2CPP/Il2CppBackup/il2cppOutput/Il2CppGenericInstDefinitions.c
[1526/1602  0s] CopyFiles C:/Users/diman/BlockPuzzlesBatch/Library/Bee/Android/Prj/IL2CPP/Il2CppBackup/il2cppOutput/Il2CppCCTypeValuesTable.cpp
[1527/1602  0s] CopyFiles C:/Users/diman/BlockPuzzlesBatch/Library/Bee/Android/Prj/IL2CPP/Il2CppBackup/il2cppOutput/Il2CppTypeDefinitions.c
[1528/1602  0s] CopyFiles C:/Users/diman/BlockPuzzlesBatch/Library/Bee/Android/Prj/IL2CPP/Il2CppBackup/il2cppOutput/Il2CppMetadataRegistration.c
[1529/1602  0s] CopyFiles C:/Users/diman/BlockPuzzlesBatch/Library/Bee/Android/Prj/IL2CPP/Il2CppBackup/il2cppOutput/Il2CppCCFieldValuesTable.cpp
[1530/1602  0s] CopyFiles C:/Users/diman/BlockPuzzlesBatch/Library/Bee/Android/Prj/IL2CPP/Il2CppBackup/il2cppOutput/Il2CppInvokerTable.cpp
[1531/1602  0s] CopyFiles C:/Users/diman/BlockPuzzlesBatch/Library/Bee/Android/Prj/IL2CPP/Il2CppBackup/il2cppOutput/UnityEngine.SpriteShapeModule_CodeGen.c
[1532/1602  0s] CopyFiles C:/Users/diman/BlockPuzzlesBatch/Library/Bee/Android/Prj/IL2CPP/Il2CppBackup/il2cppOutput/UnityEngine.InputLegacyModule_CodeGen.c
[1533/1602  0s] CopyFiles C:/Users/diman/BlockPuzzlesBatch/Library/Bee/Android/Prj/IL2CPP/Il2CppBackup/il2cppOutput/Unity.InternalAPIEngineBridge.001.cpp
[1534/1602  0s] CopyFiles C:/Users/diman/BlockPuzzlesBatch/Library/Bee/Android/Prj/IL2CPP/Il2CppBackup/il2cppOutput/Unity.Mathematics__8.cpp
[1535/1602  0s] CopyFiles C:/Users/diman/BlockPuzzlesBatch/Library/Bee/Android/Prj/IL2CPP/Il2CppBackup/il2cppOutput/Unity.Mathematics__7.cpp
[1536/1602  0s] CopyFiles C:/Users/diman/BlockPuzzlesBatch/Library/Bee/Android/Prj/IL2CPP/Il2CppBackup/il2cppOutput/Unity.Mathematics__4.cpp
[1537/1602  0s] CopyFiles C:/Users/diman/BlockPuzzlesBatch/Library/Bee/Android/Prj/IL2CPP/Il2CppBackup/il2cppOutput/Unity.TextMeshPro__1.cpp
[1538/1602  0s] CopyFiles C:/Users/diman/BlockPuzzlesBatch/Library/Bee/Android/Prj/IL2CPP/Il2CppBackup/il2cppOutput/Unity.TextMeshPro__5.cpp
[1539/1602  0s] CopyFiles C:/Users/diman/BlockPuzzlesBatch/Library/Bee/Android/Prj/IL2CPP/Il2CppBackup/il2cppOutput/Unity.TextMeshPro__3.cpp
[1540/1602  0s] CopyFiles C:/Users/diman/BlockPuzzlesBatch/Library/Bee/Android/Prj/IL2CPP/Il2CppBackup/il2cppOutput/Unity.Collections__1.cpp
[1541/1602  0s] CopyFiles C:/Users/diman/BlockPuzzlesBatch/Library/Bee/Android/Prj/IL2CPP/Il2CppBackup/il2cppOutput/Unity.TextMeshPro__2.cpp
[1542/1602  0s] CopyFiles C:/Users/diman/BlockPuzzlesBatch/Library/Bee/Android/Prj/IL2CPP/Il2CppBackup/il2cppOutput/Unity.Mathematics__1.cpp
[1543/1602  0s] CopyFiles C:/Users/diman/BlockPuzzlesBatch/Library/Bee/Android/Prj/IL2CPP/Il2CppBackup/il2cppOutput/Unity.Mathematics__3.cpp
[1544/1602  0s] CopyFiles C:/Users/diman/BlockPuzzlesBatch/Library/Bee/Android/Prj/IL2CPP/Il2CppBackup/il2cppOutput/Unity.Mathematics__2.cpp
[1545/1602  0s] CopyFiles C:/Users/diman/BlockPuzzlesBatch/Library/Bee/Android/Prj/IL2CPP/Il2CppBackup/il2cppOutput/Unity.Mathematics__6.cpp
[1546/1602  0s] CopyFiles C:/Users/diman/BlockPuzzlesBatch/Library/Bee/Android/Prj/IL2CPP/Il2CppBackup/il2cppOutput/Unity.TextMeshPro__6.cpp
[1547/1602  0s] CopyFiles C:/Users/diman/BlockPuzzlesBatch/Library/Bee/Android/Prj/IL2CPP/Il2CppBackup/il2cppOutput/Unity.TextMeshPro__4.cpp
[1548/1602  0s] CopyFiles C:/Users/diman/BlockPuzzlesBatch/Library/Bee/Android/Prj/IL2CPP/Il2CppBackup/il2cppOutput/Unity.Mathematics__5.cpp
[1549/1602  0s] CopyFiles C:/Users/diman/BlockPuzzlesBatch/Library/Bee/Android/Prj/IL2CPP/Il2CppBackup/il2cppOutput/Unity.Collections__2.cpp
[1550/1602  0s] CopyFiles C:/Users/diman/BlockPuzzlesBatch/Library/Bee/Android/Prj/IL2CPP/Il2CppBackup/il2cppOutput/Unity.2D.Animation.Runtime_CodeGen.c
[1551/1602  0s] CopyFiles C:/Users/diman/BlockPuzzlesBatch/Library/Bee/Android/Prj/IL2CPP/Il2CppBackup/il2cppOutput/Unity.Burst__1.cpp
[1552/1602  0s] CopyFiles C:/Users/diman/BlockPuzzlesBatch/Library/Bee/Android/Prj/IL2CPP/Il2CppBackup/il2cppOutput/Unity.Burst__2.cpp
[1553/1602  0s] CopyFiles C:/Users/diman/BlockPuzzlesBatch/Library/Bee/Android/Prj/IL2CPP/Il2CppBackup/il2cppOutput/Unity.Collections.cpp
[1554/1602  0s] CopyFiles C:/Users/diman/BlockPuzzlesBatch/Library/Bee/Android/Prj/IL2CPP/Il2CppBackup/il2cppOutput/Unity.TextMeshPro.cpp
[1555/1602  0s] CopyFiles C:/Users/diman/BlockPuzzlesBatch/Library/Bee/Android/Prj/IL2CPP/Il2CppBackup/il2cppOutput/Unity.Mathematics__9.cpp
[1556/1602  0s] CopyFiles C:/Users/diman/BlockPuzzlesBatch/Library/Bee/Android/Prj/IL2CPP/Il2CppBackup/il2cppOutput/Unity.Burst_CodeGen.c
[1557/1602  0s] CopyFiles C:/Users/diman/BlockPuzzlesBatch/Library/Bee/Android/Prj/IL2CPP/Il2CppBackup/il2cppOutput/Unity.Burst.cpp
[1558/1602  0s] CopyFiles C:/Users/diman/BlockPuzzlesBatch/Library/Bee/Android/Prj/IL2CPP/Il2CppBackup/il2cppOutput/Unity.Mathematics__10.cpp
[1559/1602  0s] CopyFiles C:/Users/diman/BlockPuzzlesBatch/Library/Bee/Android/Prj/IL2CPP/Il2CppBackup/il2cppOutput/Unity.Mathematics.cpp
[1560/1602  0s] CopyFiles C:/Users/diman/BlockPuzzlesBatch/Library/Bee/Android/Prj/IL2CPP/Il2CppBackup/il2cppOutput/Unity.Mathematics__11.cpp
[1561/1602  0s] CopyFiles C:/Users/diman/BlockPuzzlesBatch/Library/Bee/Android/Prj/IL2CPP/Il2CppBackup/il2cppOutput/Unity.2D.Animation.Runtime.cpp
[1562/1602  0s] CopyFiles C:/Users/diman/BlockPuzzlesBatch/Library/Bee/Android/Prj/IL2CPP/Il2CppBackup/il2cppOutput/Unity.Mathematics_CodeGen.c
[1563/1602  0s] CopyFiles C:/Users/diman/BlockPuzzlesBatch/Library/Bee/Android/Prj/IL2CPP/Il2CppBackup/il2cppOutput/Unity.TextMeshPro_CodeGen.c
[1564/1602  0s] CopyFiles C:/Users/diman/BlockPuzzlesBatch/Library/Bee/Android/Prj/IL2CPP/Il2CppBackup/il2cppOutput/Unity.Collections_CodeGen.c
[1565/1602  0s] CopyFiles C:/Users/diman/BlockPuzzlesBatch/Library/Bee/Android/Prj/IL2CPP/Il2CppBackup/il2cppOutput/Unity.Burst.Unsafe.cpp
[1566/1602  0s] CopyFiles C:/Users/diman/BlockPuzzlesBatch/Library/Bee/Android/Prj/IL2CPP/Il2CppBackup/il2cppOutput/Unity.Burst.Unsafe_CodeGen.c
[1567/1602  4s] C_Android_arm32 Library/Bee/artifacts/Android/iz17e/5xfda3jmbiht.o
[1568/1602  0s] C_Android_arm32 Library/Bee/artifacts/Android/iz17e/5beg82cwvevg.o
[1569/1602  0s] GuidGenerator C:/Users/diman/BlockPuzzlesBatch/Library/Bee/Android/Prj/IL2CPP/Gradle/unityLibrary/src/main/assets/bin/Data/unity_app_guid
[1570/1602  5s] C_Android_arm32 Library/Bee/artifacts/Android/iz17e/ywh2xlzsd7vl.o
[1571/1602  5s] C_Android_arm32 Library/Bee/artifacts/Android/iz17e/0b6v9yoydtoe.o
[1572/1602  1s] Link_Android_arm64 Library/Bee/artifacts/Android/d8kzr/libil2cpp.so
[1573/1602  6s] C_Android_arm32 Library/Bee/artifacts/Android/iz17e/1eec4pz2bf1l.o
[1574/1602  0s] CopyFiles Library/Bee/artifacts/objcopy_5lmi/libil2cpp.dbg.so
[1575/1602  3s] C_Android_arm32 Library/Bee/artifacts/Android/iz17e/kl5y6f2nl8lp.o
[1576/1602  5s] C_Android_arm32 Library/Bee/artifacts/Android/iz17e/sx1jcutpib9q.o
[1577/1602  0s] NdkObjCopy Library/Bee/artifacts/objcopy_5lmi/stripped/libil2cpp.so
[1578/1602  0s] NdkObjCopy Library/Bee/artifacts/objcopy_5lmi/libil2cpp.sym.so
[1579/1602  0s] CopyFiles C:/Users/diman/BlockPuzzlesBatch/Library/Bee/artifacts/Android/il2cppOutput/build/arm64-v8a/libil2cpp.sym.so
[1580/1602  0s] NdkObjCopy Library/Bee/artifacts/objcopy_5lmi/libil2cpp.so
[1581/1602  0s] CopyFiles C:/Users/diman/BlockPuzzlesBatch/Library/Bee/artifacts/Android/il2cppOutput/build/arm64-v8a/libil2cpp.dbg.so
[1582/1602  4s] C_Android_arm32 Library/Bee/artifacts/Android/iz17e/gzaoogl58qp2.o
[1583/1602  0s] CopyFiles C:/Users/diman/BlockPuzzlesBatch/Library/Bee/Android/Prj/IL2CPP/Gradle/unityLibrary/src/main/jniLibs/arm64-v8a/libil2cpp.so
[1584/1602  0s] CopyFiles C:/Users/diman/BlockPuzzlesBatch/Library/Bee/artifacts/Android/il2cppOutput/build/arm64-v8a/libil2cpp.so
[1585/1602  3s] C_Android_arm32 Library/Bee/artifacts/Android/iz17e/ksj5dwk5wpnc.o
[1586/1602  6s] C_Android_arm32 Library/Bee/artifacts/Android/iz17e/3hc7bso3nhz0.o
[1587/1602  5s] C_Android_arm32 Library/Bee/artifacts/Android/iz17e/kgw071ggvdps.o
[1588/1602  4s] C_Android_arm32 Library/Bee/artifacts/Android/iz17e/pww8l59fzyd1.o
[1589/1602  4s] C_Android_arm32 Library/Bee/artifacts/Android/iz17e/rph3redre9rb.o
[1590/1602 13s] C_Android_arm32 Library/Bee/artifacts/Android/iz17e/vh8yv29wnl91.o
[1591/1602  4s] C_Android_arm32 Library/Bee/artifacts/Android/iz17e/bi2t771mr6vp.o
[1592/1602  4s] C_Android_arm32 Library/Bee/artifacts/Android/iz17e/ayp2xbz392st.o
[1593/1602  1s] Link_Android_arm32 Library/Bee/artifacts/Android/iz17e/libil2cpp.so
[1594/1602  0s] CopyFiles Library/Bee/artifacts/objcopy_b9ry/libil2cpp.dbg.so
[1595/1602  0s] NdkObjCopy Library/Bee/artifacts/objcopy_b9ry/stripped/libil2cpp.so
[1596/1602  0s] NdkObjCopy Library/Bee/artifacts/objcopy_b9ry/libil2cpp.sym.so
[1597/1602  0s] CopyFiles C:/Users/diman/BlockPuzzlesBatch/Library/Bee/artifacts/Android/il2cppOutput/build/armeabi-v7a/libil2cpp.sym.so
[1598/1602  0s] NdkObjCopy Library/Bee/artifacts/objcopy_b9ry/libil2cpp.so
[1599/1602 13s] CopyFiles C:/Users/diman/BlockPuzzlesBatch/Library/Bee/Android/Prj/IL2CPP/Gradle/unityLibrary/src/main/jniLibs/armeabi-v7a/libil2cpp.so
[1600/1602 19s] CopyFiles C:/Users/diman/BlockPuzzlesBatch/Library/Bee/artifacts/Android/il2cppOutput/build/armeabi-v7a/libil2cpp.dbg.so
[1601/1602  0s] CopyFiles C:/Users/diman/BlockPuzzlesBatch/Library/Bee/artifacts/Android/il2cppOutput/build/armeabi-v7a/libil2cpp.so
*** Tundra build success (124.40 seconds - 0:02:04), 900 items updated, 1602 evaluated
ExitCode: 0 Duration: 2m:04s
DisplayProgressbar: Calling IPostGenerateGradleAndroidProject callbacks
Calling IPostGenerateGradleAndroidProject callbacks on 'C:\Users\diman\BlockPuzzlesBatch\Library\Bee\Android\Prj\IL2CPP\Gradle\unityLibrary':
Android PostProcess task "Calling IPostGenerateGradleAndroidProject callbacks" took 1,6511 ms
Android PostProcess task "Cloud Diagnostics Symbol Upload" took 0,1978 ms
DisplayProgressbar: Building Gradle project
Total cache size 268170864
Total cache size after purge 268170864
Android PostProcess task "Building Gradle project" took 88574,7797 ms
DisplayProgressbar: Processing Mapping File
Android PostProcess task "Processing Mapping File" took 0,2463 ms
DisplayProgressbar: Moving output package(s)
Android PostProcess task "Moving output package(s)" took 11,3928 ms
Refreshing native plugins compatible for Editor in 3.62 ms, found 4 plugins.
Preloading 0 native plugins for Editor in 0.00 ms.

-------------------------------------------------------------------------------
Build Report
Uncompressed usage by category (Percentages based on user generated assets only):
Textures               7.8 mb	 77.9% 
Meshes                 0.0 kb	 0.0% 
Animations             0.0 kb	 0.0% 
Sounds                 0.0 kb	 0.0% 
Shaders                1.3 mb	 13.2% 
Other Assets           611.5 kb	 6.0% 
Levels                 0.0 kb	 0.0% 
Scripts                197.1 kb	 1.9% 
Included DLLs          0.0 kb	 0.0% 
File headers           100.6 kb	 1.0% 
Total User Assets      10.0 mb	 100.0% 
Complete build size    477.9 mb
Used Assets and files from the Resources folder, sorted by uncompressed size:
 2.7 mb	 0.6% Built-in Texture2D: Splash Screen Unity Logo
 1.0 mb	 0.2% Assets/TextMesh Pro/Resources/Fonts & Materials/LiberationSans SDF.asset
 1.0 mb	 0.2% Packages/com.unity.render-pipelines.universal/Runtime/2D/Data/Textures/FalloffLookupTexture.png
 799.0 kb	 0.2% Packages/com.unity.render-pipelines.universal/Shaders/PostProcessing/UberPost.shader
 344.5 kb	 0.1% Assets/TextMesh Pro/Fonts/LiberationSans.ttf
 341.5 kb	 0.1% Assets/TextMesh Pro/Sprites/EmojiOne.png
 262.6 kb	 0.1% Packages/com.unity.render-pipelines.universal/Textures/SMAA/AreaTex.tga
 256.1 kb	 0.1% Packages/com.unity.render-pipelines.universal/Textures/FilmGrain/Thin02.png
 256.1 kb	 0.1% Packages/com.unity.render-pipelines.universal/Textures/FilmGrain/Thin01.png
 256.1 kb	 0.1% Packages/com.unity.render-pipelines.universal/Textures/FilmGrain/Medium06.png
 256.1 kb	 0.1% Packages/com.unity.render-pipelines.universal/Textures/FilmGrain/Medium05.png
 256.1 kb	 0.1% Packages/com.unity.render-pipelines.universal/Textures/FilmGrain/Medium04.png
 256.1 kb	 0.1% Packages/com.unity.render-pipelines.universal/Textures/FilmGrain/Medium03.png
 256.1 kb	 0.1% Packages/com.unity.render-pipelines.universal/Textures/FilmGrain/Medium02.png
 256.1 kb	 0.1% Packages/com.unity.render-pipelines.universal/Textures/FilmGrain/Medium01.png
 256.1 kb	 0.1% Packages/com.unity.render-pipelines.universal/Textures/FilmGrain/Large02.png
 256.1 kb	 0.1% Packages/com.unity.render-pipelines.universal/Textures/FilmGrain/Large01.png
 79.7 kb	 0.0% Packages/com.unity.render-pipelines.core/Runtime/Debugging/Prefabs/Fonts/PerfectDOSVGA437.ttf
 71.0 kb	 0.0% Packages/com.unity.render-pipelines.universal/Shaders/Utils/CoreBlit.shader
 67.3 kb	 0.0% Packages/com.unity.render-pipelines.universal/Shaders/PostProcessing/FinalPost.shader
 59.1 kb	 0.0% Packages/com.unity.render-pipelines.core/Runtime/Debugging/Prefabs/Widgets/DebugUIBitField.prefab
 43.4 kb	 0.0% Packages/com.unity.render-pipelines.universal/Shaders/PostProcessing/TemporalAA.shader
 33.5 kb	 0.0% Packages/com.unity.render-pipelines.universal/Shaders/PostProcessing/LensFlareDataDriven.shader
 33.1 kb	 0.0% Packages/com.unity.render-pipelines.universal/Shaders/PostProcessing/BokehDepthOfField.shader
 26.1 kb	 0.0% Packages/com.unity.render-pipelines.universal/Shaders/PostProcessing/SubpixelMorphologicalAntialiasing.shader
 24.9 kb	 0.0% Packages/com.unity.render-pipelines.universal/Shaders/PostProcessing/Bloom.shader
 23.8 kb	 0.0% Packages/com.unity.render-pipelines.universal/Shaders/PostProcessing/LutBuilderHdr.shader
 22.6 kb	 0.0% Packages/com.unity.render-pipelines.universal/Shaders/PostProcessing/GaussianDepthOfField.shader
 20.3 kb	 0.0% Packages/com.unity.render-pipelines.universal/Shaders/Debug/HDRDebugView.shader
 20.0 kb	 0.0% Assets/TextMesh Pro/Shaders/TMP_SDF-Mobile.shader
 19.4 kb	 0.0% Packages/com.unity.render-pipelines.universal/Shaders/2D/Light2D-Point.shader
 17.5 kb	 0.0% Packages/com.unity.render-pipelines.universal/Shaders/2D/Light2D-Shape.shader
 13.9 kb	 0.0% Packages/com.unity.render-pipelines.universal/Shaders/PostProcessing/CameraMotionBlur.shader
 12.4 kb	 0.0% Packages/com.unity.render-pipelines.universal/Shaders/PostProcessing/LutBuilderLdr.shader
 11.8 kb	 0.0% Packages/com.unity.render-pipelines.universal/Shaders/PostProcessing/EdgeAdaptiveSpatialUpsampling.shader
 9.7 kb	 0.0% Assets/Resources/UI/RoundedRect.png
 9.3 kb	 0.0% Packages/com.unity.render-pipelines.core/Runtime/Debugging/Prefabs/Widgets/DebugUIPanel.prefab
 8.9 kb	 0.0% Packages/com.unity.render-pipelines.universal/Shaders/PostProcessing/ScalingSetup.shader
 8.3 kb	 0.0% Packages/com.unity.render-pipelines.universal/Shaders/2D/Shadow2D-Projected.shader
 8.3 kb	 0.0% Packages/com.unity.render-pipelines.universal/Shaders/2D/Light2D-Point-Volumetric.shader
 7.8 kb	 0.0% Assets/TextMesh Pro/Shaders/TMP_Sprite.shader
 7.7 kb	 0.0% Packages/com.unity.render-pipelines.universal/Shaders/2D/Light2D-Shape-Volumetric.shader
 7.6 kb	 0.0% Packages/com.unity.render-pipelines.universal/Shaders/Utils/CoreBlitColorAndDepth.shader
 6.9 kb	 0.0% Packages/com.unity.render-pipelines.universal/Shaders/2D/Shadow2D-Unshadow-Geometry.shader
 6.5 kb	 0.0% Packages/com.unity.render-pipelines.core/Runtime/Debugging/Prefabs/Widgets/DebugUIColor.prefab
 6.3 kb	 0.0% Resources/unity_builtin_extra
 6.1 kb	 0.0% Packages/com.unity.render-pipelines.core/Runtime/Debugging/Prefabs/Widgets/DebugUIVector4.prefab
 5.9 kb	 0.0% Packages/com.unity.render-pipelines.universal/Shaders/PostProcessing/PaniniProjection.shader
 5.7 kb	 0.0% Packages/com.unity.render-pipelines.universal/Shaders/Debug/DebugReplacement.shader
 5.2 kb	 0.0% Packages/com.unity.render-pipelines.universal/Shaders/PostProcessing/StopNaN.shader
 5.2 kb	 0.0% Packages/com.unity.render-pipelines.core/Runtime/Debugging/Prefabs/Widgets/DebugUIVector3.prefab
 5.2 kb	 0.0% Packages/com.unity.render-pipelines.universal/Shaders/2D/Shadow2D-Unshadow-Sprite.shader
 5.2 kb	 0.0% Packages/com.unity.render-pipelines.universal/Shaders/Utils/Sampling.shader
 5.2 kb	 0.0% Packages/com.unity.render-pipelines.universal/Shaders/2D/Shadow2D-Shadow-Sprite.shader
 4.8 kb	 0.0% Packages/com.unity.render-pipelines.universal/Shaders/Utils/FallbackError.shader
 4.4 kb	 0.0% Packages/com.unity.render-pipelines.core/Runtime/Debugging/Prefabs/Widgets/DebugUIUIntField.prefab
 4.4 kb	 0.0% Packages/com.unity.render-pipelines.core/Runtime/Debugging/Prefabs/Widgets/DebugUIIntField.prefab
 4.3 kb	 0.0% Packages/com.unity.render-pipelines.core/Runtime/Debugging/Prefabs/Widgets/DebugUIVector2.prefab
 4.2 kb	 0.0% Packages/com.unity.render-pipelines.core/Runtime/Debugging/Prefabs/Resources/DebugUICanvas.prefab
 4.1 kb	 0.0% Packages/com.unity.render-pipelines.universal/Textures/BlueNoise64/L/LDR_LLL1_0.png
 4.1 kb	 0.0% Packages/com.unity.render-pipelines.core/Runtime/Debugging/Prefabs/Widgets/DebugUIFloatField.prefab
 4.0 kb	 0.0% Packages/com.unity.render-pipelines.core/Runtime/RenderPipelineResources/FallbackShader.shader
 3.3 kb	 0.0% Assets/TextMesh Pro/Resources/Sprite Assets/EmojiOne.asset
 3.2 kb	 0.0% Assets/TextMesh Pro/Resources/Fonts & Materials/LiberationSans SDF - Fallback.asset
 2.8 kb	 0.0% Packages/com.unity.render-pipelines.core/Runtime/Debugging/Prefabs/Widgets/DebugUIObjectPopupField.prefab
 2.7 kb	 0.0% Assets/_Game/ScriptableObjects/ShapeLibrary.asset
 2.6 kb	 0.0% Packages/com.unity.render-pipelines.core/Runtime/Debugging/Prefabs/Widgets/DebugUIObjectList.prefab
 2.6 kb	 0.0% Packages/com.unity.render-pipelines.core/Runtime/Debugging/Prefabs/Widgets/DebugUIEnumField.prefab
 2.4 kb	 0.0% Packages/com.unity.render-pipelines.core/Runtime/Debugging/Prefabs/Widgets/DebugUIFoldout.prefab
 2.4 kb	 0.0% Packages/com.unity.render-pipelines.core/Runtime/Debugging/Prefabs/Widgets/DebugUIRow.prefab
 2.2 kb	 0.0% Assets/TextMesh Pro/Resources/Style Sheets/Default Style Sheet.asset
 1.7 kb	 0.0% Packages/com.unity.render-pipelines.core/Runtime/Debugging/Prefabs/Widgets/DebugUIToggleHistory.prefab
 1.7 kb	 0.0% Packages/com.unity.render-pipelines.core/Runtime/Debugging/Prefabs/Widgets/DebugUIToggle.prefab
 1.6 kb	 0.0% Assets/TextMesh Pro/Resources/Fonts & Materials/LiberationSans SDF - Drop Shadow.mat
 1.6 kb	 0.0% Assets/TextMesh Pro/Resources/Fonts & Materials/LiberationSans SDF - Outline.mat
 1.4 kb	 0.0% Packages/com.unity.render-pipelines.core/Runtime/Debugging/Prefabs/Widgets/DebugUIProgressBar.prefab
 1.4 kb	 0.0% Packages/com.unity.render-pipelines.core/Runtime/Debugging/Prefabs/Widgets/DebugUIGroup.prefab
 1.2 kb	 0.0% Packages/com.unity.render-pipelines.core/Runtime/Debugging/Prefabs/Widgets/DebugUIButton.prefab
 1.1 kb	 0.0% Packages/com.unity.render-pipelines.universal/Textures/SMAA/SearchTex.tga
 1.1 kb	 0.0% Packages/com.unity.render-pipelines.core/Runtime/Debugging/Prefabs/Textures/UIFoldoutOpened.png
 1.1 kb	 0.0% Packages/com.unity.render-pipelines.core/Runtime/Debugging/Prefabs/Textures/UIFoldoutClosed.png
 1.1 kb	 0.0% Packages/com.unity.render-pipelines.core/Runtime/Debugging/Prefabs/Textures/UICheckMark.png
 1.0 kb	 0.0% Assets/_Game/Prefabs/GridCell.prefab
 0.9 kb	 0.0% Packages/com.unity.render-pipelines.core/Runtime/Debugging/Prefabs/Widgets/DebugUIEnumHistory.prefab
 0.9 kb	 0.0% Packages/com.unity.render-pipelines.core/Runtime/Debugging/Prefabs/Widgets/DebugUIValuePersistent.prefab
 0.9 kb	 0.0% Packages/com.unity.render-pipelines.core/Runtime/Debugging/Prefabs/Widgets/DebugUIValueTuple.prefab
 0.9 kb	 0.0% Packages/com.unity.render-pipelines.core/Runtime/Debugging/Prefabs/Resources/DebugUIPersistentCanvas.prefab
 0.9 kb	 0.0% Packages/com.unity.render-pipelines.core/Runtime/Debugging/Prefabs/Widgets/DebugUIObject.prefab
 0.9 kb	 0.0% Packages/com.unity.render-pipelines.core/Runtime/Debugging/Prefabs/Widgets/DebugUIValue.prefab
 0.9 kb	 0.0% Packages/com.unity.render-pipelines.core/Runtime/Debugging/Prefabs/Widgets/DebugUIMessageBox.prefab
 0.8 kb	 0.0% Packages/com.unity.render-pipelines.core/Runtime/Debugging/Prefabs/Textures/UIElement8px.png
 0.7 kb	 0.0% Packages/com.unity.render-pipelines.universal/Runtime/Data/PostProcessData.asset
 0.7 kb	 0.0% Assets/_Game/Prefabs/BlockPiece.prefab
 0.5 kb	 0.0% Packages/com.unity.render-pipelines.core/Runtime/Debugging/Prefabs/Textures/White1px.png
 0.5 kb	 0.0% Packages/com.unity.render-pipelines.universal/Shaders/Utils/BlitHDROverlay.shader
 0.4 kb	 0.0% Packages/com.unity.render-pipelines.core/Runtime/Debugging/Prefabs/Widgets/DebugUIVBox.prefab
 0.4 kb	 0.0% Packages/com.unity.render-pipelines.core/Runtime/Debugging/Prefabs/Widgets/DebugUIHBox.prefab
 0.4 kb	 0.0% Assets/Settings/Renderer2D.asset
 0.4 kb	 0.0% Built-in Sprite: 
 0.4 kb	 0.0% Packages/com.unity.render-pipelines.universal/Textures/BlueNoise16/L/LDR_LLL1_9.png
 0.4 kb	 0.0% Packages/com.unity.render-pipelines.universal/Textures/BlueNoise16/L/LDR_LLL1_8.png
 0.4 kb	 0.0% Packages/com.unity.render-pipelines.universal/Textures/BlueNoise16/L/LDR_LLL1_7.png
 0.4 kb	 0.0% Packages/com.unity.render-pipelines.universal/Textures/BlueNoise16/L/LDR_LLL1_6.png
 0.4 kb	 0.0% Packages/com.unity.render-pipelines.universal/Textures/BlueNoise16/L/LDR_LLL1_5.png
 0.4 kb	 0.0% Packages/com.unity.render-pipelines.universal/Textures/BlueNoise16/L/LDR_LLL1_4.png
 0.4 kb	 0.0% Packages/com.unity.render-pipelines.universal/Textures/BlueNoise16/L/LDR_LLL1_31.png
 0.4 kb	 0.0% Packages/com.unity.render-pipelines.universal/Textures/BlueNoise16/L/LDR_LLL1_30.png
 0.4 kb	 0.0% Packages/com.unity.render-pipelines.universal/Textures/BlueNoise16/L/LDR_LLL1_3.png
 0.4 kb	 0.0% Packages/com.unity.render-pipelines.universal/Textures/BlueNoise16/L/LDR_LLL1_29.png
 0.4 kb	 0.0% Packages/com.unity.render-pipelines.universal/Textures/BlueNoise16/L/LDR_LLL1_28.png
 0.4 kb	 0.0% Packages/com.unity.render-pipelines.universal/Textures/BlueNoise16/L/LDR_LLL1_27.png
 0.4 kb	 0.0% Packages/com.unity.render-pipelines.universal/Textures/BlueNoise16/L/LDR_LLL1_26.png
 0.4 kb	 0.0% Packages/com.unity.render-pipelines.universal/Textures/BlueNoise16/L/LDR_LLL1_25.png
 0.4 kb	 0.0% Packages/com.unity.render-pipelines.universal/Textures/BlueNoise16/L/LDR_LLL1_24.png
 0.4 kb	 0.0% Packages/com.unity.render-pipelines.universal/Textures/BlueNoise16/L/LDR_LLL1_23.png
 0.4 kb	 0.0% Packages/com.unity.render-pipelines.universal/Textures/BlueNoise16/L/LDR_LLL1_22.png
 0.4 kb	 0.0% Packages/com.unity.render-pipelines.universal/Textures/BlueNoise16/L/LDR_LLL1_21.png
 0.4 kb	 0.0% Packages/com.unity.render-pipelines.universal/Textures/BlueNoise16/L/LDR_LLL1_20.png
 0.4 kb	 0.0% Packages/com.unity.render-pipelines.universal/Textures/BlueNoise16/L/LDR_LLL1_2.png
 0.4 kb	 0.0% Packages/com.unity.render-pipelines.universal/Textures/BlueNoise16/L/LDR_LLL1_19.png
 0.4 kb	 0.0% Packages/com.unity.render-pipelines.universal/Textures/BlueNoise16/L/LDR_LLL1_18.png
 0.4 kb	 0.0% Packages/com.unity.render-pipelines.universal/Textures/BlueNoise16/L/LDR_LLL1_17.png
 0.4 kb	 0.0% Packages/com.unity.render-pipelines.universal/Textures/BlueNoise16/L/LDR_LLL1_16.png
 0.4 kb	 0.0% Packages/com.unity.render-pipelines.universal/Textures/BlueNoise16/L/LDR_LLL1_15.png
 0.4 kb	 0.0% Packages/com.unity.render-pipelines.universal/Textures/BlueNoise16/L/LDR_LLL1_14.png
 0.4 kb	 0.0% Packages/com.unity.render-pipelines.universal/Textures/BlueNoise16/L/LDR_LLL1_13.png
 0.4 kb	 0.0% Packages/com.unity.render-pipelines.universal/Textures/BlueNoise16/L/LDR_LLL1_12.png
 0.4 kb	 0.0% Packages/com.unity.render-pipelines.universal/Textures/BlueNoise16/L/LDR_LLL1_11.png
 0.4 kb	 0.0% Packages/com.unity.render-pipelines.universal/Textures/BlueNoise16/L/LDR_LLL1_10.png
 0.4 kb	 0.0% Packages/com.unity.render-pipelines.universal/Textures/BlueNoise16/L/LDR_LLL1_1.png
 0.4 kb	 0.0% Packages/com.unity.render-pipelines.universal/Textures/BlueNoise16/L/LDR_LLL1_0.png
 0.4 kb	 0.0% Assets/Settings/UniversalRP.asset
 0.3 kb	 0.0% Assets/TextMesh Pro/Resources/LineBreaking Following Characters.txt
 0.3 kb	 0.0% Assets/TextMesh Pro/Resources/TMP Settings.asset
 0.2 kb	 0.0% Packages/com.unity.render-pipelines.universal/Runtime/Debug/UniversalRenderPipelineVolumeDebugSettings.cs
 0.2 kb	 0.0% Packages/com.unity.render-pipelines.universal/Runtime/Debug/UniversalRenderPipelineDebugDisplaySettings.cs
 0.2 kb	 0.0% Packages/com.unity.render-pipelines.universal/Runtime/UniversalRenderPipelineGlobalSettings.cs
 0.2 kb	 0.0% Packages/com.unity.render-pipelines.universal/Runtime/Data/UniversalRenderPipelineEditorResources.cs
 0.2 kb	 0.0% Packages/com.unity.test-framework/UnityEngine.TestRunner/NUnitExtensions/Runner/RestoreTestContextAfterDomainReload.cs
 0.2 kb	 0.0% Packages/com.unity.render-pipelines.universal/Runtime/Passes/AdditionalLightsShadowCasterPass.cs
 0.2 kb	 0.0% Packages/com.unity.render-pipelines.core/Runtime/RenderGraph/RenderGraphResourceRegistry.cs
 0.2 kb	 0.0% Packages/com.unity.render-pipelines.core/Runtime/RenderGraph/RenderGraphDefaultResources.cs
 0.2 kb	 0.0% Packages/com.unity.visualscripting/Runtime/VisualScripting.Core/Listeners/UI/UnityOnScrollbarValueChangedMessageListener.cs
 0.2 kb	 0.0% Packages/com.unity.visualscripting/Runtime/VisualScripting.Core/Listeners/UI/UnityOnScrollRectValueChangedMessageListener.cs
 0.2 kb	 0.0% Packages/com.unity.visualscripting/Runtime/VisualScripting.Core/Listeners/UI/UnityOnInputFieldValueChangedMessageListener.cs
 0.2 kb	 0.0% Packages/com.unity.visualscripting/Runtime/VisualScripting.Core/Listeners/UI/UnityOnDropdownValueChangedMessageListener.cs
 0.2 kb	 0.0% Packages/com.unity.visualscripting/Runtime/VisualScripting.Core/Listeners/MonoBehaviour/UnityOnTransformChildrenChangedMListener.cs
 0.2 kb	 0.0% Packages/com.unity.visualscripting/Runtime/VisualScripting.Core/Listeners/MonoBehaviour/UnityOnControllerColliderHitMessageListener.cs
 0.2 kb	 0.0% Packages/com.unity.render-pipelines.core/Runtime/RenderGraph/RenderGraphResourceRendererList.cs
 0.2 kb	 0.0% Packages/com.unity.render-pipelines.core/Runtime/RenderGraph/RenderGraphResourceComputeBuffer.cs
 0.2 kb	 0.0% Packages/com.unity.render-pipelines.core/Runtime/Common/IVirtualTexturingEnabledRenderPipeline.cs
 0.2 kb	 0.0% Packages/com.unity.mathematics/Unity.Mathematics/Il2CppEagerStaticClassConstructionAttribute.cs
 0.2 kb	 0.0% Packages/com.unity.visualscripting/Runtime/VisualScripting.Core/Listeners/MonoBehaviour/UnityOnTransformParentChangedMListener.cs
 0.2 kb	 0.0% Packages/com.unity.visualscripting/Runtime/VisualScripting.Core/Dependencies/AssemblyQualifiedNameParser/ParsedAssemblyQualifiedName.cs
 0.2 kb	 0.0% Packages/com.unity.test-framework/UnityEngine.TestRunner/NUnitExtensions/Runner/UnityLogCheckDelegatingCommand.cs
 0.2 kb	 0.0% Packages/com.unity.test-framework/UnityEngine.TestRunner/Assertions/OutOfOrderExpectedLogMessageException.cs
 0.2 kb	 0.0% Packages/com.unity.render-pipelines.universal/Runtime/UniversalAdditionalCameraData.cs
 0.2 kb	 0.0% Packages/com.unity.render-pipelines.universal/Runtime/RendererFeatures/DisallowMultipleRendererFeature.cs
 0.2 kb	 0.0% Packages/com.unity.render-pipelines.universal/Runtime/Passes/MainLightShadowCasterPass.cs
 0.2 kb	 0.0% Packages/com.unity.render-pipelines.universal/Runtime/Passes/InvokeOnRenderObjectCallbackPass.cs
 0.2 kb	 0.0% Packages/com.unity.render-pipelines.universal/Runtime/Decal/Entities/DecalUpdateCullingGroupSystem.cs
 0.2 kb	 0.0% Packages/com.unity.render-pipelines.universal/Runtime/Debug/DebugDisplaySettingsRendering.cs
 0.2 kb	 0.0% Packages/com.unity.render-pipelines.universal/Runtime/2D/CinemachineUniversalPixelPerfect.cs
 0.2 kb	 0.0% Packages/com.unity.render-pipelines.core/Runtime/RenderGraph/RenderGraphResourcePool.cs
 0.2 kb	 0.0% Packages/com.unity.render-pipelines.core/Runtime/RenderGraph/RenderGraphObjectPool.cs
 0.2 kb	 0.0% Packages/com.unity.render-pipelines.core/Runtime/Lighting/ProbeVolume/ProbeReferenceVolume.ReflProbeNormalization.cs
 0.2 kb	 0.0% Packages/com.unity.visualscripting/Runtime/VisualScripting.Core/Listeners/UI/UnityOnToggleValueChangedMessageListener.cs
 0.2 kb	 0.0% Packages/com.unity.visualscripting/Runtime/VisualScripting.Core/Listeners/UI/UnityOnSliderValueChangedMessageListener.cs
 0.2 kb	 0.0% Packages/com.unity.visualscripting/Runtime/VisualScripting.Core/Listeners/UI/UnityOnInputFieldEndEditMessageListener.cs
 0.2 kb	 0.0% Packages/com.unity.visualscripting/Runtime/VisualScripting.Core/Listeners/MonoBehaviour/UnityOnParticleCollisionMessageListener.cs
 0.2 kb	 0.0% Packages/com.unity.visualscripting/Runtime/VisualScripting.Core/Listeners/MonoBehaviour/UnityOnMouseUpAsButtonMessageListener.cs
 0.2 kb	 0.0% Packages/com.unity.visualscripting/Runtime/VisualScripting.Core/Listeners/MonoBehaviour/UnityOnCollisionStay2DMessageListener.cs
 0.2 kb	 0.0% Packages/com.unity.visualscripting/Runtime/VisualScripting.Core/Listeners/MonoBehaviour/UnityOnCollisionExit2DMessageListener.cs
 0.2 kb	 0.0% Packages/com.unity.visualscripting/Runtime/VisualScripting.Core/Listeners/MonoBehaviour/UnityOnCollisionEnter2DMessageListener.cs
 0.2 kb	 0.0% Packages/com.unity.visualscripting/Runtime/VisualScripting.Core/Listeners/MonoBehaviour/UnityOnBecameInvisibleMessageListener.cs
 0.2 kb	 0.0% Packages/com.unity.render-pipelines.universal/Runtime/UniversalRenderPipelineRenderGraph.cs
 0.2 kb	 0.0% Packages/com.unity.render-pipelines.core/Runtime/RenderGraph/RenderGraphResourceTexture.cs
 0.2 kb	 0.0% Packages/com.unity.visualscripting/Runtime/VisualScripting.Core/Dependencies/FullSerializer/Converters/Unity/GUIStyleState_DirectConverter.cs
 0.2 kb	 0.0% Packages/com.unity.visualscripting/Runtime/VisualScripting.Core/Dependencies/FullSerializer/Converters/Unity/AnimationCurve_DirectConverter.cs
 0.2 kb	 0.0% Packages/com.unity.test-framework/UnityEngine.TestRunner/NUnitExtensions/Runner/UnityTestExecutionContext.cs
 0.2 kb	 0.0% Packages/com.unity.test-framework/UnityEngine.TestRunner/NUnitExtensions/Runner/IEnumerableTestMethodCommand.cs
 0.2 kb	 0.0% Packages/com.unity.test-framework/UnityEngine.TestRunner/NUnitExtensions/Commands/EnumerableApplyChangesToContextCommand.cs
 0.2 kb	 0.0% Packages/com.unity.render-pipelines.universal/Runtime/UniversalAdditionalLightData.cs
 0.2 kb	 0.0% Packages/com.unity.render-pipelines.universal/Runtime/Tiling/ReflectionProbeMinMaxZJob.cs
 0.2 kb	 0.0% Packages/com.unity.render-pipelines.universal/Runtime/ScriptableRendererFeature.cs
 0.2 kb	 0.0% Packages/com.unity.render-pipelines.universal/Runtime/RendererFeatures/ScreenSpaceAmbientOcclusion.cs
 0.2 kb	 0.0% Packages/com.unity.render-pipelines.universal/Runtime/RenderTargetBufferSystem.cs
 0.2 kb	 0.0% Packages/com.unity.render-pipelines.universal/Runtime/Overrides/ShadowsMidtonesHighlights.cs
 0.2 kb	 0.0% Packages/com.unity.render-pipelines.universal/Runtime/Decal/ScreenSpace/DecalScreenSpaceRenderPass.cs
 0.2 kb	 0.0% Packages/com.unity.render-pipelines.universal/Runtime/Decal/Entities/DecalCreateDrawCallSystem.cs
 0.2 kb	 0.0% Packages/com.unity.render-pipelines.universal/Runtime/Debug/DebugDisplaySettingsMaterial.cs
 0.2 kb	 0.0% Packages/com.unity.render-pipelines.universal/Runtime/Debug/DebugDisplaySettingsLighting.cs
 0.2 kb	 0.0% Packages/com.unity.render-pipelines.universal/Runtime/Debug/DebugDisplaySettingsCommon.cs
 0.2 kb	 0.0% Packages/com.unity.render-pipelines.universal/Runtime/Data/UniversalRenderPipelineAsset.cs
 0.2 kb	 0.0% Packages/com.unity.render-pipelines.universal/Runtime/2D/Shadows/ShadowCasterGroup2DManager.cs
 0.2 kb	 0.0% Packages/com.unity.render-pipelines.universal/Runtime/2D/PixelPerfectCameraInternal.cs
 0.2 kb	 0.0% Packages/com.unity.render-pipelines.universal/Runtime/2D/Passes/PixelPerfectBackgroundPass.cs
 0.2 kb	 0.0% Packages/com.unity.render-pipelines.core/Runtime/RenderGraph/RenderGraphLogger.cs
 0.2 kb	 0.0% Packages/com.unity.render-pipelines.core/Runtime/RenderGraph/RenderGraphBuilder.cs
 0.2 kb	 0.0% Packages/com.unity.visualscripting/Runtime/VisualScripting.Core/SerializedProperties/SerializedPropertyProviderAttribute.cs
 0.2 kb	 0.0% Packages/com.unity.visualscripting/Runtime/VisualScripting.Core/Listeners/UIInterfaces/UnityOnPointerExitMessageListener.cs
 0.2 kb	 0.0% Packages/com.unity.visualscripting/Runtime/VisualScripting.Core/Listeners/UIInterfaces/UnityOnPointerEnterMessageListener.cs
 0.2 kb	 0.0% Packages/com.unity.visualscripting/Runtime/VisualScripting.Core/Listeners/UIInterfaces/UnityOnPointerDownMessageListener.cs
 0.2 kb	 0.0% Packages/com.unity.visualscripting/Runtime/VisualScripting.Core/Listeners/UIInterfaces/UnityOnPointerClickMessageListener.cs
 0.2 kb	 0.0% Packages/com.unity.visualscripting/Runtime/VisualScripting.Core/Listeners/UI/UnityOnButtonClickMessageListener.cs
 0.2 kb	 0.0% Packages/com.unity.visualscripting/Runtime/VisualScripting.Core/Listeners/MonoBehaviour/UnityOnTriggerEnterMessageListener.cs
 0.2 kb	 0.0% Packages/com.unity.visualscripting/Runtime/VisualScripting.Core/Listeners/MonoBehaviour/UnityOnJointBreak2DMessageListener.cs
 0.2 kb	 0.0% Packages/com.unity.visualscripting/Runtime/VisualScripting.Core/Listeners/MonoBehaviour/UnityOnCollisionStayMessageListener.cs
 0.2 kb	 0.0% Packages/com.unity.visualscripting/Runtime/VisualScripting.Core/Listeners/MonoBehaviour/UnityOnCollisionExitMessageListener.cs
 0.2 kb	 0.0% Packages/com.unity.visualscripting/Runtime/VisualScripting.Core/Listeners/MonoBehaviour/UnityOnCollisionEnterMessageListener.cs
 0.2 kb	 0.0% Packages/com.unity.visualscripting/Runtime/VisualScripting.Core/Listeners/MonoBehaviour/UnityOnBecameVisibleMessageListener.cs
 0.2 kb	 0.0% Packages/com.unity.visualscripting/Runtime/VisualScripting.Core/EditorBinding/Inspector/InspectorActionDirectionAttribute.cs
 0.2 kb	 0.0% Packages/com.unity.visualscripting/Runtime/VisualScripting.Core/EditorBinding/Inspector/InspectViaImplementationsAttribute.cs
 0.2 kb	 0.0% Packages/com.unity.visualscripting/Runtime/VisualScripting.Core/Dependencies/FullSerializer/Internal/fsCyclicReferenceManager.cs
 0.2 kb	 0.0% Packages/com.unity.visualscripting/Runtime/VisualScripting.Core/Dependencies/FullSerializer/Converters/Unity/UnityEvent_Converter.cs
 0.2 kb	 0.0% Packages/com.unity.test-framework/UnityEngine.TestRunner/Utils/Vector4ComparerWithEqualsOperator.cs
 0.2 kb	 0.0% Packages/com.unity.test-framework/UnityEngine.TestRunner/Utils/Vector3ComparerWithEqualsOperator.cs
 0.2 kb	 0.0% Packages/com.unity.test-framework/UnityEngine.TestRunner/Utils/Vector2ComparerWithEqualsOperator.cs
 0.2 kb	 0.0% Packages/com.unity.test-framework/UnityEngine.TestRunner/TestRunner/RemoteHelpers/RemoteTestResultDataWithTestData.cs
 0.2 kb	 0.0% Packages/com.unity.test-framework/UnityEngine.TestRunner/TestRunner/Callbacks/TestResultRendererCallback.cs
 0.2 kb	 0.0% Packages/com.unity.render-pipelines.universal/Runtime/UniversalRenderPipelineCore.cs
 0.2 kb	 0.0% Packages/com.unity.render-pipelines.universal/Runtime/Passes/RenderObjectsPass.cs
 0.2 kb	 0.0% Packages/com.unity.render-pipelines.universal/Runtime/2D/PixelPerfectCamera.cs
 0.2 kb	 0.0% Packages/com.unity.render-pipelines.core/Runtime/Utilities/CoreRenderPipelinePreferences.cs
 0.2 kb	 0.0% Packages/com.unity.render-pipelines.core/Runtime/RenderGraph/RenderGraphResources.cs
 0.2 kb	 0.0% Packages/com.unity.render-pipelines.core/Runtime/Lighting/ProbeVolume/ProbeVolumeBakingProcessSettings.cs
 0.2 kb	 0.0% Packages/com.unity.render-pipelines.core/Runtime/Debugging/Prefabs/Scripts/DebugUIHandlerPersistentCanvas.cs
 0.2 kb	 0.0% Packages/com.unity.render-pipelines.core/Runtime/Debugging/Prefabs/Scripts/DebugUIHandlerObjectPopupField.cs
 0.2 kb	 0.0% Packages/com.unity.render-pipelines.core/Runtime/Debugging/Prefabs/Scripts/DebugUIHandlerIndirectFloatField.cs
 0.2 kb	 0.0% Packages/com.unity.render-pipelines.core/Runtime/Common/GlobalDynamicResolutionSettings.cs
 0.2 kb	 0.0% Assets/UniversalRenderPipelineGlobalSettings.asset
 0.2 kb	 0.0% Packages/com.unity.visualscripting/Runtime/VisualScripting.Core/Listeners/MonoBehaviour/UnityOnTriggerStay2DMListener.cs
 0.2 kb	 0.0% Packages/com.unity.visualscripting/Runtime/VisualScripting.Core/Listeners/MonoBehaviour/UnityOnTriggerExit2DMListener.cs
 0.2 kb	 0.0% Packages/com.unity.visualscripting/Runtime/VisualScripting.Core/Listeners/MonoBehaviour/UnityOnTriggerEnter2DMListener.cs
 0.2 kb	 0.0% Packages/com.unity.visualscripting/Runtime/VisualScripting.Core/Dependencies/FullSerializer/fsISerializationCallbacks.cs
 0.2 kb	 0.0% Packages/com.unity.visualscripting/Runtime/VisualScripting.Core/Dependencies/FullSerializer/Converters/Unity/RectOffset_DirectConverter.cs
 0.2 kb	 0.0% Packages/com.unity.visualscripting/Runtime/VisualScripting.Core/Dependencies/FullSerializer/Converters/Unity/LayerMask_DirectConverter.cs
 0.2 kb	 0.0% Packages/com.unity.test-framework/UnityEngine.TestRunner/TestRunner/PlaymodeTestsControllerSettings.cs
 0.2 kb	 0.0% Packages/com.unity.test-framework/UnityEngine.TestRunner/NUnitExtensions/Runner/UnityWorkItemDataHolder.cs
 0.2 kb	 0.0% Packages/com.unity.test-framework/UnityEngine.TestRunner/NUnitExtensions/Runner/UnityTestAssemblyRunner.cs
 0.2 kb	 0.0% Packages/com.unity.test-framework/UnityEngine.TestRunner/NUnitExtensions/Runner/PlaymodeWorkItemFactory.cs
 0.2 kb	 0.0% Packages/com.unity.test-framework/UnityEngine.TestRunner/NUnitExtensions/Runner/CoroutineTestWorkItem.cs
 0.2 kb	 0.0% Packages/com.unity.test-framework/UnityEngine.TestRunner/NUnitExtensions/IAsyncTestAssemblyBuilder.cs
 0.2 kb	 0.0% Packages/com.unity.test-framework/UnityEngine.TestRunner/NUnitExtensions/Filters/CategoryFilterExtended.cs
 0.2 kb	 0.0% Packages/com.unity.test-framework/UnityEngine.TestRunner/Assertions/UnexpectedLogMessageException.cs
 0.2 kb	 0.0% Packages/com.unity.render-pipelines.universal/Runtime/UniversalRendererRenderGraph.cs
 0.2 kb	 0.0% Packages/com.unity.render-pipelines.universal/Runtime/UniversalRendererData.cs
 0.2 kb	 0.0% Packages/com.unity.render-pipelines.universal/Runtime/UniversalRenderPipeline.cs
 0.2 kb	 0.0% Packages/com.unity.render-pipelines.universal/Runtime/Tiling/TileRangeExpansionJob.cs
 0.2 kb	 0.0% Packages/com.unity.render-pipelines.universal/Runtime/ScriptableRendererData.cs
 0.2 kb	 0.0% Packages/com.unity.render-pipelines.universal/Runtime/ReflectionProbeManager.cs
 0.2 kb	 0.0% Packages/com.unity.render-pipelines.universal/Runtime/Passes/TransparentSettingsPass.cs
 0.2 kb	 0.0% Packages/com.unity.render-pipelines.universal/Runtime/Passes/MotionVectorRenderPass.cs
 0.2 kb	 0.0% Packages/com.unity.render-pipelines.universal/Runtime/Passes/DrawScreenSpaceUIPass.cs
 0.2 kb	 0.0% Packages/com.unity.render-pipelines.universal/Runtime/Passes/DepthNormalOnlyPass.cs
 0.2 kb	 0.0% Packages/com.unity.render-pipelines.universal/Runtime/Passes/ColorGradingLutPass.cs
 0.2 kb	 0.0% Packages/com.unity.render-pipelines.universal/Runtime/NormalReconstruction.cs
 0.2 kb	 0.0% Packages/com.unity.render-pipelines.universal/Runtime/Decal/ScreenSpace/DecalGBufferRenderPass.cs
 0.2 kb	 0.0% Packages/com.unity.render-pipelines.universal/Runtime/Decal/Entities/DecalUpdateCulledSystem.cs
 0.2 kb	 0.0% Packages/com.unity.render-pipelines.universal/Runtime/Decal/Entities/DecalUpdateCachedSystem.cs
 0.2 kb	 0.0% Packages/com.unity.render-pipelines.universal/Runtime/Decal/Entities/DecalSkipCulledSystem.cs
 0.2 kb	 0.0% Packages/com.unity.render-pipelines.universal/Runtime/Decal/DBuffer/DecalForwardEmissivePass.cs
 0.2 kb	 0.0% Packages/com.unity.render-pipelines.universal/Runtime/2D/Shadows/CompositeShadowCaster2D.cs
 0.2 kb	 0.0% Packages/com.unity.render-pipelines.core/Runtime/XR/XRBuiltinShaderConstants.cs
 0.2 kb	 0.0% Packages/com.unity.render-pipelines.core/Runtime/RenderGraph/RenderGraphPass.cs
 0.1 kb	 0.0% Packages/com.unity.visualscripting/Runtime/VisualScripting.Flow/Ports/MissingValuePortInputException.cs
 0.1 kb	 0.0% Packages/com.unity.visualscripting/Runtime/VisualScripting.Flow/EditorBinding/UnitHeaderInspectableAttribute.cs
 0.1 kb	 0.0% Packages/com.unity.visualscripting/Runtime/VisualScripting.Flow/Dependencies/NCalc/LogicalExpressionVisitor.cs
 0.1 kb	 0.0% Packages/com.unity.visualscripting/Runtime/VisualScripting.Core/Variables/VariableDeclarationCollection.cs
 0.1 kb	 0.0% Packages/com.unity.visualscripting/Runtime/VisualScripting.Core/Variables/InspectorVariableNameAttribute.cs
 0.1 kb	 0.0% Packages/com.unity.visualscripting/Runtime/VisualScripting.Core/Serialization/SerializationVersionAttribute.cs
 0.1 kb	 0.0% Packages/com.unity.visualscripting/Runtime/VisualScripting.Core/Listeners/UIInterfaces/UnityOnPointerUpMessageListener.cs
 0.1 kb	 0.0% Packages/com.unity.visualscripting/Runtime/VisualScripting.Core/Listeners/UIInterfaces/UnityOnEndDragMessageListener.cs
 0.1 kb	 0.0% Packages/com.unity.visualscripting/Runtime/VisualScripting.Core/Listeners/UIInterfaces/UnityOnDeselectMessageListener.cs
 0.1 kb	 0.0% Packages/com.unity.visualscripting/Runtime/VisualScripting.Core/Listeners/UIInterfaces/UnityOnBeginDragMessageListener.cs
 0.1 kb	 0.0% Packages/com.unity.visualscripting/Runtime/VisualScripting.Core/Listeners/MonoBehaviour/UnityOnTriggerStayMListener.cs
 0.1 kb	 0.0% Packages/com.unity.visualscripting/Runtime/VisualScripting.Core/Listeners/MonoBehaviour/UnityOnTriggerExitMListener.cs
 0.1 kb	 0.0% Packages/com.unity.visualscripting/Runtime/VisualScripting.Core/Listeners/MonoBehaviour/UnityOnMouseUpMessageListener.cs
 0.1 kb	 0.0% Packages/com.unity.visualscripting/Runtime/VisualScripting.Core/Listeners/MonoBehaviour/UnityOnMouseOverMessageListener.cs
 0.1 kb	 0.0% Packages/com.unity.visualscripting/Runtime/VisualScripting.Core/Listeners/MonoBehaviour/UnityOnMouseExitMessageListener.cs
 0.1 kb	 0.0% Packages/com.unity.visualscripting/Runtime/VisualScripting.Core/Listeners/MonoBehaviour/UnityOnMouseEnterMessageListener.cs
 0.1 kb	 0.0% Packages/com.unity.visualscripting/Runtime/VisualScripting.Core/Listeners/MonoBehaviour/UnityOnMouseDragMessageListener.cs
 0.1 kb	 0.0% Packages/com.unity.visualscripting/Runtime/VisualScripting.Core/Listeners/MonoBehaviour/UnityOnMouseDownMessageListener.cs
 0.1 kb	 0.0% Packages/com.unity.visualscripting/Runtime/VisualScripting.Core/Listeners/MonoBehaviour/UnityOnJointBreakMessageListener.cs
 0.1 kb	 0.0% Packages/com.unity.visualscripting/Runtime/VisualScripting.Core/Exceptions/InvalidImplementationException.cs
 0.1 kb	 0.0% Packages/com.unity.visualscripting/Runtime/VisualScripting.Core/EditorBinding/Inspector/InspectorExpandTooltipAttribute.cs
 0.1 kb	 0.0% Packages/com.unity.visualscripting/Runtime/VisualScripting.Core/EditorBinding/Inspector/InspectorAdaptiveWidthAttribute.cs
 0.1 kb	 0.0% Packages/com.unity.visualscripting/Runtime/VisualScripting.Core/Dependencies/FullSerializer/Internal/fsPortableReflection.cs
 0.1 kb	 0.0% Packages/com.unity.visualscripting/Runtime/VisualScripting.Core/Attributes/VisualScriptingHelpURLAttribute.cs
 0.1 kb	 0.0% Packages/com.unity.test-framework/UnityEngine.TestRunner/TestRunner/RemoteHelpers/RemoteTestResultDataFactory.cs
 0.1 kb	 0.0% Packages/com.unity.test-framework/UnityEngine.TestRunner/TestRunner/RemoteHelpers/PlayerConnectionMessageIds.cs
 0.1 kb	 0.0% Packages/com.unity.test-framework/UnityEngine.TestRunner/TestRunner/RemoteHelpers/IRemoteTestResultDataFactory.cs
 0.1 kb	 0.0% Packages/com.unity.test-framework/UnityEngine.TestRunner/TestRunner/Callbacks/RemoteTestResultSender.cs
 0.1 kb	 0.0% Packages/com.unity.test-framework/UnityEngine.TestRunner/TestRunner/Callbacks/PlayModeRunnerCallback.cs
 0.1 kb	 0.0% Packages/com.unity.test-framework/UnityEngine.TestRunner/Assertions/AllocatingGCMemoryConstraint.cs
 0.1 kb	 0.0% Packages/com.unity.render-pipelines.universal/Runtime/RendererFeatures/RenderObjects.cs
 0.1 kb	 0.0% Packages/com.unity.render-pipelines.universal/Runtime/MotionVectors.cs
 0.1 kb	 0.0% Packages/com.unity.render-pipelines.universal/Runtime/Decal/DecalDrawErrorRenderPass.cs
 0.1 kb	 0.0% Packages/com.unity.render-pipelines.universal/Runtime/2D/InternalBridge/InternalEngineBridge.cs
 0.1 kb	 0.0% Packages/com.unity.render-pipelines.core/Runtime/Utilities/BatchRendererGroupGlobals.cs
 0.1 kb	 0.0% Packages/com.unity.render-pipelines.core/Runtime/Lighting/ProbeVolume/ShaderVariablesProbeVolumes.cs
 0.1 kb	 0.0% Packages/com.unity.render-pipelines.core/Runtime/Lighting/ProbeVolume/ProbeReferenceVolumeProfile.cs
 0.1 kb	 0.0% Packages/com.unity.render-pipelines.core/Runtime/Debugging/Prefabs/Scripts/DebugUIHandlerToggleHistory.cs
 0.1 kb	 0.0% Packages/com.unity.render-pipelines.core/Runtime/Debugging/Prefabs/Scripts/DebugUIHandlerProgressBar.cs
 0.1 kb	 0.0% Packages/com.unity.render-pipelines.core/Runtime/Debugging/Prefabs/Scripts/DebugUIHandlerIndirectToggle.cs
 0.1 kb	 0.0% Packages/com.unity.render-pipelines.core/Runtime/Debugging/Prefabs/Scripts/DebugUIHandlerEnumHistory.cs
 0.1 kb	 0.0% Packages/com.unity.render-pipelines.core/Runtime/Debugging/IDebugDisplaySettingsQuery.cs
 0.1 kb	 0.0% Packages/com.unity.render-pipelines.core/Runtime/Debugging/IDebugDisplaySettingsPanel.cs
 0.1 kb	 0.0% Packages/com.unity.render-pipelines.core/Runtime/Debugging/IDebugDisplaySettingsData.cs
 0.1 kb	 0.0% Packages/com.unity.render-pipelines.core/Runtime/Debugging/DebugDisplaySettingsVolumes.cs
 0.1 kb	 0.0% Packages/com.unity.render-pipelines.core/Runtime/Debugging/DebugDisplaySettingsPanel.cs
 0.1 kb	 0.0% Packages/com.unity.visualscripting/Runtime/VisualScripting.Core/Dependencies/FullSerializer/fsExceptions.cs
 0.1 kb	 0.0% Packages/com.unity.visualscripting/Runtime/VisualScripting.Core/Dependencies/FullSerializer/fsAotCompilationManager.cs
 0.1 kb	 0.0% Packages/com.unity.visualscripting/Runtime/VisualScripting.Core/Dependencies/FullSerializer/Converters/fsWeakReferenceConverter.cs
 0.1 kb	 0.0% Packages/com.unity.visualscripting/Runtime/VisualScripting.Core/Dependencies/FullSerializer/Converters/fsKeyValuePairConverter.cs
 0.1 kb	 0.0% Packages/com.unity.visualscripting/Runtime/VisualScripting.Core/Dependencies/FullSerializer/Converters/fsIEnumerableConverter.cs
 0.1 kb	 0.0% Packages/com.unity.visualscripting/Runtime/VisualScripting.Core/Dependencies/FullSerializer/Converters/fsDictionaryConverter.cs
 0.1 kb	 0.0% Packages/com.unity.visualscripting/Runtime/VisualScripting.Core/Dependencies/FullSerializer/Converters/Unity/Keyframe_DirectConverter.cs
 0.1 kb	 0.0% Packages/com.unity.visualscripting/Runtime/VisualScripting.Core/Dependencies/FullSerializer/Converters/Unity/Gradient_DirectConverter.cs
 0.1 kb	 0.0% Packages/com.unity.visualscripting/Runtime/VisualScripting.Core/Dependencies/FullSerializer/Converters/Unity/GUIStyle_DirectConverter.cs
 0.1 kb	 0.0% Packages/com.unity.visualscripting/Runtime/VisualScripting.Core/Dependencies/FullSerializer/Converters/Unity/Bounds_DirectConverter.cs
 0.1 kb	 0.0% Packages/com.unity.test-framework/UnityEngine.TestRunner/TestRunner/Messages/IEditModeTestYieldInstruction.cs
 0.1 kb	 0.0% Packages/com.unity.test-framework/UnityEngine.TestRunner/NUnitExtensions/UnityTestAssemblyBuilder.cs
 0.1 kb	 0.0% Packages/com.unity.test-framework/UnityEngine.TestRunner/NUnitExtensions/Runner/TestCommandBuilder.cs
 0.1 kb	 0.0% Packages/com.unity.test-framework/UnityEngine.TestRunner/NUnitExtensions/Runner/DefaultTestWorkItem.cs
 0.1 kb	 0.0% Packages/com.unity.test-framework/UnityEngine.TestRunner/NUnitExtensions/Runner/CompositeWorkItem.cs
 0.1 kb	 0.0% Packages/com.unity.test-framework/UnityEngine.TestRunner/NUnitExtensions/OrderedTestSuiteModifier.cs
 0.1 kb	 0.0% Packages/com.unity.test-framework/UnityEngine.TestRunner/NUnitExtensions/Filters/AssemblyNameFilter.cs
 0.1 kb	 0.0% Packages/com.unity.test-framework/UnityEngine.TestRunner/NUnitExtensions/Commands/EnumerableSetUpTearDownCommand.cs
 0.1 kb	 0.0% Packages/com.unity.test-framework/UnityEngine.TestRunner/NUnitExtensions/Commands/EnumerableRepeatedTestCommand.cs
 0.1 kb	 0.0% Packages/com.unity.test-framework/UnityEngine.TestRunner/NUnitExtensions/Attributes/TestMustExpectAllLogsAttribute.cs
 0.1 kb	 0.0% Packages/com.unity.test-framework/UnityEngine.TestRunner/Assertions/UnityTestTimeoutException.cs
 0.1 kb	 0.0% Packages/com.unity.test-framework/UnityEngine.TestRunner/Assertions/UnhandledLogMessageException.cs
 0.1 kb	 0.0% Packages/com.unity.test-framework/UnityEngine.TestRunner/Assertions/InvalidSignatureException.cs
 0.1 kb	 0.0% Packages/com.unity.render-pipelines.universal/Runtime/XR/XRSystemUniversal.cs
 0.1 kb	 0.0% Packages/com.unity.render-pipelines.universal/Runtime/UniversalRenderer.cs
 0.1 kb	 0.0% Packages/com.unity.render-pipelines.universal/Runtime/SpaceFillingCurves.cs
 0.1 kb	 0.0% Packages/com.unity.render-pipelines.universal/Runtime/ScriptableRenderer.cs
 0.1 kb	 0.0% Packages/com.unity.render-pipelines.universal/Runtime/SceneViewDrawMode.cs
 0.1 kb	 0.0% Packages/com.unity.render-pipelines.universal/Runtime/RenderingLayerUtils.cs
 0.1 kb	 0.0% Packages/com.unity.render-pipelines.universal/Runtime/RendererFeatures/ScreenSpaceShadows.cs
 0.1 kb	 0.0% Packages/com.unity.render-pipelines.universal/Runtime/RendererFeatures/DecalRendererFeature.cs
 0.1 kb	 0.0% Packages/com.unity.render-pipelines.universal/Runtime/RenderTargetHandle.cs
 0.1 kb	 0.0% Packages/com.unity.render-pipelines.universal/Runtime/PostProcessPasses.cs
 0.1 kb	 0.0% Packages/com.unity.render-pipelines.universal/Runtime/Passes/XROcclusionMeshPass.cs
 0.1 kb	 0.0% Packages/com.unity.render-pipelines.universal/Runtime/Passes/ScriptableRenderPass.cs
 0.1 kb	 0.0% Packages/com.unity.render-pipelines.universal/Runtime/Passes/FinalBlitPass.cs
 0.1 kb	 0.0% Packages/com.unity.render-pipelines.universal/Runtime/Passes/DrawObjectsPass.cs
 0.1 kb	 0.0% Packages/com.unity.render-pipelines.universal/Runtime/Passes/DepthOnlyPass.cs
 0.1 kb	 0.0% Packages/com.unity.render-pipelines.universal/Runtime/Passes/CopyDepthPass.cs
 0.1 kb	 0.0% Packages/com.unity.render-pipelines.universal/Runtime/Passes/CopyColorPass.cs
 0.1 kb	 0.0% Packages/com.unity.render-pipelines.universal/Runtime/Overrides/ChromaticAberration.cs
 0.1 kb	 0.0% Packages/com.unity.render-pipelines.universal/Runtime/LightCookieManager.cs
 0.1 kb	 0.0% Packages/com.unity.render-pipelines.universal/Runtime/ForwardRendererData.cs
 0.1 kb	 0.0% Packages/com.unity.render-pipelines.universal/Runtime/ForwardLights.cs
 0.1 kb	 0.0% Packages/com.unity.render-pipelines.universal/Runtime/External/LibTessDotNet/MeshUtils.cs
 0.1 kb	 0.0% Packages/com.unity.render-pipelines.universal/Runtime/DeferredLights.cs
 0.1 kb	 0.0% Packages/com.unity.render-pipelines.universal/Runtime/Decal/Entities/DecalEntityManager.cs
 0.1 kb	 0.0% Packages/com.unity.render-pipelines.universal/Runtime/Decal/DecalShaderPassNames.cs
 0.1 kb	 0.0% Packages/com.unity.render-pipelines.universal/Runtime/Decal/DBuffer/DBufferRenderPass.cs
 0.1 kb	 0.0% Packages/com.unity.render-pipelines.universal/Runtime/Debug/DebugDisplayStats.cs
 0.1 kb	 0.0% Packages/com.unity.render-pipelines.universal/Runtime/2D/Shadows/ShadowCasterGroup2D.cs
 0.1 kb	 0.0% Packages/com.unity.render-pipelines.universal/Runtime/2D/Passes/Utility/Light2DLookupTexture.cs
 0.1 kb	 0.0% Packages/com.unity.render-pipelines.universal/Runtime/2D/Passes/Render2DLightingPass.cs
 0.1 kb	 0.0% Packages/com.unity.render-pipelines.universal/Runtime/2D/Light2DCullResult.cs
 0.1 kb	 0.0% Packages/com.unity.render-pipelines.universal/Runtime/2D/Light2DBlendStyle.cs
 0.1 kb	 0.0% Packages/com.unity.render-pipelines.core/Runtime/RenderGraph/RenderGraph.cs
 0.1 kb	 0.0% Packages/com.unity.render-pipelines.core/Runtime/Lighting/ProbeVolume/ProbeReferenceVolume.Streaming.cs
 0.1 kb	 0.0% Packages/com.unity.visualscripting/Runtime/VisualScripting.State/IStateTransitionDebugData.cs
 0.1 kb	 0.0% Packages/com.unity.visualscripting/Runtime/VisualScripting.Flow/Ports/IUnitOutputPortDefinition.cs
 0.1 kb	 0.0% Packages/com.unity.visualscripting/Runtime/VisualScripting.Flow/Ports/IUnitControlPortDefinition.cs
 0.1 kb	 0.0% Packages/com.unity.visualscripting/Runtime/VisualScripting.Flow/Framework/Variables/Obsolete/IsApplicationVariableDefined.cs
 0.1 kb	 0.0% Packages/com.unity.visualscripting/Runtime/VisualScripting.Flow/Framework/Events/Hierarchy/OnTransformChildrenChanged.cs
 0.1 kb	 0.0% Packages/com.unity.visualscripting/Runtime/VisualScripting.Flow/Dependencies/NCalc/TernaryExpression.cs
 0.1 kb	 0.0% Packages/com.unity.visualscripting/Runtime/VisualScripting.Flow/Dependencies/NCalc/SerializationVisitor.cs
 0.1 kb	 0.0% Packages/com.unity.visualscripting/Runtime/VisualScripting.Flow/Dependencies/NCalc/LogicalExpression.cs
 0.1 kb	 0.0% Packages/com.unity.visualscripting/Runtime/VisualScripting.Flow/Dependencies/NCalc/IdentifierExpression.cs
 0.1 kb	 0.0% Packages/com.unity.visualscripting/Runtime/VisualScripting.Flow/Dependencies/NCalc/FunctionExpression.cs
 0.1 kb	 0.0% Packages/com.unity.visualscripting/Runtime/VisualScripting.Flow/Dependencies/NCalc/EvaluationVisitor.cs
 0.1 kb	 0.0% Packages/com.unity.visualscripting/Runtime/VisualScripting.Flow/Dependencies/NCalc/EvaluationException.cs
 0.1 kb	 0.0% Packages/com.unity.visualscripting/Runtime/VisualScripting.Core/Variables/VariableDeclarationsCloner.cs
 0.1 kb	 0.0% Packages/com.unity.visualscripting/Runtime/VisualScripting.Core/Utilities/ReferenceEqualityComparer.cs
 0.1 kb	 0.0% Packages/com.unity.visualscripting/Runtime/VisualScripting.Core/Unity/UnityObjectOwnershipUtility.cs
 0.1 kb	 0.0% Packages/com.unity.visualscripting/Runtime/VisualScripting.Core/Unity/RequiresUnityAPIAttribute.cs
 0.1 kb	 0.0% Packages/com.unity.visualscripting/Runtime/VisualScripting.Core/SerializedProperties/ISerializedPropertyProvider.cs
 0.1 kb	 0.0% Packages/com.unity.visualscripting/Runtime/VisualScripting.Core/Serialization/Converters/LooseAssemblyNameConverter.cs
 0.1 kb	 0.0% Packages/com.unity.visualscripting/Runtime/VisualScripting.Core/Reflection/RenamedNamespaceAttribute.cs
 0.1 kb	 0.0% Packages/com.unity.visualscripting/Runtime/VisualScripting.Core/Reflection/Optimization/ReflectionPropertyAccessor.cs
 0.1 kb	 0.0% Packages/com.unity.visualscripting/Runtime/VisualScripting.Core/Reflection/Operators/GreaterThanOrEqualHandler.cs
 0.1 kb	 0.0% Packages/com.unity.visualscripting/Runtime/VisualScripting.Core/Reflection/Operators/AmbiguousOperatorException.cs
 0.1 kb	 0.0% Packages/com.unity.visualscripting/Runtime/VisualScripting.Core/Profiling/ProfiledSegmentCollection.cs
 0.1 kb	 0.0% Packages/com.unity.visualscripting/Runtime/VisualScripting.Core/Listeners/UIInterfaces/UnityOnSubmitMessageListener.cs
 0.1 kb	 0.0% Packages/com.unity.visualscripting/Runtime/VisualScripting.Core/Listeners/UIInterfaces/UnityOnSelectMessageListener.cs
 0.1 kb	 0.0% Packages/com.unity.visualscripting/Runtime/VisualScripting.Core/Listeners/UIInterfaces/UnityOnScrollMessageListener.cs
 0.1 kb	 0.0% Packages/com.unity.visualscripting/Runtime/VisualScripting.Core/Listeners/UIInterfaces/UnityOnMoveMessageListener.cs
 0.1 kb	 0.0% Packages/com.unity.visualscripting/Runtime/VisualScripting.Core/Listeners/UIInterfaces/UnityOnDropMessageListener.cs
 0.1 kb	 0.0% Packages/com.unity.visualscripting/Runtime/VisualScripting.Core/Listeners/UIInterfaces/UnityOnDragMessageListener.cs
 0.1 kb	 0.0% Packages/com.unity.visualscripting/Runtime/VisualScripting.Core/Listeners/UIInterfaces/UnityOnCancelMessageListener.cs
 0.1 kb	 0.0% Packages/com.unity.visualscripting/Runtime/VisualScripting.Core/Graphs/MergedGraphElementCollection.cs
 0.1 kb	 0.0% Packages/com.unity.visualscripting/Runtime/VisualScripting.Core/Graphs/IGraphElementWithDebugData.cs
 0.1 kb	 0.0% Packages/com.unity.visualscripting/Runtime/VisualScripting.Core/Exceptions/InvalidConversionException.cs
 0.1 kb	 0.0% Packages/com.unity.visualscripting/Runtime/VisualScripting.Core/EditorBinding/WarnBeforeRemovingAttribute.cs
 0.1 kb	 0.0% Packages/com.unity.visualscripting/Runtime/VisualScripting.Core/EditorBinding/WarnBeforeEditingAttribute.cs
 0.1 kb	 0.0% Packages/com.unity.visualscripting/Runtime/VisualScripting.Core/EditorBinding/TypeIconPriorityAttribute.cs
 0.1 kb	 0.0% Packages/com.unity.visualscripting/Runtime/VisualScripting.Core/EditorBinding/Inspector/InspectorToggleLeftAttribute.cs
 0.1 kb	 0.0% Packages/com.unity.visualscripting/Runtime/VisualScripting.Core/EditorBinding/Inspector/InspectorTextAreaAttribute.cs
 0.1 kb	 0.0% Packages/com.unity.visualscripting/Runtime/VisualScripting.Core/EditorBinding/Inspector/InspectorDelayedAttribute.cs
 0.1 kb	 0.0% Packages/com.unity.visualscripting/Runtime/VisualScripting.Core/EditorBinding/IncludeInSettingsAttribute.cs
 0.1 kb	 0.0% Packages/com.unity.visualscripting/Runtime/VisualScripting.Core/EditorBinding/DisableAnnotationAttribute.cs
 0.1 kb	 0.0% Packages/com.unity.visualscripting/Runtime/VisualScripting.Core/Dependencies/FullSerializer/Internal/fsVersionedType.cs
 0.1 kb	 0.0% Packages/com.unity.visualscripting/Runtime/VisualScripting.Core/Dependencies/FullSerializer/Internal/fsVersionManager.cs
 0.1 kb	 0.0% Packages/com.unity.visualscripting/Runtime/VisualScripting.Core/Dependencies/FullSerializer/Internal/fsTypeExtensions.cs
 0.1 kb	 0.0% Packages/com.unity.visualscripting/Runtime/VisualScripting.Core/Connections/InvalidConnectionException.cs
 0.1 kb	 0.0% Packages/com.unity.test-framework/UnityEngine.TestRunner/Utils/QuaternionEqualityComparer.cs
 0.1 kb	 0.0% Packages/com.unity.test-framework/UnityEngine.TestRunner/Utils/AssemblyProvider/PlayerTestAssemblyProvider.cs
 0.1 kb	 0.0% Packages/com.unity.test-framework/UnityEngine.TestRunner/TestRunner/RuntimeTestRunnerFilter.cs
 0.1 kb	 0.0% Packages/com.unity.test-framework/UnityEngine.TestRunner/TestRunner/Callbacks/TestResultRenderer.cs
 0.1 kb	 0.0% Packages/com.unity.test-framework/UnityEngine.TestRunner/TestRunner/Callbacks/PlayerQuitHandler.cs
 0.1 kb	 0.0% Packages/com.unity.render-pipelines.universal/Textures/BayerMatrix.png
 0.1 kb	 0.0% Packages/com.unity.render-pipelines.universal/Runtime/RTHandleUtils.cs
 0.1 kb	 0.0% Packages/com.unity.render-pipelines.universal/Runtime/NativeRenderPass.cs
 0.1 kb	 0.0% Packages/com.unity.render-pipelines.universal/Runtime/External/LibTessDotNet/PriorityHeap.cs
 0.1 kb	 0.0% Packages/com.unity.render-pipelines.universal-config/Runtime/ShaderConfig.cs
 0.1 kb	 0.0% Packages/com.unity.render-pipelines.core/Runtime/XR/XRGraphicsAutomatedTests.cs
 0.1 kb	 0.0% Packages/com.unity.render-pipelines.core/Runtime/Textures/Texture2DAtlasDynamic.cs
 0.1 kb	 0.0% Packages/com.unity.render-pipelines.core/Runtime/Textures/PowerOfTwoTextureAtlas.cs
 0.1 kb	 0.0% Packages/com.unity.render-pipelines.core/Runtime/Textures/BufferedRTHandleSystem.cs
 0.1 kb	 0.0% Packages/com.unity.render-pipelines.core/Runtime/RenderPipeline/RenderPipelineResources.cs
 0.1 kb	 0.0% Packages/com.unity.render-pipelines.core/Runtime/RenderPipeline/IShaderVariantSettings.cs
 0.1 kb	 0.0% Packages/com.unity.render-pipelines.core/Runtime/PostProcessing/LensFlareComponentSRP.cs
 0.1 kb	 0.0% Packages/com.unity.render-pipelines.core/Runtime/Lighting/ProbeVolume/ProbeVolumePositioning.cs
 0.1 kb	 0.0% Packages/com.unity.render-pipelines.core/Runtime/Lighting/ProbeVolume/ProbeVolumePerSceneData.cs
 0.1 kb	 0.0% Packages/com.unity.render-pipelines.core/Runtime/Debugging/ShaderDebugPrintManager.cs
 0.1 kb	 0.0% Packages/com.unity.render-pipelines.core/Runtime/Debugging/Prefabs/Scripts/DebugUIHandlerVector4.cs
 0.1 kb	 0.0% Packages/com.unity.render-pipelines.core/Runtime/Debugging/Prefabs/Scripts/DebugUIHandlerVector3.cs
 0.1 kb	 0.0% Packages/com.unity.render-pipelines.core/Runtime/Debugging/Prefabs/Scripts/DebugUIHandlerVector2.cs
 0.1 kb	 0.0% Packages/com.unity.render-pipelines.core/Runtime/Debugging/Prefabs/Scripts/DebugUIHandlerValueTuple.cs
 0.1 kb	 0.0% Packages/com.unity.render-pipelines.core/Runtime/Debugging/Prefabs/Scripts/DebugUIHandlerUIntField.cs
 0.1 kb	 0.0% Packages/com.unity.render-pipelines.core/Runtime/Debugging/Prefabs/Scripts/DebugUIHandlerObjectList.cs
 0.1 kb	 0.0% Packages/com.unity.render-pipelines.core/Runtime/Debugging/Prefabs/Scripts/DebugUIHandlerMessageBox.cs
 0.1 kb	 0.0% Packages/com.unity.render-pipelines.core/Runtime/Debugging/Prefabs/Scripts/DebugUIHandlerIntField.cs
 0.1 kb	 0.0% Packages/com.unity.render-pipelines.core/Runtime/Debugging/Prefabs/Scripts/DebugUIHandlerFoldout.cs
 0.1 kb	 0.0% Packages/com.unity.render-pipelines.core/Runtime/Debugging/Prefabs/Scripts/DebugUIHandlerFloatField.cs
 0.1 kb	 0.0% Packages/com.unity.render-pipelines.core/Runtime/Debugging/Prefabs/Scripts/DebugUIHandlerEnumField.cs
 0.1 kb	 0.0% Packages/com.unity.render-pipelines.core/Runtime/Debugging/Prefabs/Scripts/DebugUIHandlerContainer.cs
 0.1 kb	 0.0% Packages/com.unity.render-pipelines.core/Runtime/Debugging/Prefabs/Scripts/DebugUIHandlerBitField.cs
 0.1 kb	 0.0% Packages/com.unity.render-pipelines.core/Runtime/Debugging/IDebugDisplaySettings.cs
 0.1 kb	 0.0% Packages/com.unity.render-pipelines.core/Runtime/Debugging/DebugDisplaySettingsUI.cs
 0.1 kb	 0.0% Packages/com.unity.render-pipelines.core/Runtime/Common/RemoveRange.Extensions.cs
 0.1 kb	 0.0% Packages/com.unity.render-pipelines.core/Runtime/Common/DynamicResolutionHandler.cs
 0.1 kb	 0.0% Packages/com.unity.collections/Unity.Collections/UnsafeNotBurstCompatible.cs
 0.1 kb	 0.0% Packages/com.unity.visualscripting/Runtime/VisualScripting.Core/Dependencies/FullSerializer/fsPropertyAttribute.cs
 0.1 kb	 0.0% Packages/com.unity.visualscripting/Runtime/VisualScripting.Core/Dependencies/FullSerializer/fsObjectProcessor.cs
 0.1 kb	 0.0% Packages/com.unity.visualscripting/Runtime/VisualScripting.Core/Dependencies/FullSerializer/fsObjectAttribute.cs
 0.1 kb	 0.0% Packages/com.unity.visualscripting/Runtime/VisualScripting.Core/Dependencies/FullSerializer/fsIgnoreAttribute.cs
 0.1 kb	 0.0% Packages/com.unity.visualscripting/Runtime/VisualScripting.Core/Dependencies/FullSerializer/fsDirectConverter.cs
 0.1 kb	 0.0% Packages/com.unity.visualscripting/Runtime/VisualScripting.Core/Dependencies/FullSerializer/fsConverterRegistrar.cs
 0.1 kb	 0.0% Packages/com.unity.visualscripting/Runtime/VisualScripting.Core/Dependencies/FullSerializer/Reflection/fsReflectionUtility.cs
 0.1 kb	 0.0% Packages/com.unity.visualscripting/Runtime/VisualScripting.Core/Dependencies/FullSerializer/Converters/fsReflectedConverter.cs
 0.1 kb	 0.0% Packages/com.unity.visualscripting/Runtime/VisualScripting.Core/Dependencies/FullSerializer/Converters/fsPrimitiveConverter.cs
 0.1 kb	 0.0% Packages/com.unity.visualscripting/Runtime/VisualScripting.Core/Dependencies/FullSerializer/Converters/fsNullableConverter.cs
 0.1 kb	 0.0% Packages/com.unity.visualscripting/Runtime/VisualScripting.Core/Dependencies/FullSerializer/Converters/fsForwardConverter.cs
 0.1 kb	 0.0% Packages/com.unity.visualscripting/Runtime/VisualScripting.Core/Dependencies/FullSerializer/Converters/Unity/Rect_DirectConverter.cs
 0.1 kb	 0.0% Packages/com.unity.test-framework/UnityEngine.TestRunner/Utils/PostBuildCleanupAttribute.cs
 0.1 kb	 0.0% Packages/com.unity.test-framework/UnityEngine.TestRunner/TestRunner/TestEnumeratorWrapper.cs
 0.1 kb	 0.0% Packages/com.unity.test-framework/UnityEngine.TestRunner/TestRunner/PlaymodeTestsController.cs
 0.1 kb	 0.0% Packages/com.unity.test-framework/UnityEngine.TestRunner/NUnitExtensions/TestResultExtensions.cs
 0.1 kb	 0.0% Packages/com.unity.test-framework/UnityEngine.TestRunner/NUnitExtensions/Runner/WorkItemFactory.cs
 0.1 kb	 0.0% Packages/com.unity.test-framework/UnityEngine.TestRunner/NUnitExtensions/Runner/UnityWorkItem.cs
 0.1 kb	 0.0% Packages/com.unity.test-framework/UnityEngine.TestRunner/NUnitExtensions/ITestSuiteModifier.cs
 0.1 kb	 0.0% Packages/com.unity.test-framework/UnityEngine.TestRunner/NUnitExtensions/Filters/FullNameFilter.cs
 0.1 kb	 0.0% Packages/com.unity.test-framework/UnityEngine.TestRunner/NUnitExtensions/ConstructDelegator.cs
 0.1 kb	 0.0% Packages/com.unity.test-framework/UnityEngine.TestRunner/NUnitExtensions/Commands/OuterUnityTestActionCommand.cs
 0.1 kb	 0.0% Packages/com.unity.test-framework/UnityEngine.TestRunner/NUnitExtensions/Commands/ImmediateEnumerableCommand.cs
 0.1 kb	 0.0% Packages/com.unity.test-framework/UnityEngine.TestRunner/NUnitExtensions/Commands/EnumerableTestMethodCommand.cs
 0.1 kb	 0.0% Packages/com.unity.test-framework/UnityEngine.TestRunner/NUnitExtensions/Commands/EnumerableRetryTestCommand.cs
 0.1 kb	 0.0% Packages/com.unity.test-framework/UnityEngine.TestRunner/NUnitExtensions/Commands/BeforeAfterTestCommandState.cs
 0.1 kb	 0.0% Packages/com.unity.test-framework/UnityEngine.TestRunner/NUnitExtensions/Attributes/UnityCombinatorialStrategy.cs
 0.1 kb	 0.0% Packages/com.unity.test-framework/UnityEngine.TestRunner/NUnitExtensions/Attributes/ConditionalIgnoreAttribute.cs
 0.1 kb	 0.0% Packages/com.unity.test-framework/UnityEngine.TestRunner/Assertions/ConstraintsExtensions.cs
 0.1 kb	 0.0% Packages/com.unity.render-pipelines.universal/Runtime/XR/XRPassUniversal.cs
 0.1 kb	 0.0% Packages/com.unity.render-pipelines.universal/Runtime/Tiling/LightMinMaxZJob.cs
 0.1 kb	 0.0% Packages/com.unity.render-pipelines.universal/Runtime/Tiling/InclusiveRange.cs
 0.1 kb	 0.0% Packages/com.unity.render-pipelines.universal/Runtime/RenderingUtils.cs
 0.1 kb	 0.0% Packages/com.unity.render-pipelines.universal/Runtime/RendererFeatures/FullScreenPassRendererFeature.cs
 0.1 kb	 0.0% Packages/com.unity.render-pipelines.universal/Runtime/PostProcessUtils.cs
 0.1 kb	 0.0% Packages/com.unity.render-pipelines.universal/Runtime/Passes/PostProcessPass.cs
 0.1 kb	 0.0% Packages/com.unity.render-pipelines.universal/Runtime/Passes/HDRDebugViewPass.cs
 0.1 kb	 0.0% Packages/com.unity.render-pipelines.universal/Runtime/Passes/GBufferPass.cs
 0.1 kb	 0.0% Packages/com.unity.render-pipelines.universal/Runtime/Passes/DrawSkyboxPass.cs
 0.1 kb	 0.0% Packages/com.unity.render-pipelines.universal/Runtime/Passes/DeferredPass.cs
 0.1 kb	 0.0% Packages/com.unity.render-pipelines.universal/Runtime/Overrides/PaniniProjection.cs
 0.1 kb	 0.0% Packages/com.unity.render-pipelines.universal/Runtime/Overrides/LiftGammaGain.cs
 0.1 kb	 0.0% Packages/com.unity.render-pipelines.universal/Runtime/Overrides/LensDistortion.cs
 0.1 kb	 0.0% Packages/com.unity.render-pipelines.universal/Runtime/Overrides/ColorAdjustments.cs
 0.1 kb	 0.0% Packages/com.unity.render-pipelines.universal/Runtime/Memory/BuddyAllocator.cs
 0.1 kb	 0.0% Packages/com.unity.render-pipelines.universal/Runtime/Documentation.cs
 0.1 kb	 0.0% Packages/com.unity.render-pipelines.universal/Runtime/Deprecated.cs
 0.1 kb	 0.0% Packages/com.unity.render-pipelines.universal/Runtime/Decal/Entities/DecalDrawSystem.cs
 0.1 kb	 0.0% Packages/com.unity.render-pipelines.universal/Runtime/Decal/DecalProjector.cs
 0.1 kb	 0.0% Packages/com.unity.render-pipelines.universal/Runtime/Decal/DecalPreviewPass.cs
 0.1 kb	 0.0% Packages/com.unity.render-pipelines.universal/Runtime/Debug/DebugRenderSetup.cs
 0.1 kb	 0.0% Packages/com.unity.render-pipelines.universal/Runtime/Data/RenderStateData.cs
 0.1 kb	 0.0% Packages/com.unity.render-pipelines.universal/Runtime/Data/PostProcessData.cs
 0.1 kb	 0.0% Packages/com.unity.render-pipelines.universal/Runtime/ComponentUtility.cs
 0.1 kb	 0.0% Packages/com.unity.render-pipelines.universal/Runtime/2D/UTess2D/Tessellator.cs
 0.1 kb	 0.0% Packages/com.unity.render-pipelines.universal/Runtime/2D/UTess2D/PlanarGraph.cs
 0.1 kb	 0.0% Packages/com.unity.render-pipelines.universal/Runtime/2D/Shadows/ShadowUtility.cs
 0.1 kb	 0.0% Packages/com.unity.render-pipelines.universal/Runtime/2D/Shadows/ShadowRendering.cs
 0.1 kb	 0.0% Packages/com.unity.render-pipelines.universal/Runtime/2D/Shadows/ShadowCaster2D.cs
 0.1 kb	 0.0% Packages/com.unity.render-pipelines.universal/Runtime/2D/Renderer2DData.cs
 0.1 kb	 0.0% Packages/com.unity.render-pipelines.universal/Runtime/2D/Passes/Utility/RendererLighting.cs
 0.1 kb	 0.0% Packages/com.unity.render-pipelines.universal/Runtime/2D/Passes/IRenderPass2D.cs
 0.1 kb	 0.0% Packages/com.unity.render-pipelines.universal/Runtime/2D/Light2DManager.cs
 0.1 kb	 0.0% Packages/com.unity.render-pipelines.core/Runtime/XR/XROcclusionMesh.cs
 0.1 kb	 0.0% Packages/com.unity.render-pipelines.core/Runtime/Lighting/ProbeVolume/ProbeReferenceVolume.Debug.cs
 0.1 kb	 0.0% Packages/com.unity.collections/Unity.Collections/UnsafeScratchAllocator.cs
 0.1 kb	 0.0% Packages/com.unity.collections/Unity.Collections/UnsafeHashSetExtensions.gen.cs
 0.1 kb	 0.0% Packages/com.unity.2d.animation/Runtime/SpriteSkinUpdateHelper.cs
 0.1 kb	 0.0% Packages/com.unity.2d.animation/Runtime/SpriteLib/SpriteLibrarySourceAsset.cs
 0.1 kb	 0.0% Packages/com.unity.2d.animation/Runtime/SpriteLib/SpriteLibraryData.cs
 0.1 kb	 0.0% Packages/com.unity.2d.animation/Runtime/SpriteLib/ISpriteLibraryCategory.cs
 0.1 kb	 0.0% Packages/com.unity.visualscripting/Runtime/VisualScripting.State/TriggerStateTransition.cs
 0.1 kb	 0.0% Packages/com.unity.visualscripting/Runtime/VisualScripting.State/INesterStateTransition.cs
 0.1 kb	 0.0% Packages/com.unity.visualscripting/Runtime/VisualScripting.Flow/UnitCategoryConverter.cs
 0.1 kb	 0.0% Packages/com.unity.visualscripting/Runtime/VisualScripting.Flow/Ports/ValueOutputDefinition.cs
 0.1 kb	 0.0% Packages/com.unity.visualscripting/Runtime/VisualScripting.Flow/Ports/IUnitValuePortDefinition.cs
 0.1 kb	 0.0% Packages/com.unity.visualscripting/Runtime/VisualScripting.Flow/Ports/IUnitInputPortDefinition.cs
 0.1 kb	 0.0% Packages/com.unity.visualscripting/Runtime/VisualScripting.Flow/Ports/ControlPortDefinition.cs
 0.1 kb	 0.0% Packages/com.unity.visualscripting/Runtime/VisualScripting.Flow/Ports/ControlOutputDefinition.cs
 0.1 kb	 0.0% Packages/com.unity.visualscripting/Runtime/VisualScripting.Flow/Ports/ControlInputDefinition.cs
 0.1 kb	 0.0% Packages/com.unity.visualscripting/Runtime/VisualScripting.Flow/Framework/Variables/Obsolete/SetApplicationVariable.cs
 0.1 kb	 0.0% Packages/com.unity.visualscripting/Runtime/VisualScripting.Flow/Framework/Variables/Obsolete/IsVariableDefinedUnit.cs
 0.1 kb	 0.0% Packages/com.unity.visualscripting/Runtime/VisualScripting.Flow/Framework/Variables/Obsolete/IsSceneVariableDefined.cs
 0.1 kb	 0.0% Packages/com.unity.visualscripting/Runtime/VisualScripting.Flow/Framework/Variables/Obsolete/IsSavedVariableDefined.cs
 0.1 kb	 0.0% Packages/com.unity.visualscripting/Runtime/VisualScripting.Flow/Framework/Variables/Obsolete/IsObjectVariableDefined.cs
 0.1 kb	 0.0% Packages/com.unity.visualscripting/Runtime/VisualScripting.Flow/Framework/Variables/Obsolete/IsGraphVariableDefined.cs
 0.1 kb	 0.0% Packages/com.unity.visualscripting/Runtime/VisualScripting.Flow/Framework/Variables/Obsolete/IApplicationVariableUnit.cs
 0.1 kb	 0.0% Packages/com.unity.visualscripting/Runtime/VisualScripting.Flow/Framework/Variables/Obsolete/GetApplicationVariable.cs
 0.1 kb	 0.0% Packages/com.unity.visualscripting/Runtime/VisualScripting.Flow/Framework/Time/WaitForEndOfFrameUnit.cs
 0.1 kb	 0.0% Packages/com.unity.visualscripting/Runtime/VisualScripting.Flow/Framework/Logic/NotApproximatelyEqual.cs
 0.1 kb	 0.0% Packages/com.unity.visualscripting/Runtime/VisualScripting.Flow/Framework/Events/Physics/OnControllerColliderHit.cs
 0.1 kb	 0.0% Packages/com.unity.visualscripting/Runtime/VisualScripting.Flow/Framework/Events/Hierarchy/OnTransformParentChanged.cs
 0.1 kb	 0.0% Packages/com.unity.visualscripting/Runtime/VisualScripting.Flow/Framework/Events/GUI/OnScrollbarValueChanged.cs
 0.1 kb	 0.0% Packages/com.unity.visualscripting/Runtime/VisualScripting.Flow/Framework/Events/GUI/OnScrollRectValueChanged.cs
 0.1 kb	 0.0% Packages/com.unity.visualscripting/Runtime/VisualScripting.Flow/Framework/Events/GUI/OnInputFieldValueChanged.cs
 0.1 kb	 0.0% Packages/com.unity.visualscripting/Runtime/VisualScripting.Flow/Framework/Events/GUI/OnDropdownValueChanged.cs
 0.1 kb	 0.0% Packages/com.unity.visualscripting/Runtime/VisualScripting.Flow/Framework/Events/Application/OnApplicationLostFocus.cs
 0.1 kb	 0.0% Packages/com.unity.visualscripting/Runtime/VisualScripting.Flow/Framework/Events/Animation/BoltNamedAnimationEvent.cs
 0.1 kb	 0.0% Packages/com.unity.visualscripting/Runtime/VisualScripting.Flow/Framework/Collections/Dictionaries/DictionaryContainsKey.cs
 0.1 kb	 0.0% Packages/com.unity.visualscripting/Runtime/VisualScripting.Flow/EditorBinding/UnitSurtitleAttribute.cs
 0.1 kb	 0.0% Packages/com.unity.visualscripting/Runtime/VisualScripting.Flow/EditorBinding/UnitSubtitleAttribute.cs
 0.1 kb	 0.0% Packages/com.unity.visualscripting/Runtime/VisualScripting.Flow/EditorBinding/UnitShortTitleAttribute.cs
 0.1 kb	 0.0% Packages/com.unity.visualscripting/Runtime/VisualScripting.Flow/EditorBinding/UnitFooterPortsAttribute.cs
 0.1 kb	 0.0% Packages/com.unity.visualscripting/Runtime/VisualScripting.Flow/EditorBinding/PortLabelHiddenAttribute.cs
 0.1 kb	 0.0% Packages/com.unity.visualscripting/Runtime/VisualScripting.Flow/Dependencies/NCalc/ValueExpression.cs
 0.1 kb	 0.0% Packages/com.unity.visualscripting/Runtime/VisualScripting.Flow/Dependencies/NCalc/UnaryExpression.cs
 0.1 kb	 0.0% Packages/com.unity.visualscripting/Runtime/VisualScripting.Flow/Dependencies/NCalc/ParameterArgs.cs
 0.1 kb	 0.0% Packages/com.unity.visualscripting/Runtime/VisualScripting.Flow/Dependencies/NCalc/BinaryExpression.cs
 0.1 kb	 0.0% Packages/com.unity.visualscripting/Runtime/VisualScripting.Flow/Connections/UnitConnectionDebugData.cs
 0.1 kb	 0.0% Packages/com.unity.visualscripting/Runtime/VisualScripting.Flow/Connections/IUnitConnectionDebugData.cs
 0.1 kb	 0.0% Packages/com.unity.visualscripting/Runtime/VisualScripting.Core/Variables/VariableKindAttribute.cs
 0.1 kb	 0.0% Packages/com.unity.visualscripting/Runtime/VisualScripting.Core/Variables/IGraphDataWithVariables.cs
 0.1 kb	 0.0% Packages/com.unity.visualscripting/Runtime/VisualScripting.Core/Utilities/RuntimeVSUsageUtility.cs
 0.1 kb	 0.0% Packages/com.unity.visualscripting/Runtime/VisualScripting.Core/Utilities/IAnalyticsIdentifiable.cs
 0.1 kb	 0.0% Packages/com.unity.visualscripting/Runtime/VisualScripting.Core/Utilities/ComponentHolderProtocol.cs
 0.1 kb	 0.0% Packages/com.unity.visualscripting/Runtime/VisualScripting.Core/Unity/MacroScriptableObject.cs
 0.1 kb	 0.0% Packages/com.unity.visualscripting/Runtime/VisualScripting.Core/Unity/LudiqScriptableObject.cs
 0.1 kb	 0.0% Packages/com.unity.visualscripting/Runtime/VisualScripting.Core/Serialization/SerializationOperation.cs
 0.1 kb	 0.0% Packages/com.unity.visualscripting/Runtime/VisualScripting.Core/Serialization/ISerializationDepender.cs
 0.1 kb	 0.0% Packages/com.unity.visualscripting/Runtime/VisualScripting.Core/Serialization/ISerializationDependency.cs
 0.1 kb	 0.0% Packages/com.unity.visualscripting/Runtime/VisualScripting.Core/Serialization/DoNotSerializeAttribute.cs
 0.1 kb	 0.0% Packages/com.unity.visualscripting/Runtime/VisualScripting.Core/Reflection/RenamedAssemblyAttribute.cs
 0.1 kb	 0.0% Packages/com.unity.visualscripting/Runtime/VisualScripting.Core/Reflection/Optimization/StaticActionInvokerBase.cs
 0.1 kb	 0.0% Packages/com.unity.visualscripting/Runtime/VisualScripting.Core/Reflection/Optimization/ReflectionFieldAccessor.cs
 0.1 kb	 0.0% Packages/com.unity.visualscripting/Runtime/VisualScripting.Core/Reflection/Operators/NumericNegationHandler.cs
 0.1 kb	 0.0% Packages/com.unity.visualscripting/Runtime/VisualScripting.Core/Reflection/Operators/MultiplicationHandler.cs
 0.1 kb	 0.0% Packages/com.unity.visualscripting/Runtime/VisualScripting.Core/Reflection/Operators/LogicalNegationHandler.cs
 0.1 kb	 0.0% Packages/com.unity.visualscripting/Runtime/VisualScripting.Core/Reflection/Operators/LessThanOrEqualHandler.cs
 0.1 kb	 0.0% Packages/com.unity.visualscripting/Runtime/VisualScripting.Core/Reflection/Operators/InvalidOperatorException.cs
 0.1 kb	 0.0% Packages/com.unity.visualscripting/Runtime/VisualScripting.Core/Reflection/Operators/BinaryOperatorHandler.cs
 0.1 kb	 0.0% Packages/com.unity.visualscripting/Runtime/VisualScripting.Core/Reflection/GenericClosingException.cs
 0.1 kb	 0.0% Packages/com.unity.visualscripting/Runtime/VisualScripting.Core/Platforms/AotIncompatibleAttribute.cs
 0.1 kb	 0.0% Packages/com.unity.visualscripting/Runtime/VisualScripting.Core/Listeners/IGraphEventListenerData.cs
 0.1 kb	 0.0% Packages/com.unity.visualscripting/Runtime/VisualScripting.Core/Listeners/GlobalMessageListener.cs
 0.1 kb	 0.0% Packages/com.unity.visualscripting/Runtime/VisualScripting.Core/Listeners/AnimatorMessageListener.cs
 0.1 kb	 0.0% Packages/com.unity.visualscripting/Runtime/VisualScripting.Core/Graphs/IGraphElementWithData.cs
 0.1 kb	 0.0% Packages/com.unity.visualscripting/Runtime/VisualScripting.Core/Graphs/IGraphElementDebugData.cs
 0.1 kb	 0.0% Packages/com.unity.visualscripting/Runtime/VisualScripting.Core/Graphs/GraphsExceptionUtility.cs
 0.1 kb	 0.0% Packages/com.unity.visualscripting/Runtime/VisualScripting.Core/Graphs/GraphPointerException.cs
 0.1 kb	 0.0% Packages/com.unity.visualscripting/Runtime/VisualScripting.Core/EditorBinding/NullMeansSelfAttribute.cs
 0.1 kb	 0.0% Packages/com.unity.visualscripting/Runtime/VisualScripting.Core/EditorBinding/Inspector/InspectorWideAttribute.cs
 0.1 kb	 0.0% Packages/com.unity.visualscripting/Runtime/VisualScripting.Core/EditorBinding/Inspector/InspectorRangeAttribute.cs
 0.1 kb	 0.0% Packages/com.unity.visualscripting/Runtime/VisualScripting.Core/EditorBinding/Inspector/InspectorLabelAttribute.cs
 0.1 kb	 0.0% Packages/com.unity.visualscripting/Runtime/VisualScripting.Core/EditorBinding/InspectableIfAttribute.cs
 0.1 kb	 0.0% Packages/com.unity.visualscripting/Runtime/VisualScripting.Core/EditorBinding/IInspectableAttribute.cs
 0.1 kb	 0.0% Packages/com.unity.visualscripting/Runtime/VisualScripting.Core/EditorBinding/ExpectedTypeAttribute.cs
 0.1 kb	 0.0% Packages/com.unity.visualscripting/Runtime/VisualScripting.Core/Collections/INotifiedCollectionItem.cs
 0.1 kb	 0.0% Packages/com.unity.visualscripting/Runtime/VisualScripting.Core/Cloning/Cloners/FakeSerializationCloner.cs
 0.1 kb	 0.0% Packages/com.unity.timeline/Runtime/Animation/AnimationPreviewUpdateCallback.cs
 0.1 kb	 0.0% Packages/com.unity.timeline/Runtime/Animation/AnimationOutputWeightProcessor.cs
 0.1 kb	 0.0% Packages/com.unity.textmeshpro/Scripts/Runtime/TMP_SpriteAssetImportFormats.cs
 0.1 kb	 0.0% Packages/com.unity.test-framework/UnityEngine.TestRunner/Utils/Vector4EqualityComparer.cs
 0.1 kb	 0.0% Packages/com.unity.test-framework/UnityEngine.TestRunner/Utils/Vector3EqualityComparer.cs
 0.1 kb	 0.0% Packages/com.unity.test-framework/UnityEngine.TestRunner/Utils/Vector2EqualityComparer.cs
 0.1 kb	 0.0% Packages/com.unity.test-framework/UnityEngine.TestRunner/Utils/TestRunCallbackListener.cs
 0.1 kb	 0.0% Packages/com.unity.test-framework/UnityEngine.TestRunner/Utils/PrebuildSceneSetupAttribute.cs
 0.1 kb	 0.0% Packages/com.unity.test-framework/UnityEngine.TestRunner/Utils/FloatEqualityComparer.cs
 0.1 kb	 0.0% Packages/com.unity.test-framework/UnityEngine.TestRunner/Utils/ColorEqualityComparer.cs
 0.1 kb	 0.0% Packages/com.unity.test-framework/UnityEngine.TestRunner/Utils/AssemblyProvider/ScriptingRuntimeProxy.cs
 0.1 kb	 0.0% Packages/com.unity.test-framework/UnityEngine.TestRunner/Utils/AssemblyProvider/IScriptingRuntimeProxy.cs
 0.1 kb	 0.0% Packages/com.unity.test-framework/UnityEngine.TestRunner/TestRunner/SynchronousFilter.cs
 0.1 kb	 0.0% Packages/com.unity.test-framework/UnityEngine.TestRunner/TestRunner/RemoteHelpers/RemoteTestResultData.cs
 0.1 kb	 0.0% Packages/com.unity.shadergraph/ShaderGraphLibrary/DummyShaderGraphLibrary.cs
 0.1 kb	 0.0% Packages/com.unity.render-pipelines.universal/ShaderLibrary/ShaderTypes.cs
 0.1 kb	 0.0% Packages/com.unity.render-pipelines.universal/ShaderLibrary/Deprecated.cs
 0.1 kb	 0.0% Packages/com.unity.render-pipelines.universal/Runtime/Tiling/TileSize.cs
 0.1 kb	 0.0% Packages/com.unity.render-pipelines.universal/Runtime/External/LibTessDotNet/Sweep.cs
 0.1 kb	 0.0% Packages/com.unity.render-pipelines.core/Runtime/Utilities/SceneRenderPipeline.cs
 0.1 kb	 0.0% Packages/com.unity.render-pipelines.core/Runtime/Utilities/MaterialQuality.cs
 0.1 kb	 0.0% Packages/com.unity.render-pipelines.core/Runtime/Utilities/CameraCaptureBridge.cs
 0.1 kb	 0.0% Packages/com.unity.render-pipelines.core/Runtime/ShaderGenerator/ShaderGeneratorAttributes.cs
 0.1 kb	 0.0% Packages/com.unity.render-pipelines.core/Runtime/PostProcessing/LensFlareCommonSRP.cs
 0.1 kb	 0.0% Packages/com.unity.render-pipelines.core/Runtime/LookDev/IDataProvider.cs
 0.1 kb	 0.0% Packages/com.unity.render-pipelines.core/Runtime/Lighting/SphericalHarmonics.cs
 0.1 kb	 0.0% Packages/com.unity.render-pipelines.core/Runtime/Lighting/ProbeVolume/ProbeVolumeSceneData.cs
 0.1 kb	 0.0% Packages/com.unity.render-pipelines.core/Runtime/Lighting/ProbeVolume/ProbeVolumeGIContributor.cs
 0.1 kb	 0.0% Packages/com.unity.render-pipelines.core/Runtime/Lighting/ProbeVolume/ProbeTouchupVolume.cs
 0.1 kb	 0.0% Packages/com.unity.render-pipelines.core/Runtime/Lighting/ProbeVolume/ProbeReferenceVolume.cs
 0.1 kb	 0.0% Packages/com.unity.render-pipelines.core/Runtime/Documentation.cs
 0.1 kb	 0.0% Packages/com.unity.render-pipelines.core/Runtime/Debugging/Prefabs/Scripts/DebugUIHandlerWidget.cs
 0.1 kb	 0.0% Packages/com.unity.render-pipelines.core/Runtime/Debugging/Prefabs/Scripts/DebugUIHandlerValue.cs
 0.1 kb	 0.0% Packages/com.unity.render-pipelines.core/Runtime/Debugging/Prefabs/Scripts/DebugUIHandlerVBox.cs
 0.1 kb	 0.0% Packages/com.unity.render-pipelines.core/Runtime/Debugging/Prefabs/Scripts/DebugUIHandlerToggle.cs
 0.1 kb	 0.0% Packages/com.unity.render-pipelines.core/Runtime/Debugging/Prefabs/Scripts/DebugUIHandlerRow.cs
 0.1 kb	 0.0% Packages/com.unity.render-pipelines.core/Runtime/Debugging/Prefabs/Scripts/DebugUIHandlerPanel.cs
 0.1 kb	 0.0% Packages/com.unity.render-pipelines.core/Runtime/Debugging/Prefabs/Scripts/DebugUIHandlerObject.cs
 0.1 kb	 0.0% Packages/com.unity.render-pipelines.core/Runtime/Debugging/Prefabs/Scripts/DebugUIHandlerHBox.cs
 0.1 kb	 0.0% Packages/com.unity.render-pipelines.core/Runtime/Debugging/Prefabs/Scripts/DebugUIHandlerGroup.cs
 0.1 kb	 0.0% Packages/com.unity.render-pipelines.core/Runtime/Debugging/Prefabs/Scripts/DebugUIHandlerColor.cs
 0.1 kb	 0.0% Packages/com.unity.render-pipelines.core/Runtime/Debugging/Prefabs/Scripts/DebugUIHandlerCanvas.cs
 0.1 kb	 0.0% Packages/com.unity.render-pipelines.core/Runtime/Debugging/Prefabs/Scripts/DebugUIHandlerButton.cs
 0.1 kb	 0.0% Packages/com.unity.render-pipelines.core/Runtime/Debugging/MousePositionDebug.cs
 0.1 kb	 0.0% Packages/com.unity.render-pipelines.core/Runtime/Debugging/IVolumeDebugSettings.cs
 0.1 kb	 0.0% Packages/com.unity.render-pipelines.core/Runtime/Debugging/FrameTiming/FrameTimeBottleneck.cs
 0.1 kb	 0.0% Packages/com.unity.render-pipelines.core/Runtime/Common/Swap.Extensions.cs
 0.1 kb	 0.0% Packages/com.unity.render-pipelines.core/Runtime/Common/CommandBufferPool.cs
 0.1 kb	 0.0% Packages/com.unity.collections/Unity.Collections/UnsafeAtomicCounter.cs
 0.1 kb	 0.0% Packages/com.unity.2d.spriteshape/Runtime/SpriteShapeGeometryModifier.cs
 0.1 kb	 0.0% Packages/com.unity.2d.spriteshape/Runtime/SpriteShapeGeometryCreator.cs
 0.1 kb	 0.0% Packages/com.unity.2d.spriteshape/Runtime/SpriteShapeDefaultCreator.cs
 0.1 kb	 0.0% Packages/com.unity.2d.common/Runtime/InternalBridge/InternalEngineBridge.cs
 0.1 kb	 0.0% Assets/TextMesh Pro/Resources/LineBreaking Leading Characters.txt
 0.1 kb	 0.0% Packages/com.unity.visualscripting/Runtime/VisualScripting.Core/Reflection/Optimization/StaticActionInvoker_5.cs
 0.1 kb	 0.0% Packages/com.unity.visualscripting/Runtime/VisualScripting.Core/Reflection/Optimization/StaticActionInvoker_4.cs
 0.1 kb	 0.0% Packages/com.unity.visualscripting/Runtime/VisualScripting.Core/Reflection/Optimization/StaticActionInvoker_3.cs
 0.1 kb	 0.0% Packages/com.unity.visualscripting/Runtime/VisualScripting.Core/Reflection/Optimization/StaticActionInvoker_2.cs
 0.1 kb	 0.0% Packages/com.unity.visualscripting/Runtime/VisualScripting.Core/Reflection/Optimization/StaticActionInvoker_1.cs
 0.1 kb	 0.0% Packages/com.unity.visualscripting/Runtime/VisualScripting.Core/Reflection/Optimization/StaticActionInvoker_0.cs
 0.1 kb	 0.0% Packages/com.unity.visualscripting/Runtime/VisualScripting.Core/Ensure/EnsureThat.NullableValueTypes.cs
 0.1 kb	 0.0% Packages/com.unity.visualscripting/Runtime/VisualScripting.Core/Dependencies/FullSerializer/fsJsonPrinter.cs
 0.1 kb	 0.0% Packages/com.unity.visualscripting/Runtime/VisualScripting.Core/Dependencies/FullSerializer/fsBaseConverter.cs
 0.1 kb	 0.0% Packages/com.unity.visualscripting/Runtime/VisualScripting.Core/Dependencies/FullSerializer/Reflection/fsMetaProperty.cs
 0.1 kb	 0.0% Packages/com.unity.visualscripting/Runtime/VisualScripting.Core/Dependencies/FullSerializer/Converters/fsTypeConverter.cs
 0.1 kb	 0.0% Packages/com.unity.visualscripting/Runtime/VisualScripting.Core/Dependencies/FullSerializer/Converters/fsGuidConverter.cs
 0.1 kb	 0.0% Packages/com.unity.visualscripting/Runtime/VisualScripting.Core/Dependencies/FullSerializer/Converters/fsEnumConverter.cs
 0.1 kb	 0.0% Packages/com.unity.visualscripting/Runtime/VisualScripting.Core/Dependencies/FullSerializer/Converters/fsDateConverter.cs
 0.1 kb	 0.0% Packages/com.unity.visualscripting/Runtime/VisualScripting.Core/Dependencies/FullSerializer/Converters/fsArrayConverter.cs
 0.1 kb	 0.0% Packages/com.unity.ugui/Runtime/UI/Core/Layout/HorizontalOrVerticalLayoutGroup.cs
 0.1 kb	 0.0% Packages/com.unity.test-framework/UnityEngine.TestRunner/Utils/TestRunCallbackAttribute.cs
 0.1 kb	 0.0% Packages/com.unity.test-framework/UnityEngine.TestRunner/Utils/IOuterUnityTestAction.cs
 0.1 kb	 0.0% Packages/com.unity.test-framework/UnityEngine.TestRunner/TestRunner/TestListenerWrapper.cs
 0.1 kb	 0.0% Packages/com.unity.test-framework/UnityEngine.TestRunner/TestRunner/ITestRunnerListener.cs
 0.1 kb	 0.0% Packages/com.unity.test-framework/UnityEngine.TestRunner/NUnitExtensions/TestExtensions.cs
 0.1 kb	 0.0% Packages/com.unity.test-framework/UnityEngine.TestRunner/NUnitExtensions/Runner/FailCommand.cs
 0.1 kb	 0.0% Packages/com.unity.test-framework/UnityEngine.TestRunner/NUnitExtensions/IStateSerializer.cs
 0.1 kb	 0.0% Packages/com.unity.test-framework/UnityEngine.TestRunner/NUnitExtensions/Commands/UnityTestMethodCommand.cs
 0.1 kb	 0.0% Packages/com.unity.test-framework/UnityEngine.TestRunner/NUnitExtensions/BaseDelegator.cs
 0.1 kb	 0.0% Packages/com.unity.test-framework/UnityEngine.TestRunner/NUnitExtensions/Attributes/UnityTearDownAttribute.cs
 0.1 kb	 0.0% Packages/com.unity.test-framework/UnityEngine.TestRunner/NUnitExtensions/Attributes/UnityPlatformAttribute.cs
 0.1 kb	 0.0% Packages/com.unity.test-framework/UnityEngine.TestRunner/NUnitExtensions/ActionDelegator.cs
 0.1 kb	 0.0% Packages/com.unity.render-pipelines.universal/Runtime/Tiling/ZBinningJob.cs
 0.1 kb	 0.0% Packages/com.unity.render-pipelines.universal/Runtime/Tiling/TilingJob.cs
 0.1 kb	 0.0% Packages/com.unity.render-pipelines.universal/Runtime/TemporalAA.cs
 0.1 kb	 0.0% Packages/com.unity.render-pipelines.universal/Runtime/ShadowUtils.cs
 0.1 kb	 0.0% Packages/com.unity.render-pipelines.universal/Runtime/ShaderUtils.cs
 0.1 kb	 0.0% Packages/com.unity.render-pipelines.universal/Runtime/ShaderData.cs
 0.1 kb	 0.0% Packages/com.unity.render-pipelines.universal/Runtime/Passes/CapturePass.cs
 0.1 kb	 0.0% Packages/com.unity.render-pipelines.universal/Runtime/Overrides/WhiteBalance.cs
 0.1 kb	 0.0% Packages/com.unity.render-pipelines.universal/Runtime/Overrides/Tonemapping.cs
 0.1 kb	 0.0% Packages/com.unity.render-pipelines.universal/Runtime/Overrides/SplitToning.cs
 0.1 kb	 0.0% Packages/com.unity.render-pipelines.universal/Runtime/Overrides/MotionBlur.cs
 0.1 kb	 0.0% Packages/com.unity.render-pipelines.universal/Runtime/Overrides/FilmGrain.cs
 0.1 kb	 0.0% Packages/com.unity.render-pipelines.universal/Runtime/Overrides/DepthOfField.cs
 0.1 kb	 0.0% Packages/com.unity.render-pipelines.universal/Runtime/Overrides/ColorLookup.cs
 0.1 kb	 0.0% Packages/com.unity.render-pipelines.universal/Runtime/Overrides/ColorCurves.cs
 0.1 kb	 0.0% Packages/com.unity.render-pipelines.universal/Runtime/Overrides/ChannelMixer.cs
 0.1 kb	 0.0% Packages/com.unity.render-pipelines.universal/Runtime/External/LibTessDotNet/Tess.cs
 0.1 kb	 0.0% Packages/com.unity.render-pipelines.universal/Runtime/External/LibTessDotNet/Mesh.cs
 0.1 kb	 0.0% Packages/com.unity.render-pipelines.universal/Runtime/External/LibTessDotNet/Geom.cs
 0.1 kb	 0.0% Packages/com.unity.render-pipelines.universal/Runtime/Decal/Entities/DecalChunk.cs
 0.1 kb	 0.0% Packages/com.unity.render-pipelines.universal/Runtime/Debug/DebugHandler.cs
 0.1 kb	 0.0% Packages/com.unity.render-pipelines.universal/Runtime/Data/XRSystemData.cs
 0.1 kb	 0.0% Packages/com.unity.render-pipelines.universal/Runtime/2D/UTess2D/UTess.cs
 0.1 kb	 0.0% Packages/com.unity.render-pipelines.universal/Runtime/2D/UTess2D/Smoothen.cs
 0.1 kb	 0.0% Packages/com.unity.render-pipelines.universal/Runtime/2D/UTess2D/Refinery.cs
 0.1 kb	 0.0% Packages/com.unity.render-pipelines.universal/Runtime/2D/Renderer2D.cs
 0.1 kb	 0.0% Packages/com.unity.render-pipelines.universal/Runtime/2D/Passes/Utility/LayerUtility.cs
 0.1 kb	 0.0% Packages/com.unity.render-pipelines.universal/Runtime/2D/Passes/UpscalePass.cs
 0.1 kb	 0.0% Packages/com.unity.render-pipelines.universal/Runtime/2D/LightUtility.cs
 0.1 kb	 0.0% Packages/com.unity.render-pipelines.core/Runtime/XR/XRMirrorView.cs
 0.1 kb	 0.0% Packages/com.unity.render-pipelines.core/Runtime/Lighting/ProbeVolume/ProbeIndexOfIndices.cs
 0.1 kb	 0.0% Packages/com.unity.render-pipelines.core/Runtime/Common/CoreAttributes.cs
 0.1 kb	 0.0% Packages/com.unity.collections/Unity.Collections/UnsafeUtilityEx.cs
 0.1 kb	 0.0% Packages/com.unity.collections/Unity.Collections/UnsafeHashMap.cs
 0.1 kb	 0.0% Packages/com.unity.collections/Unity.Collections/UnsafeAppendBuffer.cs
 0.1 kb	 0.0% Packages/com.unity.2d.pixel-perfect/Runtime/PixelPerfectCameraInternal.cs
 0.1 kb	 0.0% Packages/com.unity.2d.common/Runtime/InternalBridge/IAnimationPreviewable.cs
 0.1 kb	 0.0% Packages/com.unity.2d.animation/Runtime/TransformAccessJob.cs
 0.1 kb	 0.0% Packages/com.unity.2d.animation/Runtime/SpriteSkinUtility.cs
 0.1 kb	 0.0% Packages/com.unity.2d.animation/Runtime/SpriteSkinComposite.cs
 0.1 kb	 0.0% Packages/com.unity.2d.animation/Runtime/SpriteLib/SpriteLibraryUtility.cs
 0.1 kb	 0.0% Packages/com.unity.2d.animation/Runtime/SpriteLib/SpriteLibraryAsset.cs
 0.1 kb	 0.0% Packages/com.unity.2d.animation/Runtime/SpriteLib/ISpriteLibraryLabel.cs
 0.1 kb	 0.0% Packages/com.unity.2d.animation/Runtime/NativeArrayHelper.cs
 0.1 kb	 0.0% Packages/com.unity.visualscripting/Runtime/VisualScripting.State/FlowStateTransition.cs
 0.1 kb	 0.0% Packages/com.unity.visualscripting/Runtime/VisualScripting.Flow/Ports/ValuePortDefinition.cs
 0.1 kb	 0.0% Packages/com.unity.visualscripting/Runtime/VisualScripting.Flow/Ports/ValueInputDefinition.cs
 0.1 kb	 0.0% Packages/com.unity.visualscripting/Runtime/VisualScripting.Flow/Ports/UnitPortDefinition.cs
 0.1 kb	 0.0% Packages/com.unity.visualscripting/Runtime/VisualScripting.Flow/Ports/IUnitPortDefinition.cs
 0.1 kb	 0.0% Packages/com.unity.visualscripting/Runtime/VisualScripting.Flow/Framework/Variables/UnifiedVariableUnit.cs
 0.1 kb	 0.0% Packages/com.unity.visualscripting/Runtime/VisualScripting.Flow/Framework/Variables/Obsolete/SetObjectVariable.cs
 0.1 kb	 0.0% Packages/com.unity.visualscripting/Runtime/VisualScripting.Flow/Framework/Variables/Obsolete/ISceneVariableUnit.cs
 0.1 kb	 0.0% Packages/com.unity.visualscripting/Runtime/VisualScripting.Flow/Framework/Variables/Obsolete/ISavedVariableUnit.cs
 0.1 kb	 0.0% Packages/com.unity.visualscripting/Runtime/VisualScripting.Flow/Framework/Variables/Obsolete/IObjectVariableUnit.cs
 0.1 kb	 0.0% Packages/com.unity.visualscripting/Runtime/VisualScripting.Flow/Framework/Variables/Obsolete/IGraphVariableUnit.cs
 0.1 kb	 0.0% Packages/com.unity.visualscripting/Runtime/VisualScripting.Flow/Framework/Variables/Obsolete/GetObjectVariable.cs
 0.1 kb	 0.0% Packages/com.unity.visualscripting/Runtime/VisualScripting.Flow/Framework/Variables/IsVariableDefined.cs
 0.1 kb	 0.0% Packages/com.unity.visualscripting/Runtime/VisualScripting.Flow/Framework/Variables/IUnifiedVariableUnit.cs
 0.1 kb	 0.0% Packages/com.unity.visualscripting/Runtime/VisualScripting.Flow/Framework/Time/WaitForSecondsUnit.cs
 0.1 kb	 0.0% Packages/com.unity.visualscripting/Runtime/VisualScripting.Flow/Framework/Time/WaitForNextFrameUnit.cs
 0.1 kb	 0.0% Packages/com.unity.visualscripting/Runtime/VisualScripting.Flow/Framework/Math/Vector4/Vector4MoveTowards.cs
 0.1 kb	 0.0% Packages/com.unity.visualscripting/Runtime/VisualScripting.Flow/Framework/Math/Vector4/Vector4DotProduct.cs
 0.1 kb	 0.0% Packages/com.unity.visualscripting/Runtime/VisualScripting.Flow/Framework/Math/Vector4/DeprecatedVector4Add.cs
 0.1 kb	 0.0% Packages/com.unity.visualscripting/Runtime/VisualScripting.Flow/Framework/Math/Vector3/Vector3MoveTowards.cs
 0.1 kb	 0.0% Packages/com.unity.visualscripting/Runtime/VisualScripting.Flow/Framework/Math/Vector3/Vector3DotProduct.cs
 0.1 kb	 0.0% Packages/com.unity.visualscripting/Runtime/VisualScripting.Flow/Framework/Math/Vector3/Vector3CrossProduct.cs
 0.1 kb	 0.0% Packages/com.unity.visualscripting/Runtime/VisualScripting.Flow/Framework/Math/Vector3/DeprecatedVector3Add.cs
 0.1 kb	 0.0% Packages/com.unity.visualscripting/Runtime/VisualScripting.Flow/Framework/Math/Vector2/Vector2MoveTowards.cs
 0.1 kb	 0.0% Packages/com.unity.visualscripting/Runtime/VisualScripting.Flow/Framework/Math/Vector2/Vector2DotProduct.cs
 0.1 kb	 0.0% Packages/com.unity.visualscripting/Runtime/VisualScripting.Flow/Framework/Math/Vector2/DeprecatedVector2Add.cs
 0.1 kb	 0.0% Packages/com.unity.visualscripting/Runtime/VisualScripting.Flow/Framework/Math/Scalar/ScalarMoveTowards.cs
 0.1 kb	 0.0% Packages/com.unity.visualscripting/Runtime/VisualScripting.Flow/Framework/Math/Scalar/ScalarExponentiate.cs
 0.1 kb	 0.0% Packages/com.unity.visualscripting/Runtime/VisualScripting.Flow/Framework/Math/Scalar/DeprecatedScalarAdd.cs
 0.1 kb	 0.0% Packages/com.unity.visualscripting/Runtime/VisualScripting.Flow/Framework/Math/Generic/DeprecatedGenericAdd.cs
 0.1 kb	 0.0% Packages/com.unity.visualscripting/Runtime/VisualScripting.Flow/Framework/Logic/NumericComparison.cs
 0.1 kb	 0.0% Packages/com.unity.visualscripting/Runtime/VisualScripting.Flow/Framework/Logic/EqualityComparison.cs
 0.1 kb	 0.0% Packages/com.unity.visualscripting/Runtime/VisualScripting.Flow/Framework/Logic/BinaryComparisonUnit.cs
 0.1 kb	 0.0% Packages/com.unity.visualscripting/Runtime/VisualScripting.Flow/Framework/Logic/ApproximatelyEqual.cs
 0.1 kb	 0.0% Packages/com.unity.visualscripting/Runtime/VisualScripting.Flow/Framework/Events/TriggerCustomEvent.cs
 0.1 kb	 0.0% Packages/com.unity.visualscripting/Runtime/VisualScripting.Flow/Framework/Events/Rendering/OnBecameInvisible.cs
 0.1 kb	 0.0% Packages/com.unity.visualscripting/Runtime/VisualScripting.Flow/Framework/Events/Physics2D/TriggerEvent2DUnit.cs
 0.1 kb	 0.0% Packages/com.unity.visualscripting/Runtime/VisualScripting.Flow/Framework/Events/Physics2D/OnCollisionStay2D.cs
 0.1 kb	 0.0% Packages/com.unity.visualscripting/Runtime/VisualScripting.Flow/Framework/Events/Physics2D/OnCollisionExit2D.cs
 0.1 kb	 0.0% Packages/com.unity.visualscripting/Runtime/VisualScripting.Flow/Framework/Events/Physics2D/OnCollisionEnter2D.cs
 0.1 kb	 0.0% Packages/com.unity.visualscripting/Runtime/VisualScripting.Flow/Framework/Events/Physics2D/CollisionEvent2DUnit.cs
 0.1 kb	 0.0% Packages/com.unity.visualscripting/Runtime/VisualScripting.Flow/Framework/Events/Physics/OnParticleCollision.cs
 0.1 kb	 0.0% Packages/com.unity.visualscripting/Runtime/VisualScripting.Flow/Framework/Events/Physics/CollisionEventUnit.cs
 0.1 kb	 0.0% Packages/com.unity.visualscripting/Runtime/VisualScripting.Flow/Framework/Events/Navigation/OnDestinationReached.cs
 0.1 kb	 0.0% Packages/com.unity.visualscripting/Runtime/VisualScripting.Flow/Framework/Events/Input/OnMouseUpAsButton.cs
 0.1 kb	 0.0% Packages/com.unity.visualscripting/Runtime/VisualScripting.Flow/Framework/Events/GUI/OnToggleValueChanged.cs
 0.1 kb	 0.0% Packages/com.unity.visualscripting/Runtime/VisualScripting.Flow/Framework/Events/GUI/OnSliderValueChanged.cs
 0.1 kb	 0.0% Packages/com.unity.visualscripting/Runtime/VisualScripting.Flow/Framework/Events/GUI/OnInputFieldEndEdit.cs
 0.1 kb	 0.0% Packages/com.unity.visualscripting/Runtime/VisualScripting.Flow/Framework/Events/GUI/GenericGuiEventUnit.cs
 0.1 kb	 0.0% Packages/com.unity.visualscripting/Runtime/VisualScripting.Flow/Framework/Events/Editor/OnDrawGizmosSelected.cs
 0.1 kb	 0.0% Packages/com.unity.visualscripting/Runtime/VisualScripting.Flow/Framework/Events/Application/OnApplicationResume.cs
 0.1 kb	 0.0% Packages/com.unity.visualscripting/Runtime/VisualScripting.Flow/Framework/Events/Application/OnApplicationQuit.cs
 0.1 kb	 0.0% Packages/com.unity.visualscripting/Runtime/VisualScripting.Flow/Framework/Events/Application/OnApplicationPause.cs
 0.1 kb	 0.0% Packages/com.unity.visualscripting/Runtime/VisualScripting.Flow/Framework/Events/Application/OnApplicationFocus.cs
 0.1 kb	 0.0% Packages/com.unity.visualscripting/Runtime/VisualScripting.Flow/Framework/Events/Animation/BoltAnimationEvent.cs
 0.1 kb	 0.0% Packages/com.unity.visualscripting/Runtime/VisualScripting.Flow/Framework/Collections/Dictionaries/SetDictionaryItem.cs
 0.1 kb	 0.0% Packages/com.unity.visualscripting/Runtime/VisualScripting.Flow/Framework/Collections/Dictionaries/RemoveDictionaryItem.cs
 0.1 kb	 0.0% Packages/com.unity.visualscripting/Runtime/VisualScripting.Flow/Framework/Collections/Dictionaries/MergeDictionaries.cs
 0.1 kb	 0.0% Packages/com.unity.visualscripting/Runtime/VisualScripting.Flow/Framework/Collections/Dictionaries/GetDictionaryItem.cs
 0.1 kb	 0.0% Packages/com.unity.visualscripting/Runtime/VisualScripting.Flow/Framework/Collections/Dictionaries/AddDictionaryItem.cs
 0.1 kb	 0.0% Packages/com.unity.visualscripting/Runtime/VisualScripting.Flow/EditorBinding/UnitTitleAttribute.cs
 0.1 kb	 0.0% Packages/com.unity.visualscripting/Runtime/VisualScripting.Flow/EditorBinding/UnitOrderAttribute.cs
 0.1 kb	 0.0% Packages/com.unity.visualscripting/Runtime/VisualScripting.Flow/EditorBinding/SpecialUnitAttribute.cs
 0.1 kb	 0.0% Packages/com.unity.visualscripting/Runtime/VisualScripting.Flow/EditorBinding/PortLabelAttribute.cs
 0.1 kb	 0.0% Packages/com.unity.visualscripting/Runtime/VisualScripting.Flow/Dependencies/NCalc/NCalcParser.cs
 0.1 kb	 0.0% Packages/com.unity.visualscripting/Runtime/VisualScripting.Flow/Dependencies/NCalc/NCalcLexer.cs
 0.1 kb	 0.0% Packages/com.unity.visualscripting/Runtime/VisualScripting.Flow/Dependencies/NCalc/FunctionArgs.cs
 0.1 kb	 0.0% Packages/com.unity.visualscripting/Runtime/VisualScripting.Flow/Dependencies/NCalc/Expression.cs
 0.1 kb	 0.0% Packages/com.unity.visualscripting/Runtime/VisualScripting.Flow/Connections/InvalidConnection.cs
 0.1 kb	 0.0% Packages/com.unity.visualscripting/Runtime/VisualScripting.Flow/Connections/ControlConnection.cs
 0.1 kb	 0.0% Packages/com.unity.visualscripting/Runtime/VisualScripting.Core/Variables/VariableDeclarations.cs
 0.1 kb	 0.0% Packages/com.unity.visualscripting/Runtime/VisualScripting.Core/Variables/VariableDeclaration.cs
 0.1 kb	 0.0% Packages/com.unity.visualscripting/Runtime/VisualScripting.Core/Variables/IGraphWithVariables.cs
 0.1 kb	 0.0% Packages/com.unity.visualscripting/Runtime/VisualScripting.Core/Variables/ApplicationVariables.cs
 0.1 kb	 0.0% Packages/com.unity.visualscripting/Runtime/VisualScripting.Core/Utilities/UnityObjectUtility.cs
 0.1 kb	 0.0% Packages/com.unity.visualscripting/Runtime/VisualScripting.Core/Utilities/ReferenceCollector.cs
 0.1 kb	 0.0% Packages/com.unity.visualscripting/Runtime/VisualScripting.Core/Utilities/CSharpNameUtility.cs
 0.1 kb	 0.0% Packages/com.unity.visualscripting/Runtime/VisualScripting.Core/Unity/SingletonAttribute.cs
 0.1 kb	 0.0% Packages/com.unity.visualscripting/Runtime/VisualScripting.Core/Unity/IUnityObjectOwnable.cs
 0.1 kb	 0.0% Packages/com.unity.visualscripting/Runtime/VisualScripting.Core/Serialization/SerializeAttribute.cs
 0.1 kb	 0.0% Packages/com.unity.visualscripting/Runtime/VisualScripting.Core/Serialization/SerializeAsAttribute.cs
 0.1 kb	 0.0% Packages/com.unity.visualscripting/Runtime/VisualScripting.Core/Serialization/SerializationData.cs
 0.1 kb	 0.0% Packages/com.unity.visualscripting/Runtime/VisualScripting.Core/Serialization/Converters/UnityObjectConverter.cs
 0.1 kb	 0.0% Packages/com.unity.visualscripting/Runtime/VisualScripting.Core/Serialization/Converters/NamespaceConverter.cs
 0.1 kb	 0.0% Packages/com.unity.visualscripting/Runtime/VisualScripting.Core/Reflection/RenamedFromAttribute.cs
 0.1 kb	 0.0% Packages/com.unity.visualscripting/Runtime/VisualScripting.Core/Reflection/Optimization/StaticInvokerBase.cs
 0.1 kb	 0.0% Packages/com.unity.visualscripting/Runtime/VisualScripting.Core/Reflection/Optimization/ReflectionInvoker.cs
 0.1 kb	 0.0% Packages/com.unity.visualscripting/Runtime/VisualScripting.Core/Reflection/Optimization/OptimizedReflection.cs
 0.1 kb	 0.0% Packages/com.unity.visualscripting/Runtime/VisualScripting.Core/Reflection/Optimization/IOptimizedInvoker.cs
 0.1 kb	 0.0% Packages/com.unity.visualscripting/Runtime/VisualScripting.Core/Reflection/Optimization/IOptimizedAccessor.cs
 0.1 kb	 0.0% Packages/com.unity.visualscripting/Runtime/VisualScripting.Core/Reflection/Operators/UnaryOperatorHandler.cs
 0.1 kb	 0.0% Packages/com.unity.visualscripting/Runtime/VisualScripting.Core/Reflection/Operators/SubtractionHandler.cs
 0.1 kb	 0.0% Packages/com.unity.visualscripting/Runtime/VisualScripting.Core/Reflection/Operators/RightShiftHandler.cs
 0.1 kb	 0.0% Packages/com.unity.visualscripting/Runtime/VisualScripting.Core/Reflection/Operators/OperatorException.cs
 0.1 kb	 0.0% Packages/com.unity.visualscripting/Runtime/VisualScripting.Core/Reflection/Operators/InequalityHandler.cs
 0.1 kb	 0.0% Packages/com.unity.visualscripting/Runtime/VisualScripting.Core/Reflection/Operators/GreaterThanHandler.cs
 0.1 kb	 0.0% Packages/com.unity.visualscripting/Runtime/VisualScripting.Core/Reflection/Operators/ExclusiveOrHandler.cs
 0.1 kb	 0.0% Packages/com.unity.visualscripting/Runtime/VisualScripting.Core/Reflection/MemberInfoComparer.cs
 0.1 kb	 0.0% Packages/com.unity.visualscripting/Runtime/VisualScripting.Core/Reflection/LooseAssemblyName.cs
 0.1 kb	 0.0% Packages/com.unity.visualscripting/Runtime/VisualScripting.Core/Reflection/IAttributeProvider.cs
 0.1 kb	 0.0% Packages/com.unity.visualscripting/Runtime/VisualScripting.Core/Reflection/ConversionUtility.cs
 0.1 kb	 0.0% Packages/com.unity.visualscripting/Runtime/VisualScripting.Core/Listeners/UnityMessageListener.cs
 0.1 kb	 0.0% Packages/com.unity.visualscripting/Runtime/VisualScripting.Core/Listeners/IGraphEventListener.cs
 0.1 kb	 0.0% Packages/com.unity.visualscripting/Runtime/VisualScripting.Core/Graphs/IGraphParentElement.cs
 0.1 kb	 0.0% Packages/com.unity.visualscripting/Runtime/VisualScripting.Core/Graphs/IGraphNesterElement.cs
 0.1 kb	 0.0% Packages/com.unity.visualscripting/Runtime/VisualScripting.Core/Graphs/IGraphElementData.cs
 0.1 kb	 0.0% Packages/com.unity.visualscripting/Runtime/VisualScripting.Core/Events/FrameDelayedCallback.cs
 0.1 kb	 0.0% Packages/com.unity.visualscripting/Runtime/VisualScripting.Core/Events/EventHookComparer.cs
 0.1 kb	 0.0% Packages/com.unity.visualscripting/Runtime/VisualScripting.Core/Ensure/ExceptionMessages.cs
 0.1 kb	 0.0% Packages/com.unity.visualscripting/Runtime/VisualScripting.Core/EditorBinding/TypeIconAttribute.cs
 0.1 kb	 0.0% Packages/com.unity.visualscripting/Runtime/VisualScripting.Core/EditorBinding/PredictableAttribute.cs
 0.1 kb	 0.0% Packages/com.unity.visualscripting/Runtime/VisualScripting.Core/EditorBinding/InspectableAttribute.cs
 0.1 kb	 0.0% Packages/com.unity.visualscripting/Runtime/VisualScripting.Core/EditorBinding/EditorTimeBinding.cs
 0.1 kb	 0.0% Packages/com.unity.visualscripting/Runtime/VisualScripting.Core/EditorBinding/EditorBindingUtility.cs
 0.1 kb	 0.0% Packages/com.unity.visualscripting/Runtime/VisualScripting.Core/EditorBinding/AllowsNullAttribute.cs
 0.1 kb	 0.0% Packages/com.unity.visualscripting/Runtime/VisualScripting.Core/Dependencies/FullSerializer/Internal/fsOption.cs
 0.1 kb	 0.0% Packages/com.unity.visualscripting/Runtime/VisualScripting.Core/Decorators/IDecoratorAttribute.cs
 0.1 kb	 0.0% Packages/com.unity.visualscripting/Runtime/VisualScripting.Core/Cloning/Cloners/AnimationCurveCloner.cs
 0.1 kb	 0.0% Packages/com.unity.timeline/Runtime/Utilities/AnimationPreviewUtilities.cs
 0.1 kb	 0.0% Packages/com.unity.timeline/Runtime/Playables/TimeNotificationBehaviour.cs
 0.1 kb	 0.0% Packages/com.unity.timeline/Runtime/Playables/ActivationControlPlayable.cs
 0.1 kb	 0.0% Packages/com.unity.timeline/Runtime/Events/INotificationOptionProvider.cs
 0.1 kb	 0.0% Packages/com.unity.test-framework/UnityEngine.TestRunner/Utils/AssemblyProvider/IAssemblyLoadProxy.cs
 0.1 kb	 0.0% Packages/com.unity.test-framework/UnityEngine.TestRunner/Utils/AssemblyProvider/AssemblyLoadProxy.cs
 0.1 kb	 0.0% Packages/com.unity.test-framework/UnityEngine.TestRunner/TestRunner/RemoteHelpers/RemoteTestData.cs
 0.1 kb	 0.0% Packages/com.unity.shadergraph/Editor/Generation/Targets/BuiltIn/Editor/ShaderGUI/MaterialAssemblyReference/RawRenderQueue.cs
 0.1 kb	 0.0% Packages/com.unity.render-pipelines.core/Runtime/Volume/VolumeProfile.cs
 0.1 kb	 0.0% Packages/com.unity.render-pipelines.core/Runtime/Volume/VolumeParameter.cs
 0.1 kb	 0.0% Packages/com.unity.render-pipelines.core/Runtime/Volume/VolumeManager.cs
 0.1 kb	 0.0% Packages/com.unity.render-pipelines.core/Runtime/Volume/VolumeDebugData.cs
 0.1 kb	 0.0% Packages/com.unity.render-pipelines.core/Runtime/Volume/VolumeComponent.cs
 0.1 kb	 0.0% Packages/com.unity.render-pipelines.core/Runtime/Volume/KeyframeUtility.cs
 0.1 kb	 0.0% Packages/com.unity.render-pipelines.core/Runtime/Utilities/TileLayoutUtils.cs
 0.1 kb	 0.0% Packages/com.unity.render-pipelines.core/Runtime/Utilities/ResourceReloader.cs
 0.1 kb	 0.0% Packages/com.unity.render-pipelines.core/Runtime/Utilities/HaltonSequence.cs
 0.1 kb	 0.0% Packages/com.unity.render-pipelines.core/Runtime/Utilities/HDROutputUtils.cs
 0.1 kb	 0.0% Packages/com.unity.render-pipelines.core/Runtime/Utilities/DelegateUtility.cs
 0.1 kb	 0.0% Packages/com.unity.render-pipelines.core/Runtime/Utilities/CoreMatrixUtils.cs
 0.1 kb	 0.0% Packages/com.unity.render-pipelines.core/Runtime/Utilities/ColorSpaceUtils.cs
 0.1 kb	 0.0% Packages/com.unity.render-pipelines.core/Runtime/Utilities/ArrayExtensions.cs
 0.1 kb	 0.0% Packages/com.unity.render-pipelines.core/Runtime/Textures/Texture2DAtlas.cs
 0.1 kb	 0.0% Packages/com.unity.render-pipelines.core/Runtime/Textures/RTHandleSystem.cs
 0.1 kb	 0.0% Packages/com.unity.render-pipelines.core/Runtime/RenderPipeline/IVolumetricCloud.cs
 0.1 kb	 0.0% Packages/com.unity.render-pipelines.core/Runtime/RenderPipeline/ICloudBackground.cs
 0.1 kb	 0.0% Packages/com.unity.render-pipelines.core/Runtime/PostProcessing/LensFlareDataSRP.cs
 0.1 kb	 0.0% Packages/com.unity.render-pipelines.core/Runtime/Lighting/ProbeVolume/ProbeVolumeAsset.cs
 0.1 kb	 0.0% Packages/com.unity.render-pipelines.core/Runtime/Lighting/ProbeVolume/ProbeBrickPool.cs
 0.1 kb	 0.0% Packages/com.unity.render-pipelines.core/Runtime/Lighting/ProbeVolume/ProbeBrickIndex.cs
 0.1 kb	 0.0% Packages/com.unity.render-pipelines.core/Runtime/Debugging/ProfilingScope.cs
 0.1 kb	 0.0% Packages/com.unity.render-pipelines.core/Runtime/Debugging/FrameTiming/FrameTimeSample.cs
 0.1 kb	 0.0% Packages/com.unity.render-pipelines.core/Runtime/Debugging/DebugManager.UIState.cs
 0.1 kb	 0.0% Packages/com.unity.render-pipelines.core/Runtime/Debugging/DebugManager.Actions.cs
 0.1 kb	 0.0% Packages/com.unity.render-pipelines.core/Runtime/Debugging/DebugFrameTiming.cs
 0.1 kb	 0.0% Packages/com.unity.render-pipelines.core/Runtime/Common/SerializableEnum.cs
 0.1 kb	 0.0% Packages/com.unity.render-pipelines.core/Runtime/Common/IAdditionalData.cs
 0.1 kb	 0.0% Packages/com.unity.render-pipelines.core/Runtime/Common/CoreUnsafeUtils.cs
 0.1 kb	 0.0% Packages/com.unity.render-pipelines.core/Runtime/Common/ConstantBuffer.cs
 0.1 kb	 0.0% Packages/com.unity.render-pipelines.core/Runtime/Camera/CameraSwitcher.cs
 0.1 kb	 0.0% Packages/com.unity.collections/Unity.Collections/NativeNotBurstCompatible.cs
 0.1 kb	 0.0% Packages/com.unity.2d.tilemap.extras/Runtime/Tiles/RuleOverrideTile/AdvancedRuleOverrideTile.cs
 0.1 kb	 0.0% Packages/com.unity.2d.spriteshape/Runtime/SpriteShapeController.cs
 0.1 kb	 0.0% Packages/com.unity.2d.spriteshape/Runtime/External/LibTessDotNet/MeshUtils.cs
 0.1 kb	 0.0% Packages/com.unity.visualscripting/Runtime/VisualScripting.Core/Ensure/EnsureThat.ValueTypes.cs
 0.1 kb	 0.0% Packages/com.unity.visualscripting/Runtime/VisualScripting.Core/Ensure/EnsureThat.Reflection.cs
 0.1 kb	 0.0% Packages/com.unity.visualscripting/Runtime/VisualScripting.Core/Ensure/EnsureThat.Comparables.cs
 0.1 kb	 0.0% Packages/com.unity.visualscripting/Runtime/VisualScripting.Core/Ensure/EnsureThat.Collections.cs
 0.1 kb	 0.0% Packages/com.unity.visualscripting/Runtime/VisualScripting.Core/Dependencies/FullSerializer/fsSerializer.cs
 0.1 kb	 0.0% Packages/com.unity.visualscripting/Runtime/VisualScripting.Core/Dependencies/FullSerializer/fsJsonParser.cs
 0.1 kb	 0.0% Packages/com.unity.visualscripting/Runtime/VisualScripting.Core/Dependencies/FullSerializer/fsConverter.cs
 0.1 kb	 0.0% Packages/com.unity.visualscripting/Runtime/VisualScripting.Core/Dependencies/FullSerializer/fsContext.cs
 0.1 kb	 0.0% Packages/com.unity.visualscripting/Runtime/VisualScripting.Core/Dependencies/FullSerializer/Reflection/fsTypeCache.cs
 0.1 kb	 0.0% Packages/com.unity.visualscripting/Runtime/VisualScripting.Core/Dependencies/FullSerializer/Reflection/fsMetaType.cs
 0.1 kb	 0.0% Packages/com.unity.ugui/Runtime/EventSystem/InputModules/StandaloneInputModule.cs
 0.1 kb	 0.0% Packages/com.unity.test-framework/UnityEngine.TestRunner/Utils/MonoBehaviourTest/IMonoBehaviourTest.cs
 0.1 kb	 0.0% Packages/com.unity.test-framework/UnityEngine.TestRunner/Utils/IPostBuildCleanup.cs
 0.1 kb	 0.0% Packages/com.unity.test-framework/UnityEngine.TestRunner/TestRunner/TestPlatform.cs
 0.1 kb	 0.0% Packages/com.unity.test-framework/UnityEngine.TestRunner/NUnitExtensions/Commands/TestCommandPcHelper.cs
 0.1 kb	 0.0% Packages/com.unity.test-framework/UnityEngine.TestRunner/NUnitExtensions/Commands/TestActionCommand.cs
 0.1 kb	 0.0% Packages/com.unity.test-framework/UnityEngine.TestRunner/NUnitExtensions/Commands/SetUpTearDownCommand.cs
 0.1 kb	 0.0% Packages/com.unity.test-framework/UnityEngine.TestRunner/NUnitExtensions/Commands/EnumerableTestState.cs
 0.1 kb	 0.0% Packages/com.unity.test-framework/UnityEngine.TestRunner/NUnitExtensions/Attributes/UnityTestAttribute.cs
 0.1 kb	 0.0% Packages/com.unity.test-framework/UnityEngine.TestRunner/NUnitExtensions/Attributes/UnitySetUpAttribute.cs
 0.1 kb	 0.0% Packages/com.unity.render-pipelines.universal/Runtime/Overrides/Vignette.cs
 0.1 kb	 0.0% Packages/com.unity.render-pipelines.universal/Runtime/Overrides/Bloom.cs
 0.1 kb	 0.0% Packages/com.unity.render-pipelines.universal/Runtime/2D/Light2D.cs
 0.1 kb	 0.0% Packages/com.unity.render-pipelines.universal/Runtime/2D/Clipper.cs
 0.1 kb	 0.0% Packages/com.unity.render-pipelines.core/Runtime/XR/XRView.cs
 0.1 kb	 0.0% Packages/com.unity.render-pipelines.core/Runtime/XR/XRSystem.cs
 0.1 kb	 0.0% Packages/com.unity.render-pipelines.core/Runtime/XR/XRPass.cs
 0.1 kb	 0.0% Packages/com.unity.render-pipelines.core/Runtime/XR/XRLayout.cs
 0.1 kb	 0.0% Packages/com.unity.render-pipelines.core/Runtime/Debugging/DebugUI.Containers.cs
 0.1 kb	 0.0% Packages/com.unity.collections/Unity.Collections/UnsafeBitArray.cs
 0.1 kb	 0.0% Packages/com.unity.collections/Unity.Collections/UTF8ArrayUnsafeUtility.cs
 0.1 kb	 0.0% Packages/com.unity.collections/Unity.Collections/NativeHashSetExtensions.gen.cs
 0.1 kb	 0.0% Packages/com.unity.collections/Unity.Collections/NativeHashMapExtensions.cs
 0.1 kb	 0.0% Packages/com.unity.collections/Unity.Collections/NativeArrayExtensions.cs
 0.1 kb	 0.0% Packages/com.unity.collections/Unity.Collections/FixedStringInternalMethods.cs
 0.1 kb	 0.0% Packages/com.unity.collections/Unity.Collections/FixedStringFormatMethods.gen.cs
 0.1 kb	 0.0% Packages/com.unity.collections/Unity.Collections/BurstCompatibleAttribute.cs
 0.1 kb	 0.0% Packages/com.unity.burst/Runtime/CompilerServices/SkipLocalsInitAttribute.cs
 0.1 kb	 0.0% Packages/com.unity.burst/Runtime/CompilerServices/IgnoreWarningAttribute.cs
 0.1 kb	 0.0% Packages/com.unity.2d.spriteshape/Runtime/External/LibTessDotNet/PriorityHeap.cs
 0.1 kb	 0.0% Packages/com.unity.2d.pixel-perfect/Runtime/CinemachinePixelPerfect.cs
 0.1 kb	 0.0% Packages/com.unity.2d.animation/Runtime/UpdateBoundsJob.cs
 0.1 kb	 0.0% Packages/com.unity.2d.animation/Runtime/SpriteLib/SpriteResolver.cs
 0.1 kb	 0.0% Packages/com.unity.2d.animation/Runtime/SpriteLib/SpriteLibrary.cs
 0.1 kb	 0.0% Packages/com.unity.2d.animation/Runtime/SkeletonAsset.cs
 0.1 kb	 0.0% Packages/com.unity.2d.animation/Runtime/BufferManager.cs
 0.1 kb	 0.0% Packages/com.unity.2d.animation/IK/Runtime/Solver2DMenuAttribute.cs
 0.1 kb	 0.0% Packages/com.unity.visualscripting/Runtime/VisualScripting.State/Units/SetStateGraph.cs
 0.1 kb	 0.0% Packages/com.unity.visualscripting/Runtime/VisualScripting.State/Units/GetStateGraphs.cs
 0.1 kb	 0.0% Packages/com.unity.visualscripting/Runtime/VisualScripting.State/Units/GetStateGraph.cs
 0.1 kb	 0.0% Packages/com.unity.visualscripting/Runtime/VisualScripting.State/StateTransition.cs
 0.1 kb	 0.0% Packages/com.unity.visualscripting/Runtime/VisualScripting.State/StateGraphData.cs
 0.1 kb	 0.0% Packages/com.unity.visualscripting/Runtime/VisualScripting.State/StateGraphAsset.cs
 0.1 kb	 0.0% Packages/com.unity.visualscripting/Runtime/VisualScripting.State/StateEventHooks.cs
 0.1 kb	 0.0% Packages/com.unity.visualscripting/Runtime/VisualScripting.State/IStateTransition.cs
 0.1 kb	 0.0% Packages/com.unity.visualscripting/Runtime/VisualScripting.State/IStateDebugData.cs
 0.1 kb	 0.0% Packages/com.unity.visualscripting/Runtime/VisualScripting.State/Framework/Graph/HasStateGraph.cs
 0.1 kb	 0.0% Packages/com.unity.visualscripting/Runtime/VisualScripting.Flow/UnitPreservation.cs
 0.1 kb	 0.0% Packages/com.unity.visualscripting/Runtime/VisualScripting.Flow/ScriptMachine.cs
 0.1 kb	 0.0% Packages/com.unity.visualscripting/Runtime/VisualScripting.Flow/ScriptGraphAsset.cs
 0.1 kb	 0.0% Packages/com.unity.visualscripting/Runtime/VisualScripting.Flow/Ports/InvalidOutput.cs
 0.1 kb	 0.0% Packages/com.unity.visualscripting/Runtime/VisualScripting.Flow/Ports/IUnitValuePort.cs
 0.1 kb	 0.0% Packages/com.unity.visualscripting/Runtime/VisualScripting.Flow/Ports/IUnitOutputPort.cs
 0.1 kb	 0.0% Packages/com.unity.visualscripting/Runtime/VisualScripting.Flow/Ports/IUnitInvalidPort.cs
 0.1 kb	 0.0% Packages/com.unity.visualscripting/Runtime/VisualScripting.Flow/Ports/IUnitInputPort.cs
 0.1 kb	 0.0% Packages/com.unity.visualscripting/Runtime/VisualScripting.Flow/Ports/IUnitControlPort.cs
 0.1 kb	 0.0% Packages/com.unity.visualscripting/Runtime/VisualScripting.Flow/Ports/ControlOutput.cs
 0.1 kb	 0.0% Packages/com.unity.visualscripting/Runtime/VisualScripting.Flow/MultiInputUnit.cs
 0.1 kb	 0.0% Packages/com.unity.visualscripting/Runtime/VisualScripting.Flow/IUnitDebugData.cs
 0.1 kb	 0.0% Packages/com.unity.visualscripting/Runtime/VisualScripting.Flow/Framework/Variables/SaveVariables.cs
 0.1 kb	 0.0% Packages/com.unity.visualscripting/Runtime/VisualScripting.Flow/Framework/Variables/Obsolete/SetVariableUnit.cs
 0.1 kb	 0.0% Packages/com.unity.visualscripting/Runtime/VisualScripting.Flow/Framework/Variables/Obsolete/SetSceneVariable.cs
 0.1 kb	 0.0% Packages/com.unity.visualscripting/Runtime/VisualScripting.Flow/Framework/Variables/Obsolete/SetSavedVariable.cs
 0.1 kb	 0.0% Packages/com.unity.visualscripting/Runtime/VisualScripting.Flow/Framework/Variables/Obsolete/SetGraphVariable.cs
 0.1 kb	 0.0% Packages/com.unity.visualscripting/Runtime/VisualScripting.Flow/Framework/Variables/Obsolete/IVariableUnit.cs
 0.1 kb	 0.0% Packages/com.unity.visualscripting/Runtime/VisualScripting.Flow/Framework/Variables/Obsolete/GetVariableUnit.cs
 0.1 kb	 0.0% Packages/com.unity.visualscripting/Runtime/VisualScripting.Flow/Framework/Variables/Obsolete/GetSceneVariable.cs
 0.1 kb	 0.0% Packages/com.unity.visualscripting/Runtime/VisualScripting.Flow/Framework/Variables/Obsolete/GetSavedVariable.cs
 0.1 kb	 0.0% Packages/com.unity.visualscripting/Runtime/VisualScripting.Flow/Framework/Variables/Obsolete/GetGraphVariable.cs
 0.1 kb	 0.0% Packages/com.unity.visualscripting/Runtime/VisualScripting.Flow/Framework/Time/WaitWhileUnit.cs
 0.1 kb	 0.0% Packages/com.unity.visualscripting/Runtime/VisualScripting.Flow/Framework/Time/WaitUntilUnit.cs
 0.1 kb	 0.0% Packages/com.unity.visualscripting/Runtime/VisualScripting.Flow/Framework/Math/Vector4/Vector4Subtract.cs
 0.1 kb	 0.0% Packages/com.unity.visualscripting/Runtime/VisualScripting.Flow/Framework/Math/Vector4/Vector4PerSecond.cs
 0.1 kb	 0.0% Packages/com.unity.visualscripting/Runtime/VisualScripting.Flow/Framework/Math/Vector4/Vector4Normalize.cs
 0.1 kb	 0.0% Packages/com.unity.visualscripting/Runtime/VisualScripting.Flow/Framework/Math/Vector4/Vector4Multiply.cs
 0.1 kb	 0.0% Packages/com.unity.visualscripting/Runtime/VisualScripting.Flow/Framework/Math/Vector4/Vector4Modulo.cs
 0.1 kb	 0.0% Packages/com.unity.visualscripting/Runtime/VisualScripting.Flow/Framework/Math/Vector4/Vector4Minimum.cs
 0.1 kb	 0.0% Packages/com.unity.visualscripting/Runtime/VisualScripting.Flow/Framework/Math/Vector4/Vector4Maximum.cs
 0.1 kb	 0.0% Packages/com.unity.visualscripting/Runtime/VisualScripting.Flow/Framework/Math/Vector4/Vector4Divide.cs
 0.1 kb	 0.0% Packages/com.unity.visualscripting/Runtime/VisualScripting.Flow/Framework/Math/Vector4/Vector4Distance.cs
 0.1 kb	 0.0% Packages/com.unity.visualscripting/Runtime/VisualScripting.Flow/Framework/Math/Vector4/Vector4Average.cs
 0.1 kb	 0.0% Packages/com.unity.visualscripting/Runtime/VisualScripting.Flow/Framework/Math/Vector4/Vector4Absolute.cs
 0.1 kb	 0.0% Packages/com.unity.visualscripting/Runtime/VisualScripting.Flow/Framework/Math/Vector3/Vector3Subtract.cs
 0.1 kb	 0.0% Packages/com.unity.visualscripting/Runtime/VisualScripting.Flow/Framework/Math/Vector3/Vector3Project.cs
 0.1 kb	 0.0% Packages/com.unity.visualscripting/Runtime/VisualScripting.Flow/Framework/Math/Vector3/Vector3PerSecond.cs
 0.1 kb	 0.0% Packages/com.unity.visualscripting/Runtime/VisualScripting.Flow/Framework/Math/Vector3/Vector3Normalize.cs
 0.1 kb	 0.0% Packages/com.unity.visualscripting/Runtime/VisualScripting.Flow/Framework/Math/Vector3/Vector3Multiply.cs
 0.1 kb	 0.0% Packages/com.unity.visualscripting/Runtime/VisualScripting.Flow/Framework/Math/Vector3/Vector3Modulo.cs
 0.1 kb	 0.0% Packages/com.unity.visualscripting/Runtime/VisualScripting.Flow/Framework/Math/Vector3/Vector3Minimum.cs
 0.1 kb	 0.0% Packages/com.unity.visualscripting/Runtime/VisualScripting.Flow/Framework/Math/Vector3/Vector3Maximum.cs
 0.1 kb	 0.0% Packages/com.unity.visualscripting/Runtime/VisualScripting.Flow/Framework/Math/Vector3/Vector3Divide.cs
 0.1 kb	 0.0% Packages/com.unity.visualscripting/Runtime/VisualScripting.Flow/Framework/Math/Vector3/Vector3Distance.cs
 0.1 kb	 0.0% Packages/com.unity.visualscripting/Runtime/VisualScripting.Flow/Framework/Math/Vector3/Vector3Average.cs
 0.1 kb	 0.0% Packages/com.unity.visualscripting/Runtime/VisualScripting.Flow/Framework/Math/Vector3/Vector3Absolute.cs
 0.1 kb	 0.0% Packages/com.unity.visualscripting/Runtime/VisualScripting.Flow/Framework/Math/Vector2/Vector2Subtract.cs
 0.1 kb	 0.0% Packages/com.unity.visualscripting/Runtime/VisualScripting.Flow/Framework/Math/Vector2/Vector2Project.cs
 0.1 kb	 0.0% Packages/com.unity.visualscripting/Runtime/VisualScripting.Flow/Framework/Math/Vector2/Vector2PerSecond.cs
 0.1 kb	 0.0% Packages/com.unity.visualscripting/Runtime/VisualScripting.Flow/Framework/Math/Vector2/Vector2Normalize.cs
 0.1 kb	 0.0% Packages/com.unity.visualscripting/Runtime/VisualScripting.Flow/Framework/Math/Vector2/Vector2Multiply.cs
 0.1 kb	 0.0% Packages/com.unity.visualscripting/Runtime/VisualScripting.Flow/Framework/Math/Vector2/Vector2Modulo.cs
 0.1 kb	 0.0% Packages/com.unity.visualscripting/Runtime/VisualScripting.Flow/Framework/Math/Vector2/Vector2Minimum.cs
 0.1 kb	 0.0% Packages/com.unity.visualscripting/Runtime/VisualScripting.Flow/Framework/Math/Vector2/Vector2Maximum.cs
 0.1 kb	 0.0% Packages/com.unity.visualscripting/Runtime/VisualScripting.Flow/Framework/Math/Vector2/Vector2Divide.cs
 0.1 kb	 0.0% Packages/com.unity.visualscripting/Runtime/VisualScripting.Flow/Framework/Math/Vector2/Vector2Distance.cs
 0.1 kb	 0.0% Packages/com.unity.visualscripting/Runtime/VisualScripting.Flow/Framework/Math/Vector2/Vector2Average.cs
 0.1 kb	 0.0% Packages/com.unity.visualscripting/Runtime/VisualScripting.Flow/Framework/Math/Vector2/Vector2Absolute.cs
 0.1 kb	 0.0% Packages/com.unity.visualscripting/Runtime/VisualScripting.Flow/Framework/Math/Scalar/ScalarSubtract.cs
 0.1 kb	 0.0% Packages/com.unity.visualscripting/Runtime/VisualScripting.Flow/Framework/Math/Scalar/ScalarPerSecond.cs
 0.1 kb	 0.0% Packages/com.unity.visualscripting/Runtime/VisualScripting.Flow/Framework/Math/Scalar/ScalarNormalize.cs
 0.1 kb	 0.0% Packages/com.unity.visualscripting/Runtime/VisualScripting.Flow/Framework/Math/Scalar/ScalarMultiply.cs
 0.1 kb	 0.0% Packages/com.unity.visualscripting/Runtime/VisualScripting.Flow/Framework/Math/Scalar/ScalarMinimum.cs
 0.1 kb	 0.0% Packages/com.unity.visualscripting/Runtime/VisualScripting.Flow/Framework/Math/Scalar/ScalarMaximum.cs
 0.1 kb	 0.0% Packages/com.unity.visualscripting/Runtime/VisualScripting.Flow/Framework/Math/Scalar/ScalarAverage.cs
 0.1 kb	 0.0% Packages/com.unity.visualscripting/Runtime/VisualScripting.Flow/Framework/Math/Scalar/ScalarAbsolute.cs
 0.1 kb	 0.0% Packages/com.unity.visualscripting/Runtime/VisualScripting.Flow/Framework/Math/Generic/GenericSubtract.cs
 0.1 kb	 0.0% Packages/com.unity.visualscripting/Runtime/VisualScripting.Flow/Framework/Math/Generic/GenericMultiply.cs
 0.1 kb	 0.0% Packages/com.unity.visualscripting/Runtime/VisualScripting.Flow/Framework/Math/Generic/GenericModulo.cs
 0.1 kb	 0.0% Packages/com.unity.visualscripting/Runtime/VisualScripting.Flow/Framework/Math/Generic/GenericDivide.cs
 0.1 kb	 0.0% Packages/com.unity.visualscripting/Runtime/VisualScripting.Flow/Framework/Logic/GreaterOrEqual.cs
 0.1 kb	 0.0% Packages/com.unity.visualscripting/Runtime/VisualScripting.Flow/Framework/Graph/SetScriptGraph.cs
 0.1 kb	 0.0% Packages/com.unity.visualscripting/Runtime/VisualScripting.Flow/Framework/Graph/HasScriptGraph.cs
 0.1 kb	 0.0% Packages/com.unity.visualscripting/Runtime/VisualScripting.Flow/Framework/Graph/GetScriptGraphs.cs
 0.1 kb	 0.0% Packages/com.unity.visualscripting/Runtime/VisualScripting.Flow/Framework/Graph/GetScriptGraph.cs
 0.1 kb	 0.0% Packages/com.unity.visualscripting/Runtime/VisualScripting.Flow/Framework/Events/Time/OnTimerElapsed.cs
 0.1 kb	 0.0% Packages/com.unity.visualscripting/Runtime/VisualScripting.Flow/Framework/Events/Rendering/OnBecameVisible.cs
 0.1 kb	 0.0% Packages/com.unity.visualscripting/Runtime/VisualScripting.Flow/Framework/Events/Physics2D/OnTriggerStay2D.cs
 0.1 kb	 0.0% Packages/com.unity.visualscripting/Runtime/VisualScripting.Flow/Framework/Events/Physics2D/OnTriggerExit2D.cs
 0.1 kb	 0.0% Packages/com.unity.visualscripting/Runtime/VisualScripting.Flow/Framework/Events/Physics2D/OnTriggerEnter2D.cs
 0.1 kb	 0.0% Packages/com.unity.visualscripting/Runtime/VisualScripting.Flow/Framework/Events/Physics2D/OnJointBreak2D.cs
 0.1 kb	 0.0% Packages/com.unity.visualscripting/Runtime/VisualScripting.Flow/Framework/Events/Physics/TriggerEventUnit.cs
 0.1 kb	 0.0% Packages/com.unity.visualscripting/Runtime/VisualScripting.Flow/Framework/Events/Physics/OnTriggerStay.cs
 0.1 kb	 0.0% Packages/com.unity.visualscripting/Runtime/VisualScripting.Flow/Framework/Events/Physics/OnTriggerExit.cs
 0.1 kb	 0.0% Packages/com.unity.visualscripting/Runtime/VisualScripting.Flow/Framework/Events/Physics/OnTriggerEnter.cs
 0.1 kb	 0.0% Packages/com.unity.visualscripting/Runtime/VisualScripting.Flow/Framework/Events/Physics/OnCollisionStay.cs
 0.1 kb	 0.0% Packages/com.unity.visualscripting/Runtime/VisualScripting.Flow/Framework/Events/Physics/OnCollisionExit.cs
 0.1 kb	 0.0% Packages/com.unity.visualscripting/Runtime/VisualScripting.Flow/Framework/Events/Physics/OnCollisionEnter.cs
 0.1 kb	 0.0% Packages/com.unity.visualscripting/Runtime/VisualScripting.Flow/Framework/Events/Input/OnKeyboardInput.cs
 0.1 kb	 0.0% Packages/com.unity.visualscripting/Runtime/VisualScripting.Flow/Framework/Events/Input/OnButtonInput.cs
 0.1 kb	 0.0% Packages/com.unity.visualscripting/Runtime/VisualScripting.Flow/Framework/Events/Input/IMouseEventUnit.cs
 0.1 kb	 0.0% Packages/com.unity.visualscripting/Runtime/VisualScripting.Flow/Framework/Events/GUI/PointerEventUnit.cs
 0.1 kb	 0.0% Packages/com.unity.visualscripting/Runtime/VisualScripting.Flow/Framework/Events/GUI/OnPointerExit.cs
 0.1 kb	 0.0% Packages/com.unity.visualscripting/Runtime/VisualScripting.Flow/Framework/Events/GUI/OnPointerEnter.cs
 0.1 kb	 0.0% Packages/com.unity.visualscripting/Runtime/VisualScripting.Flow/Framework/Events/GUI/OnPointerDown.cs
 0.1 kb	 0.0% Packages/com.unity.visualscripting/Runtime/VisualScripting.Flow/Framework/Events/GUI/OnPointerClick.cs
 0.1 kb	 0.0% Packages/com.unity.visualscripting/Runtime/VisualScripting.Flow/Framework/Events/GUI/OnButtonClick.cs
 0.1 kb	 0.0% Packages/com.unity.visualscripting/Runtime/VisualScripting.Flow/Framework/Events/CustomEventArgs.cs
 0.1 kb	 0.0% Packages/com.unity.visualscripting/Runtime/VisualScripting.Flow/Framework/Events/BoltUnityEvent.cs
 0.1 kb	 0.0% Packages/com.unity.visualscripting/Runtime/VisualScripting.Flow/Framework/Events/Animation/OnAnimatorMove.cs
 0.1 kb	 0.0% Packages/com.unity.visualscripting/Runtime/VisualScripting.Flow/Framework/Control/SwitchOnString.cs
 0.1 kb	 0.0% Packages/com.unity.visualscripting/Runtime/VisualScripting.Flow/Framework/Control/SwitchOnInteger.cs
 0.1 kb	 0.0% Packages/com.unity.visualscripting/Runtime/VisualScripting.Flow/Framework/Control/SelectOnString.cs
 0.1 kb	 0.0% Packages/com.unity.visualscripting/Runtime/VisualScripting.Flow/Framework/Control/SelectOnInteger.cs
 0.1 kb	 0.0% Packages/com.unity.visualscripting/Runtime/VisualScripting.Flow/Framework/Collections/Lists/RemoveListItemAt.cs
 0.1 kb	 0.0% Packages/com.unity.visualscripting/Runtime/VisualScripting.Flow/Framework/Collections/Lists/RemoveListItem.cs
 0.1 kb	 0.0% Packages/com.unity.visualscripting/Runtime/VisualScripting.Flow/Framework/Collections/Lists/ListContainsItem.cs
 0.1 kb	 0.0% Packages/com.unity.visualscripting/Runtime/VisualScripting.Flow/Framework/Collections/Lists/InsertListItem.cs
 0.1 kb	 0.0% Packages/com.unity.visualscripting/Runtime/VisualScripting.Flow/Framework/Collections/Dictionaries/CreateDictionary.cs
 0.1 kb	 0.0% Packages/com.unity.visualscripting/Runtime/VisualScripting.Flow/Framework/Collections/Dictionaries/ClearDictionary.cs
 0.1 kb	 0.0% Packages/com.unity.visualscripting/Runtime/VisualScripting.Flow/FlowGraphData.cs
 0.1 kb	 0.0% Packages/com.unity.visualscripting/Runtime/VisualScripting.Flow/EditorBinding/PortKeyAttribute.cs
 0.1 kb	 0.0% Packages/com.unity.visualscripting/Runtime/VisualScripting.Flow/Connections/ValueConnection.cs
 0.1 kb	 0.0% Packages/com.unity.visualscripting/Runtime/VisualScripting.Flow/Connections/IUnitRelation.cs
 0.1 kb	 0.0% Packages/com.unity.visualscripting/Runtime/VisualScripting.Flow/Connections/IUnitConnection.cs
 0.1 kb	 0.0% Packages/com.unity.visualscripting/Runtime/VisualScripting.Core/Variables/VariablesSaver.cs
 0.1 kb	 0.0% Packages/com.unity.visualscripting/Runtime/VisualScripting.Core/Variables/VariablesAsset.cs
 0.1 kb	 0.0% Packages/com.unity.visualscripting/Runtime/VisualScripting.Core/Variables/SceneVariables.cs
 0.1 kb	 0.0% Packages/com.unity.visualscripting/Runtime/VisualScripting.Core/Variables/SavedVariables.cs
 0.1 kb	 0.0% Packages/com.unity.visualscripting/Runtime/VisualScripting.Core/Variables/ObjectVariables.cs
 0.1 kb	 0.0% Packages/com.unity.visualscripting/Runtime/VisualScripting.Core/Utilities/StringUtility.cs
 0.1 kb	 0.0% Packages/com.unity.visualscripting/Runtime/VisualScripting.Core/Utilities/IInitializable.cs
 0.1 kb	 0.0% Packages/com.unity.visualscripting/Runtime/VisualScripting.Core/Utilities/IIdentifiable.cs
 0.1 kb	 0.0% Packages/com.unity.visualscripting/Runtime/VisualScripting.Core/Utilities/ExceptionUtility.cs
 0.1 kb	 0.0% Packages/com.unity.visualscripting/Runtime/VisualScripting.Core/Utilities/CoroutineRunner.cs
 0.1 kb	 0.0% Packages/com.unity.visualscripting/Runtime/VisualScripting.Core/Unity/LudiqBehaviour.cs
 0.1 kb	 0.0% Packages/com.unity.visualscripting/Runtime/VisualScripting.Core/Serialization/Serialization.cs
 0.1 kb	 0.0% Packages/com.unity.visualscripting/Runtime/VisualScripting.Core/Serialization/SerializableType.cs
 0.1 kb	 0.0% Packages/com.unity.visualscripting/Runtime/VisualScripting.Core/Serialization/DictionaryAsset.cs
 0.1 kb	 0.0% Packages/com.unity.visualscripting/Runtime/VisualScripting.Core/Serialization/Converters/Ray2DConverter.cs
 0.1 kb	 0.0% Packages/com.unity.visualscripting/Runtime/VisualScripting.Core/Reflection/RuntimeCodebase.cs
 0.1 kb	 0.0% Packages/com.unity.visualscripting/Runtime/VisualScripting.Core/Reflection/Operators/OperatorUtility.cs
 0.1 kb	 0.0% Packages/com.unity.visualscripting/Runtime/VisualScripting.Core/Reflection/Operators/OperatorHandler.cs
 0.1 kb	 0.0% Packages/com.unity.visualscripting/Runtime/VisualScripting.Core/Reflection/Operators/ModuloHandler.cs
 0.1 kb	 0.0% Packages/com.unity.visualscripting/Runtime/VisualScripting.Core/Reflection/Operators/LessThanHandler.cs
 0.1 kb	 0.0% Packages/com.unity.visualscripting/Runtime/VisualScripting.Core/Reflection/Operators/LeftShiftHandler.cs
 0.1 kb	 0.0% Packages/com.unity.visualscripting/Runtime/VisualScripting.Core/Reflection/Operators/IncrementHandler.cs
 0.1 kb	 0.0% Packages/com.unity.visualscripting/Runtime/VisualScripting.Core/Reflection/Operators/EqualityHandler.cs
 0.1 kb	 0.0% Packages/com.unity.visualscripting/Runtime/VisualScripting.Core/Reflection/Operators/DivisionHandler.cs
 0.1 kb	 0.0% Packages/com.unity.visualscripting/Runtime/VisualScripting.Core/Reflection/Operators/DecrementHandler.cs
 0.1 kb	 0.0% Packages/com.unity.visualscripting/Runtime/VisualScripting.Core/Reflection/Operators/AdditionHandler.cs
 0.1 kb	 0.0% Packages/com.unity.visualscripting/Runtime/VisualScripting.Core/Reflection/MemberUtility.cs
 0.1 kb	 0.0% Packages/com.unity.visualscripting/Runtime/VisualScripting.Core/Reflection/AttributeUtility.cs
 0.1 kb	 0.0% Packages/com.unity.visualscripting/Runtime/VisualScripting.Core/Profiling/ProfilingUtility.cs
 0.1 kb	 0.0% Packages/com.unity.visualscripting/Runtime/VisualScripting.Core/Profiling/ProfilingScope.cs
 0.1 kb	 0.0% Packages/com.unity.visualscripting/Runtime/VisualScripting.Core/Profiling/ProfiledSegment.cs
 0.1 kb	 0.0% Packages/com.unity.visualscripting/Runtime/VisualScripting.Core/Platforms/PlatformUtility.cs
 0.1 kb	 0.0% Packages/com.unity.visualscripting/Runtime/VisualScripting.Core/Platforms/IAotStubbable.cs
 0.1 kb	 0.0% Packages/com.unity.visualscripting/Runtime/VisualScripting.Core/Listeners/MessageListener.cs
 0.1 kb	 0.0% Packages/com.unity.visualscripting/Runtime/VisualScripting.Core/Graphs/IGraphElement.cs
 0.1 kb	 0.0% Packages/com.unity.visualscripting/Runtime/VisualScripting.Core/Graphs/IGraphDebugData.cs
 0.1 kb	 0.0% Packages/com.unity.visualscripting/Runtime/VisualScripting.Core/Graphs/GraphReference.cs
 0.1 kb	 0.0% Packages/com.unity.visualscripting/Runtime/VisualScripting.Core/Graphs/GraphInstances.cs
 0.1 kb	 0.0% Packages/com.unity.visualscripting/Runtime/VisualScripting.Core/Graphs/GraphDebugData.cs
 0.1 kb	 0.0% Packages/com.unity.visualscripting/Runtime/VisualScripting.Core/Events/IEventMachine.cs
 0.1 kb	 0.0% Packages/com.unity.visualscripting/Runtime/VisualScripting.Core/Events/EmptyEventArgs.cs
 0.1 kb	 0.0% Packages/com.unity.visualscripting/Runtime/VisualScripting.Core/Ensure/EnsureThat.Strings.cs
 0.1 kb	 0.0% Packages/com.unity.visualscripting/Runtime/VisualScripting.Core/Ensure/EnsureThat.Objects.cs
 0.1 kb	 0.0% Packages/com.unity.visualscripting/Runtime/VisualScripting.Core/Ensure/EnsureThat.Booleans.cs
 0.1 kb	 0.0% Packages/com.unity.visualscripting/Runtime/VisualScripting.Core/EditorBinding/TypeSetAttribute.cs
 0.1 kb	 0.0% Packages/com.unity.visualscripting/Runtime/VisualScripting.Core/Decorators/ValueAttribute.cs
 0.1 kb	 0.0% Packages/com.unity.visualscripting/Runtime/VisualScripting.Core/Collections/AotDictionary.cs
 0.1 kb	 0.0% Packages/com.unity.visualscripting/Runtime/VisualScripting.Core/Cloning/ISpecifiesCloner.cs
 0.1 kb	 0.0% Packages/com.unity.visualscripting/Runtime/VisualScripting.Core/Cloning/CloningContext.cs
 0.1 kb	 0.0% Packages/com.unity.visualscripting/Runtime/VisualScripting.Core/Cloning/Cloners/ReflectedCloner.cs
 0.1 kb	 0.0% Packages/com.unity.visualscripting/Runtime/VisualScripting.Core/Cloning/Cloners/GradientCloner.cs
 0.1 kb	 0.0% Packages/com.unity.visualscripting/Runtime/VisualScripting.Core/Cloning/Cloners/EnumerableCloner.cs
 0.1 kb	 0.0% Packages/com.unity.visualscripting/Runtime/VisualScripting.Core/Cloning/Cloners/DictionaryCloner.cs
 0.1 kb	 0.0% Packages/com.unity.timeline/Runtime/Utilities/TimelineCreateUtilities.cs
 0.1 kb	 0.0% Packages/com.unity.timeline/Runtime/Utilities/TimelineClipExtensions.cs
 0.1 kb	 0.0% Packages/com.unity.timeline/Runtime/Utilities/NotificationUtilities.cs
 0.1 kb	 0.0% Packages/com.unity.timeline/Runtime/Playables/PrefabControlPlayable.cs
 0.1 kb	 0.0% Packages/com.unity.timeline/Runtime/Playables/ParticleControlPlayable.cs
 0.1 kb	 0.0% Packages/com.unity.timeline/Runtime/Playables/DirectorControlPlayable.cs
 0.1 kb	 0.0% Packages/com.unity.timeline/Runtime/Events/Signals/CustomSignalEventDrawer.cs
 0.1 kb	 0.0% Packages/com.unity.timeline/Runtime/Attributes/TimelineHelpURLAttribute.cs
 0.1 kb	 0.0% Packages/com.unity.timeline/Runtime/Animation/AnimationPlayableAsset.cs
 0.1 kb	 0.0% Packages/com.unity.timeline/Runtime/Activation/ActivationPlayableAsset.cs
 0.1 kb	 0.0% Packages/com.unity.timeline/Runtime/Activation/ActivationMixerPlayable.cs
 0.1 kb	 0.0% Packages/com.unity.textmeshpro/Scripts/Runtime/TMP_ScrollbarEventHandler.cs
 0.1 kb	 0.0% Packages/com.unity.textmeshpro/Scripts/Runtime/TMP_PackageResourceImporter.cs
 0.1 kb	 0.0% Packages/com.unity.textmeshpro/Scripts/Runtime/TMP_EditorResourceManager.cs
 0.1 kb	 0.0% Packages/com.unity.test-framework/UnityEngine.TestRunner/Utils/StacktraceFilter.cs
 0.1 kb	 0.0% Packages/com.unity.test-framework/UnityEngine.TestRunner/Utils/IPrebuildSceneSetup.cs
 0.1 kb	 0.0% Packages/com.unity.test-framework/UnityEngine.TestRunner/Utils/CoroutineRunner.cs
 0.1 kb	 0.0% Packages/com.unity.test-framework/UnityEngine.TestRunner/Utils/AssemblyProvider/IAssemblyWrapper.cs
 0.1 kb	 0.0% Packages/com.unity.test-framework/UnityEngine.TestRunner/Utils/AssemblyProvider/AssemblyWrapper.cs
 0.1 kb	 0.0% Packages/com.unity.render-pipelines.core/Runtime/Volume/VolumeStack.cs
 0.1 kb	 0.0% Packages/com.unity.render-pipelines.core/Runtime/Utilities/TextureCurve.cs
 0.1 kb	 0.0% Packages/com.unity.render-pipelines.core/Runtime/Utilities/MeshGizmo.cs
 0.1 kb	 0.0% Packages/com.unity.render-pipelines.core/Runtime/Utilities/HashFNV1A32.cs
 0.1 kb	 0.0% Packages/com.unity.render-pipelines.core/Runtime/Utilities/HableCurve.cs
 0.1 kb	 0.0% Packages/com.unity.render-pipelines.core/Runtime/Utilities/CoreUtils.cs
 0.1 kb	 0.0% Packages/com.unity.render-pipelines.core/Runtime/Utilities/ColorUtils.cs
 0.1 kb	 0.0% Packages/com.unity.render-pipelines.core/Runtime/Textures/TextureXR.cs
 0.1 kb	 0.0% Packages/com.unity.render-pipelines.core/Runtime/Textures/RTHandles.cs
 0.1 kb	 0.0% Packages/com.unity.render-pipelines.core/Runtime/ShaderLibrary/Sampling/Hammersley.cs
 0.1 kb	 0.0% Packages/com.unity.render-pipelines.core/Runtime/Lighting/ProbeVolume/ProbeVolume.cs
 0.1 kb	 0.0% Packages/com.unity.render-pipelines.core/Runtime/Debugging/Prefabs/Scripts/UIFoldout.cs
 0.1 kb	 0.0% Packages/com.unity.render-pipelines.core/Runtime/Debugging/DebugUpdater.cs
 0.1 kb	 0.0% Packages/com.unity.render-pipelines.core/Runtime/Debugging/DebugUI.Panel.cs
 0.1 kb	 0.0% Packages/com.unity.render-pipelines.core/Runtime/Debugging/DebugUI.Fields.cs
 0.1 kb	 0.0% Packages/com.unity.render-pipelines.core/Runtime/Debugging/DebugShapes.cs
 0.1 kb	 0.0% Packages/com.unity.render-pipelines.core/Runtime/Debugging/DebugManager.cs
 0.1 kb	 0.0% Packages/com.unity.render-pipelines.core/Runtime/Common/XRGraphics.cs
 0.1 kb	 0.0% Packages/com.unity.render-pipelines.core/Runtime/Camera/FreeCamera.cs
 0.1 kb	 0.0% Packages/com.unity.mathematics/Unity.Mathematics/PropertyAttributes.cs
 0.1 kb	 0.0% Packages/com.unity.collections/Unity.Collections/UnsafeRingQueue.cs
 0.1 kb	 0.0% Packages/com.unity.collections/Unity.Collections/FixedStringParseMethods.cs
 0.1 kb	 0.0% Packages/com.unity.collections/Unity.Collections/FixedStringAppendMethods.cs
 0.1 kb	 0.0% Packages/com.unity.2d.spriteshape/Runtime/SpriteShapeGenerator.cs
 0.1 kb	 0.0% Packages/com.unity.visualscripting/Runtime/VisualScripting.Core/Ensure/EnsureThat.Types.cs
 0.1 kb	 0.0% Packages/com.unity.visualscripting/Runtime/VisualScripting.Core/Ensure/EnsureThat.Guids.cs
 0.1 kb	 0.0% Packages/com.unity.visualscripting/Runtime/VisualScripting.Core/Dependencies/FullSerializer/fsResult.cs
 0.1 kb	 0.0% Packages/com.unity.visualscripting/Runtime/VisualScripting.Core/Dependencies/FullSerializer/fsData.cs
 0.1 kb	 0.0% Packages/com.unity.visualscripting/Runtime/VisualScripting.Core/Dependencies/FullSerializer/fsConfig.cs
 0.1 kb	 0.0% Packages/com.unity.ugui/Runtime/UI/Core/Utility/ReflectionMethodsCache.cs
 0.1 kb	 0.0% Packages/com.unity.ugui/Runtime/UI/Core/MultipleDisplayUtilities.cs
 0.1 kb	 0.0% Packages/com.unity.ugui/Runtime/UI/Core/Layout/HorizontalLayoutGroup.cs
 0.1 kb	 0.0% Packages/com.unity.ugui/Runtime/UI/Core/IGraphicEnabledDisabled.cs
 0.1 kb	 0.0% Packages/com.unity.ugui/Runtime/UI/Core/GraphicRebuildTracker.cs
 0.1 kb	 0.0% Packages/com.unity.ugui/Runtime/UI/Core/Culling/RectangularVertexClipper.cs
 0.1 kb	 0.0% Packages/com.unity.ugui/Runtime/EventSystem/UIElements/PanelEventHandler.cs
 0.1 kb	 0.0% Packages/com.unity.ugui/Runtime/EventSystem/Raycasters/Physics2DRaycaster.cs
 0.1 kb	 0.0% Packages/com.unity.ugui/Runtime/EventSystem/InputModules/PointerInputModule.cs
 0.1 kb	 0.0% Packages/com.unity.timeline/Runtime/TimelineAttributes.cs
 0.1 kb	 0.0% Packages/com.unity.timeline/Runtime/Playables/BasicScriptPlayable.cs
 0.1 kb	 0.0% Packages/com.unity.test-framework/UnityEngine.TestRunner/Utils/ITestRunCallback.cs
 0.1 kb	 0.0% Packages/com.unity.test-framework/UnityEngine.TestRunner/Utils/AttributeHelper.cs
 0.1 kb	 0.0% Packages/com.unity.test-framework/UnityEngine.TestRunner/NUnitExtensions/Attributes/TestEnumerator.cs
 0.1 kb	 0.0% Packages/com.unity.test-framework/UnityEngine.TestRunner/Assertions/LogScope/ILogScope.cs
 0.1 kb	 0.0% Packages/com.unity.render-pipelines.universal/Editor/ShaderGUI/MaterialAssemblyReference/RawRenderQueue.cs
 0.1 kb	 0.0% Packages/com.unity.render-pipelines.core/ShaderLibrary/DummyShaderLibrary.cs
 0.1 kb	 0.0% Packages/com.unity.render-pipelines.core/Runtime/Utilities/BitArray.cs
 0.1 kb	 0.0% Packages/com.unity.render-pipelines.core/Runtime/Inputs/InputRegistering.cs
 0.1 kb	 0.0% Packages/com.unity.collections/Unity.Collections/UnsafeText.cs
 0.1 kb	 0.0% Packages/com.unity.collections/Unity.Collections/UnsafeStream.cs
 0.1 kb	 0.0% Packages/com.unity.collections/Unity.Collections/UnsafeList.cs
 0.1 kb	 0.0% Packages/com.unity.collections/Unity.Collections/RewindableAllocator.cs
 0.1 kb	 0.0% Packages/com.unity.collections/Unity.Collections/FixedStringMethods.cs
 0.1 kb	 0.0% Packages/com.unity.collections/Unity.Collections/Deprecated.cs
 0.1 kb	 0.0% Packages/com.unity.burst/Runtime/CompilerServices/AssumeRangeAttribute.cs
 0.1 kb	 0.0% Packages/com.unity.2d.spriteshape/Runtime/External/LibTessDotNet/Sweep.cs
 0.1 kb	 0.0% Packages/com.unity.2d.pixel-perfect/Runtime/PixelPerfectCamera.cs
 0.1 kb	 0.0% Packages/com.unity.2d.animation/Runtime/SpriteSkin.cs
 0.1 kb	 0.0% Packages/com.unity.2d.animation/Runtime/IconUtility.cs
 0.1 kb	 0.0% Assets/_Game/Scripts/Core/WeightedShapeProvider.cs
 0.1 kb	 0.0% Assets/_Game/Scripts/Bootstrap/GameSceneFactory.cs
 0.1 kb	 0.0% Assets/_Game/Scripts/Bootstrap/GameBootstrap.cs
 0.1 kb	 0.0% Packages/com.unity.visualscripting/Runtime/VisualScripting.State/SuperState.cs
 0.1 kb	 0.0% Packages/com.unity.visualscripting/Runtime/VisualScripting.State/StateUnit.cs
 0.1 kb	 0.0% Packages/com.unity.visualscripting/Runtime/VisualScripting.State/StateMachine.cs
 0.1 kb	 0.0% Packages/com.unity.visualscripting/Runtime/VisualScripting.State/StateGraph.cs
 0.1 kb	 0.0% Packages/com.unity.visualscripting/Runtime/VisualScripting.State/OnExitState.cs
 0.1 kb	 0.0% Packages/com.unity.visualscripting/Runtime/VisualScripting.State/OnEnterState.cs
 0.1 kb	 0.0% Packages/com.unity.visualscripting/Runtime/VisualScripting.State/INesterState.cs
 0.1 kb	 0.0% Packages/com.unity.visualscripting/Runtime/VisualScripting.State/FlowState.cs
 0.1 kb	 0.0% Packages/com.unity.visualscripting/Runtime/VisualScripting.Flow/UnitCategory.cs
 0.1 kb	 0.0% Packages/com.unity.visualscripting/Runtime/VisualScripting.Flow/SubgraphUnit.cs
 0.1 kb	 0.0% Packages/com.unity.visualscripting/Runtime/VisualScripting.Flow/Ports/ValueOutput.cs
 0.1 kb	 0.0% Packages/com.unity.visualscripting/Runtime/VisualScripting.Flow/Ports/ValueInput.cs
 0.1 kb	 0.0% Packages/com.unity.visualscripting/Runtime/VisualScripting.Flow/Ports/InvalidInput.cs
 0.1 kb	 0.0% Packages/com.unity.visualscripting/Runtime/VisualScripting.Flow/Ports/IUnitPort.cs
 0.1 kb	 0.0% Packages/com.unity.visualscripting/Runtime/VisualScripting.Flow/Ports/ControlInput.cs
 0.1 kb	 0.0% Packages/com.unity.visualscripting/Runtime/VisualScripting.Flow/INesterUnit.cs
 0.1 kb	 0.0% Packages/com.unity.visualscripting/Runtime/VisualScripting.Flow/Framework/Variables/SetVariable.cs
 0.1 kb	 0.0% Packages/com.unity.visualscripting/Runtime/VisualScripting.Flow/Framework/Variables/Obsolete/VariableUnit.cs
 0.1 kb	 0.0% Packages/com.unity.visualscripting/Runtime/VisualScripting.Flow/Framework/Variables/GetVariable.cs
 0.1 kb	 0.0% Packages/com.unity.visualscripting/Runtime/VisualScripting.Flow/Framework/Time/WaitForFlow.cs
 0.1 kb	 0.0% Packages/com.unity.visualscripting/Runtime/VisualScripting.Flow/Framework/Nulls/NullCoalesce.cs
 0.1 kb	 0.0% Packages/com.unity.visualscripting/Runtime/VisualScripting.Flow/Framework/Nulls/NullCheck.cs
 0.1 kb	 0.0% Packages/com.unity.visualscripting/Runtime/VisualScripting.Flow/Framework/Nesting/GraphOutput.cs
 0.1 kb	 0.0% Packages/com.unity.visualscripting/Runtime/VisualScripting.Flow/Framework/Nesting/GraphInput.cs
 0.1 kb	 0.0% Packages/com.unity.visualscripting/Runtime/VisualScripting.Flow/Framework/MissingType.cs
 0.1 kb	 0.0% Packages/com.unity.visualscripting/Runtime/VisualScripting.Flow/Framework/Math/Vector4/Vector4Sum.cs
 0.1 kb	 0.0% Packages/com.unity.visualscripting/Runtime/VisualScripting.Flow/Framework/Math/Vector4/Vector4Round.cs
 0.1 kb	 0.0% Packages/com.unity.visualscripting/Runtime/VisualScripting.Flow/Framework/Math/Vector4/Vector4Lerp.cs
 0.1 kb	 0.0% Packages/com.unity.visualscripting/Runtime/VisualScripting.Flow/Framework/Math/Vector3/Vector3Sum.cs
 0.1 kb	 0.0% Packages/com.unity.visualscripting/Runtime/VisualScripting.Flow/Framework/Math/Vector3/Vector3Round.cs
 0.1 kb	 0.0% Packages/com.unity.visualscripting/Runtime/VisualScripting.Flow/Framework/Math/Vector3/Vector3Lerp.cs
 0.1 kb	 0.0% Packages/com.unity.visualscripting/Runtime/VisualScripting.Flow/Framework/Math/Vector3/Vector3Angle.cs
 0.1 kb	 0.0% Packages/com.unity.visualscripting/Runtime/VisualScripting.Flow/Framework/Math/Vector2/Vector2Sum.cs
 0.1 kb	 0.0% Packages/com.unity.visualscripting/Runtime/VisualScripting.Flow/Framework/Math/Vector2/Vector2Round.cs
 0.1 kb	 0.0% Packages/com.unity.visualscripting/Runtime/VisualScripting.Flow/Framework/Math/Vector2/Vector2Lerp.cs
 0.1 kb	 0.0% Packages/com.unity.visualscripting/Runtime/VisualScripting.Flow/Framework/Math/Vector2/Vector2Angle.cs
 0.1 kb	 0.0% Packages/com.unity.visualscripting/Runtime/VisualScripting.Flow/Framework/Math/Scalar/ScalarSum.cs
 0.1 kb	 0.0% Packages/com.unity.visualscripting/Runtime/VisualScripting.Flow/Framework/Math/Scalar/ScalarRound.cs
 0.1 kb	 0.0% Packages/com.unity.visualscripting/Runtime/VisualScripting.Flow/Framework/Math/Scalar/ScalarRoot.cs
 0.1 kb	 0.0% Packages/com.unity.visualscripting/Runtime/VisualScripting.Flow/Framework/Math/Scalar/ScalarModulo.cs
 0.1 kb	 0.0% Packages/com.unity.visualscripting/Runtime/VisualScripting.Flow/Framework/Math/Scalar/ScalarLerp.cs
 0.1 kb	 0.0% Packages/com.unity.visualscripting/Runtime/VisualScripting.Flow/Framework/Math/Scalar/ScalarDivide.cs
 0.1 kb	 0.0% Packages/com.unity.visualscripting/Runtime/VisualScripting.Flow/Framework/Math/Generic/GenericSum.cs
 0.1 kb	 0.0% Packages/com.unity.visualscripting/Runtime/VisualScripting.Flow/Framework/Logic/LessOrEqual.cs
 0.1 kb	 0.0% Packages/com.unity.visualscripting/Runtime/VisualScripting.Flow/Framework/Logic/ExclusiveOr.cs
 0.1 kb	 0.0% Packages/com.unity.visualscripting/Runtime/VisualScripting.Flow/Framework/Logic/Comparison.cs
 0.1 kb	 0.0% Packages/com.unity.visualscripting/Runtime/VisualScripting.Flow/Framework/Events/Physics/OnJointBreak.cs
 0.1 kb	 0.0% Packages/com.unity.visualscripting/Runtime/VisualScripting.Flow/Framework/Events/Lifecycle/OnDisable.cs
 0.1 kb	 0.0% Packages/com.unity.visualscripting/Runtime/VisualScripting.Flow/Framework/Events/Lifecycle/OnDestroy.cs
 0.1 kb	 0.0% Packages/com.unity.visualscripting/Runtime/VisualScripting.Flow/Framework/Events/Lifecycle/LateUpdate.cs
 0.1 kb	 0.0% Packages/com.unity.visualscripting/Runtime/VisualScripting.Flow/Framework/Events/Lifecycle/FixedUpdate.cs
 0.1 kb	 0.0% Packages/com.unity.visualscripting/Runtime/VisualScripting.Flow/Framework/Events/Input/OnMouseUp.cs
 0.1 kb	 0.0% Packages/com.unity.visualscripting/Runtime/VisualScripting.Flow/Framework/Events/Input/OnMouseOver.cs
 0.1 kb	 0.0% Packages/com.unity.visualscripting/Runtime/VisualScripting.Flow/Framework/Events/Input/OnMouseInput.cs
 0.1 kb	 0.0% Packages/com.unity.visualscripting/Runtime/VisualScripting.Flow/Framework/Events/Input/OnMouseExit.cs
 0.1 kb	 0.0% Packages/com.unity.visualscripting/Runtime/VisualScripting.Flow/Framework/Events/Input/OnMouseEnter.cs
 0.1 kb	 0.0% Packages/com.unity.visualscripting/Runtime/VisualScripting.Flow/Framework/Events/Input/OnMouseDrag.cs
 0.1 kb	 0.0% Packages/com.unity.visualscripting/Runtime/VisualScripting.Flow/Framework/Events/Input/OnMouseDown.cs
 0.1 kb	 0.0% Packages/com.unity.visualscripting/Runtime/VisualScripting.Flow/Framework/Events/IEventUnit.cs
 0.1 kb	 0.0% Packages/com.unity.visualscripting/Runtime/VisualScripting.Flow/Framework/Events/GUI/OnPointerUp.cs
 0.1 kb	 0.0% Packages/com.unity.visualscripting/Runtime/VisualScripting.Flow/Framework/Events/GUI/OnEndDrag.cs
 0.1 kb	 0.0% Packages/com.unity.visualscripting/Runtime/VisualScripting.Flow/Framework/Events/GUI/OnDeselect.cs
 0.1 kb	 0.0% Packages/com.unity.visualscripting/Runtime/VisualScripting.Flow/Framework/Events/GUI/OnBeginDrag.cs
 0.1 kb	 0.0% Packages/com.unity.visualscripting/Runtime/VisualScripting.Flow/Framework/Events/Editor/OnDrawGizmos.cs
 0.1 kb	 0.0% Packages/com.unity.visualscripting/Runtime/VisualScripting.Flow/Framework/Events/CustomEvent.cs
 0.1 kb	 0.0% Packages/com.unity.visualscripting/Runtime/VisualScripting.Flow/Framework/Events/Animation/OnAnimatorIK.cs
 0.1 kb	 0.0% Packages/com.unity.visualscripting/Runtime/VisualScripting.Flow/Framework/Control/ToggleValue.cs
 0.1 kb	 0.0% Packages/com.unity.visualscripting/Runtime/VisualScripting.Flow/Framework/Control/ToggleFlow.cs
 0.1 kb	 0.0% Packages/com.unity.visualscripting/Runtime/VisualScripting.Flow/Framework/Control/SwitchOnEnum.cs
 0.1 kb	 0.0% Packages/com.unity.visualscripting/Runtime/VisualScripting.Flow/Framework/Control/SelectUnit_T.cs
 0.1 kb	 0.0% Packages/com.unity.visualscripting/Runtime/VisualScripting.Flow/Framework/Control/SelectUnit.cs
 0.1 kb	 0.0% Packages/com.unity.visualscripting/Runtime/VisualScripting.Flow/Framework/Control/SelectOnFlow.cs
 0.1 kb	 0.0% Packages/com.unity.visualscripting/Runtime/VisualScripting.Flow/Framework/Control/SelectOnEnum.cs
 0.1 kb	 0.0% Packages/com.unity.visualscripting/Runtime/VisualScripting.Flow/Framework/Control/ISelectUnit.cs
 0.1 kb	 0.0% Packages/com.unity.visualscripting/Runtime/VisualScripting.Flow/Framework/Control/IBranchUnit.cs
 0.1 kb	 0.0% Packages/com.unity.visualscripting/Runtime/VisualScripting.Flow/Framework/Collections/Lists/SetListItem.cs
 0.1 kb	 0.0% Packages/com.unity.visualscripting/Runtime/VisualScripting.Flow/Framework/Collections/Lists/MergeLists.cs
 0.1 kb	 0.0% Packages/com.unity.visualscripting/Runtime/VisualScripting.Flow/Framework/Collections/Lists/GetListItem.cs
 0.1 kb	 0.0% Packages/com.unity.visualscripting/Runtime/VisualScripting.Flow/Framework/Collections/Lists/CreateList.cs
 0.1 kb	 0.0% Packages/com.unity.visualscripting/Runtime/VisualScripting.Flow/Framework/Collections/Lists/ClearList.cs
 0.1 kb	 0.0% Packages/com.unity.visualscripting/Runtime/VisualScripting.Flow/Framework/Collections/Lists/AddListItem.cs
 0.1 kb	 0.0% Packages/com.unity.visualscripting/Runtime/VisualScripting.Flow/Framework/Collections/FirstItem.cs
 0.1 kb	 0.0% Packages/com.unity.visualscripting/Runtime/VisualScripting.Flow/Framework/Collections/CountItems.cs
 0.1 kb	 0.0% Packages/com.unity.visualscripting/Runtime/VisualScripting.Flow/Framework/Codebase/SetMember.cs
 0.1 kb	 0.0% Packages/com.unity.visualscripting/Runtime/VisualScripting.Flow/Framework/Codebase/MemberUnit.cs
 0.1 kb	 0.0% Packages/com.unity.visualscripting/Runtime/VisualScripting.Flow/Framework/Codebase/InvokeMember.cs
 0.1 kb	 0.0% Packages/com.unity.visualscripting/Runtime/VisualScripting.Flow/Framework/Codebase/GetMember.cs
 0.1 kb	 0.0% Packages/com.unity.visualscripting/Runtime/VisualScripting.Flow/Framework/Codebase/CreateStruct.cs
 0.1 kb	 0.0% Packages/com.unity.visualscripting/Runtime/VisualScripting.Flow/FlowGraph.cs
 0.1 kb	 0.0% Packages/com.unity.visualscripting/Runtime/VisualScripting.Flow/Connections/UnitRelation.cs
 0.1 kb	 0.0% Packages/com.unity.visualscripting/Runtime/VisualScripting.Core/Variables/Variables.cs
 0.1 kb	 0.0% Packages/com.unity.visualscripting/Runtime/VisualScripting.Core/Utilities/Recursion.cs
 0.1 kb	 0.0% Packages/com.unity.visualscripting/Runtime/VisualScripting.Core/Utilities/LinqUtility.cs
 0.1 kb	 0.0% Packages/com.unity.visualscripting/Runtime/VisualScripting.Core/Utilities/IGettable.cs
 0.1 kb	 0.0% Packages/com.unity.visualscripting/Runtime/VisualScripting.Core/Utilities/HashUtility.cs
 0.1 kb	 0.0% Packages/com.unity.visualscripting/Runtime/VisualScripting.Core/Utilities/EnumUtility.cs
 0.1 kb	 0.0% Packages/com.unity.visualscripting/Runtime/VisualScripting.Core/Unity/UnityThread.cs
 0.1 kb	 0.0% Packages/com.unity.visualscripting/Runtime/VisualScripting.Core/Unity/ISingleton.cs
 0.1 kb	 0.0% Packages/com.unity.visualscripting/Runtime/VisualScripting.Core/Unity/IGizmoDrawer.cs
 0.1 kb	 0.0% Packages/com.unity.visualscripting/Runtime/VisualScripting.Core/StickyNote/StickyNote.cs
 0.1 kb	 0.0% Packages/com.unity.visualscripting/Runtime/VisualScripting.Core/Serialization/Converters/RayConverter.cs
 0.1 kb	 0.0% Packages/com.unity.visualscripting/Runtime/VisualScripting.Core/Reflection/TypeUtility.cs
 0.1 kb	 0.0% Packages/com.unity.visualscripting/Runtime/VisualScripting.Core/Reflection/TypeFilter.cs
 0.1 kb	 0.0% Packages/com.unity.visualscripting/Runtime/VisualScripting.Core/Reflection/Optimization/InvokerBase.cs
 0.1 kb	 0.0% Packages/com.unity.visualscripting/Runtime/VisualScripting.Core/Reflection/Operators/PlusHandler.cs
 0.1 kb	 0.0% Packages/com.unity.visualscripting/Runtime/VisualScripting.Core/Reflection/Operators/OrHandler.cs
 0.1 kb	 0.0% Packages/com.unity.visualscripting/Runtime/VisualScripting.Core/Reflection/Operators/AndHandler.cs
 0.1 kb	 0.0% Packages/com.unity.visualscripting/Runtime/VisualScripting.Core/Reflection/Namespace.cs
 0.1 kb	 0.0% Packages/com.unity.visualscripting/Runtime/VisualScripting.Core/Reflection/MemberFilter.cs
 0.1 kb	 0.0% Packages/com.unity.visualscripting/Runtime/VisualScripting.Core/Reflection/IPrewarmable.cs
 0.1 kb	 0.0% Packages/com.unity.visualscripting/Runtime/VisualScripting.Core/Pooling/IPoolable.cs
 0.1 kb	 0.0% Packages/com.unity.visualscripting/Runtime/VisualScripting.Core/Groups/GraphGroup.cs
 0.1 kb	 0.0% Packages/com.unity.visualscripting/Runtime/VisualScripting.Core/Graphs/IGraphRoot.cs
 0.1 kb	 0.0% Packages/com.unity.visualscripting/Runtime/VisualScripting.Core/Graphs/IGraphParent.cs
 0.1 kb	 0.0% Packages/com.unity.visualscripting/Runtime/VisualScripting.Core/Graphs/IGraphNester.cs
 0.1 kb	 0.0% Packages/com.unity.visualscripting/Runtime/VisualScripting.Core/Graphs/IGraphNest.cs
 0.1 kb	 0.0% Packages/com.unity.visualscripting/Runtime/VisualScripting.Core/Graphs/IGraphItem.cs
 0.1 kb	 0.0% Packages/com.unity.visualscripting/Runtime/VisualScripting.Core/Graphs/IGraphData.cs
 0.1 kb	 0.0% Packages/com.unity.visualscripting/Runtime/VisualScripting.Core/Graphs/GraphStack.cs
 0.1 kb	 0.0% Packages/com.unity.visualscripting/Runtime/VisualScripting.Core/Graphs/GraphPointer.cs
 0.1 kb	 0.0% Packages/com.unity.visualscripting/Runtime/VisualScripting.Core/Exceptions/DebugUtility.cs
 0.1 kb	 0.0% Packages/com.unity.visualscripting/Runtime/VisualScripting.Core/Events/IEventGraph.cs
 0.1 kb	 0.0% Packages/com.unity.visualscripting/Runtime/VisualScripting.Core/Events/EventHooks.cs
 0.1 kb	 0.0% Packages/com.unity.visualscripting/Runtime/VisualScripting.Core/Events/EventHook.cs
 0.1 kb	 0.0% Packages/com.unity.visualscripting/Runtime/VisualScripting.Core/Ensure/Extensions/XComparable.cs
 0.1 kb	 0.0% Packages/com.unity.visualscripting/Runtime/VisualScripting.Core/Ensure/EnsureThat.cs
 0.1 kb	 0.0% Packages/com.unity.visualscripting/Runtime/VisualScripting.Core/Cloning/Cloners/ListCloner.cs
 0.1 kb	 0.0% Packages/com.unity.visualscripting/Runtime/VisualScripting.Core/Cloning/Cloners/FieldsCloner.cs
 0.1 kb	 0.0% Packages/com.unity.visualscripting/Runtime/VisualScripting.Core/Cloning/Cloners/ArrayCloner.cs
 0.1 kb	 0.0% Packages/com.unity.ugui/Runtime/UI/Animation/CoroutineTween.cs
 0.1 kb	 0.0% Packages/com.unity.ugui/Runtime/EventSystem/EventInterfaces.cs
 0.1 kb	 0.0% Packages/com.unity.timeline/Runtime/Utilities/IPropertyCollector.cs
 0.1 kb	 0.0% Packages/com.unity.timeline/Runtime/Utilities/AnimatorBindingCache.cs
 0.1 kb	 0.0% Packages/com.unity.timeline/Runtime/Playables/TimeControlPlayable.cs
 0.1 kb	 0.0% Packages/com.unity.timeline/Runtime/Evaluation/ScheduleRuntimeClip.cs
 0.1 kb	 0.0% Packages/com.unity.timeline/Runtime/Evaluation/InfiniteRuntimeClip.cs
 0.1 kb	 0.0% Packages/com.unity.timeline/Runtime/Control/ControlPlayableAsset.cs
 0.1 kb	 0.0% Packages/com.unity.timeline/Runtime/Audio/AudioPlayableAsset.cs
 0.1 kb	 0.0% Packages/com.unity.timeline/Runtime/Audio/AudioMixerProperties.cs
 0.1 kb	 0.0% Packages/com.unity.timeline/Runtime/Audio/AudioClipProperties.cs
 0.1 kb	 0.0% Packages/com.unity.timeline/Runtime/Attributes/TrackColorAttribute.cs
 0.1 kb	 0.0% Packages/com.unity.textmeshpro/Scripts/Runtime/TMPro_ExtensionMethods.cs
 0.1 kb	 0.0% Packages/com.unity.textmeshpro/Scripts/Runtime/TMP_TextParsingUtilities.cs
 0.1 kb	 0.0% Packages/com.unity.textmeshpro/Scripts/Runtime/TMP_TextElement_Legacy.cs
 0.1 kb	 0.0% Packages/com.unity.textmeshpro/Scripts/Runtime/TMP_FontAssetUtilities.cs
 0.1 kb	 0.0% Packages/com.unity.textmeshpro/Scripts/Runtime/MaterialReferenceManager.cs
 0.1 kb	 0.0% Packages/com.unity.render-pipelines.core/Runtime/Volume/Volume.cs
 0.1 kb	 0.0% Packages/com.unity.render-pipelines.core/Runtime/Volume/IVolume.cs
 0.1 kb	 0.0% Packages/com.unity.render-pipelines.core/Runtime/Utilities/XRUtils.cs
 0.1 kb	 0.0% Packages/com.unity.render-pipelines.core/Runtime/Utilities/FSRUtils.cs
 0.1 kb	 0.0% Packages/com.unity.render-pipelines.core/Runtime/Utilities/Blitter.cs
 0.1 kb	 0.0% Packages/com.unity.render-pipelines.core/Runtime/Textures/RTHandle.cs
 0.1 kb	 0.0% Packages/com.unity.render-pipelines.core/Runtime/Debugging/DebugUI.cs
 0.1 kb	 0.0% Packages/com.unity.collections/Unity.Collections/NativeQueue.cs
 0.1 kb	 0.0% Packages/com.unity.collections/Unity.Collections/FixedStringFormat.gen.cs
 0.1 kb	 0.0% Packages/com.unity.collections/Unity.Collections/Attributes.cs
 0.1 kb	 0.0% Packages/com.unity.2d.tilemap.extras/Runtime/Tiles/RuleOverrideTile/RuleOverrideTile.cs
 0.1 kb	 0.0% Packages/com.unity.2d.tilemap.extras/Runtime/Tiles/IsometricRuleTile/IsometricRuleTile.cs
 0.1 kb	 0.0% Packages/com.unity.2d.tilemap.extras/Runtime/Tiles/HexagonalRuleTile/HexagonalRuleTile.cs
 0.1 kb	 0.0% Packages/com.unity.2d.tilemap.extras/Runtime/GridInformation/GridInformation.cs
 0.1 kb	 0.0% Packages/com.unity.2d.spriteshape/Runtime/SpriteShapeGeometryCache.cs
 0.1 kb	 0.0% Packages/com.unity.2d.spriteshape/Runtime/SplineUtility.cs
 0.1 kb	 0.0% Packages/com.unity.2d.spriteshape/Runtime/External/LibTessDotNet/Tess.cs
 0.1 kb	 0.0% Packages/com.unity.2d.spriteshape/Runtime/External/LibTessDotNet/Mesh.cs
 0.1 kb	 0.0% Packages/com.unity.2d.spriteshape/Runtime/External/LibTessDotNet/Geom.cs
 0.1 kb	 0.0% Packages/com.unity.2d.spriteshape/Runtime/BezierUtility.cs
 0.1 kb	 0.0% Packages/com.unity.2d.common/Runtime/UTess2D/Tessellator.cs
 0.1 kb	 0.0% Packages/com.unity.2d.common/Runtime/UTess2D/PlanarGraph.cs
 0.1 kb	 0.0% Packages/com.unity.ugui/Runtime/UI/Core/SetPropertyUtility.cs
 0.1 kb	 0.0% Packages/com.unity.ugui/Runtime/UI/Core/MaterialModifiers/IMaterialModifier.cs
 0.1 kb	 0.0% Packages/com.unity.ugui/Runtime/UI/Core/Layout/VerticalLayoutGroup.cs
 0.1 kb	 0.0% Packages/com.unity.ugui/Runtime/UI/Core/Layout/ContentSizeFitter.cs
 0.1 kb	 0.0% Packages/com.unity.ugui/Runtime/UI/Core/Layout/AspectRatioFitter.cs
 0.1 kb	 0.0% Packages/com.unity.ugui/Runtime/UI/Core/FontUpdateTracker.cs
 0.1 kb	 0.0% Packages/com.unity.ugui/Runtime/UI/Core/CanvasUpdateRegistry.cs
 0.1 kb	 0.0% Packages/com.unity.ugui/Runtime/UI/Core/AnimationTriggers.cs
 0.1 kb	 0.0% Packages/com.unity.ugui/Runtime/EventSystem/UIElements/PanelRaycaster.cs
 0.1 kb	 0.0% Packages/com.unity.ugui/Runtime/EventSystem/Raycasters/PhysicsRaycaster.cs
 0.1 kb	 0.0% Packages/com.unity.ugui/Runtime/EventSystem/Raycasters/BaseRaycaster.cs
 0.1 kb	 0.0% Packages/com.unity.ugui/Runtime/EventSystem/RaycasterManager.cs
 0.1 kb	 0.0% Packages/com.unity.ugui/Runtime/EventSystem/RaycastResult.cs
 0.1 kb	 0.0% Packages/com.unity.ugui/Runtime/EventSystem/InputModules/TouchInputModule.cs
 0.1 kb	 0.0% Packages/com.unity.ugui/Runtime/EventSystem/InputModules/BaseInputModule.cs
 0.1 kb	 0.0% Packages/com.unity.ugui/Runtime/EventSystem/ExecuteEvents.cs
 0.1 kb	 0.0% Packages/com.unity.ugui/Runtime/EventSystem/EventData/PointerEventData.cs
 0.1 kb	 0.0% Packages/com.unity.ugui/Runtime/EventSystem/EventData/BaseEventData.cs
 0.1 kb	 0.0% Packages/com.unity.ugui/Runtime/EventSystem/EventData/AxisEventData.cs
 0.1 kb	 0.0% Packages/com.unity.timeline/Runtime/Extensions/TrackExtensions.cs
 0.1 kb	 0.0% Packages/com.unity.timeline/Runtime/ClipCaps.cs
 0.1 kb	 0.0% Packages/com.unity.textmeshpro/Scripts/Runtime/TMP_TextProcessingStack.cs
 0.1 kb	 0.0% Packages/com.unity.textmeshpro/Scripts/Runtime/TMP_FontFeaturesCommon.cs
 0.1 kb	 0.0% Packages/com.unity.test-framework/UnityEngine.TestRunner/Assertions/LogScope/LogScope.cs
 0.1 kb	 0.0% Packages/com.unity.test-framework/UnityEngine.TestRunner/Assertions/LogScope/LogMatch.cs
 0.1 kb	 0.0% Packages/com.unity.test-framework/UnityEngine.TestRunner/Assertions/LogScope/LogEvent.cs
 0.1 kb	 0.0% Packages/com.unity.test-framework/UnityEngine.TestRunner/Assertions/LogAssert.cs
 0.1 kb	 0.0% Packages/com.unity.render-pipelines.core/Runtime/Lights/LightAnchor.cs
 0.1 kb	 0.0% Packages/com.unity.mathematics/Unity.Mathematics/rigid_transform.cs
 0.1 kb	 0.0% Packages/com.unity.mathematics/Unity.Mathematics/math_unity_conversion.cs
 0.1 kb	 0.0% Packages/com.unity.mathematics/Unity.Mathematics/Geometry/MinMaxAABB.cs
 0.1 kb	 0.0% Packages/com.unity.collections/Unity.Collections/xxHash3.StreamingState.cs
 0.1 kb	 0.0% Packages/com.unity.collections/Unity.Collections/NativeSort.cs
 0.1 kb	 0.0% Packages/com.unity.collections/Unity.Collections/NativeBitArray.cs
 0.1 kb	 0.0% Packages/com.unity.collections/Unity.Collections/ListExtensions.cs
 0.1 kb	 0.0% Packages/com.unity.collections/Unity.Collections/FixedStringUtils.cs
 0.1 kb	 0.0% Packages/com.unity.collections/Unity.Collections/ConcurrentMask.cs
 0.1 kb	 0.0% Packages/com.unity.collections/Unity.Collections/CollectionHelper.cs
 0.1 kb	 0.0% Packages/com.unity.collections/Unity.Collections/AllocatorManager.cs
 0.1 kb	 0.0% Packages/com.unity.burst/Runtime/SafeStringArrayHelper.cs
 0.1 kb	 0.0% Packages/com.unity.burst/Runtime/Editor/BurstEditorOptions.cs
 0.1 kb	 0.0% Packages/com.unity.burst/Runtime/Editor/BurstCompileTarget.cs
 0.1 kb	 0.0% Packages/com.unity.burst/Runtime/Editor/BurstAssemblyDisable.cs
 0.1 kb	 0.0% Packages/com.unity.burst/Runtime/BurstCompileAttribute.cs
 0.1 kb	 0.0% Packages/com.unity.2d.animation/IK/Runtime/FabrikSolver2D.cs
 0.1 kb	 0.0% Assets/_Game/Scripts/Managers/GameOverHandler.cs
 0.1 kb	 0.0% Assets/_Game/Scripts/Gameplay/Pieces/DraggableShape.cs
 0.1 kb	 0.0% Assets/_Game/Scripts/Core/StartingShapeCatalog.cs
 0.1 kb	 0.0% Packages/com.unity.visualscripting/Runtime/VisualScripting.State/State.cs
 0.1 kb	 0.0% Packages/com.unity.visualscripting/Runtime/VisualScripting.State/IState.cs
 0.1 kb	 0.0% Packages/com.unity.visualscripting/Runtime/VisualScripting.State/AnyState.cs
 0.1 kb	 0.0% Packages/com.unity.visualscripting/Runtime/VisualScripting.Flow/IUnit.cs
 0.1 kb	 0.0% Packages/com.unity.visualscripting/Runtime/VisualScripting.Flow/Framework/Time/WaitUnit.cs
 0.1 kb	 0.0% Packages/com.unity.visualscripting/Runtime/VisualScripting.Flow/Framework/Time/Timer.cs
 0.1 kb	 0.0% Packages/com.unity.visualscripting/Runtime/VisualScripting.Flow/Framework/Time/Cooldown.cs
 0.1 kb	 0.0% Packages/com.unity.visualscripting/Runtime/VisualScripting.Flow/Framework/Logic/NotEqual.cs
 0.1 kb	 0.0% Packages/com.unity.visualscripting/Runtime/VisualScripting.Flow/Framework/Logic/Negate.cs
 0.1 kb	 0.0% Packages/com.unity.visualscripting/Runtime/VisualScripting.Flow/Framework/Logic/Greater.cs
 0.1 kb	 0.0% Packages/com.unity.visualscripting/Runtime/VisualScripting.Flow/Framework/Logic/Equal.cs
 0.1 kb	 0.0% Packages/com.unity.visualscripting/Runtime/VisualScripting.Flow/Framework/Literal.cs
 0.1 kb	 0.0% Packages/com.unity.visualscripting/Runtime/VisualScripting.Flow/Framework/Formula.cs
 0.1 kb	 0.0% Packages/com.unity.visualscripting/Runtime/VisualScripting.Flow/Framework/Events/Lifecycle/Update.cs
 0.1 kb	 0.0% Packages/com.unity.visualscripting/Runtime/VisualScripting.Flow/Framework/Events/Lifecycle/Start.cs
 0.1 kb	 0.0% Packages/com.unity.visualscripting/Runtime/VisualScripting.Flow/Framework/Events/Lifecycle/OnEnable.cs
 0.1 kb	 0.0% Packages/com.unity.visualscripting/Runtime/VisualScripting.Flow/Framework/Events/GUI/OnSubmit.cs
 0.1 kb	 0.0% Packages/com.unity.visualscripting/Runtime/VisualScripting.Flow/Framework/Events/GUI/OnSelect.cs
 0.1 kb	 0.0% Packages/com.unity.visualscripting/Runtime/VisualScripting.Flow/Framework/Events/GUI/OnScroll.cs
 0.1 kb	 0.0% Packages/com.unity.visualscripting/Runtime/VisualScripting.Flow/Framework/Events/GUI/OnMove.cs
 0.1 kb	 0.0% Packages/com.unity.visualscripting/Runtime/VisualScripting.Flow/Framework/Events/GUI/OnGUI.cs
 0.1 kb	 0.0% Packages/com.unity.visualscripting/Runtime/VisualScripting.Flow/Framework/Events/GUI/OnDrop.cs
 0.1 kb	 0.0% Packages/com.unity.visualscripting/Runtime/VisualScripting.Flow/Framework/Events/GUI/OnDrag.cs
 0.1 kb	 0.0% Packages/com.unity.visualscripting/Runtime/VisualScripting.Flow/Framework/Events/GUI/OnCancel.cs
 0.1 kb	 0.0% Packages/com.unity.visualscripting/Runtime/VisualScripting.Flow/Framework/Control/While.cs
 0.1 kb	 0.0% Packages/com.unity.visualscripting/Runtime/VisualScripting.Flow/Framework/Control/TryCatch.cs
 0.1 kb	 0.0% Packages/com.unity.visualscripting/Runtime/VisualScripting.Flow/Framework/Control/Throw.cs
 0.1 kb	 0.0% Packages/com.unity.visualscripting/Runtime/VisualScripting.Flow/Framework/Control/Sequence.cs
 0.1 kb	 0.0% Packages/com.unity.visualscripting/Runtime/VisualScripting.Flow/Framework/Control/LoopUnit.cs
 0.1 kb	 0.0% Packages/com.unity.visualscripting/Runtime/VisualScripting.Flow/Framework/Control/ForEach.cs
 0.1 kb	 0.0% Packages/com.unity.visualscripting/Runtime/VisualScripting.Flow/Framework/Control/Cache.cs
 0.1 kb	 0.0% Packages/com.unity.visualscripting/Runtime/VisualScripting.Flow/Framework/Control/Break.cs
 0.1 kb	 0.0% Packages/com.unity.visualscripting/Runtime/VisualScripting.Flow/Framework/Collections/LastItem.cs
 0.1 kb	 0.0% Packages/com.unity.visualscripting/Runtime/VisualScripting.Flow/Framework/Codebase/Expose.cs
 0.1 kb	 0.0% Packages/com.unity.visualscripting/Runtime/VisualScripting.Core/Utilities/XColor.cs
 0.1 kb	 0.0% Packages/com.unity.visualscripting/Runtime/VisualScripting.Core/Reflection/TypeName.cs
 0.1 kb	 0.0% Packages/com.unity.visualscripting/Runtime/VisualScripting.Core/Reflection/Member.cs
 0.1 kb	 0.0% Packages/com.unity.visualscripting/Runtime/VisualScripting.Core/Macros/IMacro.cs
 0.1 kb	 0.0% Packages/com.unity.visualscripting/Runtime/VisualScripting.Core/Machines/IMachine.cs
 0.1 kb	 0.0% Packages/com.unity.visualscripting/Runtime/VisualScripting.Core/Graphs/IGraph.cs
 0.1 kb	 0.0% Packages/com.unity.visualscripting/Runtime/VisualScripting.Core/Graphs/Graph.cs
 0.1 kb	 0.0% Packages/com.unity.visualscripting/Runtime/VisualScripting.Core/Events/EventBus.cs
 0.1 kb	 0.0% Packages/com.unity.visualscripting/Runtime/VisualScripting.Core/Ensure/Extensions/XString.cs
 0.1 kb	 0.0% Packages/com.unity.visualscripting/Runtime/VisualScripting.Core/Ensure/Ensure.cs
 0.1 kb	 0.0% Packages/com.unity.visualscripting/Runtime/VisualScripting.Core/Collections/AotList.cs
 0.1 kb	 0.0% Packages/com.unity.visualscripting/Runtime/VisualScripting.Core/Cloning/ICloner.cs
 0.1 kb	 0.0% Packages/com.unity.visualscripting/Runtime/VisualScripting.Core/Cloning/Cloning.cs
 0.1 kb	 0.0% Packages/com.unity.timeline/Runtime/Utilities/WeightUtility.cs
 0.1 kb	 0.0% Packages/com.unity.timeline/Runtime/Utilities/IPropertyPreview.cs
 0.1 kb	 0.0% Packages/com.unity.timeline/Runtime/Utilities/Extrapolation.cs
 0.1 kb	 0.0% Packages/com.unity.timeline/Runtime/TimelinePlayable.cs
 0.1 kb	 0.0% Packages/com.unity.timeline/Runtime/TimelineAsset.cs
 0.1 kb	 0.0% Packages/com.unity.timeline/Runtime/Scripting/PlayableTrack.cs
 0.1 kb	 0.0% Packages/com.unity.timeline/Runtime/Events/Signals/SignalReceiver.cs
 0.1 kb	 0.0% Packages/com.unity.timeline/Runtime/Events/Signals/SignalEmitter.cs
 0.1 kb	 0.0% Packages/com.unity.timeline/Runtime/Evaluation/RuntimeElement.cs
 0.1 kb	 0.0% Packages/com.unity.timeline/Runtime/Evaluation/RuntimeClipBase.cs
 0.1 kb	 0.0% Packages/com.unity.timeline/Runtime/Animation/AnimationTrack.cs
 0.1 kb	 0.0% Packages/com.unity.timeline/Runtime/Activation/ActivationTrack.cs
 0.1 kb	 0.0% Packages/com.unity.textmeshpro/Scripts/Runtime/TMPro_EventManager.cs
 0.1 kb	 0.0% Packages/com.unity.textmeshpro/Scripts/Runtime/TMP_UpdateRegistery.cs
 0.1 kb	 0.0% Packages/com.unity.textmeshpro/Scripts/Runtime/TMP_UpdateManager.cs
 0.1 kb	 0.0% Packages/com.unity.textmeshpro/Scripts/Runtime/TMP_TextUtilities.cs
 0.1 kb	 0.0% Packages/com.unity.textmeshpro/Scripts/Runtime/TMP_SpriteCharacter.cs
 0.1 kb	 0.0% Packages/com.unity.textmeshpro/Scripts/Runtime/TMP_SpriteAnimator.cs
 0.1 kb	 0.0% Packages/com.unity.textmeshpro/Scripts/Runtime/TMP_SelectionCaret.cs
 0.1 kb	 0.0% Packages/com.unity.textmeshpro/Scripts/Runtime/TMP_ResourcesManager.cs
 0.1 kb	 0.0% Packages/com.unity.textmeshpro/Scripts/Runtime/TMP_MaterialManager.cs
 0.1 kb	 0.0% Packages/com.unity.textmeshpro/Scripts/Runtime/TMP_InputValidator.cs
 0.1 kb	 0.0% Packages/com.unity.textmeshpro/Scripts/Runtime/TMP_FontFeatureTable.cs
 0.1 kb	 0.0% Packages/com.unity.textmeshpro/Scripts/Runtime/TMP_DefaultControls.cs
 0.1 kb	 0.0% Packages/com.unity.textmeshpro/Scripts/Runtime/TMP_Compatibility.cs
 0.1 kb	 0.0% Packages/com.unity.textmeshpro/Scripts/Runtime/TMP_ColorGradient.cs
 0.1 kb	 0.0% Packages/com.unity.textmeshpro/Scripts/Runtime/TMP_CharacterInfo.cs
 0.1 kb	 0.0% Packages/com.unity.textmeshpro/Scripts/Runtime/ITextPreProcessor.cs
 0.1 kb	 0.0% Packages/com.unity.test-framework/UnityEngine.TestRunner/Utils/Utils.cs
 0.1 kb	 0.0% Packages/com.unity.test-framework/UnityEngine.TestRunner/Assertions/Is.cs
 0.1 kb	 0.0% Packages/com.unity.mathematics/Unity.Mathematics/double4x4.gen.cs
 0.1 kb	 0.0% Packages/com.unity.mathematics/Unity.Mathematics/double4x3.gen.cs
 0.1 kb	 0.0% Packages/com.unity.mathematics/Unity.Mathematics/double4x2.gen.cs
 0.1 kb	 0.0% Packages/com.unity.mathematics/Unity.Mathematics/double3x4.gen.cs
 0.1 kb	 0.0% Packages/com.unity.mathematics/Unity.Mathematics/double3x3.gen.cs
 0.1 kb	 0.0% Packages/com.unity.mathematics/Unity.Mathematics/double3x2.gen.cs
 0.1 kb	 0.0% Packages/com.unity.mathematics/Unity.Mathematics/double2x4.gen.cs
 0.1 kb	 0.0% Packages/com.unity.mathematics/Unity.Mathematics/double2x3.gen.cs
 0.1 kb	 0.0% Packages/com.unity.mathematics/Unity.Mathematics/double2x2.gen.cs
 0.1 kb	 0.0% Packages/com.unity.collections/Unity.Collections/NativeText.gen.cs
 0.1 kb	 0.0% Packages/com.unity.collections/Unity.Collections/HeapString.gen.cs
 0.1 kb	 0.0% Packages/com.unity.collections/Unity.Collections/FixedString.gen.cs
 0.1 kb	 0.0% Packages/com.unity.collections/Unity.Collections/FixedList.gen.cs
 0.1 kb	 0.0% Packages/com.unity.2d.tilemap.extras/Runtime/Tiles/AnimatedTile/AnimatedTile.cs
 0.1 kb	 0.0% Packages/com.unity.2d.spriteshape/Runtime/SpriteShape.cs
 0.1 kb	 0.0% Packages/com.unity.2d.common/Runtime/UTess2D/UTess.cs
 0.1 kb	 0.0% Packages/com.unity.2d.common/Runtime/UTess2D/Smoothen.cs
 0.1 kb	 0.0% Packages/com.unity.2d.common/Runtime/UTess2D/Refinery.cs
 0.1 kb	 0.0% Assets/_Game/Scripts/Gameplay/Grid/PlacementResult.cs
 0.1 kb	 0.0% Assets/_Game/Scripts/Gameplay/Grid/LineClearResult.cs
 0.1 kb	 0.0% Assets/_Game/Scripts/Gameplay/Grid/HighlightGrid.cs
 0.1 kb	 0.0% Packages/com.unity.ugui/Runtime/UI/Core/VertexModifiers/PositionAsUV1.cs
 0.1 kb	 0.0% Packages/com.unity.ugui/Runtime/UI/Core/VertexModifiers/IMeshModifier.cs
 0.1 kb	 0.0% Packages/com.unity.ugui/Runtime/UI/Core/VertexModifiers/BaseMeshEffect.cs
 0.1 kb	 0.0% Packages/com.unity.ugui/Runtime/UI/Core/StencilMaterial.cs
 0.1 kb	 0.0% Packages/com.unity.ugui/Runtime/UI/Core/MaskableGraphic.cs
 0.1 kb	 0.0% Packages/com.unity.ugui/Runtime/UI/Core/MaskUtilities.cs
 0.1 kb	 0.0% Packages/com.unity.ugui/Runtime/UI/Core/Layout/LayoutUtility.cs
 0.1 kb	 0.0% Packages/com.unity.ugui/Runtime/UI/Core/Layout/LayoutRebuilder.cs
 0.1 kb	 0.0% Packages/com.unity.ugui/Runtime/UI/Core/Layout/LayoutElement.cs
 0.1 kb	 0.0% Packages/com.unity.ugui/Runtime/UI/Core/Layout/ILayoutElement.cs
 0.1 kb	 0.0% Packages/com.unity.ugui/Runtime/UI/Core/Layout/GridLayoutGroup.cs
 0.1 kb	 0.0% Packages/com.unity.ugui/Runtime/UI/Core/GraphicRegistry.cs
 0.1 kb	 0.0% Packages/com.unity.ugui/Runtime/UI/Core/GraphicRaycaster.cs
 0.1 kb	 0.0% Packages/com.unity.ugui/Runtime/UI/Core/DefaultControls.cs
 0.1 kb	 0.0% Packages/com.unity.ugui/Runtime/UI/Core/Culling/ClipperRegistry.cs
 0.1 kb	 0.0% Packages/com.unity.ugui/Runtime/EventSystem/UIBehaviour.cs
 0.1 kb	 0.0% Packages/com.unity.ugui/Runtime/EventSystem/InputModules/BaseInput.cs
 0.1 kb	 0.0% Packages/com.unity.ugui/Runtime/EventSystem/EventTrigger.cs
 0.1 kb	 0.0% Packages/com.unity.ugui/Runtime/EventSystem/EventSystem.cs
 0.1 kb	 0.0% Packages/com.unity.textmeshpro/Scripts/Runtime/TMPro_MeshUtilities.cs
 0.1 kb	 0.0% Packages/com.unity.textmeshpro/Scripts/Runtime/TMP_ShaderUtilities.cs
 0.1 kb	 0.0% Packages/com.unity.textmeshpro/Scripts/Runtime/TMP_RichTextTagsCommon.cs
 0.1 kb	 0.0% Packages/com.unity.textmeshpro/Scripts/Runtime/TMP_FontAssetCommon.cs
 0.1 kb	 0.0% Packages/com.unity.mathematics/Unity.Mathematics/quaternion.cs
 0.1 kb	 0.0% Packages/com.unity.mathematics/Unity.Mathematics/Noise/classicnoise4D.cs
 0.1 kb	 0.0% Packages/com.unity.mathematics/Unity.Mathematics/Noise/classicnoise3D.cs
 0.1 kb	 0.0% Packages/com.unity.mathematics/Unity.Mathematics/Noise/classicnoise2D.cs
 0.1 kb	 0.0% Packages/com.unity.mathematics/Unity.Mathematics/Noise/cellular2x2x2.cs
 0.1 kb	 0.0% Packages/com.unity.mathematics/Unity.Mathematics/Geometry/Plane.cs
 0.1 kb	 0.0% Packages/com.unity.collections/Unity.Collections/NativeStream.cs
 0.1 kb	 0.0% Packages/com.unity.burst/Runtime/Intrinsics/SimdDebugViews.cs
 0.1 kb	 0.0% Packages/com.unity.burst/Runtime/Editor/BurstReflection.cs
 0.1 kb	 0.0% Packages/com.unity.burst/Runtime/BurstCompilerOptions.cs
 0.1 kb	 0.0% Packages/com.unity.2d.animation/Runtime/Bone.cs
 0.1 kb	 0.0% Packages/com.unity.2d.animation/IK/Runtime/LimbSolver2D.cs
 0.1 kb	 0.0% Packages/com.unity.2d.animation/IK/Runtime/IconUtility.cs
 0.1 kb	 0.0% Packages/com.unity.2d.animation/IK/Runtime/IKUtility.cs
 0.1 kb	 0.0% Packages/com.unity.2d.animation/IK/Runtime/IKManager2D.cs
 0.1 kb	 0.0% Packages/com.unity.2d.animation/IK/Runtime/IKChain2D.cs
 0.1 kb	 0.0% Packages/com.unity.2d.animation/IK/Runtime/CCDSolver2D.cs
 0.1 kb	 0.0% Assets/_Game/Scripts/UI/VerticalGradient.cs
 0.1 kb	 0.0% Assets/_Game/Scripts/UI/SafeAreaFitter.cs
 0.1 kb	 0.0% Assets/_Game/Scripts/UI/HudController.cs
 0.1 kb	 0.0% Assets/_Game/Scripts/UI/GameOverPanel.cs
 0.1 kb	 0.0% Assets/_Game/Scripts/Managers/ScoreManager.cs
 0.1 kb	 0.0% Assets/_Game/Scripts/Managers/GameManager.cs
 0.1 kb	 0.0% Assets/_Game/Scripts/Managers/AudioManager.cs
 0.1 kb	 0.0% Assets/_Game/Scripts/Gameplay/Pieces/ShapeSpawner.cs
 0.1 kb	 0.0% Assets/_Game/Scripts/Gameplay/Pieces/BlockPiece.cs
 0.1 kb	 0.0% Assets/_Game/Scripts/Core/ProceduralSfx.cs
 0.1 kb	 0.0% Assets/_Game/Scripts/Core/IShapeProvider.cs
 0.1 kb	 0.0% Packages/com.unity.visualscripting/Runtime/VisualScripting.Flow/Unit.cs
 0.1 kb	 0.0% Packages/com.unity.visualscripting/Runtime/VisualScripting.Flow/Framework/This.cs
 0.1 kb	 0.0% Packages/com.unity.visualscripting/Runtime/VisualScripting.Flow/Framework/Nulls/Null.cs
 0.1 kb	 0.0% Packages/com.unity.visualscripting/Runtime/VisualScripting.Flow/Framework/Logic/Or.cs
 0.1 kb	 0.0% Packages/com.unity.visualscripting/Runtime/VisualScripting.Flow/Framework/Logic/Less.cs
 0.1 kb	 0.0% Packages/com.unity.visualscripting/Runtime/VisualScripting.Flow/Framework/Logic/And.cs
 0.1 kb	 0.0% Packages/com.unity.visualscripting/Runtime/VisualScripting.Flow/Framework/Control/Once.cs
 0.1 kb	 0.0% Packages/com.unity.visualscripting/Runtime/VisualScripting.Flow/Framework/Control/If.cs
 0.1 kb	 0.0% Packages/com.unity.visualscripting/Runtime/VisualScripting.Flow/Framework/Control/For.cs
 0.1 kb	 0.0% Packages/com.unity.visualscripting/Runtime/VisualScripting.Flow/Flow.cs
 0.1 kb	 0.0% Packages/com.unity.timeline/Runtime/Utilities/TimelineUndo.cs
 0.1 kb	 0.0% Packages/com.unity.timeline/Runtime/Utilities/TimeUtility.cs
 0.1 kb	 0.0% Packages/com.unity.timeline/Runtime/Utilities/HashUtility.cs
 0.1 kb	 0.0% Packages/com.unity.timeline/Runtime/TrackAsset.cs
 0.1 kb	 0.0% Packages/com.unity.timeline/Runtime/TimelineClip.cs
 0.1 kb	 0.0% Packages/com.unity.timeline/Runtime/Playables/ITimeControl.cs
 0.1 kb	 0.0% Packages/com.unity.timeline/Runtime/ILayerable.cs
 0.1 kb	 0.0% Packages/com.unity.timeline/Runtime/GroupTrack.cs
 0.1 kb	 0.0% Packages/com.unity.timeline/Runtime/Events/Signals/SignalAsset.cs
 0.1 kb	 0.0% Packages/com.unity.timeline/Runtime/Events/SignalTrack.cs
 0.1 kb	 0.0% Packages/com.unity.timeline/Runtime/Events/MarkerTrack.cs
 0.1 kb	 0.0% Packages/com.unity.timeline/Runtime/Events/MarkerList.cs
 0.1 kb	 0.0% Packages/com.unity.timeline/Runtime/Evaluation/RuntimeClip.cs
 0.1 kb	 0.0% Packages/com.unity.timeline/Runtime/Evaluation/IntervalTree.cs
 0.1 kb	 0.0% Packages/com.unity.timeline/Runtime/DiscreteTime.cs
 0.1 kb	 0.0% Packages/com.unity.timeline/Runtime/Control/ControlTrack.cs
 0.1 kb	 0.0% Packages/com.unity.timeline/Runtime/Audio/AudioTrack.cs
 0.1 kb	 0.0% Packages/com.unity.timeline/Runtime/AssetUpgrade/ClipUpgrade.cs
 0.1 kb	 0.0% Packages/com.unity.timeline/Runtime/Animation/ICurvesOwner.cs
 0.1 kb	 0.0% Packages/com.unity.textmeshpro/Scripts/Runtime/TextMeshProUGUI.cs
 0.1 kb	 0.0% Packages/com.unity.textmeshpro/Scripts/Runtime/TextContainer.cs
 0.1 kb	 0.0% Packages/com.unity.textmeshpro/Scripts/Runtime/TMP_TextElement.cs
 0.1 kb	 0.0% Packages/com.unity.textmeshpro/Scripts/Runtime/TMP_SubMeshUI.cs
 0.1 kb	 0.0% Packages/com.unity.textmeshpro/Scripts/Runtime/TMP_StyleSheet.cs
 0.1 kb	 0.0% Packages/com.unity.textmeshpro/Scripts/Runtime/TMP_SpriteGlyph.cs
 0.1 kb	 0.0% Packages/com.unity.textmeshpro/Scripts/Runtime/TMP_SpriteAsset.cs
 0.1 kb	 0.0% Packages/com.unity.textmeshpro/Scripts/Runtime/TMP_InputField.cs
 0.1 kb	 0.0% Packages/com.unity.textmeshpro/Scripts/Runtime/TMP_FontAsset.cs
 0.1 kb	 0.0% Packages/com.unity.textmeshpro/Scripts/Runtime/TMP_CoroutineTween.cs
 0.1 kb	 0.0% Packages/com.unity.textmeshpro/Scripts/Runtime/TMP_Character.cs
 0.1 kb	 0.0% Packages/com.unity.render-pipelines.universal/Shaders/Shaders.cs
 0.1 kb	 0.0% Packages/com.unity.mathematics/Unity.Mathematics/uint4x4.gen.cs
 0.1 kb	 0.0% Packages/com.unity.mathematics/Unity.Mathematics/uint4x3.gen.cs
 0.1 kb	 0.0% Packages/com.unity.mathematics/Unity.Mathematics/uint4x2.gen.cs
 0.1 kb	 0.0% Packages/com.unity.mathematics/Unity.Mathematics/uint4.gen.cs
 0.1 kb	 0.0% Packages/com.unity.mathematics/Unity.Mathematics/uint3x4.gen.cs
 0.1 kb	 0.0% Packages/com.unity.mathematics/Unity.Mathematics/uint3x3.gen.cs
 0.1 kb	 0.0% Packages/com.unity.mathematics/Unity.Mathematics/uint3x2.gen.cs
 0.1 kb	 0.0% Packages/com.unity.mathematics/Unity.Mathematics/uint3.gen.cs
 0.1 kb	 0.0% Packages/com.unity.mathematics/Unity.Mathematics/uint2x4.gen.cs
 0.1 kb	 0.0% Packages/com.unity.mathematics/Unity.Mathematics/uint2x3.gen.cs
 0.1 kb	 0.0% Packages/com.unity.mathematics/Unity.Mathematics/uint2x2.gen.cs
 0.1 kb	 0.0% Packages/com.unity.mathematics/Unity.Mathematics/uint2.gen.cs
 0.1 kb	 0.0% Packages/com.unity.mathematics/Unity.Mathematics/int4x4.gen.cs
 0.1 kb	 0.0% Packages/com.unity.mathematics/Unity.Mathematics/int4x3.gen.cs
 0.1 kb	 0.0% Packages/com.unity.mathematics/Unity.Mathematics/int4x2.gen.cs
 0.1 kb	 0.0% Packages/com.unity.mathematics/Unity.Mathematics/int3x4.gen.cs
 0.1 kb	 0.0% Packages/com.unity.mathematics/Unity.Mathematics/int3x3.gen.cs
 0.1 kb	 0.0% Packages/com.unity.mathematics/Unity.Mathematics/int3x2.gen.cs
 0.1 kb	 0.0% Packages/com.unity.mathematics/Unity.Mathematics/int2x4.gen.cs
 0.1 kb	 0.0% Packages/com.unity.mathematics/Unity.Mathematics/int2x3.gen.cs
 0.1 kb	 0.0% Packages/com.unity.mathematics/Unity.Mathematics/int2x2.gen.cs
 0.1 kb	 0.0% Packages/com.unity.mathematics/Unity.Mathematics/half4.gen.cs
 0.1 kb	 0.0% Packages/com.unity.mathematics/Unity.Mathematics/half3.gen.cs
 0.1 kb	 0.0% Packages/com.unity.mathematics/Unity.Mathematics/half2.gen.cs
 0.1 kb	 0.0% Packages/com.unity.mathematics/Unity.Mathematics/float4x4.gen.cs
 0.1 kb	 0.0% Packages/com.unity.mathematics/Unity.Mathematics/float4x3.gen.cs
 0.1 kb	 0.0% Packages/com.unity.mathematics/Unity.Mathematics/float4x2.gen.cs
 0.1 kb	 0.0% Packages/com.unity.mathematics/Unity.Mathematics/float4.gen.cs
 0.1 kb	 0.0% Packages/com.unity.mathematics/Unity.Mathematics/float3x4.gen.cs
 0.1 kb	 0.0% Packages/com.unity.mathematics/Unity.Mathematics/float3x3.gen.cs
 0.1 kb	 0.0% Packages/com.unity.mathematics/Unity.Mathematics/float3x2.gen.cs
 0.1 kb	 0.0% Packages/com.unity.mathematics/Unity.Mathematics/float3.gen.cs
 0.1 kb	 0.0% Packages/com.unity.mathematics/Unity.Mathematics/float2x4.gen.cs
 0.1 kb	 0.0% Packages/com.unity.mathematics/Unity.Mathematics/float2x3.gen.cs
 0.1 kb	 0.0% Packages/com.unity.mathematics/Unity.Mathematics/float2x2.gen.cs
 0.1 kb	 0.0% Packages/com.unity.mathematics/Unity.Mathematics/float2.gen.cs
 0.1 kb	 0.0% Packages/com.unity.mathematics/Unity.Mathematics/double4.gen.cs
 0.1 kb	 0.0% Packages/com.unity.mathematics/Unity.Mathematics/double3.gen.cs
 0.1 kb	 0.0% Packages/com.unity.mathematics/Unity.Mathematics/double2.gen.cs
 0.1 kb	 0.0% Packages/com.unity.mathematics/Unity.Mathematics/bool4x4.gen.cs
 0.1 kb	 0.0% Packages/com.unity.mathematics/Unity.Mathematics/bool4x3.gen.cs
 0.1 kb	 0.0% Packages/com.unity.mathematics/Unity.Mathematics/bool4x2.gen.cs
 0.1 kb	 0.0% Packages/com.unity.mathematics/Unity.Mathematics/bool4.gen.cs
 0.1 kb	 0.0% Packages/com.unity.mathematics/Unity.Mathematics/bool3x4.gen.cs
 0.1 kb	 0.0% Packages/com.unity.mathematics/Unity.Mathematics/bool3x3.gen.cs
 0.1 kb	 0.0% Packages/com.unity.mathematics/Unity.Mathematics/bool3x2.gen.cs
 0.1 kb	 0.0% Packages/com.unity.mathematics/Unity.Mathematics/bool3.gen.cs
 0.1 kb	 0.0% Packages/com.unity.mathematics/Unity.Mathematics/bool2x4.gen.cs
 0.1 kb	 0.0% Packages/com.unity.mathematics/Unity.Mathematics/bool2x3.gen.cs
 0.1 kb	 0.0% Packages/com.unity.mathematics/Unity.Mathematics/bool2x2.gen.cs
 0.1 kb	 0.0% Packages/com.unity.mathematics/Unity.Mathematics/bool2.gen.cs
 0.1 kb	 0.0% Packages/com.unity.mathematics/Unity.Mathematics/Noise/psrdnoise2D.cs
 0.1 kb	 0.0% Packages/com.unity.mathematics/Unity.Mathematics/Noise/noise3Dgrad.cs
 0.1 kb	 0.0% Packages/com.unity.mathematics/Unity.Mathematics/Noise/cellular3D.cs
 0.1 kb	 0.0% Packages/com.unity.mathematics/Unity.Mathematics/Noise/cellular2x2.cs
 0.1 kb	 0.0% Packages/com.unity.mathematics/Unity.Mathematics/Noise/cellular2D.cs
 0.1 kb	 0.0% Packages/com.unity.collections/Unity.Collections/xxHash3.AVX2.cs
 0.1 kb	 0.0% Packages/com.unity.burst/Runtime/Intrinsics/Arm/NEON_AArch64_rdma.cs
 0.1 kb	 0.0% Packages/com.unity.burst/Runtime/Intrinsics/Arm/NEON_AArch64_dotprod.cs
 0.1 kb	 0.0% Packages/com.unity.burst/Runtime/Intrinsics/Arm/NEON_AArch64_crypto.cs
 0.1 kb	 0.0% Packages/com.unity.2d.spriteshape/Runtime/Spline.cs
 0.1 kb	 0.0% Assets/_Game/Scripts/Gameplay/Vfx/SparkBurst.cs
 0.1 kb	 0.0% Assets/_Game/Scripts/Gameplay/Grid/GridModel.cs
 0.1 kb	 0.0% Assets/_Game/Scripts/Gameplay/Grid/GridManager.cs
 0.1 kb	 0.0% Assets/_Game/Scripts/Gameplay/Grid/GridCellView.cs
 0.1 kb	 0.0% Packages/com.unity.ugui/Runtime/UI/Core/Utility/VertexHelper.cs
 0.1 kb	 0.0% Packages/com.unity.ugui/Runtime/UI/Core/ToggleGroup.cs
 0.1 kb	 0.0% Packages/com.unity.ugui/Runtime/UI/Core/SpriteState.cs
 0.1 kb	 0.0% Packages/com.unity.ugui/Runtime/UI/Core/Selectable.cs
 0.1 kb	 0.0% Packages/com.unity.ugui/Runtime/UI/Core/Scrollbar.cs
 0.1 kb	 0.0% Packages/com.unity.ugui/Runtime/UI/Core/ScrollRect.cs
 0.1 kb	 0.0% Packages/com.unity.ugui/Runtime/UI/Core/RectMask2D.cs
 0.1 kb	 0.0% Packages/com.unity.ugui/Runtime/UI/Core/Navigation.cs
 0.1 kb	 0.0% Packages/com.unity.ugui/Runtime/UI/Core/Layout/LayoutGroup.cs
 0.1 kb	 0.0% Packages/com.unity.ugui/Runtime/UI/Core/Layout/CanvasScaler.cs
 0.1 kb	 0.0% Packages/com.unity.ugui/Runtime/UI/Core/InputField.cs
 0.1 kb	 0.0% Packages/com.unity.ugui/Runtime/UI/Core/IMaskable.cs
 0.1 kb	 0.0% Packages/com.unity.ugui/Runtime/UI/Core/ColorBlock.cs
 0.1 kb	 0.0% Packages/com.unity.mathematics/Unity.Mathematics/random.cs
 0.1 kb	 0.0% Packages/com.unity.mathematics/Unity.Mathematics/matrix.gen.cs
 0.1 kb	 0.0% Packages/com.unity.mathematics/Unity.Mathematics/matrix.cs
 0.1 kb	 0.0% Packages/com.unity.mathematics/Unity.Mathematics/Noise/noise4D.cs
 0.1 kb	 0.0% Packages/com.unity.mathematics/Unity.Mathematics/Noise/noise3D.cs
 0.1 kb	 0.0% Packages/com.unity.mathematics/Unity.Mathematics/Noise/noise2D.cs
 0.1 kb	 0.0% Packages/com.unity.mathematics/Unity.Mathematics/Noise/common.cs
 0.1 kb	 0.0% Packages/com.unity.collections/Unity.Collections/xxHash3.cs
 0.1 kb	 0.0% Packages/com.unity.collections/Unity.Collections/Unicode.cs
 0.1 kb	 0.0% Packages/com.unity.collections/Unity.Collections/Memory.cs
 0.1 kb	 0.0% Packages/com.unity.collections/Unity.Collections/BitField.cs
 0.1 kb	 0.0% Packages/com.unity.burst/Runtime/NoAliasAttribute.cs
 0.1 kb	 0.0% Packages/com.unity.burst/Runtime/FunctionPointer.cs
 0.1 kb	 0.0% Packages/com.unity.burst/Runtime/Editor/BurstLoader.cs
 0.1 kb	 0.0% Packages/com.unity.burst/Runtime/CompilerServices/Constant.cs
 0.1 kb	 0.0% Packages/com.unity.burst/Runtime/CompilerServices/Aliasing.cs
 0.1 kb	 0.0% Packages/com.unity.burst/Runtime/BurstString.Float.cs
 0.1 kb	 0.0% Packages/com.unity.burst/Runtime/BurstCompiler.cs
 0.1 kb	 0.0% Packages/com.unity.2d.animation/IK/Runtime/Solvers/FABRIK2D.cs
 0.1 kb	 0.0% Packages/com.unity.2d.animation/IK/Runtime/Solvers/CCD2D.cs
 0.1 kb	 0.0% Packages/com.unity.2d.animation/IK/Runtime/Solver2D.cs
 0.1 kb	 0.0% Assets/_Game/Scripts/UI/PausePanel.cs
 0.1 kb	 0.0% Assets/_Game/Scripts/Core/UIFactory.cs
 0.1 kb	 0.0% Assets/_Game/Scripts/Core/ShapeLibrary.cs
 0.1 kb	 0.0% Assets/_Game/Scripts/Core/ShapeCatalog.cs
 0.1 kb	 0.0% Assets/_Game/Scripts/Core/GameTween.cs
 0.1 kb	 0.0% Assets/_Game/Scripts/Core/GameTheme.cs
 0.1 kb	 0.0% Assets/_Game/Scripts/Core/BlockShape.cs
 0.1 kb	 0.0% Packages/com.unity.ugui/Runtime/UI/Core/Culling/IClipRegion.cs
 0.1 kb	 0.0% Packages/com.unity.timeline/Runtime/Events/Marker.cs
 0.1 kb	 0.0% Packages/com.unity.timeline/Runtime/Events/IMarker.cs
 0.1 kb	 0.0% Packages/com.unity.textmeshpro/Scripts/Runtime/TextMeshPro.cs
 0.1 kb	 0.0% Packages/com.unity.textmeshpro/Scripts/Runtime/TMP_TextInfo.cs
 0.1 kb	 0.0% Packages/com.unity.textmeshpro/Scripts/Runtime/TMP_SubMesh.cs
 0.1 kb	 0.0% Packages/com.unity.textmeshpro/Scripts/Runtime/TMP_Style.cs
 0.1 kb	 0.0% Packages/com.unity.textmeshpro/Scripts/Runtime/TMP_Sprite.cs
 0.1 kb	 0.0% Packages/com.unity.textmeshpro/Scripts/Runtime/TMP_Settings.cs
 0.1 kb	 0.0% Packages/com.unity.textmeshpro/Scripts/Runtime/TMP_MeshInfo.cs
 0.1 kb	 0.0% Packages/com.unity.textmeshpro/Scripts/Runtime/TMP_LineInfo.cs
 0.1 kb	 0.0% Packages/com.unity.textmeshpro/Scripts/Runtime/TMP_Dropdown.cs
 0.1 kb	 0.0% Packages/com.unity.textmeshpro/Scripts/Runtime/TMP_Asset.cs
 0.1 kb	 0.0% Packages/com.unity.textmeshpro/Scripts/Runtime/FastAction.cs
 0.1 kb	 0.0% Packages/com.unity.mathematics/Unity.Mathematics/int4.gen.cs
 0.1 kb	 0.0% Packages/com.unity.mathematics/Unity.Mathematics/int3.gen.cs
 0.1 kb	 0.0% Packages/com.unity.mathematics/Unity.Mathematics/int2.gen.cs
 0.1 kb	 0.0% Packages/com.unity.burst/Runtime/Intrinsics/Common.cs
 0.1 kb	 0.0% Packages/com.unity.burst/Runtime/Intrinsics/Arm/NEON_ctor.cs
 0.1 kb	 0.0% Packages/com.unity.burst/Runtime/Intrinsics/Arm/NEON_AArch64.cs
 0.1 kb	 0.0% Packages/com.unity.2d.tilemap.extras/Runtime/Tiles/RuleTile/RuleTile.cs
 0.1 kb	 0.0% Packages/com.unity.ugui/Runtime/UI/Core/VertexModifiers/Shadow.cs
 0.1 kb	 0.0% Packages/com.unity.ugui/Runtime/UI/Core/VertexModifiers/Outline.cs
 0.1 kb	 0.0% Packages/com.unity.ugui/Runtime/UI/Core/Toggle.cs
 0.1 kb	 0.0% Packages/com.unity.ugui/Runtime/UI/Core/Slider.cs
 0.1 kb	 0.0% Packages/com.unity.ugui/Runtime/UI/Core/RawImage.cs
 0.1 kb	 0.0% Packages/com.unity.ugui/Runtime/UI/Core/Image.cs
 0.1 kb	 0.0% Packages/com.unity.ugui/Runtime/UI/Core/IMask.cs
 0.1 kb	 0.0% Packages/com.unity.ugui/Runtime/UI/Core/Graphic.cs
 0.1 kb	 0.0% Packages/com.unity.ugui/Runtime/UI/Core/FontData.cs
 0.1 kb	 0.0% Packages/com.unity.ugui/Runtime/UI/Core/Dropdown.cs
 0.1 kb	 0.0% Packages/com.unity.ugui/Runtime/UI/Core/Culling/Clipping.cs
 0.1 kb	 0.0% Packages/com.unity.ugui/Runtime/UI/Core/Button.cs
 0.1 kb	 0.0% Packages/com.unity.mathematics/Unity.Mathematics/math.cs
 0.1 kb	 0.0% Packages/com.unity.mathematics/Unity.Mathematics/half.cs
 0.1 kb	 0.0% Packages/com.unity.burst/Runtime/SharedStatic.cs
 0.1 kb	 0.0% Packages/com.unity.burst/Runtime/Intrinsics/x86/Ssse3.cs
 0.1 kb	 0.0% Packages/com.unity.burst/Runtime/Intrinsics/x86/Sse4_2.cs
 0.1 kb	 0.0% Packages/com.unity.burst/Runtime/Intrinsics/x86/Sse4_1.cs
 0.1 kb	 0.0% Packages/com.unity.burst/Runtime/Intrinsics/x86/Popcnt.cs
 0.1 kb	 0.0% Packages/com.unity.burst/Runtime/Intrinsics/x86/Common.cs
 0.1 kb	 0.0% Packages/com.unity.burst/Runtime/CompilerServices/Hint.cs
 0.1 kb	 0.0% Packages/com.unity.burst/Runtime/BurstString.cs
 0.1 kb	 0.0% Packages/com.unity.burst/Runtime/BurstRuntime.cs
 0.1 kb	 0.0% Packages/com.unity.2d.animation/IK/Runtime/Solvers/Limb.cs
 0.1 kb	 0.0% Packages/com.unity.textmeshpro/Scripts/Runtime/TMP_Text.cs
 0.1 kb	 0.0% Packages/com.unity.burst/Runtime/Intrinsics/x86/Sse3.cs
 0.1 kb	 0.0% Packages/com.unity.burst/Runtime/Intrinsics/x86/Sse2.cs
 0.1 kb	 0.0% Packages/com.unity.burst/Runtime/Intrinsics/x86/Sse.cs
 0.1 kb	 0.0% Packages/com.unity.burst/Runtime/Intrinsics/x86/Fma.cs
 0.1 kb	 0.0% Packages/com.unity.burst/Runtime/Intrinsics/x86/F16C.cs
 0.1 kb	 0.0% Packages/com.unity.burst/Runtime/Intrinsics/x86/Csr.cs
 0.1 kb	 0.0% Packages/com.unity.burst/Runtime/Intrinsics/x86/Bmi2.cs
 0.1 kb	 0.0% Packages/com.unity.burst/Runtime/Intrinsics/x86/Bmi1.cs
 0.1 kb	 0.0% Packages/com.unity.burst/Runtime/Intrinsics/x86/Avx2.cs
 0.1 kb	 0.0% Packages/com.unity.burst/Runtime/Intrinsics/x86/Avx.cs
 0.1 kb	 0.0% Packages/com.unity.burst/Runtime/Intrinsics/v64.cs
 0.1 kb	 0.0% Packages/com.unity.burst/Runtime/Intrinsics/v256.cs
 0.1 kb	 0.0% Packages/com.unity.burst/Runtime/Intrinsics/v128.cs
 0.1 kb	 0.0% Packages/com.unity.burst/Runtime/Intrinsics/Arm/NEON.cs
 0.1 kb	 0.0% Packages/com.unity.ugui/Runtime/UI/Core/Text.cs
 0.1 kb	 0.0% Packages/com.unity.ugui/Runtime/UI/Core/Misc.cs
 0.1 kb	 0.0% Packages/com.unity.ugui/Runtime/UI/Core/Mask.cs
-------------------------------------------------------------------------------
Unloading 68 Unused Serialized files (Serialized files now loaded: 0)
Unloading 1494 unused Assets / (1.4 MB). Loaded Objects now: 6315.
Memory consumption went from 167.9 MB to 166.5 MB.
Total: 8.936900 ms (FindLiveObjects: 0.951300 ms CreateObjectMapping: 0.184400 ms MarkObjects: 6.650800 ms  DeleteObjects: 1.149700 ms)

DisplayProgressNotification: Build Successful
Build Finished, Result: Success.
##utp:{"type":"PlayerBuildInfo","version":2,"phase":"Immediate","time":1784995796225,"processId":22924,"steps":[{"description":"Preprocess Player","duration":85},{"description":"Prepare For Build","duration":1759},{"description":"ProducePlayerScriptAssemblies","duration":982},{"description":"Verify Build setup","duration":19},{"description":"Prepare assets for target platform","duration":2936},{"description":"Prepare splash screen","duration":0},{"description":"Building scenes","duration":488},{"description":"Build scripts DLLs","duration":33},{"description":"Build GlobalGameManagers file","duration":83},{"description":"Writing asset files","duration":8925},{"description":"Building Resources/unity_builtin_extra","duration":3062},{"description":"Write data build dirty tracking information","duration":166},{"description":"Postprocess built player","duration":254455}],"duration":272993}
[PhysX] Initialized MultithreadedTaskDispatcher with 20 workers.
Unloading 3 Unused Serialized files (Serialized files now loaded: 0)
Loaded scene 'Temp/__Backupscenes/0.backup'
	Deserialize:            7.223 ms
	Integration:            208.515 ms
	Integration of assets:  0.192 ms
	Thread Wait Time:       0.023 ms
	Total Operation Time:   215.953 ms
Unloading 0 unused Assets / (2.5 KB). Loaded Objects now: 7376.
Memory consumption went from 161.2 MB to 161.2 MB.
Total: 5.718000 ms (FindLiveObjects: 0.333600 ms CreateObjectMapping: 0.173100 ms MarkObjects: 5.199300 ms  DeleteObjects: 0.011500 ms)

[Block Puzzle] Android APK built at C:\Users\diman\BlockPuzzlesBatch\Builds\Android\BlockPuzzle.apk
UnityEngine.StackTraceUtility:ExtractStackTrace ()
UnityEngine.DebugLogHandler:LogFormat (UnityEngine.LogType,UnityEngine.Object,string,object[])
UnityEngine.Logger:Log (UnityEngine.LogType,object)
UnityEngine.Debug:Log (object)
BlockPuzzle.EditorTools.BlockPuzzleSceneBuilder:BuildAndroid () (at Assets/_Game/Editor/BlockPuzzleSceneBuilder.cs:81)

(Filename: Assets/_Game/Editor/BlockPuzzleSceneBuilder.cs Line: 81)

Batchmode quit successfully invoked - shutting down!
Killing ADB server in 0,0394991 seconds.
[PhysX] Initialized MultithreadedTaskDispatcher with 20 workers.
Input System module state changed to: ShutdownInProgress.
Input System polling thread exited.
Input System module state changed to: Shutdown.
[Licensing::IpcConnector] LicenseClient-diman-2022.3.62-notifications channel disconnected successfully.
[Licensing::IpcConnector] LicenseClient-diman-2022.3.62 channel disconnected successfully.
Cleanup mono
abort_threads: Failed aborting id: 0000000000009160, mono_thread_manage will ignore it

debugger-agent: Unable to listen on 5488
[Performance] WinEditorMain                                                                                                  :        1 samples, Peak.  2.16 s (1.0x), Avg.  2.16 s, Total. 2.157 s (0.8%)
[Performance] WinEditorMain.ConfigureCrashHandler                                                                            :        1 samples, Peak.  19.0 us (1.0x), Avg.  19.0 us, Total. 19.00 us (0.0%)
[Performance] WinEditorMain.CurlRequestInitialize                                                                            :        1 samples, Peak.   754 us (1.0x), Avg.   754 us, Total. 754.1 us (0.0%)
[Performance] WinEditorMain.SetupLogFile                                                                                     :        1 samples, Peak.   413 us (1.0x), Avg.   413 us, Total. 412.6 us (0.0%)
[Performance] WinEditorMain.RunNativeTestsIfRequiredAndExit                                                                  :        1 samples, Peak. 100.0 ns (1.0x), Avg. 100.0 ns, Total. 100.00 ns (0.0%)
[Performance] WinEditorMain.Licensing                                                                                        :        1 samples, Peak.  2.00 s (1.0x), Avg.  2.00 s, Total. 1.999 s (0.7%)
[Performance] WinEditorMain.InitializeCrashHandler                                                                           :        1 samples, Peak.  13.0 ms (1.0x), Avg.  13.0 ms, Total. 12.96 ms (0.0%)
[Performance] WinEditorMain.CreateApplication                                                                                :        1 samples, Peak.   191 us (1.0x), Avg.   191 us, Total. 191.4 us (0.0%)
[Performance] Application.InitializeProject                                                                                  :        1 samples, Peak.  6.05 s (1.0x), Avg.  6.05 s, Total. 6.048 s (2.1%)
[Performance] Application.PackageManager.StartServer                                                                         :        1 samples, Peak.  8.17 ms (1.0x), Avg.  8.17 ms, Total. 8.173 ms (0.0%)
[Performance] Application.AcquireProjectLock                                                                                 :        1 samples, Peak.  36.7 ms (1.0x), Avg.  36.7 ms, Total. 36.69 ms (0.0%)
[Performance] Application.InitializeEngineNoGraphics                                                                         :        1 samples, Peak.  40.5 ms (1.0x), Avg.  40.5 ms, Total. 40.50 ms (0.0%)
[Performance] Application.PackageManager.Initialize                                                                          :        1 samples, Peak.   220 ms (1.0x), Avg.   220 ms, Total. 220.1 ms (0.1%)
[Performance] Connecting to Package Manager                                                                                  :       23 samples, Peak.  54.9 us (14.6x), Avg.  3.77 us, Total. 86.70 us (0.0%)
[Performance] Application.EngineGraphics.Initialize                                                                          :        1 samples, Peak.  49.3 ms (1.0x), Avg.  49.3 ms, Total. 49.33 ms (0.0%)
[Performance] Application.GI.Initialize                                                                                      :        1 samples, Peak.  2.22 ms (1.0x), Avg.  2.22 ms, Total. 2.219 ms (0.0%)
[Performance] Application.LoadAllDefaultResourcesFromEditor                                                                  :        1 samples, Peak.  1.55 ms (1.0x), Avg.  1.55 ms, Total. 1.553 ms (0.0%)
[Performance] Application.LoadMonoAssemblies                                                                                 :        1 samples, Peak.   625 ms (1.0x), Avg.   625 ms, Total. 625.2 ms (0.2%)
[Performance] RestoreManagedReferences                                                                                       :        2 samples, Peak.  48.2 ms (2.0x), Avg.  24.1 ms, Total. 48.20 ms (0.0%)
[Performance] InitializeOnLoad DrivenRectTransformUndo                                                                       :        2 samples, Peak.   286 us (1.0x), Avg.   282 us, Total. 563.4 us (0.0%)
[Performance] InitializeOnLoad SceneSearch                                                                                   :        2 samples, Peak.  87.9 us (1.2x), Avg.  75.7 us, Total. 151.3 us (0.0%)
[Performance] InitializeOnLoad CloudBuild                                                                                    :        2 samples, Peak.  3.10 us (1.2x), Avg.  2.55 us, Total. 5.100 us (0.0%)
[Performance] InitializeOnLoad NativeFormatImporterUtility                                                                   :        2 samples, Peak.  1.65 ms (1.1x), Avg.  1.57 ms, Total. 3.146 ms (0.0%)
[Performance] InitializeOnLoad SearchService                                                                                 :        2 samples, Peak.   220 us (1.5x), Avg.   146 us, Total. 292.5 us (0.0%)
[Performance] InitializeOnLoad SettingsService                                                                               :        2 samples, Peak.  8.50 us (1.3x), Avg.  6.35 us, Total. 12.70 us (0.0%)
[Performance] InitializeOnLoad WindowLayout                                                                                  :        2 samples, Peak.   217 us (1.2x), Avg.   185 us, Total. 370.9 us (0.0%)
[Performance] InitializeOnLoad AssetStoreContext                                                                             :        2 samples, Peak.  17.1 ms (1.7x), Avg.  10.1 ms, Total. 20.22 ms (0.0%)
[Performance] InitializeOnLoad PoolManager                                                                                   :        2 samples, Peak.   441 us (1.0x), Avg.   435 us, Total. 869.3 us (0.0%)
[Performance] InitializeOnLoad MixerEffectDefinitionReloader                                                                 :        2 samples, Peak.  1.90 ms (1.3x), Avg.  1.52 ms, Total. 3.036 ms (0.0%)
[Performance] InitializeOnLoad ProjectSearch                                                                                 :        2 samples, Peak.  50.3 us (1.0x), Avg.  50.0 us, Total. 100.1 us (0.0%)
[Performance] InitializeOnLoad UISystemProfilerRenderService                                                                 :        2 samples, Peak.  6.80 us (1.1x), Avg.  6.30 us, Total. 12.60 us (0.0%)
[Performance] InitializeOnLoad EditMode                                                                                      :        2 samples, Peak.   297 us (1.1x), Avg.   270 us, Total. 539.3 us (0.0%)
[Performance] InitializeOnLoad UnityConnect                                                                                  :        2 samples, Peak.  35.4 us (1.1x), Avg.  32.6 us, Total. 65.20 us (0.0%)
[Performance] InitializeOnLoad ManagedDebugger                                                                               :        2 samples, Peak.   346 us (1.6x), Avg.   211 us, Total. 421.3 us (0.0%)
[Performance] InitializeOnLoad ShortcutIntegration                                                                           :        2 samples, Peak.  36.6 us (1.1x), Avg.  34.9 us, Total. 69.70 us (0.0%)
[Performance] InitializeOnLoad AddComponentWindow                                                                            :        2 samples, Peak.  71.4 us (1.1x), Avg.  67.6 us, Total. 135.2 us (0.0%)
[Performance] InitializeOnLoad ManagedDebuggerWindow                                                                         :        2 samples, Peak.  80.1 us (1.0x), Avg.  77.5 us, Total. 155.0 us (0.0%)
[Performance] InitializeOnLoad CacheServerWindow                                                                             :        2 samples, Peak.  6.40 us (1.3x), Avg.  5.10 us, Total. 10.20 us (0.0%)
[Performance] InitializeOnLoad PlayModeDownload                                                                              :        2 samples, Peak.  2.39 ms (1.9x), Avg.  1.23 ms, Total. 2.468 ms (0.0%)
[Performance] InitializeOnLoad MenuItems                                                                                     :        2 samples, Peak.  84.7 us (1.3x), Avg.  66.5 us, Total. 132.9 us (0.0%)
[Performance] InitializeOnLoad PrefabInstanceChangedListener                                                                 :        2 samples, Peak.   100 us (1.1x), Avg.  89.8 us, Total. 179.7 us (0.0%)
[Performance] InitializeOnLoad ObjectSelectorSearch                                                                          :        2 samples, Peak.  61.9 us (1.3x), Avg.  47.4 us, Total. 94.70 us (0.0%)
[Performance] InitializeOnLoad EditorMonitor                                                                                 :        2 samples, Peak.   440 us (1.1x), Avg.   392 us, Total. 783.3 us (0.0%)
[Performance] InitializeOnLoad RetainedMode                                                                                  :        2 samples, Peak.  1.61 ms (1.0x), Avg.  1.61 ms, Total. 3.212 ms (0.0%)
[Performance] InitializeOnLoad EditorShaderLoader                                                                            :        2 samples, Peak.   674 us (1.2x), Avg.   575 us, Total. 1.151 ms (0.0%)
[Performance] InitializeOnLoad EditorDelegateRegistration                                                                    :        2 samples, Peak.   399 us (1.2x), Avg.   334 us, Total. 668.2 us (0.0%)
[Performance] InitializeOnLoad UIDocumentHierarchyWatcher                                                                    :        2 samples, Peak.  53.1 us (1.0x), Avg.  51.0 us, Total. 102.0 us (0.0%)
[Performance] InitializeOnLoad LiveReloadTrackerCreator                                                                      :        2 samples, Peak.   125 us (1.2x), Avg.   108 us, Total. 215.7 us (0.0%)
[Performance] InitializeOnLoad UxmlObjectEditorFactories                                                                     :        2 samples, Peak.   350 us (1.1x), Avg.   329 us, Total. 658.6 us (0.0%)
[Performance] InitializeOnLoad UXMLEditorFactories                                                                           :        2 samples, Peak.  43.0 ms (1.1x), Avg.  39.1 ms, Total. 78.19 ms (0.0%)
[Performance] InitializeOnLoad PurchasingService                                                                             :        2 samples, Peak.  5.11 ms (1.0x), Avg.  4.89 ms, Total. 9.785 ms (0.0%)
[Performance] InitializeOnLoad CloudBuildPoller                                                                              :        2 samples, Peak.  89.5 us (1.0x), Avg.  88.1 us, Total. 176.3 us (0.0%)
[Performance] InitializeOnLoad EditorGameServicesAnalytics                                                                   :        2 samples, Peak.  1.30 ms (1.6x), Avg.   804 us, Total. 1.607 ms (0.0%)
[Performance] InitializeOnLoad AnalyticsService                                                                              :        2 samples, Peak.   220 us (1.2x), Avg.   182 us, Total. 364.1 us (0.0%)
[Performance] InitializeOnLoad BuildService                                                                                  :        2 samples, Peak.   229 us (1.4x), Avg.   163 us, Total. 326.7 us (0.0%)
[Performance] InitializeOnLoad AdsService                                                                                    :        2 samples, Peak.   362 us (1.2x), Avg.   309 us, Total. 617.2 us (0.0%)
[Performance] InitializeOnLoad UDPService                                                                                    :        2 samples, Peak.   106 us (1.0x), Avg.   103 us, Total. 206.9 us (0.0%)
[Performance] InitializeOnLoad CrashService                                                                                  :        2 samples, Peak.  98.8 us (1.0x), Avg.  95.9 us, Total. 191.8 us (0.0%)
[Performance] InitializeOnLoad ServicesRepository                                                                            :        2 samples, Peak.   300 ns (1.2x), Avg.   250 ns, Total. 500.0 ns (0.0%)
[Performance] InitializeOnLoad SearchWindow                                                                                  :        2 samples, Peak.   112 us (1.2x), Avg.  94.1 us, Total. 188.2 us (0.0%)
[Performance] InitializeOnLoad CustomIndexers                                                                                :        2 samples, Peak.  11.3 ms (1.1x), Avg.  10.6 ms, Total. 21.29 ms (0.0%)
[Performance] InitializeOnLoad SearchMonitor                                                                                 :        2 samples, Peak.   741 us (1.2x), Avg.   642 us, Total. 1.284 ms (0.0%)
[Performance] InitializeOnLoad ParameterControllerEditor                                                                     :        2 samples, Peak.  14.0 us (1.0x), Avg.  13.7 us, Total. 27.40 us (0.0%)
[Performance] InitializeOnLoad LayerSettingsWindow                                                                           :        2 samples, Peak.  20.6 us (1.8x), Avg.  11.6 us, Total. 23.20 us (0.0%)
[Performance] InitializeOnLoad PackageManagerHookGUIDConverter.RegisterPackagesEventHandler                                  :        2 samples, Peak.   540 us (1.7x), Avg.   320 us, Total. 639.2 us (0.0%)
[Performance] InitializeOnLoad EditorDragAndDrop.RegisterEditorClient                                                        :        2 samples, Peak.   155 us (1.1x), Avg.   140 us, Total. 279.6 us (0.0%)
[Performance] InitializeOnLoad EditorEventCallbacks.InitializeFontAssetResourceChangeCallBacks                               :        2 samples, Peak.   795 us (1.1x), Avg.   722 us, Total. 1.444 ms (0.0%)
[Performance] InitializeOnLoad SceneTemplateService.Init                                                                     :        2 samples, Peak.  1.35 ms (1.4x), Avg.   943 us, Total. 1.885 ms (0.0%)
[Performance] InitializeOnLoad DiagnosticSwitchesConsoleMessage.Init                                                         :        2 samples, Peak.  4.30 ms (1.8x), Avg.  2.39 ms, Total. 4.781 ms (0.0%)
[Performance] InitializeOnLoad PackageManagerWindow.EditorInitializedInSafeMode                                              :        2 samples, Peak.  16.8 ms (2.0x), Avg.  8.48 ms, Total. 16.95 ms (0.0%)
[Performance] InitializeOnLoad ToolShortcutContext.Init                                                                      :        2 samples, Peak.  98.9 us (1.0x), Avg.  96.5 us, Total. 193.0 us (0.0%)
[Performance] InitializeOnLoad MemoryProfilerCompilationGuard.InjectCompileGuard                                             :        2 samples, Peak.   108 us (1.3x), Avg.  80.0 us, Total. 160.0 us (0.0%)
[Performance] InitializeOnLoad AssetPostprocessingInternal.RefreshCustomDependencies                                         :        2 samples, Peak.  2.01 ms (1.3x), Avg.  1.55 ms, Total. 3.102 ms (0.0%)
[Performance] InitializeOnLoad SysrootManager.Initialize                                                                     :        2 samples, Peak.  9.70 us (1.0x), Avg.  9.50 us, Total. 19.00 us (0.0%)
[Performance] InitializeOnLoad ScopedRegistryAddedPopup.SubscribeToRegistriesAdded                                           :        2 samples, Peak.  4.54 ms (2.0x), Avg.  2.30 ms, Total. 4.610 ms (0.0%)
[Performance] InitializeOnLoad SceneVisibilityManager.Initialize                                                             :        2 samples, Peak.  2.05 ms (1.6x), Avg.  1.31 ms, Total. 2.622 ms (0.0%)
[Performance] InitializeOnLoad EditorWindow.Initialize                                                                       :        2 samples, Peak.   154 us (1.0x), Avg.   147 us, Total. 294.7 us (0.0%)
[Performance] AssemblyReloadEvents.afterAssemblyReload: UnityEditor.SceneTemplate.SceneTemplateService.AfterAssemblyReload   :        2 samples, Peak.  2.47 ms (1.8x), Avg.  1.34 ms, Total. 2.684 ms (0.0%)
[Performance] ProcessService.EditorAfterLoadAllAssemblies                                                                    :        2 samples, Peak.   241 us (1.1x), Avg.   212 us, Total. 424.8 us (0.0%)
[Performance] Application.ReadLicenseInfo                                                                                    :        1 samples, Peak.  33.1 ms (1.0x), Avg.  33.1 ms, Total. 33.10 ms (0.0%)
[Performance] Application.InitialRefresh                                                                                     :        1 samples, Peak.  4.32 s (1.0x), Avg.  4.32 s, Total. 4.323 s (1.5%)
[Performance] Compiling Scripts                                                                                              :        1 samples, Peak.   579 ms (1.0x), Avg.   579 ms, Total. 578.7 ms (0.2%)
[Performance] AssemblyReloadEvents.beforeAssemblyReload: UnityEditor.SceneTemplate.SceneTemplateService.BeforeAssemblyReload :        1 samples, Peak.   322 us (1.0x), Avg.   322 us, Total. 321.6 us (0.0%)
[Performance] InitializeOnLoad BurstLoader                                                                                   :        1 samples, Peak.  1.50 s (1.0x), Avg.  1.50 s, Total. 1.495 s (0.5%)
[Performance] InitializeOnLoad EditorToolManager                                                                             :        2 samples, Peak.  1.82 ms (1.9x), Avg.   981 us, Total. 1.963 ms (0.0%)
[Performance] InitializeOnLoad ShadowCasterGroup2DManager                                                                    :        1 samples, Peak.  48.3 us (1.0x), Avg.  48.3 us, Total. 48.30 us (0.0%)
[Performance] InitializeOnLoad ProbeGIBaking                                                                                 :        1 samples, Peak.  2.03 ms (1.0x), Avg.  2.03 ms, Total. 2.034 ms (0.0%)
[Performance] InitializeOnLoad FilterWindow                                                                                  :        1 samples, Peak.  45.1 us (1.0x), Avg.  45.1 us, Total. 45.10 us (0.0%)
[Performance] InitializeOnLoad RealtimeProbeSubdivisionDebug                                                                 :        1 samples, Peak.   132 us (1.0x), Avg.   132 us, Total. 131.7 us (0.0%)
[Performance] InitializeOnLoad NodeClassCache                                                                                :        1 samples, Peak.  4.10 us (1.0x), Avg.  4.10 us, Total. 4.100 us (0.0%)
[Performance] InitializeOnLoad ShaderGraphMaterialsUpdater                                                                   :        2 samples, Peak.   259 us (1.7x), Avg.   155 us, Total. 309.3 us (0.0%)
[Performance] InitializeOnLoad Renderer2DAnalytics                                                                           :        1 samples, Peak.  61.9 us (1.0x), Avg.  61.9 us, Total. 61.90 us (0.0%)
[Performance] InitializeOnLoad BackgroundWatcher                                                                             :        1 samples, Peak.  86.4 us (1.0x), Avg.  86.4 us, Total. 86.40 us (0.0%)
[Performance] InitializeOnLoad UnityTestProtocolStarter                                                                      :        1 samples, Peak.   132 us (1.0x), Avg.   132 us, Total. 132.0 us (0.0%)
[Performance] InitializeOnLoad TestStarter                                                                                   :        1 samples, Peak.   394 us (1.0x), Avg.   394 us, Total. 394.0 us (0.0%)
[Performance] InitializeOnLoad RerunCallbackInitializer                                                                      :        1 samples, Peak.  2.19 ms (1.0x), Avg.  2.19 ms, Total. 2.187 ms (0.0%)
[Performance] InitializeOnLoad RiderScriptEditor                                                                             :        1 samples, Peak.  6.53 ms (1.0x), Avg.  6.53 ms, Total. 6.531 ms (0.0%)
[Performance] InitializeOnLoad CallbackInitializer                                                                           :        1 samples, Peak.   818 us (1.0x), Avg.   818 us, Total. 817.5 us (0.0%)
[Performance] InitializeOnLoad SpriteEditorWindow                                                                            :        1 samples, Peak.   272 us (1.0x), Avg.   272 us, Total. 272.3 us (0.0%)
[Performance] InitializeOnLoad PlasticPlugin                                                                                 :        1 samples, Peak.  64.6 ms (1.0x), Avg.  64.6 ms, Total. 64.59 ms (0.0%)
[Performance] InitializeOnLoad DeferredProjectFinalize                                                                       :        1 samples, Peak.   123 us (1.0x), Avg.   123 us, Total. 123.4 us (0.0%)
[Performance] InitializeOnLoad FirstTimeSetup                                                                                :        1 samples, Peak.  41.6 us (1.0x), Avg.  41.6 us, Total. 41.60 us (0.0%)
[Performance] InitializeOnLoad DOTweenSetup                                                                                  :        1 samples, Peak.  83.7 us (1.0x), Avg.  83.7 us, Total. 83.70 us (0.0%)
[Performance] InitializeOnLoad ToolbarBootstrap                                                                              :        1 samples, Peak.  25.9 ms (1.0x), Avg.  25.9 ms, Total. 25.86 ms (0.0%)
[Performance] InitializeOnLoad BackgroundImport                                                                              :        1 samples, Peak.   119 us (1.0x), Avg.   119 us, Total. 118.9 us (0.0%)
[Performance] InitializeOnLoad VSUsageUtility                                                                                :        1 samples, Peak.  9.43 ms (1.0x), Avg.  9.43 ms, Total. 9.433 ms (0.0%)
[Performance] InitializeOnLoad VisualStudioEditor                                                                            :        1 samples, Peak.  5.07 ms (1.0x), Avg.  5.07 ms, Total. 5.071 ms (0.0%)
[Performance] InitializeOnLoad TestRunnerApiListener                                                                         :        1 samples, Peak.   716 us (1.0x), Avg.   716 us, Total. 716.4 us (0.0%)
[Performance] InitializeOnLoad VisualStudioIntegration                                                                       :        1 samples, Peak.  1.33 ms (1.0x), Avg.  1.33 ms, Total. 1.328 ms (0.0%)
[Performance] InitializeOnLoad PrefabLayoutRebuilder                                                                         :        1 samples, Peak.   198 us (1.0x), Avg.   198 us, Total. 197.5 us (0.0%)
[Performance] InitializeOnLoad SpriteSkinCompositeStartup                                                                    :        1 samples, Peak.  9.59 ms (1.0x), Avg.  9.59 ms, Total. 9.591 ms (0.0%)
[Performance] InitializeOnLoad UnityAnalyticsStorage                                                                         :        1 samples, Peak.   311 us (1.0x), Avg.   311 us, Total. 311.2 us (0.0%)
[Performance] InitializeOnLoad BoneGizmoInitializer                                                                          :        1 samples, Peak.  2.32 ms (1.0x), Avg.  2.32 ms, Total. 2.318 ms (0.0%)
[Performance] InitializeOnLoad Analytics                                                                                     :        1 samples, Peak.   277 us (1.0x), Avg.   277 us, Total. 276.6 us (0.0%)
[Performance] InitializeOnLoad SceneDragAndDrop                                                                              :        1 samples, Peak.   188 us (1.0x), Avg.   188 us, Total. 188.1 us (0.0%)
[Performance] InitializeOnLoad SpriteShapeUpdateCache                                                                        :        1 samples, Peak.   397 us (1.0x), Avg.   397 us, Total. 396.8 us (0.0%)
[Performance] InitializeOnLoad SpriteShapeUnityAnalyticsStorage                                                              :        1 samples, Peak.  18.6 us (1.0x), Avg.  18.6 us, Total. 18.60 us (0.0%)
[Performance] InitializeOnLoad IKEditorManager.CreateInstance                                                                :        1 samples, Peak.  2.79 ms (1.0x), Avg.  2.79 ms, Total. 2.787 ms (0.0%)
[Performance] InitializeOnLoad $BurstDirectCallInitializer.Initialize                                                        :        7 samples, Peak.  16.0 ms (3.5x), Avg.  4.53 ms, Total. 31.70 ms (0.0%)
[Performance] InitializeOnLoad SceneViewGridManager.Initialize                                                               :        1 samples, Peak.  2.96 ms (1.0x), Avg.  2.96 ms, Total. 2.960 ms (0.0%)
[Performance] InitializeOnLoad TilemapPrefabStageHelper.Initialize                                                           :        1 samples, Peak.  1.11 ms (1.0x), Avg.  1.11 ms, Total. 1.113 ms (0.0%)
[Performance] InitializeOnLoad SceneViewOpenTilePaletteHelper.Initialize                                                     :        1 samples, Peak.   860 us (1.0x), Avg.   860 us, Total. 860.2 us (0.0%)
[Performance] InitializeOnLoad TileDragAndDropManager.Initialize                                                             :        1 samples, Peak.   542 us (1.0x), Avg.   542 us, Total. 542.1 us (0.0%)
[Performance] InitializeOnLoad SysrootPackage.IssueWarningIfLinuxIL2CPPNotPresent                                            :        1 samples, Peak.   177 us (1.0x), Avg.   177 us, Total. 176.8 us (0.0%)
[Performance] InitializeOnLoad VisualStudioEditor.LegacyVisualStudioCodePackageDisabler                                      :        1 samples, Peak.   663 us (1.0x), Avg.   663 us, Total. 663.1 us (0.0%)
[Performance] InitializeOnLoad MaterialReimporter.RegisterUpgraderReimport                                                   :        2 samples, Peak.   139 us (1.6x), Avg.  86.4 us, Total. 172.8 us (0.0%)
[Performance] InitializeOnLoad BackgroundImport.Setup                                                                        :        1 samples, Peak.  1.07 ms (1.0x), Avg.  1.07 ms, Total. 1.072 ms (0.0%)
[Performance] InitializeOnLoad TestJobDataHolder.ResumeRunningJobs                                                           :        1 samples, Peak.   939 us (1.0x), Avg.   939 us, Total. 938.7 us (0.0%)
[Performance] InitializeOnLoad AnalyticsReporter.RegisterCallbacks                                                           :        1 samples, Peak.   277 us (1.0x), Avg.   277 us, Total. 277.2 us (0.0%)
[Performance] InitializeOnLoad DebugManagerWindowLifetimeAnalytic.SubscribeToDebugManagerOpenCloseWindows                    :        1 samples, Peak.   418 us (1.0x), Avg.   418 us, Total. 417.6 us (0.0%)
[Performance] InitializeOnLoad CoreRenderPipelinePreferences.InitPreferenceProviders                                         :        1 samples, Peak.  37.0 ms (1.0x), Avg.  37.0 ms, Total. 36.97 ms (0.0%)
[Performance] InitializeOnLoad VolumeGizmoDrawer.InitVolumeGizmoCallbacks                                                    :        1 samples, Peak.   268 us (1.0x), Avg.   268 us, Total. 268.2 us (0.0%)
[Performance] DidReloadScriptsTestRunnerWindow.CompilationCallback                                                           :        1 samples, Peak.   534 us (1.0x), Avg.   534 us, Total. 533.8 us (0.0%)
[Performance] DidReloadScriptsTestListCache.ScriptReloaded                                                                   :        1 samples, Peak.  1.14 ms (1.0x), Avg.  1.14 ms, Total. 1.143 ms (0.0%)
[Performance] DidReloadScriptsLookDev.OnEditorReload                                                                         :        1 samples, Peak.   169 us (1.0x), Avg.   169 us, Total. 169.2 us (0.0%)
[Performance] DidReloadScriptsDebugWindow.OnEditorReload                                                                     :        1 samples, Peak.  7.00 ms (1.0x), Avg.  7.00 ms, Total. 6.998 ms (0.0%)
[Performance] DidReloadScriptsVolumeComponentEditor.OnEditorReload                                                           :        1 samples, Peak.  14.3 ms (1.0x), Avg.  14.3 ms, Total. 14.34 ms (0.0%)
[Performance] DidReloadScriptsAdvancedDropdownWindow.OnScriptReload                                                          :        1 samples, Peak.   231 us (1.0x), Avg.   231 us, Total. 231.0 us (0.0%)
[Performance] AssemblyReloadEvents.afterAssemblyReload: UnityEditor.U2D.Animation.BoneGizmo.OnAfterAssemblyReload            :        1 samples, Peak.   651 us (1.0x), Avg.   651 us, Total. 651.4 us (0.0%)
[Performance] UniversalRenderPipelineGlobalSettingsPostprocessor.OnPostprocessAllAssets                                      :       10 samples, Peak.  1.24 ms (5.2x), Avg.   240 us, Total. 2.402 ms (0.0%)
[Performance] SyncVS.PostprocessSyncProject                                                                                  :        5 samples, Peak.  8.73 ms (3.5x), Avg.  2.46 ms, Total. 12.32 ms (0.0%)
[Performance] Application.ImportPackagesAndSetTemplateWhenCreatingProject                                                    :        1 samples, Peak.  9.53 ms (1.0x), Avg.  9.53 ms, Total. 9.528 ms (0.0%)
[Performance] Application.SyncCurrentColorSpace                                                                              :        1 samples, Peak.  14.4 ms (1.0x), Avg.  14.4 ms, Total. 14.41 ms (0.0%)
[Performance] Application.OnUsbDevicesChanged                                                                                :        1 samples, Peak.  3.48 ms (1.0x), Avg.  3.48 ms, Total. 3.479 ms (0.0%)
[Performance] Application.AssetInstanceCacheUpdate                                                                           :        1 samples, Peak.   300 ns (1.0x), Avg.   300 ns, Total. 300.0 ns (0.0%)
[Performance] Application.UnityExtensions.Initialize                                                                         :        1 samples, Peak.  4.14 ms (1.0x), Avg.  4.14 ms, Total. 4.137 ms (0.0%)
[Performance] CodeEditorProjectSync.SyncEditorProject                                                                        :        1 samples, Peak.   161 ms (1.0x), Avg.   161 ms, Total. 161.2 ms (0.1%)
[Performance] Application.ExecuteStartups                                                                                    :        1 samples, Peak.  29.5 ms (1.0x), Avg.  29.5 ms, Total. 29.49 ms (0.0%)
[Performance] Menu.RegisterMenuInterface                                                                                     :       26 samples, Peak.  1.60 us (9.2x), Avg.   173 ns, Total. 4.500 us (0.0%)
[Performance] Gizmo.RebuildRenderers                                                                                         :        2 samples, Peak.  28.3 ms (1.4x), Avg.  20.8 ms, Total. 41.59 ms (0.0%)
[Performance] Gizmo.AddGizmoRenderers                                                                                        :      224 samples, Peak.  1.12 ms (99.0x), Avg.  11.3 us, Total. 2.531 ms (0.0%)
[Performance] Application.editorInitializingProject                                                                          :        1 samples, Peak.   190 ms (1.0x), Avg.   190 ms, Total. 190.2 ms (0.1%)
[Performance] Application.InitializeMenu                                                                                     :        1 samples, Peak.   870 ms (1.0x), Avg.   870 ms, Total. 870.1 ms (0.3%)
[Performance] Menu.RebuildAll                                                                                                :        1 samples, Peak.   870 ms (1.0x), Avg.   870 ms, Total. 870.1 ms (0.3%)
[Performance] Menu.BuildRegisteredMenuInterfaces                                                                             :        1 samples, Peak.   868 ms (1.0x), Avg.   868 ms, Total. 867.7 ms (0.3%)
[Performance] Menu.FilterMenuItem                                                                                            :      742 samples, Peak.  44.9 ms (738.3x), Avg.  60.9 us, Total. 45.15 ms (0.0%)
[Performance] UpdateAllMenus                                                                                                 :        1 samples, Peak.   350 us (1.0x), Avg.   350 us, Total. 350.3 us (0.0%)
[Performance] Menu.RebuildOSMainMenu                                                                                         :        2 samples, Peak.  1.91 ms (1.0x), Avg.  1.87 ms, Total. 3.749 ms (0.0%)
[Performance] EditorSceneManager.sceneClosing: UnityEditor.SceneVisibilityManager.EditorSceneManagerOnSceneClosing           :        6 samples, Peak.   203 us (5.6x), Avg.  36.4 us, Total. 218.5 us (0.0%)
[Performance] GUIView.RepaintAll.PlayerLoopController                                                                        :        5 samples, Peak.  1.40 us (1.5x), Avg.   960 ns, Total. 4.800 us (0.0%)
[Performance] EditorSceneManager.newSceneCreated: UnityEditor.SceneTemplate.SceneTemplateService.OnNewSceneCreated           :        4 samples, Peak.   192 us (3.9x), Avg.  49.1 us, Total. 196.4 us (0.0%)
[Performance] EditorSceneManager.newSceneCreated: UnityEditor.SceneVisibilityManager.EditorSceneManagerOnNewSceneCreated     :        4 samples, Peak.   221 us (3.6x), Avg.  61.1 us, Total. 244.5 us (0.0%)
[Performance] EditorSceneManager.newSceneCreated: UnityEditor.SceneManagement.StageNavigationManager.OnNewSceneCreated       :        4 samples, Peak.  38.8 us (3.6x), Avg.  10.7 us, Total. 42.60 us (0.0%)
[Performance] Application.InvokeFinishedLoadingProject                                                                       :        1 samples, Peak.  8.20 ms (1.0x), Avg.  8.20 ms, Total. 8.200 ms (0.0%)
[Performance] ProcessService.OnProjectLoaded                                                                                 :        1 samples, Peak.  35.3 us (1.0x), Avg.  35.3 us, Total. 35.30 us (0.0%)
[Performance] VersionControl.Task.Wait                                                                                       :        1 samples, Peak.  7.70 us (1.0x), Avg.  7.70 us, Total. 7.700 us (0.0%)
[Performance] SceneDataContainer.TransformHierarchyChangedSetParentCallback                                                  :      699 samples, Peak.  21.4 us (32.6x), Avg.   657 ns, Total. 459.0 us (0.0%)
[Performance] SceneVisibilityState.IsFlagSetInParents                                                                        :     3030 samples, Peak.  1.60 us (7.2x), Avg.   221 ns, Total. 668.7 us (0.0%)
[Performance] PaletteAssetModificationProcessor.OnWillSaveAssets                                                             :        4 samples, Peak.  1.13 ms (3.9x), Avg.   288 us, Total. 1.151 ms (0.0%)
[Performance] StateMacroSavedEvent.OnWillSaveAssets                                                                          :        4 samples, Peak.   172 us (3.3x), Avg.  52.5 us, Total. 210.2 us (0.0%)
[Performance] FlowMacroSavedEvent.OnWillSaveAssets                                                                           :        4 samples, Peak.   114 us (3.7x), Avg.  30.6 us, Total. 122.4 us (0.0%)
[Performance] AssetModificationProcessor.OnWillSaveAssets                                                                    :        4 samples, Peak.   264 us (4.0x), Avg.  66.8 us, Total. 267.2 us (0.0%)
[Performance] UnityCloudProjectLinkMonitor.OnWillSaveAssets                                                                  :        4 samples, Peak.   252 us (4.0x), Avg.  63.7 us, Total. 254.8 us (0.0%)
[Performance] BuilderAssetModificationProcessor.OnWillSaveAssets                                                             :        4 samples, Peak.   330 us (3.9x), Avg.  83.7 us, Total. 334.8 us (0.0%)
[Performance] TerrainModificationProcessor.OnWillSaveAssets                                                                  :        4 samples, Peak.   721 us (4.0x), Avg.   181 us, Total. 724.0 us (0.0%)
[Performance] AssetDatabase.ImportAssets                                                                                     :       12 samples, Peak.  28.7 ms (6.1x), Avg.  4.70 ms, Total. 56.44 ms (0.0%)
[Performance] EditorSceneManager.sceneSaving: callback in UnityEditor.U2D.SpriteShapeUpdateCache                             :        1 samples, Peak.   779 us (1.0x), Avg.   779 us, Total. 779.0 us (0.0%)
[Performance] EditorSceneManager.sceneSaving: UnityEditor.SceneTemplate.SceneTemplateService.OnSceneSaving                   :        1 samples, Peak.   232 us (1.0x), Avg.   232 us, Total. 232.2 us (0.0%)
[Performance] EditorSceneManager.sceneSaving: UnityEditor.SceneVisibilityManager.EditorSceneManagerOnSceneSaving             :        1 samples, Peak.   107 us (1.0x), Avg.   107 us, Total. 106.9 us (0.0%)
[Performance] PaletteAssetModificationProcessor.OnWillCreateAsset                                                            :        1 samples, Peak.  98.9 us (1.0x), Avg.  98.9 us, Total. 98.90 us (0.0%)
[Performance] MaterialModificationProcessor.OnWillCreateAsset                                                                :        2 samples, Peak.   326 us (1.0x), Avg.   313 us, Total. 626.3 us (0.0%)
[Performance] BuilderAssetModificationProcessor.OnWillCreateAsset                                                            :        1 samples, Peak.   175 us (1.0x), Avg.   175 us, Total. 174.9 us (0.0%)
[Performance] AssetDatabase.ImportAsset                                                                                      :        1 samples, Peak.  84.5 ms (1.0x), Avg.  84.5 ms, Total. 84.47 ms (0.0%)
[Performance] ShaderImporter.SourceAssetModified                                                                             :        1 samples, Peak.   500 ns (1.0x), Avg.   500 ns, Total. 500.0 ns (0.0%)
[Performance] ShaderIncludeImporter.SourceAssetModified                                                                      :        1 samples, Peak.   500 ns (1.0x), Avg.   500 ns, Total. 500.0 ns (0.0%)
[Performance] PSDImporterAssetPostProcessor.OnPreprocessAsset                                                                :       29 samples, Peak.   235 us (13.5x), Avg.  17.4 us, Total. 504.5 us (0.0%)
[Performance] PresetManagerPostProcessor.OnPreprocessAsset                                                                   :       29 samples, Peak.   189 us (12.2x), Avg.  15.5 us, Total. 450.1 us (0.0%)
[Performance] CancelSplashScreenOnAssetChange.OnPreprocessAsset                                                              :       29 samples, Peak.   104 us (18.7x), Avg.  5.57 us, Total. 161.6 us (0.0%)
[Performance] ShaderGraphAssetPostProcessor.OnPreprocessAsset                                                                :       29 samples, Peak.   109 us (10.3x), Avg.  10.5 us, Total. 304.9 us (0.0%)
[Performance] SpritePostProcess.OnPreprocessAsset                                                                            :       29 samples, Peak.  1.19 ms (23.6x), Avg.  50.3 us, Total. 1.458 ms (0.0%)
[Performance] TMPro_TexturePostProcessor.OnPostprocessAllAssets                                                              :        8 samples, Peak.   451 us (2.2x), Avg.   208 us, Total. 1.662 ms (0.0%)
[Performance] AssetPostprocessor.OnPostprocessAllAssets                                                                      :        8 samples, Peak.   555 us (3.9x), Avg.   142 us, Total. 1.139 ms (0.0%)
[Performance] BuilderAssetPostprocessor.OnPostprocessAllAssets                                                               :        8 samples, Peak.  22.7 ms (3.6x), Avg.  6.27 ms, Total. 50.13 ms (0.0%)
[Performance] ArtifactBrowserPostProcessor.OnPostprocessAllAssets                                                            :        8 samples, Peak.   366 us (3.7x), Avg.  98.0 us, Total. 783.9 us (0.0%)
[Performance] AssetEvents.OnPostprocessAllAssets                                                                             :       16 samples, Peak.   140 us (5.3x), Avg.  26.3 us, Total. 421.1 us (0.0%)
[Performance] AudioMixerPostprocessor.OnPostprocessAllAssets                                                                 :        8 samples, Peak.   238 us (3.9x), Avg.  61.7 us, Total. 493.7 us (0.0%)
[Performance] StyleCatalogPostProcessor.OnPostprocessAllAssets                                                               :        8 samples, Peak.  30.0 ms (4.0x), Avg.  7.53 ms, Total. 60.20 ms (0.0%)
[Performance] BuildCatalog                                                                                                   :        1 samples, Peak.  29.3 ms (1.0x), Avg.  29.3 ms, Total. 29.29 ms (0.0%)
[Performance] ModelImporterPostProcessor.OnPostprocessAllAssets                                                              :        8 samples, Peak.  2.99 ms (3.2x), Avg.   933 us, Total. 7.463 ms (0.0%)
[Performance] MaterialPostprocessor.OnPostprocessAllAssets                                                                   :       16 samples, Peak.  5.70 ms (3.8x), Avg.  1.51 ms, Total. 24.10 ms (0.0%)
[Performance] RetainedModeAssetPostprocessor.OnPostprocessAllAssets                                                          :        8 samples, Peak.  1.54 ms (3.5x), Avg.   433 us, Total. 3.468 ms (0.0%)
[Performance] AssetChangedListener.OnPostprocessAllAssets                                                                    :        8 samples, Peak.  2.50 ms (2.8x), Avg.   881 us, Total. 7.045 ms (0.0%)
[Performance] PostProcessor.OnPostprocessAllAssets                                                                           :        8 samples, Peak.  8.21 ms (3.9x), Avg.  2.09 ms, Total. 16.76 ms (0.0%)
[Performance] ShaderGraphAssetPostProcessor.OnPostprocessAllAssets                                                           :        8 samples, Peak.  36.5 ms (3.9x), Avg.  9.38 ms, Total. 75.01 ms (0.0%)
[Performance] SpeedTreePostProcessor.OnPostprocessAllAssets                                                                  :        8 samples, Peak.  5.92 ms (3.9x), Avg.  1.51 ms, Total. 12.10 ms (0.0%)
[Performance] TextAssetPostProcessor.OnPostprocessAllAssets                                                                  :        8 samples, Peak.  3.83 ms (3.7x), Avg.  1.05 ms, Total. 8.374 ms (0.0%)
[Performance] AssetProcessor.OnPostprocessAllAssets                                                                          :       24 samples, Peak.   477 us (6.3x), Avg.  76.2 us, Total. 1.829 ms (0.0%)
[Performance] SpriteLibraryAssetPostprocessor.OnPostprocessAllAssets                                                         :        8 samples, Peak.   172 us (3.8x), Avg.  45.0 us, Total. 360.2 us (0.0%)
[Performance] PSDImporterAssetPostProcessor.OnPostprocessAllAssets                                                           :        8 samples, Peak.  60.9 us (3.5x), Avg.  17.2 us, Total. 137.3 us (0.0%)
[Performance] PSDImportPostProcessor.OnPostprocessAllAssets                                                                  :        8 samples, Peak.  86.1 us (3.7x), Avg.  23.2 us, Total. 185.6 us (0.0%)
[Performance] SpriteEditorTexturePostprocessor.OnPostprocessAllAssets                                                        :        8 samples, Peak.   207 us (1.7x), Avg.   121 us, Total. 965.0 us (0.0%)
[Performance] SpriteShapeAssetPostProcessor.OnPostprocessAllAssets                                                           :        8 samples, Peak.  1.39 ms (1.5x), Avg.   952 us, Total. 7.618 ms (0.0%)
[Performance] EditorSceneManager.sceneSaved: UnityEditor.SceneTemplate.SceneTemplateService.OnSceneSaved                     :        1 samples, Peak.  40.9 ms (1.0x), Avg.  40.9 ms, Total. 40.91 ms (0.0%)
[Performance] EditorSceneManager.sceneSaved: UnityEditor.SceneVisibilityManager.EditorSceneManagerOnSceneSaved               :        1 samples, Peak.   148 us (1.0x), Avg.   148 us, Total. 148.3 us (0.0%)
[Performance] Inspector.InitOrRebuild                                                                                        :        3 samples, Peak.   302 us (1.4x), Avg.   209 us, Total. 627.7 us (0.0%)
[Performance] GenerateAssemblyTypeInfos                                                                                      :        2 samples, Peak.  15.6 ms (1.1x), Avg.  14.7 ms, Total. 29.44 ms (0.0%)
[Performance] AssetDatabase.Refresh                                                                                          :        1 samples, Peak.  5.28 ms (1.0x), Avg.  5.28 ms, Total. 5.283 ms (0.0%)
[Performance] EditorApplication.projectChanged: UnityEditor.Audio.MixerEffectDefinitionReloader.OnProjectChanged             :        2 samples, Peak.   280 us (1.0x), Avg.   271 us, Total. 542.6 us (0.0%)
[Performance] EditorSceneManager.sceneOpened: UnityEditor.SceneTemplate.SceneTemplateService.OnSceneOpened                   :        1 samples, Peak.   189 us (1.0x), Avg.   189 us, Total. 188.6 us (0.0%)
[Performance] EditorSceneManager.sceneOpened: UnityEditor.SceneVisibilityManager.EditorSceneManagerOnSceneOpened             :        1 samples, Peak.   128 us (1.0x), Avg.   128 us, Total. 128.3 us (0.0%)
[Performance] EditorSceneManager.sceneOpened: UnityEditor.SceneManagement.StageNavigationManager.OnSceneOpened               :        1 samples, Peak.  39.5 us (1.0x), Avg.  39.5 us, Total. 39.50 us (0.0%)
[Performance] TimelineAnalyticsProcess.OnProcessScene                                                                        :        1 samples, Peak.   804 us (1.0x), Avg.   804 us, Total. 803.9 us (0.0%)
[Performance] UnityBuildPostprocessor.OnProcessScene                                                                         :        1 samples, Peak.   480 us (1.0x), Avg.   480 us, Total. 480.4 us (0.0%)
[Performance] EditorApplication.quitting: Unity.Burst.Editor.BurstLoader.OnEditorApplicationQuitting                         :        1 samples, Peak.  31.1 us (1.0x), Avg.  31.1 us, Total. 31.10 us (0.0%)
[Performance] EditorApplication.quitting: UnityEditor.Tilemaps.SceneViewGridManager.EditorQuitting                           :        1 samples, Peak.  79.4 us (1.0x), Avg.  79.4 us, Total. 79.40 us (0.0%)
[Performance] EditorApplication.quitting: callback in UnityEditor.TextCore.Text.EditorEventCallbacks                         :        1 samples, Peak.  29.0 ms (1.0x), Avg.  29.0 ms, Total. 29.00 ms (0.0%)
[Performance] Killing ADB server                                                                                             :        1 samples, Peak.  39.5 ms (1.0x), Avg.  39.5 ms, Total. 39.50 ms (0.0%)
[Performance] Application.Shutdown.PauseProfilerSession                                                                      :        1 samples, Peak.  27.7 us (1.0x), Avg.  27.7 us, Total. 27.70 us (0.0%)
[Performance] Application.Shutdown.PauseAssetImportWorkers                                                                   :        1 samples, Peak.   244 us (1.0x), Avg.   244 us, Total. 244.4 us (0.0%)
[Performance] Application.Shutdown.SaveAssets                                                                                :        1 samples, Peak.  4.45 ms (1.0x), Avg.  4.45 ms, Total. 4.448 ms (0.0%)
[Performance] Application.Shutdown.CleanupRenderPipeline                                                                     :        1 samples, Peak.  5.80 us (1.0x), Avg.  5.80 us, Total. 5.800 us (0.0%)
[Performance] Application.Shutdown.StopPreloadManager                                                                        :        1 samples, Peak.  9.98 ms (1.0x), Avg.  9.98 ms, Total. 9.978 ms (0.0%)
[Performance] Application.Shutdown.DestroyWorld                                                                              :        1 samples, Peak.  2.08 ms (1.0x), Avg.  2.08 ms, Total. 2.084 ms (0.0%)
[Performance] Application.Shutdown.CleanupAfterLoad                                                                          :        1 samples, Peak.   179 ms (1.0x), Avg.   179 ms, Total. 178.7 ms (0.1%)
[Performance] Application.Shutdown.Progress                                                                                  :        1 samples, Peak.  6.30 us (1.0x), Avg.  6.30 us, Total. 6.300 us (0.0%)
[Performance] Application.Shutdown.GICleanupManagers                                                                         :        1 samples, Peak.   486 us (1.0x), Avg.   486 us, Total. 485.7 us (0.0%)
[Performance] Application.Shutdown.MenuCleanupClass                                                                          :        1 samples, Peak.   192 us (1.0x), Avg.   192 us, Total. 191.6 us (0.0%)
[Performance] Application.Shutdown.ADBSaveStateBeforeShutdown                                                                :        1 samples, Peak.  6.50 us (1.0x), Avg.  6.50 us, Total. 6.500 us (0.0%)
[Performance] Application.Shutdown.RemoteShutdown                                                                            :        1 samples, Peak.   800 ns (1.0x), Avg.   800 ns, Total. 800.0 ns (0.0%)
[Performance] Application.Shutdown.CleanupVCProvider                                                                         :        1 samples, Peak.  9.20 us (1.0x), Avg.  9.20 us, Total. 9.200 us (0.0%)
[Performance] Application.Shutdown.InputShutdown                                                                             :        1 samples, Peak.   400 ns (1.0x), Avg.   400 ns, Total. 400.0 ns (0.0%)
[Performance] Application.Shutdown.GizmoManagerDestroy                                                                       :        1 samples, Peak.   891 us (1.0x), Avg.   891 us, Total. 890.7 us (0.0%)
[Performance] Application.Shutdown.ProfilerSession                                                                           :        1 samples, Peak.   197 us (1.0x), Avg.   197 us, Total. 196.7 us (0.0%)
[Performance] Application.Shutdown.ReleaseGfxWindowOnAllGUIViews                                                             :        1 samples, Peak.   400 ns (1.0x), Avg.   400 ns, Total. 400.0 ns (0.0%)
[Performance] Application.Shutdown.CleanupEngine                                                                             :        1 samples, Peak.  80.4 ms (1.0x), Avg.  80.4 ms, Total. 80.39 ms (0.0%)
[Performance] Application.Shutdown.CleanupAssetDatabase                                                                      :        1 samples, Peak.  10.1 ms (1.0x), Avg.  10.1 ms, Total. 10.07 ms (0.0%)
[Performance] Application.Shutdown.ScriptCompilationCleanUp                                                                  :        1 samples, Peak.  14.5 ms (1.0x), Avg.  14.5 ms, Total. 14.54 ms (0.0%)
[Performance] Application.Shutdown.DestroyJobSystem                                                                          :        1 samples, Peak.   138 us (1.0x), Avg.   138 us, Total. 138.3 us (0.0%)
[Performance] Application.Shutdown.CleanupPersistentManager                                                                  :        1 samples, Peak.  1.27 ms (1.0x), Avg.  1.27 ms, Total. 1.273 ms (0.0%)
[Performance] Application.Shutdown.CleanupAsyncReadManager                                                                   :        1 samples, Peak.   215 us (1.0x), Avg.   215 us, Total. 214.9 us (0.0%)
[Performance] Application.Shutdown.CleanupProgressBar                                                                        :        1 samples, Peak.   300 ns (1.0x), Avg.   300 ns, Total. 300.0 ns (0.0%)
[Performance] Application.Shutdown.CleanupMono                                                                               :        1 samples, Peak.   131 ms (1.0x), Avg.   131 ms, Total. 130.9 ms (0.0%)
[Performance] Application.Shutdown.CleanupStdConverters                                                                      :        1 samples, Peak.  6.70 us (1.0x), Avg.  6.70 us, Total. 6.700 us (0.0%)
[Performance] Application.Shutdown.UnloadAllPlatformSupportModuleNativeDlls                                                  :        1 samples, Peak.   400 ns (1.0x), Avg.   400 ns, Total. 400.0 ns (0.0%)
[Performance] Application.Shutdown.UnloadAllPlatformSupportNativeLibraries                                                   :        1 samples, Peak.   100 ns (1.0x), Avg.   100 ns, Total. 100.0 ns (0.0%)
[Performance] Application.Shutdown.CleanupAutoDocumentation                                                                  :        1 samples, Peak.   282 us (1.0x), Avg.   282 us, Total. 281.7 us (0.0%)
[Performance] Application.Shutdown.ShaderNameManagerDestroy                                                                  :        1 samples, Peak.  50.0 us (1.0x), Avg.  50.0 us, Total. 50.00 us (0.0%)
[Performance] Application.Shutdown.CleanupCacheServer                                                                        :        1 samples, Peak.   100 ns (1.0x), Avg.   100 ns, Total. 100.0 ns (0.0%)
[Performance] Application.Shutdown.Virtualization_Shutdown                                                                   :        1 samples, Peak.   300 ns (1.0x), Avg.   300 ns, Total. 300.0 ns (0.0%)
[Performance] Application.Shutdown.DevConnections                                                                            :        1 samples, Peak.   109 us (1.0x), Avg.   109 us, Total. 108.6 us (0.0%)
Exiting batchmode successfully now!
Exiting without the bug reporter. Application will terminate with return code 0